-- MySQL dump 10.16  Distrib 10.1.20-MariaDB, for Linux (x86_64)
--
-- Host: localhost    Database: localhost
-- ------------------------------------------------------
-- Server version	10.1.20-MariaDB

/*!40101 SET @OLD_CHARACTER_SET_CLIENT=@@CHARACTER_SET_CLIENT */;
/*!40101 SET @OLD_CHARACTER_SET_RESULTS=@@CHARACTER_SET_RESULTS */;
/*!40101 SET @OLD_COLLATION_CONNECTION=@@COLLATION_CONNECTION */;
/*!40101 SET NAMES utf8 */;
/*!40103 SET @OLD_TIME_ZONE=@@TIME_ZONE */;
/*!40103 SET TIME_ZONE='+00:00' */;
/*!40014 SET @OLD_UNIQUE_CHECKS=@@UNIQUE_CHECKS, UNIQUE_CHECKS=0 */;
/*!40014 SET @OLD_FOREIGN_KEY_CHECKS=@@FOREIGN_KEY_CHECKS, FOREIGN_KEY_CHECKS=0 */;
/*!40101 SET @OLD_SQL_MODE=@@SQL_MODE, SQL_MODE='NO_AUTO_VALUE_ON_ZERO' */;
/*!40111 SET @OLD_SQL_NOTES=@@SQL_NOTES, SQL_NOTES=0 */;

--
-- Table structure for table `acl_classes`
--

DROP TABLE IF EXISTS `acl_classes`;
/*!40101 SET @saved_cs_client     = @@character_set_client */;
/*!40101 SET character_set_client = utf8 */;
CREATE TABLE `acl_classes` (
  `id` int(10) unsigned NOT NULL AUTO_INCREMENT,
  `class_type` varchar(200) COLLATE utf8_unicode_ci NOT NULL,
  PRIMARY KEY (`id`),
  UNIQUE KEY `UNIQ_69DD750638A36066` (`class_type`)
) ENGINE=InnoDB DEFAULT CHARSET=utf8 COLLATE=utf8_unicode_ci;
/*!40101 SET character_set_client = @saved_cs_client */;

--
-- Dumping data for table `acl_classes`
--

LOCK TABLES `acl_classes` WRITE;
/*!40000 ALTER TABLE `acl_classes` DISABLE KEYS */;
/*!40000 ALTER TABLE `acl_classes` ENABLE KEYS */;
UNLOCK TABLES;

--
-- Table structure for table `acl_entries`
--

DROP TABLE IF EXISTS `acl_entries`;
/*!40101 SET @saved_cs_client     = @@character_set_client */;
/*!40101 SET character_set_client = utf8 */;
CREATE TABLE `acl_entries` (
  `id` int(10) unsigned NOT NULL AUTO_INCREMENT,
  `class_id` int(10) unsigned NOT NULL,
  `object_identity_id` int(10) unsigned DEFAULT NULL,
  `security_identity_id` int(10) unsigned NOT NULL,
  `field_name` varchar(50) COLLATE utf8_unicode_ci DEFAULT NULL,
  `ace_order` smallint(5) unsigned NOT NULL,
  `mask` int(11) NOT NULL,
  `granting` tinyint(1) NOT NULL,
  `granting_strategy` varchar(30) COLLATE utf8_unicode_ci NOT NULL,
  `audit_success` tinyint(1) NOT NULL,
  `audit_failure` tinyint(1) NOT NULL,
  PRIMARY KEY (`id`),
  UNIQUE KEY `UNIQ_46C8B806EA000B103D9AB4A64DEF17BCE4289BF4` (`class_id`,`object_identity_id`,`field_name`,`ace_order`),
  KEY `IDX_46C8B806EA000B103D9AB4A6DF9183C9` (`class_id`,`object_identity_id`,`security_identity_id`),
  KEY `IDX_46C8B806EA000B10` (`class_id`),
  KEY `IDX_46C8B8063D9AB4A6` (`object_identity_id`),
  KEY `IDX_46C8B806DF9183C9` (`security_identity_id`),
  CONSTRAINT `FK_46C8B8063D9AB4A6` FOREIGN KEY (`object_identity_id`) REFERENCES `acl_object_identities` (`id`) ON DELETE CASCADE ON UPDATE CASCADE,
  CONSTRAINT `FK_46C8B806DF9183C9` FOREIGN KEY (`security_identity_id`) REFERENCES `acl_security_identities` (`id`) ON DELETE CASCADE ON UPDATE CASCADE,
  CONSTRAINT `FK_46C8B806EA000B10` FOREIGN KEY (`class_id`) REFERENCES `acl_classes` (`id`) ON DELETE CASCADE ON UPDATE CASCADE
) ENGINE=InnoDB DEFAULT CHARSET=utf8 COLLATE=utf8_unicode_ci;
/*!40101 SET character_set_client = @saved_cs_client */;

--
-- Dumping data for table `acl_entries`
--

LOCK TABLES `acl_entries` WRITE;
/*!40000 ALTER TABLE `acl_entries` DISABLE KEYS */;
/*!40000 ALTER TABLE `acl_entries` ENABLE KEYS */;
UNLOCK TABLES;

--
-- Table structure for table `acl_object_identities`
--

DROP TABLE IF EXISTS `acl_object_identities`;
/*!40101 SET @saved_cs_client     = @@character_set_client */;
/*!40101 SET character_set_client = utf8 */;
CREATE TABLE `acl_object_identities` (
  `id` int(10) unsigned NOT NULL AUTO_INCREMENT,
  `parent_object_identity_id` int(10) unsigned DEFAULT NULL,
  `class_id` int(10) unsigned NOT NULL,
  `object_identifier` varchar(100) COLLATE utf8_unicode_ci NOT NULL,
  `entries_inheriting` tinyint(1) NOT NULL,
  PRIMARY KEY (`id`),
  UNIQUE KEY `UNIQ_9407E5494B12AD6EA000B10` (`object_identifier`,`class_id`),
  KEY `IDX_9407E54977FA751A` (`parent_object_identity_id`),
  CONSTRAINT `FK_9407E54977FA751A` FOREIGN KEY (`parent_object_identity_id`) REFERENCES `acl_object_identities` (`id`)
) ENGINE=InnoDB DEFAULT CHARSET=utf8 COLLATE=utf8_unicode_ci;
/*!40101 SET character_set_client = @saved_cs_client */;

--
-- Dumping data for table `acl_object_identities`
--

LOCK TABLES `acl_object_identities` WRITE;
/*!40000 ALTER TABLE `acl_object_identities` DISABLE KEYS */;
/*!40000 ALTER TABLE `acl_object_identities` ENABLE KEYS */;
UNLOCK TABLES;

--
-- Table structure for table `acl_object_identity_ancestors`
--

DROP TABLE IF EXISTS `acl_object_identity_ancestors`;
/*!40101 SET @saved_cs_client     = @@character_set_client */;
/*!40101 SET character_set_client = utf8 */;
CREATE TABLE `acl_object_identity_ancestors` (
  `object_identity_id` int(10) unsigned NOT NULL,
  `ancestor_id` int(10) unsigned NOT NULL,
  PRIMARY KEY (`object_identity_id`,`ancestor_id`),
  KEY `IDX_825DE2993D9AB4A6` (`object_identity_id`),
  KEY `IDX_825DE299C671CEA1` (`ancestor_id`),
  CONSTRAINT `FK_825DE2993D9AB4A6` FOREIGN KEY (`object_identity_id`) REFERENCES `acl_object_identities` (`id`) ON DELETE CASCADE ON UPDATE CASCADE,
  CONSTRAINT `FK_825DE299C671CEA1` FOREIGN KEY (`ancestor_id`) REFERENCES `acl_object_identities` (`id`) ON DELETE CASCADE ON UPDATE CASCADE
) ENGINE=InnoDB DEFAULT CHARSET=utf8 COLLATE=utf8_unicode_ci;
/*!40101 SET character_set_client = @saved_cs_client */;

--
-- Dumping data for table `acl_object_identity_ancestors`
--

LOCK TABLES `acl_object_identity_ancestors` WRITE;
/*!40000 ALTER TABLE `acl_object_identity_ancestors` DISABLE KEYS */;
/*!40000 ALTER TABLE `acl_object_identity_ancestors` ENABLE KEYS */;
UNLOCK TABLES;

--
-- Table structure for table `acl_security_identities`
--

DROP TABLE IF EXISTS `acl_security_identities`;
/*!40101 SET @saved_cs_client     = @@character_set_client */;
/*!40101 SET character_set_client = utf8 */;
CREATE TABLE `acl_security_identities` (
  `id` int(10) unsigned NOT NULL AUTO_INCREMENT,
  `identifier` varchar(200) COLLATE utf8_unicode_ci NOT NULL,
  `username` tinyint(1) NOT NULL,
  PRIMARY KEY (`id`),
  UNIQUE KEY `UNIQ_8835EE78772E836AF85E0677` (`identifier`,`username`)
) ENGINE=InnoDB DEFAULT CHARSET=utf8 COLLATE=utf8_unicode_ci;
/*!40101 SET character_set_client = @saved_cs_client */;

--
-- Dumping data for table `acl_security_identities`
--

LOCK TABLES `acl_security_identities` WRITE;
/*!40000 ALTER TABLE `acl_security_identities` DISABLE KEYS */;
/*!40000 ALTER TABLE `acl_security_identities` ENABLE KEYS */;
UNLOCK TABLES;

--
-- Table structure for table `apps_countries`
--

DROP TABLE IF EXISTS `apps_countries`;
/*!40101 SET @saved_cs_client     = @@character_set_client */;
/*!40101 SET character_set_client = utf8 */;
CREATE TABLE `apps_countries` (
  `id` int(11) NOT NULL AUTO_INCREMENT,
  `CountryCode` varchar(4) COLLATE utf8_unicode_ci NOT NULL,
  `CountryName` varchar(255) COLLATE utf8_unicode_ci NOT NULL,
  PRIMARY KEY (`id`)
) ENGINE=InnoDB AUTO_INCREMENT=247 DEFAULT CHARSET=utf8 COLLATE=utf8_unicode_ci;
/*!40101 SET character_set_client = @saved_cs_client */;

--
-- Dumping data for table `apps_countries`
--

LOCK TABLES `apps_countries` WRITE;
/*!40000 ALTER TABLE `apps_countries` DISABLE KEYS */;
INSERT INTO `apps_countries` VALUES (1,'AF','Afghanistan'),(2,'AL','Albania'),(3,'DZ','Algeria'),(4,'DS','American Samoa'),(5,'AD','Andorra'),(6,'AO','Angola'),(7,'AI','Anguilla'),(8,'AQ','Antarctica'),(9,'AG','Antigua and Barbuda'),(10,'AR','Argentina'),(11,'AM','Armenia'),(12,'AW','Aruba'),(13,'AU','Australia'),(14,'AT','Austria'),(15,'AZ','Azerbaijan'),(16,'BS','Bahamas'),(17,'BH','Bahrain'),(18,'BD','Bangladesh'),(19,'BB','Barbados'),(20,'BY','Belarus'),(21,'BE','Belgium'),(22,'BZ','Belize'),(23,'BJ','Benin'),(24,'BM','Bermuda'),(25,'BT','Bhutan'),(26,'BO','Bolivia'),(27,'BA','Bosnia and Herzegovina'),(28,'BW','Botswana'),(29,'BV','Bouvet Island'),(30,'BR','Brazil'),(31,'IO','British Indian Ocean Territory'),(32,'BN','Brunei Darussalam'),(33,'BG','Bulgaria'),(34,'BF','Burkina Faso'),(35,'BI','Burundi'),(36,'KH','Cambodia'),(37,'CM','Cameroon'),(38,'CA','Canada'),(39,'CV','Cape Verde'),(40,'KY','Cayman Islands'),(41,'CF','Central African Republic'),(42,'TD','Chad'),(43,'CL','Chile'),(44,'CN','China'),(45,'CX','Christmas Island'),(46,'CC','Cocos (Keeling) Islands'),(47,'CO','Colombia'),(48,'KM','Comoros'),(49,'CG','Congo'),(50,'CK','Cook Islands'),(51,'CR','Costa Rica'),(52,'HR','Croatia (Hrvatska)'),(53,'CU','Cuba'),(54,'CY','Cyprus'),(55,'CZ','Czech Republic'),(56,'DK','Denmark'),(57,'DJ','Djibouti'),(58,'DM','Dominica'),(59,'DO','Dominican Republic'),(60,'TP','East Timor'),(61,'EC','Ecuador'),(62,'EG','Egypt'),(63,'SV','El Salvador'),(64,'GQ','Equatorial Guinea'),(65,'ER','Eritrea'),(66,'EE','Estonia'),(67,'ET','Ethiopia'),(68,'FK','Falkland Islands (Malvinas)'),(69,'FO','Faroe Islands'),(70,'FJ','Fiji'),(71,'FI','Finland'),(72,'FR','France'),(73,'FX','France, Metropolitan'),(74,'GF','French Guiana'),(75,'PF','French Polynesia'),(76,'TF','French Southern Territories'),(77,'GA','Gabon'),(78,'GM','Gambia'),(79,'GE','Georgia'),(80,'DE','Germany'),(81,'GH','Ghana'),(82,'GI','Gibraltar'),(83,'GK','Guernsey'),(84,'GR','Greece'),(85,'GL','Greenland'),(86,'GD','Grenada'),(87,'GP','Guadeloupe'),(88,'GU','Guam'),(89,'GT','Guatemala'),(90,'GN','Guinea'),(91,'GW','Guinea-Bissau'),(92,'GY','Guyana'),(93,'HT','Haiti'),(94,'HM','Heard and Mc Donald Islands'),(95,'HN','Honduras'),(96,'HK','Hong Kong'),(97,'HU','Hungary'),(98,'IS','Iceland'),(99,'IN','India'),(100,'IM','Isle of Man'),(101,'ID','Indonesia'),(102,'IR','Iran (Islamic Republic of)'),(103,'IQ','Iraq'),(104,'IE','Ireland'),(105,'IL','Israel'),(106,'IT','Italy'),(107,'CI','Ivory Coast'),(108,'JE','Jersey'),(109,'JM','Jamaica'),(110,'JP','Japan'),(111,'JO','Jordan'),(112,'KZ','Kazakhstan'),(113,'KE','Kenya'),(114,'KI','Kiribati'),(115,'KP','Korea, Democratic People\'s Republic of'),(116,'KR','Korea, Republic of'),(117,'XK','Kosovo'),(118,'KW','Kuwait'),(119,'KG','Kyrgyzstan'),(120,'LA','Lao People\'s Democratic Republic'),(121,'LV','Latvia'),(122,'LB','Lebanon'),(123,'LS','Lesotho'),(124,'LR','Liberia'),(125,'LY','Libyan Arab Jamahiriya'),(126,'LI','Liechtenstein'),(127,'LT','Lithuania'),(128,'LU','Luxembourg'),(129,'MO','Macau'),(130,'MK','Macedonia'),(131,'MG','Madagascar'),(132,'MW','Malawi'),(133,'MY','Malaysia'),(134,'MV','Maldives'),(135,'ML','Mali'),(136,'MT','Malta'),(137,'MH','Marshall Islands'),(138,'MQ','Martinique'),(139,'MR','Mauritania'),(140,'MU','Mauritius'),(141,'TY','Mayotte'),(142,'MX','Mexico'),(143,'FM','Micronesia, Federated States of'),(144,'MD','Moldova, Republic of'),(145,'MC','Monaco'),(146,'MN','Mongolia'),(147,'ME','Montenegro'),(148,'MS','Montserrat'),(149,'MA','Morocco'),(150,'MZ','Mozambique'),(151,'MM','Myanmar'),(152,'NA','Namibia'),(153,'NR','Nauru'),(154,'NP','Nepal'),(155,'NL','Netherlands'),(156,'AN','Netherlands Antilles'),(157,'NC','New Caledonia'),(158,'NZ','New Zealand'),(159,'NI','Nicaragua'),(160,'NE','Niger'),(161,'NG','Nigeria'),(162,'NU','Niue'),(163,'NF','Norfolk Island'),(164,'MP','Northern Mariana Islands'),(165,'NO','Norway'),(166,'OM','Oman'),(167,'PK','Pakistan'),(168,'PW','Palau'),(169,'PS','Palestine'),(170,'PA','Panama'),(171,'PG','Papua New Guinea'),(172,'PY','Paraguay'),(173,'PE','Peru'),(174,'PH','Philippines'),(175,'PN','Pitcairn'),(176,'PL','Poland'),(177,'PT','Portugal'),(178,'PR','Puerto Rico'),(179,'QA','Qatar'),(180,'RE','Reunion'),(181,'RO','Romania'),(182,'RU','Russian Federation'),(183,'RW','Rwanda'),(184,'KN','Saint Kitts and Nevis'),(185,'LC','Saint Lucia'),(186,'VC','Saint Vincent and the Grenadines'),(187,'WS','Samoa'),(188,'SM','San Marino'),(189,'ST','Sao Tome and Principe'),(190,'SA','Saudi Arabia'),(191,'SN','Senegal'),(192,'RS','Serbia'),(193,'SC','Seychelles'),(194,'SL','Sierra Leone'),(195,'SG','Singapore'),(196,'SK','Slovakia'),(197,'SI','Slovenia'),(198,'SB','Solomon Islands'),(199,'SO','Somalia'),(200,'ZA','South Africa'),(201,'GS','South Georgia South Sandwich Islands'),(202,'ES','Spain'),(203,'LK','Sri Lanka'),(204,'SH','St. Helena'),(205,'PM','St. Pierre and Miquelon'),(206,'SD','Sudan'),(207,'SR','Suriname'),(208,'SJ','Svalbard and Jan Mayen Islands'),(209,'SZ','Swaziland'),(210,'SE','Sweden'),(211,'CH','Switzerland'),(212,'SY','Syrian Arab Republic'),(213,'TW','Taiwan'),(214,'TJ','Tajikistan'),(215,'TZ','Tanzania, United Republic of'),(216,'TH','Thailand'),(217,'TG','Togo'),(218,'TK','Tokelau'),(219,'TO','Tonga'),(220,'TT','Trinidad and Tobago'),(221,'TN','Tunisia'),(222,'TR','Turkey'),(223,'TM','Turkmenistan'),(224,'TC','Turks and Caicos Islands'),(225,'TV','Tuvalu'),(226,'UG','Uganda'),(227,'UA','Ukraine'),(228,'AE','United Arab Emirates'),(229,'GB','United Kingdom'),(230,'US','United States'),(231,'UM','United States minor outlying islands'),(232,'UY','Uruguay'),(233,'UZ','Uzbekistan'),(234,'VU','Vanuatu'),(235,'VA','Vatican City State'),(236,'VE','Venezuela'),(237,'VN','Vietnam'),(238,'VG','Virgin Islands (British)'),(239,'VI','Virgin Islands (U.S.)'),(240,'WF','Wallis and Futuna Islands'),(241,'EH','Western Sahara'),(242,'YE','Yemen'),(243,'YU','Yugoslavia'),(244,'ZR','Zaire'),(245,'ZM','Zambia'),(246,'ZW','Zimbabwe');
/*!40000 ALTER TABLE `apps_countries` ENABLE KEYS */;
UNLOCK TABLES;

--
-- Table structure for table `archived_report`
--

DROP TABLE IF EXISTS `archived_report`;
/*!40101 SET @saved_cs_client     = @@character_set_client */;
/*!40101 SET character_set_client = utf8 */;
CREATE TABLE `archived_report` (
  `id` int(11) NOT NULL AUTO_INCREMENT,
  `fileName` varchar(255) COLLATE utf8_unicode_ci NOT NULL,
  `reportType` varchar(255) COLLATE utf8_unicode_ci NOT NULL,
  `dateTime` datetime NOT NULL,
  `userId` int(11) DEFAULT NULL,
  PRIMARY KEY (`id`),
  KEY `IDX_889B3ED364B64DCC` (`userId`),
  CONSTRAINT `FK_889B3ED364B64DCC` FOREIGN KEY (`userId`) REFERENCES `fos_user` (`id`)
) ENGINE=InnoDB AUTO_INCREMENT=14 DEFAULT CHARSET=utf8 COLLATE=utf8_unicode_ci;
/*!40101 SET character_set_client = @saved_cs_client */;

--
-- Dumping data for table `archived_report`
--

LOCK TABLES `archived_report` WRITE;
/*!40000 ALTER TABLE `archived_report` DISABLE KEYS */;
INSERT INTO `archived_report` VALUES (1,'Jan-2016 to Apr-2016','scorecard','2016-07-20 11:35:51',1),(2,'Jan-2016 to Apr-2016','scorecard','2016-07-20 12:06:25',1),(4,'Feb-2016 to May-2016','scorecard','2016-07-20 12:29:12',1),(5,'Feb-2016 to May-2016','scorecard','2016-07-20 12:31:03',1),(6,'Mar-2016 to Jun-2016','scorecard','2016-07-20 12:38:48',1),(7,'Feb-2016 to May-2016','scorecard','2016-07-20 13:59:55',1),(8,'Jan-2016 to Jul-2016','scorecard','2016-07-20 14:01:19',1),(9,'Jan-2016 to Jun-2016','scorecard','2016-08-18 12:06:18',1),(10,'Jan-2016 to Apr-2016','scorecard','2016-08-25 11:52:14',1),(11,'Eden Bay-2016','Ranking','2016-08-25 12:00:02',1),(12,'Reunion Bay-2016','Ranking','2016-08-25 13:01:32',1),(13,'Jan-2016 to Aug-2016','scorecard','2016-09-01 13:34:44',11);
/*!40000 ALTER TABLE `archived_report` ENABLE KEYS */;
UNLOCK TABLES;

--
-- Table structure for table `backupreport`
--

DROP TABLE IF EXISTS `backupreport`;
/*!40101 SET @saved_cs_client     = @@character_set_client */;
/*!40101 SET character_set_client = utf8 */;
CREATE TABLE `backupreport` (
  `id` int(11) NOT NULL AUTO_INCREMENT,
  `username` varchar(255) COLLATE utf8_unicode_ci NOT NULL,
  `fileName` varchar(255) COLLATE utf8_unicode_ci NOT NULL,
  `dateTime` datetime NOT NULL,
  PRIMARY KEY (`id`)
) ENGINE=InnoDB AUTO_INCREMENT=8 DEFAULT CHARSET=utf8 COLLATE=utf8_unicode_ci;
/*!40101 SET character_set_client = @saved_cs_client */;

--
-- Dumping data for table `backupreport`
--

LOCK TABLES `backupreport` WRITE;
/*!40000 ALTER TABLE `backupreport` DISABLE KEYS */;
INSERT INTO `backupreport` VALUES (1,'admin','/var/www/vhosts/shipping/app/../web/sqlfiles/shipping.sql','2016-07-21 06:52:56'),(2,'admin','/var/www/vhosts/shipping/app/../web/sqlfiles/shipping.sql','2016-07-21 06:55:39'),(3,'admin','/var/www/vhosts/shipping/app/../web/sqlfiles/shipping.sql','2016-07-25 04:54:09'),(4,'admin','/var/www/vhosts/shipping/app/../web/sqlfiles/shipping.sql','2016-08-12 09:30:56'),(5,'admin','/var/www/vhosts/shipping/app/../web/sqlfiles/shipping.sql','2016-09-09 06:19:56'),(6,'admin','/var/www/vhosts/shipping/app/../web/sqlfiles/shipping.sql','2016-11-04 11:28:42'),(7,'admin','/var/www/vhosts/shipping/app/../web/sqlfiles/shipping.sql','2016-11-15 07:13:10');
/*!40000 ALTER TABLE `backupreport` ENABLE KEYS */;
UNLOCK TABLES;

--
-- Table structure for table `calculation_rules`
--

DROP TABLE IF EXISTS `calculation_rules`;
/*!40101 SET @saved_cs_client     = @@character_set_client */;
/*!40101 SET character_set_client = utf8 */;
CREATE TABLE `calculation_rules` (
  `id` int(11) NOT NULL AUTO_INCREMENT,
  `Rules` varchar(255) COLLATE utf8_unicode_ci NOT NULL,
  `RuleConditions` varchar(255) COLLATE utf8_unicode_ci NOT NULL,
  `RuleActions` varchar(255) COLLATE utf8_unicode_ci NOT NULL,
  `KpiDetailsId` int(11) DEFAULT NULL,
  `ElementDetailsId` int(11) DEFAULT NULL,
  PRIMARY KEY (`id`),
  KEY `IDX_FD574383F10FA648` (`KpiDetailsId`),
  KEY `IDX_FD574383ABFC5A8E` (`ElementDetailsId`),
  CONSTRAINT `FK_FD574383ABFC5A8E` FOREIGN KEY (`ElementDetailsId`) REFERENCES `element_details` (`id`),
  CONSTRAINT `FK_FD574383F10FA648` FOREIGN KEY (`KpiDetailsId`) REFERENCES `kpi_details` (`id`)
) ENGINE=InnoDB DEFAULT CHARSET=utf8 COLLATE=utf8_unicode_ci;
/*!40101 SET character_set_client = @saved_cs_client */;

--
-- Dumping data for table `calculation_rules`
--

LOCK TABLES `calculation_rules` WRITE;
/*!40000 ALTER TABLE `calculation_rules` DISABLE KEYS */;
/*!40000 ALTER TABLE `calculation_rules` ENABLE KEYS */;
UNLOCK TABLES;

--
-- Table structure for table `chart`
--

DROP TABLE IF EXISTS `chart`;
/*!40101 SET @saved_cs_client     = @@character_set_client */;
/*!40101 SET character_set_client = utf8 */;
CREATE TABLE `chart` (
  `id` int(11) NOT NULL AUTO_INCREMENT,
  `fromdate` date NOT NULL,
  `todate` date NOT NULL,
  `kpiname` varchar(255) COLLATE utf8_unicode_ci NOT NULL,
  `KpiDetailsId` int(11) DEFAULT NULL,
  PRIMARY KEY (`id`),
  KEY `IDX_E5562A2AF10FA648` (`KpiDetailsId`),
  CONSTRAINT `FK_E5562A2AF10FA648` FOREIGN KEY (`KpiDetailsId`) REFERENCES `kpi_details` (`id`)
) ENGINE=InnoDB DEFAULT CHARSET=utf8 COLLATE=utf8_unicode_ci;
/*!40101 SET character_set_client = @saved_cs_client */;

--
-- Dumping data for table `chart`
--

LOCK TABLES `chart` WRITE;
/*!40000 ALTER TABLE `chart` DISABLE KEYS */;
/*!40000 ALTER TABLE `chart` ENABLE KEYS */;
UNLOCK TABLES;

--
-- Table structure for table `company_details`
--

DROP TABLE IF EXISTS `company_details`;
/*!40101 SET @saved_cs_client     = @@character_set_client */;
/*!40101 SET character_set_client = utf8 */;
CREATE TABLE `company_details` (
  `id` int(11) NOT NULL AUTO_INCREMENT,
  `CompanyName` varchar(125) COLLATE utf8_unicode_ci NOT NULL,
  `AdminName` varchar(75) COLLATE utf8_unicode_ci NOT NULL,
  `EmailId` varchar(75) COLLATE utf8_unicode_ci NOT NULL,
  PRIMARY KEY (`id`),
  UNIQUE KEY `UNIQ_5274115D3115C37D` (`CompanyName`),
  UNIQUE KEY `UNIQ_5274115DF7E01C19` (`EmailId`)
) ENGINE=InnoDB AUTO_INCREMENT=2 DEFAULT CHARSET=utf8 COLLATE=utf8_unicode_ci;
/*!40101 SET character_set_client = @saved_cs_client */;

--
-- Dumping data for table `company_details`
--

LOCK TABLES `company_details` WRITE;
/*!40000 ALTER TABLE `company_details` DISABLE KEYS */;
INSERT INTO `company_details` VALUES (1,'Pioneer','admin','admin@pioneer.com');
/*!40000 ALTER TABLE `company_details` ENABLE KEYS */;
UNLOCK TABLES;

--
-- Table structure for table `company_users`
--

DROP TABLE IF EXISTS `company_users`;
/*!40101 SET @saved_cs_client     = @@character_set_client */;
/*!40101 SET character_set_client = utf8 */;
CREATE TABLE `company_users` (
  `id` int(11) NOT NULL AUTO_INCREMENT,
  `role` int(11) DEFAULT NULL,
  `UserName` varchar(125) COLLATE utf8_unicode_ci NOT NULL,
  `EmailId` varchar(75) COLLATE utf8_unicode_ci NOT NULL,
  `companyName` int(11) DEFAULT NULL,
  PRIMARY KEY (`id`),
  UNIQUE KEY `UNIQ_5372078CF7E01C19` (`EmailId`),
  KEY `IDX_5372078CB7894CAA` (`companyName`),
  KEY `IDX_5372078C57698A6A` (`role`),
  CONSTRAINT `FK_5372078C57698A6A` FOREIGN KEY (`role`) REFERENCES `user_role` (`id`),
  CONSTRAINT `FK_5372078CB7894CAA` FOREIGN KEY (`companyName`) REFERENCES `company_details` (`id`)
) ENGINE=InnoDB DEFAULT CHARSET=utf8 COLLATE=utf8_unicode_ci;
/*!40101 SET character_set_client = @saved_cs_client */;

--
-- Dumping data for table `company_users`
--

LOCK TABLES `company_users` WRITE;
/*!40000 ALTER TABLE `company_users` DISABLE KEYS */;
/*!40000 ALTER TABLE `company_users` ENABLE KEYS */;
UNLOCK TABLES;

--
-- Table structure for table `element_comparison_rules`
--

DROP TABLE IF EXISTS `element_comparison_rules`;
/*!40101 SET @saved_cs_client     = @@character_set_client */;
/*!40101 SET character_set_client = utf8 */;
CREATE TABLE `element_comparison_rules` (
  `id` int(11) NOT NULL AUTO_INCREMENT,
  `Rules` varchar(255) COLLATE utf8_unicode_ci NOT NULL,
  `ElementDetailsId` int(11) DEFAULT NULL,
  PRIMARY KEY (`id`),
  KEY `IDX_F5033420ABFC5A8E` (`ElementDetailsId`),
  CONSTRAINT `FK_F5033420ABFC5A8E` FOREIGN KEY (`ElementDetailsId`) REFERENCES `element_details` (`id`)
) ENGINE=InnoDB AUTO_INCREMENT=19 DEFAULT CHARSET=utf8 COLLATE=utf8_unicode_ci;
/*!40101 SET character_set_client = @saved_cs_client */;

--
-- Dumping data for table `element_comparison_rules`
--

LOCK TABLES `element_comparison_rules` WRITE;
/*!40000 ALTER TABLE `element_comparison_rules` DISABLE KEYS */;
INSERT INTO `element_comparison_rules` VALUES (10,'{\"first\":{\"id\":\"2\",\"value\":\"0\",\"option\":\"equalTo\"},\"second\":{\"id\":\"36\",\"value\":\"0\",\"option\":\"equalTo\"},\"action\":{\"color\":\"Green\"}}',2),(11,'{\"first\":{\"id\":\"2\",\"value\":\"1\",\"option\":\"greaterThanEqual\"},\"second\":{\"id\":\"36\",\"value\":\"0\",\"option\":\"equalTo\"},\"action\":{\"color\":\"Yellow\"}}',2),(12,'{\"first\":{\"id\":\"2\",\"value\":\"1\",\"option\":\"greaterThanEqual\"},\"second\":{\"id\":\"36\",\"value\":\"1\",\"option\":\"greaterThanEqual\"},\"action\":{\"color\":\"Red\"}}',2),(13,'{\"first\":{\"id\":\"3\",\"value\":\"0\",\"option\":\"equalTo\"},\"second\":{\"id\":\"37\",\"value\":\"0\",\"option\":\"equalTo\"},\"action\":{\"color\":\"Green\"}}',3),(14,'{\"first\":{\"id\":\"3\",\"value\":\"1\",\"option\":\"greaterThanEqual\"},\"second\":{\"id\":\"37\",\"value\":\"0\",\"option\":\"equalTo\"},\"action\":{\"color\":\"Yellow\"}}',3),(15,'{\"first\":{\"id\":\"3\",\"value\":\"1\",\"option\":\"greaterThanEqual\"},\"second\":{\"id\":\"37\",\"value\":\"1\",\"option\":\"greaterThanEqual\"},\"action\":{\"color\":\"Red\"}}',3),(16,'{\"first\":{\"id\":\"4\",\"value\":\"0\",\"option\":\"equalTo\"},\"second\":{\"id\":\"38\",\"value\":\"0\",\"option\":\"equalTo\"},\"action\":{\"color\":\"Green\"}}',4),(17,'{\"first\":{\"id\":\"4\",\"value\":\"1\",\"option\":\"greaterThanEqual\"},\"second\":{\"id\":\"38\",\"value\":\"0\",\"option\":\"equalTo\"},\"action\":{\"color\":\"Yellow\"}}',4),(18,'{\"first\":{\"id\":\"4\",\"value\":\"1\",\"option\":\"greaterThanEqual\"},\"second\":{\"id\":\"38\",\"value\":\"1\",\"option\":\"greaterThanEqual\"},\"action\":{\"color\":\"Red\"}}',4);
/*!40000 ALTER TABLE `element_comparison_rules` ENABLE KEYS */;
UNLOCK TABLES;

--
-- Table structure for table `element_details`
--

DROP TABLE IF EXISTS `element_details`;
/*!40101 SET @saved_cs_client     = @@character_set_client */;
/*!40101 SET character_set_client = utf8 */;
CREATE TABLE `element_details` (
  `id` int(11) NOT NULL AUTO_INCREMENT,
  `ElementName` varchar(125) COLLATE utf8_unicode_ci NOT NULL,
  `Description` varchar(75) COLLATE utf8_unicode_ci DEFAULT NULL,
  `CellName` varchar(35) COLLATE utf8_unicode_ci NOT NULL,
  `CellDetails` varchar(75) COLLATE utf8_unicode_ci DEFAULT NULL,
  `ActivatedDate` date NOT NULL,
  `EndDate` date NOT NULL,
  `Weightage` int(11) NOT NULL,
  `Rules` varchar(255) COLLATE utf8_unicode_ci DEFAULT NULL,
  `KpiDetailsId` int(11) DEFAULT NULL,
  `VesselWiseTotal` varchar(35) COLLATE utf8_unicode_ci NOT NULL,
  `IndicationValue` varchar(50) COLLATE utf8_unicode_ci NOT NULL,
  `ComparisonStatus` varchar(35) COLLATE utf8_unicode_ci NOT NULL,
  `BaseValue` int(11) NOT NULL,
  `SymbolId` int(11) DEFAULT NULL,
  `dateTime` datetime NOT NULL,
  `userId` int(11) DEFAULT NULL,
  PRIMARY KEY (`id`),
  KEY `IDX_85CD4BDEF10FA648` (`KpiDetailsId`),
  KEY `IDX_85CD4BDED90F0201` (`SymbolId`),
  KEY `IDX_85CD4BDE64B64DCC` (`userId`),
  CONSTRAINT `FK_85CD4BDE64B64DCC` FOREIGN KEY (`userId`) REFERENCES `fos_user` (`id`),
  CONSTRAINT `FK_85CD4BDED90F0201` FOREIGN KEY (`SymbolId`) REFERENCES `element_symbols` (`id`),
  CONSTRAINT `FK_85CD4BDEF10FA648` FOREIGN KEY (`KpiDetailsId`) REFERENCES `kpi_details` (`id`)
) ENGINE=InnoDB AUTO_INCREMENT=51 DEFAULT CHARSET=utf8 COLLATE=utf8_unicode_ci;
/*!40101 SET character_set_client = @saved_cs_client */;

--
-- Dumping data for table `element_details`
--

LOCK TABLES `element_details` WRITE;
/*!40000 ALTER TABLE `element_details` DISABLE KEYS */;
INSERT INTO `element_details` VALUES (1,'% Variation Actual vs CP Fuel consumption ','',' a1',' ','2000-01-31','2020-01-31',50,NULL,1,'Average','','0',0,12,'0000-00-00 00:00:00',11),(2,'Cargo Hold & Log Readiness','',' A1',' ','2015-03-31','2017-11-30',40,NULL,16,'Average','empty','0',0,6,'0000-00-00 00:00:00',11),(3,'Hatch Cover water tightness','','A1 ',' ','2000-01-31','2000-01-31',20,NULL,16,'Average','empty','1',0,6,'0000-00-00 00:00:00',11),(4,'Cargo Crane Operation ','',' A1',' ','2000-01-31','2000-01-31',40,NULL,16,'Average','empty','1',0,6,'0000-00-00 00:00:00',11),(5,'Variance between Tank Soundings & Log Book Figs','',' ',' ','2000-01-31','2000-01-31',100,NULL,31,'Average','','0',0,8,'0000-00-00 00:00:00',11),(6,'Reports to Owner ','',' ',' ','2000-01-31','2000-01-31',50,NULL,46,'Average','','0',0,9,'0000-00-00 00:00:00',11),(7,'Logistics ','',' ',' ','2000-01-31','2000-01-31',50,NULL,46,'Average','','0',0,6,'0000-00-00 00:00:00',11),(8,'SCOC','',' ',' ','2000-01-31','2000-01-31',25,NULL,61,'','','0',0,10,'0000-00-00 00:00:00',11),(9,'Lub Oil Bulk Stem ','',' ',' ','2000-01-31','2000-01-31',40,NULL,61,'Average','','0',0,12,'0000-00-00 00:00:00',11),(10,'Late Order Charge & Minimum Delivery Charge ','For Paint & Lubs','','','2000-01-31','2000-01-31',15,NULL,61,'Sum','','0',0,6,'0000-00-00 00:00:00',11),(11,'Bulk Stem Paint','',' ',' ','2000-01-31','2000-01-31',20,NULL,61,'Average','','0',0,12,'0000-00-00 00:00:00',11),(12,'Percentage of Jobs based on PMS','',' ',' ','2000-01-31','2000-01-31',100,NULL,76,'Average','','0',0,12,'0000-00-00 00:00:00',11),(13,'Unplanned Technical Downtime - YTD','',' ',' ','2000-01-31','2000-01-31',80,NULL,91,'Average','','0',24,7,'0000-00-00 00:00:00',11),(14,'Planned Technical Downtime per Vessel - YTD','',' ',' ','2000-01-31','2000-01-31',20,NULL,91,'Average','','0',24,7,'0000-00-00 00:00:00',11),(15,'LTIF for Fleet','',' ',' ','2000-01-31','2000-01-31',20,NULL,106,'Average','','0',0,NULL,'0000-00-00 00:00:00',11),(16,'TRCF for Fleet','',' ',' ','2016-06-21','2017-12-01',30,NULL,106,'','','',0,NULL,'0000-00-00 00:00:00',11),(17,'High Risk Incidents','',' a1',' ','2000-01-31','2000-01-31',50,NULL,106,'Sum','','0',0,6,'0000-00-00 00:00:00',11),(18,'Total  Operating Expense','',' ',' ','2000-01-31','2000-01-31',25,NULL,121,'Average','','0',0,12,'0000-00-00 00:00:00',11),(19,'Technical Expense','',' ',' ','2000-01-31','2000-01-31',25,NULL,121,'Average','','0',0,12,'0000-00-00 00:00:00',11),(20,'Manning Expense','',' ',' ','2000-01-31','2000-01-31',15,NULL,121,'Average','','0',0,12,'0000-00-00 00:00:00',11),(21,'Voyage Related Expense/OAE','',' ',' ','2000-01-31','2000-01-31',5,NULL,121,'Average','','0',0,12,'0000-00-00 00:00:00',11),(22,'Retention Rate for Indian & Ukranian Crew','',' ',' ','2000-01-31','2000-01-31',25,NULL,136,'Average','','0',0,12,'0000-00-00 00:00:00',11),(23,'Ability to implement specific & cost effective training for deck officers, engineers and crew. ','',' ',' ','2000-01-31','2000-01-31',25,NULL,136,'Average','','0',0,6,'0000-00-00 00:00:00',11),(24,'Medical sign off','',' ',' ','2000-01-31','2000-01-31',20,NULL,136,'Average','','0',0,6,'0000-00-00 00:00:00',11),(25,'Retention rate for top four','',' ',' ','2000-01-31','2000-01-31',30,NULL,136,'Average','','0',0,12,'0000-00-00 00:00:00',11),(26,'Total Docking Cost vs Budget','',' ',' ','2000-01-31','2000-01-31',35,NULL,151,'Average','','0',0,12,'0000-00-00 00:00:00',11),(27,'Total Time in Dock vs Budget','',' ',' ','2000-01-31','2000-01-31',30,NULL,151,'','','0',0,13,'0000-00-00 00:00:00',11),(28,'Final Docking Report Timeliness','',' ',' ','2016-06-21','2017-12-01',20,NULL,151,'','','',0,NULL,'0000-00-00 00:00:00',11),(29,'Vessel Load Ready Timeliness','',' ',' ','2000-01-31','2000-01-31',15,NULL,151,'Average','','0',0,13,'0000-00-00 00:00:00',11),(30,'No. Of PSC Deficiencies Per Inspection','',' ',' ','2016-06-21','2017-12-01',15,NULL,166,'','','',0,NULL,'0000-00-00 00:00:00',11),(31,'PSC Detention Rate','',' ',' ','2000-01-31','2000-01-31',15,NULL,166,'Average','','0',0,6,'0000-00-00 00:00:00',11),(32,'No. Of PSC Inspections without Deficiencies Per Inspection','',' ',' ','2000-01-31','2000-01-31',15,NULL,166,'Average','','0',0,12,'0000-00-00 00:00:00',11),(33,'DOC (office) Audit  Major NCR ','',' ',' ','2000-01-31','2000-01-31',15,NULL,166,'Average','','0',0,6,'0000-00-00 00:00:00',11),(34,'ISM/ISPS/MLC (shipboard) Audit Major NCR ','',' ',' ','2000-01-31','2000-01-31',20,NULL,166,'Average','','0',0,6,'0000-00-00 00:00:00',11),(35,'Right Ship Rating ','',' ',' ','2016-06-21','2017-12-01',20,NULL,166,'','','',0,NULL,'0000-00-00 00:00:00',11),(36,'Delay due to Cargo Hold & Log Readiness','','A11','','2000-01-31','2000-01-31',0,NULL,16,'Average','empty','0',0,7,'0000-00-00 00:00:00',11),(37,'Delay due to hatch cover water tightness','','A11','','2000-01-31','2000-01-31',0,NULL,16,'Average','empty','0',0,7,'0000-00-00 00:00:00',11),(38,'Delay due to cargo crane operations','','A11','','2000-01-31','2000-01-31',0,NULL,16,'Average','empty','0',0,7,'0000-00-00 00:00:00',11),(40,'% Variation Actual vs CP Speed','','a1','','2016-09-08','2020-12-01',50,NULL,1,'Average','empty','0',0,8,'2016-09-08 11:30:09',11),(41,'Incident Expenses ','','a1','','2016-09-08','2020-12-01',30,NULL,121,'Average','empty','0',0,12,'2016-09-08 07:34:29',11),(42,'Moderate Risk Incidents [Yellow]','','a1','','2016-09-08','2020-12-01',10,NULL,196,'Average','empty','0',0,13,'2016-09-08 08:42:25',11),(43,'Minimum5 Risk Incidents [green]','','a1','','2016-09-08','2020-12-01',5,NULL,196,'Average','empty','0',0,12,'2016-09-08 08:43:22',11),(44,'Repeat Incidents ','','a1','','2016-09-08','2020-12-01',20,NULL,196,'Average','empty','0',0,12,'2016-09-08 08:44:06',11),(46,'Fleet Risk profile','','a1','','2016-09-08','2020-12-01',25,NULL,196,'Average','empty','0',0,12,'2016-09-08 08:51:06',11),(47,'Incident cost','','a1','','2016-09-08','2020-12-01',15,NULL,196,'Sum','empty','0',0,5,'2016-09-08 08:52:31',11),(48,'Open Incidents - One to Two Months','','a1','','2016-12-01','2020-12-01',8,NULL,196,'Average','empty','0',0,14,'2016-12-01 12:58:01',11),(49,'Open Incidents - More than Two months','','a1','','2016-12-01','2020-12-01',13,NULL,196,'Average','empty','0',0,14,'2016-12-01 13:00:07',11),(50,'Open incidents - Less than One Month',NULL,'a1',NULL,'2016-09-30','2020-12-31',4,NULL,196,'Average','empty','0',0,14,'2016-09-08 08:49:10',11);
/*!40000 ALTER TABLE `element_details` ENABLE KEYS */;
UNLOCK TABLES;

--
-- Table structure for table `element_rules`
--

DROP TABLE IF EXISTS `element_rules`;
/*!40101 SET @saved_cs_client     = @@character_set_client */;
/*!40101 SET character_set_client = utf8 */;
CREATE TABLE `element_rules` (
  `id` int(11) NOT NULL AUTO_INCREMENT,
  `Rules` varchar(255) COLLATE utf8_unicode_ci NOT NULL,
  `ElementDetailsId` int(11) DEFAULT NULL,
  PRIMARY KEY (`id`),
  KEY `IDX_4DB8EDA5ABFC5A8E` (`ElementDetailsId`),
  CONSTRAINT `FK_4DB8EDA5ABFC5A8E` FOREIGN KEY (`ElementDetailsId`) REFERENCES `element_details` (`id`)
) ENGINE=InnoDB DEFAULT CHARSET=utf8 COLLATE=utf8_unicode_ci;
/*!40101 SET character_set_client = @saved_cs_client */;

--
-- Dumping data for table `element_rules`
--

LOCK TABLES `element_rules` WRITE;
/*!40000 ALTER TABLE `element_rules` DISABLE KEYS */;
/*!40000 ALTER TABLE `element_rules` ENABLE KEYS */;
UNLOCK TABLES;

--
-- Table structure for table `element_symbols`
--

DROP TABLE IF EXISTS `element_symbols`;
/*!40101 SET @saved_cs_client     = @@character_set_client */;
/*!40101 SET character_set_client = utf8 */;
CREATE TABLE `element_symbols` (
  `id` int(11) NOT NULL AUTO_INCREMENT,
  `symbolName` varchar(255) COLLATE utf8_unicode_ci NOT NULL,
  `symbolIndication` varchar(255) COLLATE utf8_unicode_ci NOT NULL,
  PRIMARY KEY (`id`)
) ENGINE=InnoDB AUTO_INCREMENT=15 DEFAULT CHARSET=utf8 COLLATE=utf8_unicode_ci;
/*!40101 SET character_set_client = @saved_cs_client */;

--
-- Dumping data for table `element_symbols`
--

LOCK TABLES `element_symbols` WRITE;
/*!40000 ALTER TABLE `element_symbols` DISABLE KEYS */;
INSERT INTO `element_symbols` VALUES (4,'empty','empty'),(5,'Currency','USD'),(6,'Number of cases','Nos.'),(7,'Delay in hours','Hrs'),(8,'% variance','%'),(9,'Date submitted','Date'),(10,'SCOC','Gms/KW hr'),(11,'SCOC','Gms/KW hr'),(12,'percentage','%'),(13,'Delay in Days',' No of days'),(14,'Incidents exceeding No of months ','No of months');
/*!40000 ALTER TABLE `element_symbols` ENABLE KEYS */;
UNLOCK TABLES;

--
-- Table structure for table `email_group`
--

DROP TABLE IF EXISTS `email_group`;
/*!40101 SET @saved_cs_client     = @@character_set_client */;
/*!40101 SET character_set_client = utf8 */;
CREATE TABLE `email_group` (
  `id` int(11) NOT NULL AUTO_INCREMENT,
  `companyid` int(11) DEFAULT NULL,
  `groupname` varchar(255) COLLATE utf8_unicode_ci NOT NULL,
  `groupstatus` int(11) NOT NULL,
  PRIMARY KEY (`id`),
  KEY `IDX_F08D054AB104C381` (`companyid`),
  CONSTRAINT `FK_F08D054AB104C381` FOREIGN KEY (`companyid`) REFERENCES `company_details` (`id`)
) ENGINE=InnoDB DEFAULT CHARSET=utf8 COLLATE=utf8_unicode_ci;
/*!40101 SET character_set_client = @saved_cs_client */;

--
-- Dumping data for table `email_group`
--

LOCK TABLES `email_group` WRITE;
/*!40000 ALTER TABLE `email_group` DISABLE KEYS */;
/*!40000 ALTER TABLE `email_group` ENABLE KEYS */;
UNLOCK TABLES;

--
-- Table structure for table `email_users`
--

DROP TABLE IF EXISTS `email_users`;
/*!40101 SET @saved_cs_client     = @@character_set_client */;
/*!40101 SET character_set_client = utf8 */;
CREATE TABLE `email_users` (
  `id` int(11) NOT NULL AUTO_INCREMENT,
  `groupid` int(11) DEFAULT NULL,
  `useremailid` varchar(255) COLLATE utf8_unicode_ci NOT NULL,
  PRIMARY KEY (`id`),
  KEY `IDX_89CEE4667805AC12` (`groupid`),
  CONSTRAINT `FK_89CEE4667805AC12` FOREIGN KEY (`groupid`) REFERENCES `email_group` (`id`)
) ENGINE=InnoDB DEFAULT CHARSET=utf8 COLLATE=utf8_unicode_ci;
/*!40101 SET character_set_client = @saved_cs_client */;

--
-- Dumping data for table `email_users`
--

LOCK TABLES `email_users` WRITE;
/*!40000 ALTER TABLE `email_users` DISABLE KEYS */;
/*!40000 ALTER TABLE `email_users` ENABLE KEYS */;
UNLOCK TABLES;

--
-- Table structure for table `excel_file_details`
--

DROP TABLE IF EXISTS `excel_file_details`;
/*!40101 SET @saved_cs_client     = @@character_set_client */;
/*!40101 SET character_set_client = utf8 */;
CREATE TABLE `excel_file_details` (
  `id` int(11) NOT NULL AUTO_INCREMENT,
  `filename` varchar(255) COLLATE utf8_unicode_ci NOT NULL,
  `data_of_month` date NOT NULL,
  `userid` varchar(255) COLLATE utf8_unicode_ci NOT NULL,
  `datetime` datetime NOT NULL,
  `company_id` int(11) NOT NULL,
  `folderId` int(11) DEFAULT NULL,
  `kpiDetailsId` int(11) DEFAULT NULL,
  `elementDetailsId` int(11) DEFAULT NULL,
  `vesselId` varchar(255) COLLATE utf8_unicode_ci DEFAULT NULL,
  PRIMARY KEY (`id`),
  KEY `IDX_5DF9AD942D35BEF7` (`folderId`),
  CONSTRAINT `FK_5DF9AD942D35BEF7` FOREIGN KEY (`folderId`) REFERENCES `ranking_folder` (`id`)
) ENGINE=InnoDB DEFAULT CHARSET=utf8 COLLATE=utf8_unicode_ci;
/*!40101 SET character_set_client = @saved_cs_client */;

--
-- Dumping data for table `excel_file_details`
--

LOCK TABLES `excel_file_details` WRITE;
/*!40000 ALTER TABLE `excel_file_details` DISABLE KEYS */;
/*!40000 ALTER TABLE `excel_file_details` ENABLE KEYS */;
UNLOCK TABLES;

--
-- Table structure for table `excel_file_details_ranking`
--

DROP TABLE IF EXISTS `excel_file_details_ranking`;
/*!40101 SET @saved_cs_client     = @@character_set_client */;
/*!40101 SET character_set_client = utf8 */;
CREATE TABLE `excel_file_details_ranking` (
  `id` int(11) NOT NULL AUTO_INCREMENT,
  `filename` varchar(255) COLLATE utf8_unicode_ci NOT NULL,
  `data_of_month` date NOT NULL,
  `userid` varchar(255) COLLATE utf8_unicode_ci NOT NULL,
  `datetime` datetime NOT NULL,
  `company_id` int(11) NOT NULL,
  PRIMARY KEY (`id`)
) ENGINE=InnoDB DEFAULT CHARSET=utf8 COLLATE=utf8_unicode_ci;
/*!40101 SET character_set_client = @saved_cs_client */;

--
-- Dumping data for table `excel_file_details_ranking`
--

LOCK TABLES `excel_file_details_ranking` WRITE;
/*!40000 ALTER TABLE `excel_file_details_ranking` DISABLE KEYS */;
/*!40000 ALTER TABLE `excel_file_details_ranking` ENABLE KEYS */;
UNLOCK TABLES;

--
-- Table structure for table `fos_user`
--

DROP TABLE IF EXISTS `fos_user`;
/*!40101 SET @saved_cs_client     = @@character_set_client */;
/*!40101 SET character_set_client = utf8 */;
CREATE TABLE `fos_user` (
  `id` int(11) NOT NULL AUTO_INCREMENT,
  `companyid` int(11) DEFAULT NULL,
  `username` varchar(255) COLLATE utf8_unicode_ci NOT NULL,
  `username_canonical` varchar(255) COLLATE utf8_unicode_ci NOT NULL,
  `email` varchar(255) COLLATE utf8_unicode_ci NOT NULL,
  `email_canonical` varchar(255) COLLATE utf8_unicode_ci NOT NULL,
  `enabled` tinyint(1) NOT NULL,
  `salt` varchar(255) COLLATE utf8_unicode_ci NOT NULL,
  `password` varchar(255) COLLATE utf8_unicode_ci NOT NULL,
  `last_login` datetime DEFAULT NULL,
  `locked` tinyint(1) NOT NULL,
  `expired` tinyint(1) NOT NULL,
  `expires_at` datetime DEFAULT NULL,
  `confirmation_token` varchar(255) COLLATE utf8_unicode_ci DEFAULT NULL,
  `password_requested_at` datetime DEFAULT NULL,
  `roles` longtext COLLATE utf8_unicode_ci NOT NULL COMMENT '(DC2Type:array)',
  `credentials_expired` tinyint(1) NOT NULL,
  `credentials_expire_at` datetime DEFAULT NULL,
  `mobile` varchar(255) COLLATE utf8_unicode_ci DEFAULT NULL,
  `fullname` varchar(255) COLLATE utf8_unicode_ci DEFAULT NULL,
  `imagepath` varchar(255) COLLATE utf8_unicode_ci DEFAULT NULL,
  PRIMARY KEY (`id`),
  UNIQUE KEY `UNIQ_957A647992FC23A8` (`username_canonical`),
  UNIQUE KEY `UNIQ_957A6479A0D96FBF` (`email_canonical`),
  KEY `IDX_957A6479B104C381` (`companyid`),
  CONSTRAINT `FK_957A6479B104C381` FOREIGN KEY (`companyid`) REFERENCES `company_details` (`id`)
) ENGINE=InnoDB AUTO_INCREMENT=12 DEFAULT CHARSET=utf8 COLLATE=utf8_unicode_ci;
/*!40101 SET character_set_client = @saved_cs_client */;

--
-- Dumping data for table `fos_user`
--

LOCK TABLES `fos_user` WRITE;
/*!40000 ALTER TABLE `fos_user` DISABLE KEYS */;
INSERT INTO `fos_user` VALUES (1,NULL,'admin','admin','hariprakashsambath@gmail.com','hariprakashsambath@gmail.com',1,'c19bzzst20owc84k8c8sw8c8c8c8kos','$2y$13$c19bzzst20owc84k8c8swuNcFpYCnzYGu.fWT82Ov.r2WU.0YyQW2','2016-12-22 16:18:27',0,0,NULL,'9RCzEBOXNQA8BwZO5j7eGBJ1iOouFSpENQmTNKr6_VY','2016-06-24 12:22:48','a:1:{i:0;s:10:\"ROLE_ADMIN\";}',0,NULL,'9790584839','Adminstrator',NULL),(9,1,'Siva','siva','sivakumar@pioneermarine.com','sivakumar@pioneermarine.com',1,'25ysejjgy0sgss0cwcckgc080k0skk4','$2y$13$25ysejjgy0sgss0cwcckgOjy2zcTyON5hTI6SHQOPiNAAIgNSQyP.','2016-06-21 15:44:22',0,0,NULL,NULL,NULL,'a:1:{i:0;s:12:\"ROLE_MANAGER\";}',0,NULL,'9840098113','Siva',NULL),(10,1,'V-ships','v-ships','v-ships@gmail.com','v-ships@gmail.com',1,'7nuukxhl6doo8k4k4kc40s44w08wgk4','$2y$13$7nuukxhl6doo8k4k4kc40ehZwctc0Q3PXvQW9t/aF6LQdD1Lsdady','2016-12-22 18:04:32',0,0,NULL,NULL,NULL,'a:1:{i:0;s:22:\"ROLE_KPI_INFO_PROVIDER\";}',0,NULL,'9790584839','V-ships',NULL),(11,1,'Manager','manager','manager@gmail.com','manager@gmail.com',1,'82gl2rxnbpk4ko8wcgso4ow8cc0004w','$2y$13$82gl2rxnbpk4ko8wcgso4eeGzybDoHJdXPttJABeLiIeCj7ZEIIaq','2016-12-22 18:08:13',0,0,NULL,NULL,NULL,'a:1:{i:0;s:12:\"ROLE_MANAGER\";}',0,NULL,'9890786859','kpimanager',NULL);
/*!40000 ALTER TABLE `fos_user` ENABLE KEYS */;
UNLOCK TABLES;

--
-- Table structure for table `kpi_details`
--

DROP TABLE IF EXISTS `kpi_details`;
/*!40101 SET @saved_cs_client     = @@character_set_client */;
/*!40101 SET character_set_client = utf8 */;
CREATE TABLE `kpi_details` (
  `id` int(11) NOT NULL AUTO_INCREMENT,
  `KpiName` varchar(125) COLLATE utf8_unicode_ci NOT NULL,
  `Description` varchar(150) COLLATE utf8_unicode_ci DEFAULT NULL,
  `ActiveDate` date NOT NULL,
  `EndDate` date NOT NULL,
  `CellName` varchar(35) COLLATE utf8_unicode_ci DEFAULT NULL,
  `CellDetails` varchar(75) COLLATE utf8_unicode_ci DEFAULT NULL,
  `Weightage` int(11) NOT NULL,
  `ShipDetailsId` int(11) DEFAULT NULL,
  `dateTime` datetime NOT NULL,
  `userId` int(11) DEFAULT NULL,
  PRIMARY KEY (`id`),
  KEY `IDX_7DB727695041247E` (`ShipDetailsId`),
  KEY `IDX_7DB7276964B64DCC` (`userId`),
  CONSTRAINT `FK_7DB727695041247E` FOREIGN KEY (`ShipDetailsId`) REFERENCES `ship_details` (`id`),
  CONSTRAINT `FK_7DB7276964B64DCC` FOREIGN KEY (`userId`) REFERENCES `fos_user` (`id`)
) ENGINE=InnoDB AUTO_INCREMENT=237 DEFAULT CHARSET=utf8 COLLATE=utf8_unicode_ci;
/*!40101 SET character_set_client = @saved_cs_client */;

--
-- Dumping data for table `kpi_details`
--

LOCK TABLES `kpi_details` WRITE;
/*!40000 ALTER TABLE `kpi_details` DISABLE KEYS */;
INSERT INTO `kpi_details` VALUES (1,'Vessel Performance','','2016-06-30','2017-12-31','','',10,1,'0000-00-00 00:00:00',11),(2,'Vessel Performance','','2016-06-30','2017-12-31','','',10,2,'0000-00-00 00:00:00',11),(3,'Vessel Performance','','2016-06-30','2017-12-31','','',10,3,'0000-00-00 00:00:00',11),(4,'Vessel Performance','','2016-06-30','2017-12-31','','',10,4,'0000-00-00 00:00:00',11),(5,'Vessel Performance','','2016-06-30','2017-12-31','','',10,5,'0000-00-00 00:00:00',11),(6,'Vessel Performance','','2016-06-30','2017-12-31','','',10,6,'0000-00-00 00:00:00',11),(7,'Vessel Performance','','2016-06-30','2017-12-31','','',10,7,'0000-00-00 00:00:00',11),(8,'Vessel Performance','','2016-06-30','2017-12-31','','',10,8,'0000-00-00 00:00:00',11),(9,'Vessel Performance','','2016-06-30','2017-12-31','','',10,9,'0000-00-00 00:00:00',11),(10,'Vessel Performance','','2016-06-30','2017-12-31','','',10,10,'0000-00-00 00:00:00',11),(11,'Vessel Performance','','2016-06-30','2017-12-31','','',10,11,'0000-00-00 00:00:00',11),(12,'Vessel Performance','','2016-06-30','2017-12-31','','',10,12,'0000-00-00 00:00:00',11),(13,'Vessel Performance','','2016-06-30','2017-12-31','','',10,13,'0000-00-00 00:00:00',11),(14,'Vessel Performance','','2016-06-30','2017-12-31','','',10,14,'0000-00-00 00:00:00',11),(15,'Vessel Performance','','2016-06-30','2017-12-31','','',10,15,'0000-00-00 00:00:00',11),(16,'Vessel turn around in Port  ','','2016-06-30','2017-12-31',' ',' ',5,1,'0000-00-00 00:00:00',11),(17,'Vessel turn around in Port  ','','2016-06-30','2017-12-31',' ',' ',5,2,'0000-00-00 00:00:00',11),(18,'Vessel turn around in Port  ','','2016-06-30','2017-12-31',' ',' ',5,3,'0000-00-00 00:00:00',11),(19,'Vessel turn around in Port  ','','2016-06-30','2017-12-31',' ',' ',5,4,'0000-00-00 00:00:00',11),(20,'Vessel turn around in Port  ','','2016-06-30','2017-12-31',' ',' ',5,5,'0000-00-00 00:00:00',11),(21,'Vessel turn around in Port  ','','2016-06-30','2017-12-31',' ',' ',5,6,'0000-00-00 00:00:00',11),(22,'Vessel turn around in Port  ','','2016-06-30','2017-12-31',' ',' ',5,7,'0000-00-00 00:00:00',11),(23,'Vessel turn around in Port  ','','2016-06-30','2017-12-31',' ',' ',5,8,'0000-00-00 00:00:00',11),(24,'Vessel turn around in Port  ','','2016-06-30','2017-12-31',' ',' ',5,9,'0000-00-00 00:00:00',11),(25,'Vessel turn around in Port  ','','2016-06-30','2017-12-31',' ',' ',5,10,'0000-00-00 00:00:00',11),(26,'Vessel turn around in Port  ','','2016-06-30','2017-12-31',' ',' ',5,11,'0000-00-00 00:00:00',11),(27,'Vessel turn around in Port  ','','2016-06-30','2017-12-31',' ',' ',5,12,'0000-00-00 00:00:00',11),(28,'Vessel turn around in Port  ','','2016-06-30','2017-12-31',' ',' ',5,13,'0000-00-00 00:00:00',11),(29,'Vessel turn around in Port  ','','2016-06-30','2017-12-31',' ',' ',5,14,'0000-00-00 00:00:00',11),(30,'Vessel turn around in Port  ','','2016-06-30','2017-12-31',' ',' ',5,15,'0000-00-00 00:00:00',11),(31,'Bunker Management','','2000-01-31','2000-01-31',' ',' ',3,1,'0000-00-00 00:00:00',11),(32,'Bunker Management','','2000-01-31','2000-01-31',' ',' ',3,2,'0000-00-00 00:00:00',11),(33,'Bunker Management','','2000-01-31','2000-01-31',' ',' ',3,3,'0000-00-00 00:00:00',11),(34,'Bunker Management','','2000-01-31','2000-01-31',' ',' ',3,4,'0000-00-00 00:00:00',11),(35,'Bunker Management','','2000-01-31','2000-01-31',' ',' ',3,5,'0000-00-00 00:00:00',11),(36,'Bunker Management','','2000-01-31','2000-01-31',' ',' ',3,6,'0000-00-00 00:00:00',11),(37,'Bunker Management','','2000-01-31','2000-01-31',' ',' ',3,7,'0000-00-00 00:00:00',11),(38,'Bunker Management','','2000-01-31','2000-01-31',' ',' ',3,8,'0000-00-00 00:00:00',11),(39,'Bunker Management','','2000-01-31','2000-01-31',' ',' ',3,9,'0000-00-00 00:00:00',11),(40,'Bunker Management','','2000-01-31','2000-01-31',' ',' ',3,10,'0000-00-00 00:00:00',11),(41,'Bunker Management','','2000-01-31','2000-01-31',' ',' ',3,11,'0000-00-00 00:00:00',11),(42,'Bunker Management','','2000-01-31','2000-01-31',' ',' ',3,12,'0000-00-00 00:00:00',11),(43,'Bunker Management','','2000-01-31','2000-01-31',' ',' ',3,13,'0000-00-00 00:00:00',11),(44,'Bunker Management','','2000-01-31','2000-01-31',' ',' ',3,14,'0000-00-00 00:00:00',11),(45,'Bunker Management','','2000-01-31','2000-01-31',' ',' ',3,15,'0000-00-00 00:00:00',11),(46,'On Time Delivery','','2000-01-31','2000-01-31',' B5',' ',3,1,'0000-00-00 00:00:00',11),(47,'On Time Delivery','','2000-01-31','2000-01-31',' B5',' ',3,2,'0000-00-00 00:00:00',11),(48,'On Time Delivery','','2000-01-31','2000-01-31',' B5',' ',3,3,'0000-00-00 00:00:00',11),(49,'On Time Delivery','','2000-01-31','2000-01-31',' B5',' ',3,4,'0000-00-00 00:00:00',11),(50,'On Time Delivery','','2000-01-31','2000-01-31',' B5',' ',3,5,'0000-00-00 00:00:00',11),(51,'On Time Delivery','','2000-01-31','2000-01-31',' B5',' ',3,6,'0000-00-00 00:00:00',11),(52,'On Time Delivery','','2000-01-31','2000-01-31',' B5',' ',3,7,'0000-00-00 00:00:00',11),(53,'On Time Delivery','','2000-01-31','2000-01-31',' B5',' ',3,8,'0000-00-00 00:00:00',11),(54,'On Time Delivery','','2000-01-31','2000-01-31',' B5',' ',3,9,'0000-00-00 00:00:00',11),(55,'On Time Delivery','','2000-01-31','2000-01-31',' B5',' ',3,10,'0000-00-00 00:00:00',11),(56,'On Time Delivery','','2000-01-31','2000-01-31',' B5',' ',3,11,'0000-00-00 00:00:00',11),(57,'On Time Delivery','','2000-01-31','2000-01-31',' B5',' ',3,12,'0000-00-00 00:00:00',11),(58,'On Time Delivery','','2000-01-31','2000-01-31',' B5',' ',3,13,'0000-00-00 00:00:00',11),(59,'On Time Delivery','','2000-01-31','2000-01-31',' B5',' ',3,14,'0000-00-00 00:00:00',11),(60,'On Time Delivery','','2000-01-31','2000-01-31',' B5',' ',3,15,'0000-00-00 00:00:00',11),(61,'Lub Oil and Paint Management','','2000-01-31','2000-01-31',' ',' ',3,1,'0000-00-00 00:00:00',11),(62,'Lub Oil and Paint Management','','2000-01-31','2000-01-31',' ',' ',3,2,'0000-00-00 00:00:00',11),(63,'Lub Oil and Paint Management','','2000-01-31','2000-01-31',' ',' ',3,3,'0000-00-00 00:00:00',11),(64,'Lub Oil and Paint Management','','2000-01-31','2000-01-31',' ',' ',3,4,'0000-00-00 00:00:00',11),(65,'Lub Oil and Paint Management','','2000-01-31','2000-01-31',' ',' ',3,5,'0000-00-00 00:00:00',11),(66,'Lub Oil and Paint Management','','2000-01-31','2000-01-31',' ',' ',3,6,'0000-00-00 00:00:00',11),(67,'Lub Oil and Paint Management','','2000-01-31','2000-01-31',' ',' ',3,7,'0000-00-00 00:00:00',11),(68,'Lub Oil and Paint Management','','2000-01-31','2000-01-31',' ',' ',3,8,'0000-00-00 00:00:00',11),(69,'Lub Oil and Paint Management','','2000-01-31','2000-01-31',' ',' ',3,9,'0000-00-00 00:00:00',11),(70,'Lub Oil and Paint Management','','2000-01-31','2000-01-31',' ',' ',3,10,'0000-00-00 00:00:00',11),(71,'Lub Oil and Paint Management','','2000-01-31','2000-01-31',' ',' ',3,11,'0000-00-00 00:00:00',11),(72,'Lub Oil and Paint Management','','2000-01-31','2000-01-31',' ',' ',3,12,'0000-00-00 00:00:00',11),(73,'Lub Oil and Paint Management','','2000-01-31','2000-01-31',' ',' ',3,13,'0000-00-00 00:00:00',11),(74,'Lub Oil and Paint Management','','2000-01-31','2000-01-31',' ',' ',3,14,'0000-00-00 00:00:00',11),(75,'Lub Oil and Paint Management','','2000-01-31','2000-01-31',' ',' ',3,15,'0000-00-00 00:00:00',11),(76,'M&R Management','','2000-01-31','2000-01-31',' ',' ',8,1,'0000-00-00 00:00:00',11),(77,'M&R Management','','2000-01-31','2000-01-31',' ',' ',8,2,'0000-00-00 00:00:00',11),(78,'M&R Management','','2000-01-31','2000-01-31',' ',' ',8,3,'0000-00-00 00:00:00',11),(79,'M&R Management','','2000-01-31','2000-01-31',' ',' ',8,4,'0000-00-00 00:00:00',11),(80,'M&R Management','','2000-01-31','2000-01-31',' ',' ',8,5,'0000-00-00 00:00:00',11),(81,'M&R Management','','2000-01-31','2000-01-31',' ',' ',8,6,'0000-00-00 00:00:00',11),(82,'M&R Management','','2000-01-31','2000-01-31',' ',' ',8,7,'0000-00-00 00:00:00',11),(83,'M&R Management','','2000-01-31','2000-01-31',' ',' ',8,8,'0000-00-00 00:00:00',11),(84,'M&R Management','','2000-01-31','2000-01-31',' ',' ',8,9,'0000-00-00 00:00:00',11),(85,'M&R Management','','2000-01-31','2000-01-31',' ',' ',8,10,'0000-00-00 00:00:00',11),(86,'M&R Management','','2000-01-31','2000-01-31',' ',' ',8,11,'0000-00-00 00:00:00',11),(87,'M&R Management','','2000-01-31','2000-01-31',' ',' ',8,12,'0000-00-00 00:00:00',11),(88,'M&R Management','','2000-01-31','2000-01-31',' ',' ',8,13,'0000-00-00 00:00:00',11),(89,'M&R Management','','2000-01-31','2000-01-31',' ',' ',8,14,'0000-00-00 00:00:00',11),(90,'M&R Management','','2000-01-31','2000-01-31',' ',' ',8,15,'0000-00-00 00:00:00',11),(91,'Technical Off-hire','','2016-06-30','2017-12-31',' ',' ',10,1,'0000-00-00 00:00:00',11),(92,'Technical Off-hire','','2016-06-30','2017-12-31',' ',' ',10,2,'0000-00-00 00:00:00',11),(93,'Technical Off-hire','','2016-06-30','2017-12-31',' ',' ',10,3,'0000-00-00 00:00:00',11),(94,'Technical Off-hire','','2016-06-30','2017-12-31',' ',' ',10,4,'0000-00-00 00:00:00',11),(95,'Technical Off-hire','','2016-06-30','2017-12-31',' ',' ',10,5,'0000-00-00 00:00:00',11),(96,'Technical Off-hire','','2016-06-30','2017-12-31',' ',' ',10,6,'0000-00-00 00:00:00',11),(97,'Technical Off-hire','','2016-06-30','2017-12-31',' ',' ',10,7,'0000-00-00 00:00:00',11),(98,'Technical Off-hire','','2016-06-30','2017-12-31',' ',' ',10,8,'0000-00-00 00:00:00',11),(99,'Technical Off-hire','','2016-06-30','2017-12-31',' ',' ',10,9,'0000-00-00 00:00:00',11),(100,'Technical Off-hire','','2016-06-30','2017-12-31',' ',' ',10,10,'0000-00-00 00:00:00',11),(101,'Technical Off-hire','','2016-06-30','2017-12-31',' ',' ',10,11,'0000-00-00 00:00:00',11),(102,'Technical Off-hire','','2016-06-30','2017-12-31',' ',' ',10,12,'0000-00-00 00:00:00',11),(103,'Technical Off-hire','','2016-06-30','2017-12-31',' ',' ',10,13,'0000-00-00 00:00:00',11),(104,'Technical Off-hire','','2016-06-30','2017-12-31',' ',' ',10,14,'0000-00-00 00:00:00',11),(105,'Technical Off-hire','','2016-06-30','2017-12-31',' ',' ',10,15,'0000-00-00 00:00:00',11),(106,'Fleet Safety','','2000-01-31','2000-01-31',' ',' ',12,1,'0000-00-00 00:00:00',11),(107,'Fleet Safety','','2000-01-31','2000-01-31',' ',' ',12,2,'0000-00-00 00:00:00',11),(108,'Fleet Safety','','2000-01-31','2000-01-31',' ',' ',12,3,'0000-00-00 00:00:00',11),(109,'Fleet Safety','','2000-01-31','2000-01-31',' ',' ',12,4,'0000-00-00 00:00:00',11),(110,'Fleet Safety','','2000-01-31','2000-01-31',' ',' ',12,5,'0000-00-00 00:00:00',11),(111,'Fleet Safety','','2000-01-31','2000-01-31',' ',' ',12,6,'0000-00-00 00:00:00',11),(112,'Fleet Safety','','2000-01-31','2000-01-31',' ',' ',12,7,'0000-00-00 00:00:00',11),(113,'Fleet Safety','','2000-01-31','2000-01-31',' ',' ',12,8,'0000-00-00 00:00:00',11),(114,'Fleet Safety','','2000-01-31','2000-01-31',' ',' ',12,9,'0000-00-00 00:00:00',11),(115,'Fleet Safety','','2000-01-31','2000-01-31',' ',' ',12,10,'0000-00-00 00:00:00',11),(116,'Fleet Safety','','2000-01-31','2000-01-31',' ',' ',12,11,'0000-00-00 00:00:00',11),(117,'Fleet Safety','','2000-01-31','2000-01-31',' ',' ',12,12,'0000-00-00 00:00:00',11),(118,'Fleet Safety','','2000-01-31','2000-01-31',' ',' ',12,13,'0000-00-00 00:00:00',11),(119,'Fleet Safety','','2000-01-31','2000-01-31',' ',' ',12,14,'0000-00-00 00:00:00',11),(120,'Fleet Safety','','2000-01-31','2000-01-31',' ',' ',12,15,'0000-00-00 00:00:00',11),(121,'Budget performance ','','2000-01-31','2000-01-31',' ',' ',12,1,'0000-00-00 00:00:00',11),(122,'Budget performance ','','2000-01-31','2000-01-31',' ',' ',12,2,'0000-00-00 00:00:00',11),(123,'Budget performance ','','2000-01-31','2000-01-31',' ',' ',12,3,'0000-00-00 00:00:00',11),(124,'Budget performance ','','2000-01-31','2000-01-31',' ',' ',12,4,'0000-00-00 00:00:00',11),(125,'Budget performance ','','2000-01-31','2000-01-31',' ',' ',12,5,'0000-00-00 00:00:00',11),(126,'Budget performance ','','2000-01-31','2000-01-31',' ',' ',12,6,'0000-00-00 00:00:00',11),(127,'Budget performance ','','2000-01-31','2000-01-31',' ',' ',12,7,'0000-00-00 00:00:00',11),(128,'Budget performance ','','2000-01-31','2000-01-31',' ',' ',12,8,'0000-00-00 00:00:00',11),(129,'Budget performance ','','2000-01-31','2000-01-31',' ',' ',12,9,'0000-00-00 00:00:00',11),(130,'Budget performance ','','2000-01-31','2000-01-31',' ',' ',12,10,'0000-00-00 00:00:00',11),(131,'Budget performance ','','2000-01-31','2000-01-31',' ',' ',12,11,'0000-00-00 00:00:00',11),(132,'Budget performance ','','2000-01-31','2000-01-31',' ',' ',12,12,'0000-00-00 00:00:00',11),(133,'Budget performance ','','2000-01-31','2000-01-31',' ',' ',12,13,'0000-00-00 00:00:00',11),(134,'Budget performance ','','2000-01-31','2000-01-31',' ',' ',12,14,'0000-00-00 00:00:00',11),(135,'Budget performance ','','2000-01-31','2000-01-31',' ',' ',12,15,'0000-00-00 00:00:00',11),(136,'Crewing','','2000-01-31','2000-01-31',' ',' ',7,1,'0000-00-00 00:00:00',11),(137,'Crewing','','2000-01-31','2000-01-31',' ',' ',7,2,'0000-00-00 00:00:00',11),(138,'Crewing','','2000-01-31','2000-01-31',' ',' ',7,3,'0000-00-00 00:00:00',11),(139,'Crewing','','2000-01-31','2000-01-31',' ',' ',7,4,'0000-00-00 00:00:00',11),(140,'Crewing','','2000-01-31','2000-01-31',' ',' ',7,5,'0000-00-00 00:00:00',11),(141,'Crewing','','2000-01-31','2000-01-31',' ',' ',7,6,'0000-00-00 00:00:00',11),(142,'Crewing','','2000-01-31','2000-01-31',' ',' ',7,7,'0000-00-00 00:00:00',11),(143,'Crewing','','2000-01-31','2000-01-31',' ',' ',7,8,'0000-00-00 00:00:00',11),(144,'Crewing','','2000-01-31','2000-01-31',' ',' ',7,9,'0000-00-00 00:00:00',11),(145,'Crewing','','2000-01-31','2000-01-31',' ',' ',7,10,'0000-00-00 00:00:00',11),(146,'Crewing','','2000-01-31','2000-01-31',' ',' ',7,11,'0000-00-00 00:00:00',11),(147,'Crewing','','2000-01-31','2000-01-31',' ',' ',7,12,'0000-00-00 00:00:00',11),(148,'Crewing','','2000-01-31','2000-01-31',' ',' ',7,13,'0000-00-00 00:00:00',11),(149,'Crewing','','2000-01-31','2000-01-31',' ',' ',7,14,'0000-00-00 00:00:00',11),(150,'Crewing','','2000-01-31','2000-01-31',' ',' ',7,15,'0000-00-00 00:00:00',11),(151,'Dry Dock Management','','2000-01-31','2000-01-31',' ',' ',5,1,'0000-00-00 00:00:00',11),(152,'Dry Dock Management','','2000-01-31','2000-01-31',' ',' ',5,2,'0000-00-00 00:00:00',11),(153,'Dry Dock Management','','2000-01-31','2000-01-31',' ',' ',5,3,'0000-00-00 00:00:00',11),(154,'Dry Dock Management','','2000-01-31','2000-01-31',' ',' ',5,4,'0000-00-00 00:00:00',11),(155,'Dry Dock Management','','2000-01-31','2000-01-31',' ',' ',5,5,'0000-00-00 00:00:00',11),(156,'Dry Dock Management','','2000-01-31','2000-01-31',' ',' ',5,6,'0000-00-00 00:00:00',11),(157,'Dry Dock Management','','2000-01-31','2000-01-31',' ',' ',5,7,'0000-00-00 00:00:00',11),(158,'Dry Dock Management','','2000-01-31','2000-01-31',' ',' ',5,8,'0000-00-00 00:00:00',11),(159,'Dry Dock Management','','2000-01-31','2000-01-31',' ',' ',5,9,'0000-00-00 00:00:00',11),(160,'Dry Dock Management','','2000-01-31','2000-01-31',' ',' ',5,10,'0000-00-00 00:00:00',11),(161,'Dry Dock Management','','2000-01-31','2000-01-31',' ',' ',5,11,'0000-00-00 00:00:00',11),(162,'Dry Dock Management','','2000-01-31','2000-01-31',' ',' ',5,12,'0000-00-00 00:00:00',11),(163,'Dry Dock Management','','2000-01-31','2000-01-31',' ',' ',5,13,'0000-00-00 00:00:00',11),(164,'Dry Dock Management','','2000-01-31','2000-01-31',' ',' ',5,14,'0000-00-00 00:00:00',11),(165,'Dry Dock Management','','2000-01-31','2000-01-31',' ',' ',5,15,'0000-00-00 00:00:00',11),(166,'Inspections & Audit','','2016-06-30','2017-12-31',' ',' ',10,1,'0000-00-00 00:00:00',11),(167,'Inspections & Audit','','2016-06-30','2017-12-31',' ',' ',10,2,'0000-00-00 00:00:00',11),(168,'Inspections & Audit','','2016-06-30','2017-12-31',' ',' ',10,3,'0000-00-00 00:00:00',11),(169,'Inspections & Audit','','2016-06-30','2017-12-31',' ',' ',10,4,'0000-00-00 00:00:00',11),(170,'Inspections & Audit','','2016-06-30','2017-12-31',' ',' ',10,5,'0000-00-00 00:00:00',11),(171,'Inspections & Audit','','2016-06-30','2017-12-31',' ',' ',10,6,'0000-00-00 00:00:00',11),(172,'Inspections & Audit','','2016-06-30','2017-12-31',' ',' ',10,7,'0000-00-00 00:00:00',11),(173,'Inspections & Audit','','2016-06-30','2017-12-31',' ',' ',10,8,'0000-00-00 00:00:00',11),(174,'Inspections & Audit','','2016-06-30','2017-12-31',' ',' ',10,9,'0000-00-00 00:00:00',11),(175,'Inspections & Audit','','2016-06-30','2017-12-31',' ',' ',10,10,'0000-00-00 00:00:00',11),(176,'Inspections & Audit','','2016-06-30','2017-12-31',' ',' ',10,11,'0000-00-00 00:00:00',11),(177,'Inspections & Audit','','2016-06-30','2017-12-31',' ',' ',10,12,'0000-00-00 00:00:00',11),(178,'Inspections & Audit','','2016-06-30','2017-12-31',' ',' ',10,13,'0000-00-00 00:00:00',11),(179,'Inspections & Audit','','2016-06-30','2017-12-31',' ',' ',10,14,'0000-00-00 00:00:00',11),(180,'Inspections & Audit','','2016-06-30','2017-12-31',' ',' ',10,15,'0000-00-00 00:00:00',11),(196,'Incident management','','2016-09-30','2020-12-31','a1','',12,1,'2016-09-08 08:40:23',11),(197,'Incident management','','2016-09-30','2020-12-31','a1','',12,2,'2016-09-08 08:40:23',11),(198,'Incident management','','2016-09-30','2020-12-31','a1','',12,3,'2016-09-08 08:40:23',11),(199,'Incident management','','2016-09-30','2020-12-31','a1','',12,4,'2016-09-08 08:40:23',11),(200,'Incident management','','2016-09-30','2020-12-31','a1','',12,5,'2016-09-08 08:40:23',11),(201,'Incident management','','2016-09-30','2020-12-31','a1','',12,6,'2016-09-08 08:40:23',11),(202,'Incident management','','2016-09-30','2020-12-31','a1','',12,7,'2016-09-08 08:40:23',11),(203,'Incident management','','2016-09-30','2020-12-31','a1','',12,8,'2016-09-08 08:40:23',11),(204,'Incident management','','2016-09-30','2020-12-31','a1','',12,9,'2016-09-08 08:40:23',11),(205,'Incident management','','2016-09-30','2020-12-31','a1','',12,10,'2016-09-08 08:40:23',11),(206,'Incident management','','2016-09-30','2020-12-31','a1','',12,11,'2016-09-08 08:40:23',11),(207,'Incident management','','2016-09-30','2020-12-31','a1','',12,12,'2016-09-08 08:40:23',11),(208,'Incident management','','2016-09-30','2020-12-31','a1','',12,13,'2016-09-08 08:40:23',11),(209,'Incident management','','2016-09-30','2020-12-31','a1','',12,14,'2016-09-08 08:40:23',11),(210,'Incident management','','2016-09-30','2020-12-31','a1','',12,15,'2016-09-08 08:40:23',11),(211,'Vessel Performance','','2016-06-30','2017-12-31','','',10,16,'2016-11-10 07:25:49',1),(212,'Vessel Performance','','2016-06-30','2017-12-31','','',10,17,'2016-11-10 07:25:49',1),(213,'Vessel turn around in Port  ','','2016-06-30','2017-12-31',' ',' ',5,16,'2016-11-10 09:00:34',1),(214,'Vessel turn around in Port  ','','2016-06-30','2017-12-31',' ',' ',5,17,'2016-11-10 09:00:34',1),(215,'Bunker Management','','2000-01-31','2000-01-31',' ',' ',3,16,'2016-11-10 09:00:48',1),(216,'Bunker Management','','2000-01-31','2000-01-31',' ',' ',3,17,'2016-11-10 09:00:48',1),(217,'On Time Delivery','','2000-01-31','2000-01-31',' B5',' ',3,16,'2016-11-10 09:01:10',1),(218,'On Time Delivery','','2000-01-31','2000-01-31',' B5',' ',3,17,'2016-11-10 09:01:10',1),(219,'Lub Oil and Paint Management','','2000-01-31','2000-01-31',' ',' ',3,16,'2016-11-10 09:01:31',1),(220,'Lub Oil and Paint Management','','2000-01-31','2000-01-31',' ',' ',3,17,'2016-11-10 09:01:31',1),(221,'M&R Management','','2000-01-31','2000-01-31',' ',' ',8,16,'2016-11-10 09:01:49',1),(222,'M&R Management','','2000-01-31','2000-01-31',' ',' ',8,17,'2016-11-10 09:01:49',1),(223,'Technical Off-hire','','2016-06-30','2017-12-31',' ',' ',10,16,'2016-11-10 09:02:09',1),(224,'Technical Off-hire','','2016-06-30','2017-12-31',' ',' ',10,17,'2016-11-10 09:02:09',1),(225,'Fleet Safety','','2000-01-31','2000-01-31',' ',' ',12,16,'2016-11-10 09:02:58',1),(226,'Fleet Safety','','2000-01-31','2000-01-31',' ',' ',12,17,'2016-11-10 09:02:58',1),(227,'Budget performance ','','2000-01-31','2000-01-31',' ',' ',12,16,'2016-11-10 09:03:50',1),(228,'Budget performance ','','2000-01-31','2000-01-31',' ',' ',12,17,'2016-11-10 09:03:50',1),(229,'Crewing','','2000-01-31','2000-01-31',' ',' ',7,16,'2016-11-10 09:04:02',1),(230,'Crewing','','2000-01-31','2000-01-31',' ',' ',7,17,'2016-11-10 09:04:02',1),(231,'Dry Dock Management','','2000-01-31','2000-01-31',' ',' ',5,16,'2016-11-10 09:04:23',1),(232,'Dry Dock Management','','2000-01-31','2000-01-31',' ',' ',5,17,'2016-11-10 09:04:23',1),(233,'Inspections & Audit','','2016-06-30','2017-12-31',' ',' ',10,16,'2016-11-10 09:04:47',1),(234,'Inspections & Audit','','2016-06-30','2017-12-31',' ',' ',10,17,'2016-11-10 09:04:47',1),(235,'Incident management','','2016-09-30','2020-12-31','a1','',12,16,'2016-11-10 09:05:00',1),(236,'Incident management','','2016-09-30','2020-12-31','a1','',12,17,'2016-11-10 09:05:00',1);
/*!40000 ALTER TABLE `kpi_details` ENABLE KEYS */;
UNLOCK TABLES;

--
-- Table structure for table `kpi_rules`
--

DROP TABLE IF EXISTS `kpi_rules`;
/*!40101 SET @saved_cs_client     = @@character_set_client */;
/*!40101 SET character_set_client = utf8 */;
CREATE TABLE `kpi_rules` (
  `id` int(11) NOT NULL AUTO_INCREMENT,
  `Rules` varchar(255) COLLATE utf8_unicode_ci NOT NULL,
  `KpiDetailsId` int(11) DEFAULT NULL,
  PRIMARY KEY (`id`),
  KEY `IDX_38214772F10FA648` (`KpiDetailsId`),
  CONSTRAINT `FK_38214772F10FA648` FOREIGN KEY (`KpiDetailsId`) REFERENCES `kpi_details` (`id`)
) ENGINE=InnoDB AUTO_INCREMENT=41 DEFAULT CHARSET=utf8 COLLATE=utf8_unicode_ci;
/*!40101 SET character_set_client = @saved_cs_client */;

--
-- Dumping data for table `kpi_rules`
--

LOCK TABLES `kpi_rules` WRITE;
/*!40000 ALTER TABLE `kpi_rules` DISABLE KEYS */;
INSERT INTO `kpi_rules` VALUES (1,'{\"operators\":{},\"actions\":{\"name\":\"action-select\",\"value\":\"Green\"},\"conditions\":{\"all\":[{\"name\":\"ageField\",\"operator\":\"greaterThanEqual\",\"value\":\"2.42\"}]}}',1),(2,'{\"operators\":{},\"actions\":{\"name\":\"action-select\",\"value\":\"Yellow\"},\"conditions\":{\"all\":[{\"name\":\"ageField\",\"operator\":\"greaterThanEqual\",\"value\":\"1.58\"}]}}',1),(3,'{\"operators\":{},\"actions\":{\"name\":\"action-select\",\"value\":\"Red\"},\"conditions\":{\"all\":[{\"name\":\"ageField\",\"operator\":\"lessThan\",\"value\":\"1.58\"}]}}',1),(4,'{\"operators\":{},\"actions\":{\"name\":\"action-select\",\"value\":\"Green\"},\"conditions\":{\"all\":[{\"name\":\"ageField\",\"operator\":\"greaterThanEqual\",\"value\":\"2.42\"}]}}',16),(5,'{\"operators\":{},\"actions\":{\"name\":\"action-select\",\"value\":\"Yellow\"},\"conditions\":{\"all\":[{\"name\":\"ageField\",\"operator\":\"greaterThanEqual\",\"value\":\"1.58\"}]}}',16),(6,'{\"operators\":{},\"actions\":{\"name\":\"action-select\",\"value\":\"Red\"},\"conditions\":{\"all\":[{\"name\":\"ageField\",\"operator\":\"lessThan\",\"value\":\"1.58\"}]}} ',16),(7,'{\"operators\":{},\"actions\":{\"name\":\"action-select\",\"value\":\"Green\"},\"conditions\":{\"all\":[{\"name\":\"ageField\",\"operator\":\"greaterThanEqual\",\"value\":\"2.42\"}]}}',31),(8,'{\"operators\":{},\"actions\":{\"name\":\"action-select\",\"value\":\"Yellow\"},\"conditions\":{\"all\":[{\"name\":\"ageField\",\"operator\":\"greaterThanEqual\",\"value\":\"1.58\"}]}}',31),(9,'{\"operators\":{},\"actions\":{\"name\":\"action-select\",\"value\":\"Red\"},\"conditions\":{\"all\":[{\"name\":\"ageField\",\"operator\":\"lessThan\",\"value\":\"1.58\"}]}}',31),(10,'{\"operators\":{},\"actions\":{\"name\":\"action-select\",\"value\":\"Green\"},\"conditions\":{\"all\":[{\"name\":\"ageField\",\"operator\":\"greaterThanEqual\",\"value\":\"2.42\"}]}}',46),(11,'{\"operators\":{},\"actions\":{\"name\":\"action-select\",\"value\":\"Yellow\"},\"conditions\":{\"all\":[{\"name\":\"ageField\",\"operator\":\"greaterThanEqual\",\"value\":\"1.48\"}]}}',46),(12,'{\"operators\":{},\"actions\":{\"name\":\"action-select\",\"value\":\"Red\"},\"conditions\":{\"all\":[{\"name\":\"ageField\",\"operator\":\"lessThan\",\"value\":\"1.48\"}]}}',46),(13,'{\"operators\":{},\"actions\":{\"name\":\"action-select\",\"value\":\"Green\"},\"conditions\":{\"all\":[{\"name\":\"ageField\",\"operator\":\"greaterThanEqual\",\"value\":\"2.42\"}]}}',61),(14,'{\"operators\":{},\"actions\":{\"name\":\"action-select\",\"value\":\"Yellow\"},\"conditions\":{\"all\":[{\"name\":\"ageField\",\"operator\":\"greaterThanEqual\",\"value\":\"1.48\"}]}}',61),(15,'{\"operators\":{},\"actions\":{\"name\":\"action-select\",\"value\":\"Red\"},\"conditions\":{\"all\":[{\"name\":\"ageField\",\"operator\":\"lessThan\",\"value\":\"1.48\"}]}}',61),(16,'{\"operators\":{},\"actions\":{\"name\":\"action-select\",\"value\":\"Green\"},\"conditions\":{\"all\":[{\"name\":\"ageField\",\"operator\":\"greaterThanEqual\",\"value\":\"2.42\"}]}}',76),(17,'{\"operators\":{},\"actions\":{\"name\":\"action-select\",\"value\":\"Yellow\"},\"conditions\":{\"all\":[{\"operator\":\"greaterThanEqual\",\"value\":\"1.48\"}]}}',76),(18,'{\"operators\":{},\"actions\":{\"name\":\"action-select\",\"value\":\"Red\"},\"conditions\":{\"all\":[{\"name\":\"ageField\",\"operator\":\"lessThan\",\"value\":\"1.48\"}]}}',76),(19,'{\"operators\":{},\"actions\":{\"name\":\"action-select\",\"value\":\"Green\"},\"conditions\":{\"all\":[{\"name\":\"ageField\",\"operator\":\"greaterThanEqual\",\"value\":\"2.42\"}]}}',91),(20,'{\"operators\":{},\"actions\":{\"name\":\"action-select\",\"value\":\"Yellow\"},\"conditions\":{\"all\":[{\"name\":\"ageField\",\"operator\":\"greaterThanEqual\",\"value\":\"1.48\"}]}}',91),(21,'{\"operators\":{},\"actions\":{\"name\":\"action-select\",\"value\":\"Red\"},\"conditions\":{\"all\":[{\"name\":\"ageField\",\"operator\":\"lessThan\",\"value\":\"1.48\"}]}}',91),(22,'{\"operators\":{},\"actions\":{\"name\":\"action-select\",\"value\":\"Green\"},\"conditions\":{\"all\":[{\"name\":\"ageField\",\"operator\":\"greaterThanEqual\",\"value\":\"2.42\"}]}}',106),(23,'{\"operators\":{},\"actions\":{\"name\":\"action-select\",\"value\":\"Yellow\"},\"conditions\":{\"all\":[{\"name\":\"ageField\",\"operator\":\"greaterThanEqual\",\"value\":\"1.48\"}]}}',106),(24,'{\"operators\":{},\"actions\":{\"name\":\"action-select\",\"value\":\"Red\"},\"conditions\":{\"all\":[{\"name\":\"ageField\",\"operator\":\"lessThan\",\"value\":\"1.48\"}]}}',106),(25,'{\"operators\":{},\"actions\":{\"name\":\"action-select\",\"value\":\"Green\"},\"conditions\":{\"all\":[{\"name\":\"ageField\",\"operator\":\"greaterThanEqual\",\"value\":\"2.42\"}]}}',121),(26,'{\"operators\":{},\"actions\":{\"name\":\"action-select\",\"value\":\"Yellow\"},\"conditions\":{\"all\":[{\"name\":\"ageField\",\"operator\":\"greaterThanEqual\",\"value\":\"1.48\"}]}}',121),(27,'{\"operators\":{},\"actions\":{\"name\":\"action-select\",\"value\":\"Red\"},\"conditions\":{\"all\":[{\"name\":\"ageField\",\"operator\":\"lessThan\",\"value\":\"1.48\"}]}}',121),(28,'{\"operators\":{},\"actions\":{\"name\":\"action-select\",\"value\":\"Green\"},\"conditions\":{\"all\":[{\"name\":\"ageField\",\"operator\":\"greaterThanEqual\",\"value\":\"2.42\"}]}}',136),(29,'{\"operators\":{},\"actions\":{\"name\":\"action-select\",\"value\":\"Yellow\"},\"conditions\":{\"all\":[{\"name\":\"ageField\",\"operator\":\"greaterThanEqual\",\"value\":\"1.48\"}]}}',136),(30,'{\"operators\":{},\"actions\":{\"name\":\"action-select\",\"value\":\"Red\"},\"conditions\":{\"all\":[{\"name\":\"ageField\",\"operator\":\"lessThan\",\"value\":\"1.48\"}]}}',136),(31,'{\"operators\":{},\"actions\":{\"name\":\"action-select\",\"value\":\"Green\"},\"conditions\":{\"all\":[{\"name\":\"ageField\",\"operator\":\"greaterThanEqual\",\"value\":\"2.42\"}]}}',151),(32,'{\"operators\":{},\"actions\":{\"name\":\"action-select\",\"value\":\"Yellow\"},\"conditions\":{\"all\":[{\"name\":\"ageField\",\"operator\":\"greaterThanEqual\",\"value\":\"1.48\"}]}}',151),(33,'{\"operators\":{},\"actions\":{\"name\":\"action-select\",\"value\":\"Red\"},\"conditions\":{\"all\":[{\"name\":\"ageField\",\"operator\":\"lessThan\",\"value\":\"1.48\"}]}}',151),(34,'{\"operators\":{},\"actions\":{\"name\":\"action-select\",\"value\":\"Green\"},\"conditions\":{\"all\":[{\"name\":\"ageField\",\"operator\":\"greaterThanEqual\",\"value\":\"2.42\"}]}}',166),(35,'{\"operators\":{},\"actions\":{\"name\":\"action-select\",\"value\":\"Yellow\"},\"conditions\":{\"all\":[{\"name\":\"ageField\",\"operator\":\"greaterThanEqual\",\"value\":\"1.48\"}]}}',166),(36,'{\"operators\":{},\"actions\":{\"name\":\"action-select\",\"value\":\"Red\"},\"conditions\":{\"all\":[{\"name\":\"ageField\",\"operator\":\"lessThan\",\"value\":\"1.48\"}]}}',166),(37,'{\"operators\":{},\"actions\":{\"name\":\"action-select\",\"value\":\"Green\"},\"conditions\":{\"all\":[{\"name\":\"ageField\",\"operator\":\"greaterThanEqual\",\"value\":\"2.42\"}]}}',196),(39,'{\"operators\":{},\"actions\":{\"name\":\"action-select\",\"value\":\"Red\"},\"conditions\":{\"all\":[{\"name\":\"ageField\",\"operator\":\"lessThan\",\"value\":\"1.48\"}]}}',196),(40,'{\"operators\":{},\"actions\":{\"name\":\"action-select\",\"value\":\"Yellow\"},\"conditions\":{\"all\":[{\"name\":\"ageField\",\"operator\":\"greaterThanEqual\",\"value\":\"1.48\"}]}}',196);
/*!40000 ALTER TABLE `kpi_rules` ENABLE KEYS */;
UNLOCK TABLES;

--
-- Table structure for table `log_details`
--

DROP TABLE IF EXISTS `log_details`;
/*!40101 SET @saved_cs_client     = @@character_set_client */;
/*!40101 SET character_set_client = utf8 */;
CREATE TABLE `log_details` (
  `id` bigint(20) NOT NULL AUTO_INCREMENT,
  `CreatedByID` int(11) NOT NULL,
  `CreatedOnDateTime` datetime NOT NULL,
  `TableName` varchar(255) COLLATE utf8_unicode_ci NOT NULL,
  `TablePKID` int(11) NOT NULL,
  `oldvalue` varchar(255) COLLATE utf8_unicode_ci NOT NULL,
  `fieldName` varchar(255) COLLATE utf8_unicode_ci NOT NULL,
  `newvalue` varchar(255) COLLATE utf8_unicode_ci NOT NULL,
  PRIMARY KEY (`id`)
) ENGINE=InnoDB AUTO_INCREMENT=159 DEFAULT CHARSET=utf8 COLLATE=utf8_unicode_ci;
/*!40101 SET character_set_client = @saved_cs_client */;

--
-- Dumping data for table `log_details`
--

LOCK TABLES `log_details` WRITE;
/*!40000 ALTER TABLE `log_details` DISABLE KEYS */;
INSERT INTO `log_details` VALUES (17,11,'2016-09-07 14:02:14','Initial\\ShippingBundle\\Entity\\ShipDetails',12,'World Wide ','location','World Wide Web'),(18,11,'2016-09-08 05:33:26','Initial\\ShippingBundle\\Entity\\ElementDetails',1,'Claims from Charterer on Speed and Fuel Consumption','elementName','% Variation Actual vs CP Fuel consumption '),(19,11,'2016-09-08 05:33:26','Initial\\ShippingBundle\\Entity\\ElementDetails',1,' ','cellName',' a1'),(20,11,'2016-09-08 05:33:26','Initial\\ShippingBundle\\Entity\\ElementDetails',1,'100','weightage','50'),(21,11,'2016-09-08 06:09:26','Initial\\ShippingBundle\\Entity\\ElementDetails',15,'30','weightage','20'),(22,11,'2016-09-08 06:09:26','Initial\\ShippingBundle\\Entity\\ElementDetails',15,'','vesselWiseTotal','Average'),(23,11,'2016-09-08 06:10:50','Initial\\ShippingBundle\\Entity\\ElementDetails',17,'Major Incidents','elementName','High Risk Incidents'),(24,11,'2016-09-08 06:10:50','Initial\\ShippingBundle\\Entity\\ElementDetails',17,' ','cellName',' a1'),(25,11,'2016-09-08 06:10:50','Initial\\ShippingBundle\\Entity\\ElementDetails',17,'40','weightage','50'),(26,11,'2016-09-08 06:10:50','Initial\\ShippingBundle\\Entity\\ElementDetails',17,'Average','vesselWiseTotal','Sum'),(27,11,'2016-09-08 07:27:48','Initial\\ShippingBundle\\Entity\\ElementDetails',18,'30','weightage','25'),(28,11,'2016-09-08 07:28:27','Initial\\ShippingBundle\\Entity\\ElementDetails',20,'40','weightage','15'),(29,11,'2016-09-08 07:28:54','Initial\\ShippingBundle\\Entity\\ElementDetails',21,'5','weightage','10'),(30,11,'2016-09-08 07:31:07','Initial\\ShippingBundle\\Entity\\ElementDetails',21,'10','weightage','5'),(31,11,'2016-09-08 07:35:38','Initial\\ShippingBundle\\Entity\\ElementDetails',23,'35','weightage','25'),(32,11,'2016-09-08 07:35:53','Initial\\ShippingBundle\\Entity\\ElementDetails',22,'20','weightage','25'),(33,11,'2016-09-08 07:36:11','Initial\\ShippingBundle\\Entity\\ElementDetails',24,'25','weightage','20'),(34,11,'2016-09-08 07:36:23','Initial\\ShippingBundle\\Entity\\ElementDetails',25,'20','weightage','30'),(35,11,'2016-09-08 07:37:33','Initial\\ShippingBundle\\Entity\\KpiDetails',31,'10','weightage','3'),(36,11,'2016-09-08 07:37:33','Initial\\ShippingBundle\\Entity\\KpiDetails',32,'10','weightage','3'),(37,11,'2016-09-08 07:37:33','Initial\\ShippingBundle\\Entity\\KpiDetails',33,'10','weightage','3'),(38,11,'2016-09-08 07:37:33','Initial\\ShippingBundle\\Entity\\KpiDetails',34,'10','weightage','3'),(39,11,'2016-09-08 07:37:33','Initial\\ShippingBundle\\Entity\\KpiDetails',35,'10','weightage','3'),(40,11,'2016-09-08 07:37:33','Initial\\ShippingBundle\\Entity\\KpiDetails',36,'10','weightage','3'),(41,11,'2016-09-08 07:37:33','Initial\\ShippingBundle\\Entity\\KpiDetails',37,'10','weightage','3'),(42,11,'2016-09-08 07:37:33','Initial\\ShippingBundle\\Entity\\KpiDetails',38,'10','weightage','3'),(43,11,'2016-09-08 07:37:33','Initial\\ShippingBundle\\Entity\\KpiDetails',39,'10','weightage','3'),(44,11,'2016-09-08 07:37:34','Initial\\ShippingBundle\\Entity\\KpiDetails',40,'10','weightage','3'),(45,11,'2016-09-08 07:37:34','Initial\\ShippingBundle\\Entity\\KpiDetails',41,'10','weightage','3'),(46,11,'2016-09-08 07:37:34','Initial\\ShippingBundle\\Entity\\KpiDetails',42,'10','weightage','3'),(47,11,'2016-09-08 07:37:34','Initial\\ShippingBundle\\Entity\\KpiDetails',43,'10','weightage','3'),(48,11,'2016-09-08 07:37:34','Initial\\ShippingBundle\\Entity\\KpiDetails',44,'10','weightage','3'),(49,11,'2016-09-08 07:37:34','Initial\\ShippingBundle\\Entity\\KpiDetails',45,'10','weightage','3'),(50,11,'2016-09-08 07:37:50','Initial\\ShippingBundle\\Entity\\KpiDetails',46,'5','weightage','3'),(51,11,'2016-09-08 07:37:50','Initial\\ShippingBundle\\Entity\\KpiDetails',47,'5','weightage','3'),(52,11,'2016-09-08 07:37:50','Initial\\ShippingBundle\\Entity\\KpiDetails',48,'5','weightage','3'),(53,11,'2016-09-08 07:37:50','Initial\\ShippingBundle\\Entity\\KpiDetails',49,'5','weightage','3'),(54,11,'2016-09-08 07:37:50','Initial\\ShippingBundle\\Entity\\KpiDetails',50,'5','weightage','3'),(55,11,'2016-09-08 07:37:50','Initial\\ShippingBundle\\Entity\\KpiDetails',51,'5','weightage','3'),(56,11,'2016-09-08 07:37:50','Initial\\ShippingBundle\\Entity\\KpiDetails',52,'5','weightage','3'),(57,11,'2016-09-08 07:37:50','Initial\\ShippingBundle\\Entity\\KpiDetails',53,'5','weightage','3'),(58,11,'2016-09-08 07:37:50','Initial\\ShippingBundle\\Entity\\KpiDetails',54,'5','weightage','3'),(59,11,'2016-09-08 07:37:50','Initial\\ShippingBundle\\Entity\\KpiDetails',55,'5','weightage','3'),(60,11,'2016-09-08 07:37:50','Initial\\ShippingBundle\\Entity\\KpiDetails',56,'5','weightage','3'),(61,11,'2016-09-08 07:37:50','Initial\\ShippingBundle\\Entity\\KpiDetails',57,'5','weightage','3'),(62,11,'2016-09-08 07:37:50','Initial\\ShippingBundle\\Entity\\KpiDetails',58,'5','weightage','3'),(63,11,'2016-09-08 07:37:50','Initial\\ShippingBundle\\Entity\\KpiDetails',59,'5','weightage','3'),(64,11,'2016-09-08 07:37:51','Initial\\ShippingBundle\\Entity\\KpiDetails',60,'5','weightage','3'),(65,11,'2016-09-08 07:38:14','Initial\\ShippingBundle\\Entity\\KpiDetails',61,'5','weightage','3'),(66,11,'2016-09-08 07:38:14','Initial\\ShippingBundle\\Entity\\KpiDetails',62,'5','weightage','3'),(67,11,'2016-09-08 07:38:14','Initial\\ShippingBundle\\Entity\\KpiDetails',63,'5','weightage','3'),(68,11,'2016-09-08 07:38:14','Initial\\ShippingBundle\\Entity\\KpiDetails',64,'5','weightage','3'),(69,11,'2016-09-08 07:38:14','Initial\\ShippingBundle\\Entity\\KpiDetails',65,'5','weightage','3'),(70,11,'2016-09-08 07:38:14','Initial\\ShippingBundle\\Entity\\KpiDetails',66,'5','weightage','3'),(71,11,'2016-09-08 07:38:14','Initial\\ShippingBundle\\Entity\\KpiDetails',67,'5','weightage','3'),(72,11,'2016-09-08 07:38:14','Initial\\ShippingBundle\\Entity\\KpiDetails',68,'5','weightage','3'),(73,11,'2016-09-08 07:38:15','Initial\\ShippingBundle\\Entity\\KpiDetails',69,'5','weightage','3'),(74,11,'2016-09-08 07:38:15','Initial\\ShippingBundle\\Entity\\KpiDetails',70,'5','weightage','3'),(75,11,'2016-09-08 07:38:15','Initial\\ShippingBundle\\Entity\\KpiDetails',71,'5','weightage','3'),(76,11,'2016-09-08 07:38:15','Initial\\ShippingBundle\\Entity\\KpiDetails',72,'5','weightage','3'),(77,11,'2016-09-08 07:38:15','Initial\\ShippingBundle\\Entity\\KpiDetails',73,'5','weightage','3'),(78,11,'2016-09-08 07:38:15','Initial\\ShippingBundle\\Entity\\KpiDetails',74,'5','weightage','3'),(79,11,'2016-09-08 07:38:15','Initial\\ShippingBundle\\Entity\\KpiDetails',75,'5','weightage','3'),(80,11,'2016-09-08 07:38:43','Initial\\ShippingBundle\\Entity\\KpiDetails',76,'10','weightage','8'),(81,11,'2016-09-08 07:38:43','Initial\\ShippingBundle\\Entity\\KpiDetails',77,'10','weightage','8'),(82,11,'2016-09-08 07:38:43','Initial\\ShippingBundle\\Entity\\KpiDetails',78,'10','weightage','8'),(83,11,'2016-09-08 07:38:43','Initial\\ShippingBundle\\Entity\\KpiDetails',79,'10','weightage','8'),(84,11,'2016-09-08 07:38:43','Initial\\ShippingBundle\\Entity\\KpiDetails',80,'10','weightage','8'),(85,11,'2016-09-08 07:38:43','Initial\\ShippingBundle\\Entity\\KpiDetails',81,'10','weightage','8'),(86,11,'2016-09-08 07:38:43','Initial\\ShippingBundle\\Entity\\KpiDetails',82,'10','weightage','8'),(87,11,'2016-09-08 07:38:43','Initial\\ShippingBundle\\Entity\\KpiDetails',83,'10','weightage','8'),(88,11,'2016-09-08 07:38:43','Initial\\ShippingBundle\\Entity\\KpiDetails',84,'10','weightage','8'),(89,11,'2016-09-08 07:38:43','Initial\\ShippingBundle\\Entity\\KpiDetails',85,'10','weightage','8'),(90,11,'2016-09-08 07:38:43','Initial\\ShippingBundle\\Entity\\KpiDetails',86,'10','weightage','8'),(91,11,'2016-09-08 07:38:43','Initial\\ShippingBundle\\Entity\\KpiDetails',87,'10','weightage','8'),(92,11,'2016-09-08 07:38:43','Initial\\ShippingBundle\\Entity\\KpiDetails',88,'10','weightage','8'),(93,11,'2016-09-08 07:38:43','Initial\\ShippingBundle\\Entity\\KpiDetails',89,'10','weightage','8'),(94,11,'2016-09-08 07:38:44','Initial\\ShippingBundle\\Entity\\KpiDetails',90,'10','weightage','8'),(95,11,'2016-09-08 07:39:08','Initial\\ShippingBundle\\Entity\\KpiDetails',106,'10','weightage','12'),(96,11,'2016-09-08 07:39:08','Initial\\ShippingBundle\\Entity\\KpiDetails',107,'10','weightage','12'),(97,11,'2016-09-08 07:39:08','Initial\\ShippingBundle\\Entity\\KpiDetails',108,'10','weightage','12'),(98,11,'2016-09-08 07:39:08','Initial\\ShippingBundle\\Entity\\KpiDetails',109,'10','weightage','12'),(99,11,'2016-09-08 07:39:08','Initial\\ShippingBundle\\Entity\\KpiDetails',110,'10','weightage','12'),(100,11,'2016-09-08 07:39:08','Initial\\ShippingBundle\\Entity\\KpiDetails',111,'10','weightage','12'),(101,11,'2016-09-08 07:39:08','Initial\\ShippingBundle\\Entity\\KpiDetails',112,'10','weightage','12'),(102,11,'2016-09-08 07:39:08','Initial\\ShippingBundle\\Entity\\KpiDetails',113,'10','weightage','12'),(103,11,'2016-09-08 07:39:08','Initial\\ShippingBundle\\Entity\\KpiDetails',114,'10','weightage','12'),(104,11,'2016-09-08 07:39:09','Initial\\ShippingBundle\\Entity\\KpiDetails',115,'10','weightage','12'),(105,11,'2016-09-08 07:39:09','Initial\\ShippingBundle\\Entity\\KpiDetails',116,'10','weightage','12'),(106,11,'2016-09-08 07:39:09','Initial\\ShippingBundle\\Entity\\KpiDetails',117,'10','weightage','12'),(107,11,'2016-09-08 07:39:09','Initial\\ShippingBundle\\Entity\\KpiDetails',118,'10','weightage','12'),(108,11,'2016-09-08 07:39:09','Initial\\ShippingBundle\\Entity\\KpiDetails',119,'10','weightage','12'),(109,11,'2016-09-08 07:39:09','Initial\\ShippingBundle\\Entity\\KpiDetails',120,'10','weightage','12'),(110,11,'2016-09-08 07:39:29','Initial\\ShippingBundle\\Entity\\KpiDetails',121,'10','weightage','12'),(111,11,'2016-09-08 07:39:29','Initial\\ShippingBundle\\Entity\\KpiDetails',122,'10','weightage','12'),(112,11,'2016-09-08 07:39:29','Initial\\ShippingBundle\\Entity\\KpiDetails',123,'10','weightage','12'),(113,11,'2016-09-08 07:39:29','Initial\\ShippingBundle\\Entity\\KpiDetails',124,'10','weightage','12'),(114,11,'2016-09-08 07:39:29','Initial\\ShippingBundle\\Entity\\KpiDetails',125,'10','weightage','12'),(115,11,'2016-09-08 07:39:29','Initial\\ShippingBundle\\Entity\\KpiDetails',126,'10','weightage','12'),(116,11,'2016-09-08 07:39:29','Initial\\ShippingBundle\\Entity\\KpiDetails',127,'10','weightage','12'),(117,11,'2016-09-08 07:39:29','Initial\\ShippingBundle\\Entity\\KpiDetails',128,'10','weightage','12'),(118,11,'2016-09-08 07:39:29','Initial\\ShippingBundle\\Entity\\KpiDetails',129,'10','weightage','12'),(119,11,'2016-09-08 07:39:29','Initial\\ShippingBundle\\Entity\\KpiDetails',130,'10','weightage','12'),(120,11,'2016-09-08 07:39:29','Initial\\ShippingBundle\\Entity\\KpiDetails',131,'10','weightage','12'),(121,11,'2016-09-08 07:39:29','Initial\\ShippingBundle\\Entity\\KpiDetails',132,'10','weightage','12'),(122,11,'2016-09-08 07:39:29','Initial\\ShippingBundle\\Entity\\KpiDetails',133,'10','weightage','12'),(123,11,'2016-09-08 07:39:29','Initial\\ShippingBundle\\Entity\\KpiDetails',134,'10','weightage','12'),(124,11,'2016-09-08 07:39:30','Initial\\ShippingBundle\\Entity\\KpiDetails',135,'10','weightage','12'),(125,11,'2016-09-08 07:39:57','Initial\\ShippingBundle\\Entity\\KpiDetails',136,'5','weightage','7'),(126,11,'2016-09-08 07:39:57','Initial\\ShippingBundle\\Entity\\KpiDetails',137,'5','weightage','7'),(127,11,'2016-09-08 07:39:57','Initial\\ShippingBundle\\Entity\\KpiDetails',138,'5','weightage','7'),(128,11,'2016-09-08 07:39:57','Initial\\ShippingBundle\\Entity\\KpiDetails',139,'5','weightage','7'),(129,11,'2016-09-08 07:39:57','Initial\\ShippingBundle\\Entity\\KpiDetails',140,'5','weightage','7'),(130,11,'2016-09-08 07:39:57','Initial\\ShippingBundle\\Entity\\KpiDetails',141,'5','weightage','7'),(131,11,'2016-09-08 07:39:57','Initial\\ShippingBundle\\Entity\\KpiDetails',142,'5','weightage','7'),(132,11,'2016-09-08 07:39:57','Initial\\ShippingBundle\\Entity\\KpiDetails',143,'5','weightage','7'),(133,11,'2016-09-08 07:39:57','Initial\\ShippingBundle\\Entity\\KpiDetails',144,'5','weightage','7'),(134,11,'2016-09-08 07:39:57','Initial\\ShippingBundle\\Entity\\KpiDetails',145,'5','weightage','7'),(135,11,'2016-09-08 07:39:58','Initial\\ShippingBundle\\Entity\\KpiDetails',146,'5','weightage','7'),(136,11,'2016-09-08 07:39:58','Initial\\ShippingBundle\\Entity\\KpiDetails',147,'5','weightage','7'),(137,11,'2016-09-08 07:39:58','Initial\\ShippingBundle\\Entity\\KpiDetails',148,'5','weightage','7'),(138,11,'2016-09-08 07:39:58','Initial\\ShippingBundle\\Entity\\KpiDetails',149,'5','weightage','7'),(139,11,'2016-09-08 07:39:58','Initial\\ShippingBundle\\Entity\\KpiDetails',150,'5','weightage','7'),(140,11,'2016-09-08 07:40:15','Initial\\ShippingBundle\\Entity\\KpiDetails',151,'10','weightage','5'),(141,11,'2016-09-08 07:40:15','Initial\\ShippingBundle\\Entity\\KpiDetails',152,'10','weightage','5'),(142,11,'2016-09-08 07:40:15','Initial\\ShippingBundle\\Entity\\KpiDetails',153,'10','weightage','5'),(143,11,'2016-09-08 07:40:15','Initial\\ShippingBundle\\Entity\\KpiDetails',154,'10','weightage','5'),(144,11,'2016-09-08 07:40:15','Initial\\ShippingBundle\\Entity\\KpiDetails',155,'10','weightage','5'),(145,11,'2016-09-08 07:40:15','Initial\\ShippingBundle\\Entity\\KpiDetails',156,'10','weightage','5'),(146,11,'2016-09-08 07:40:15','Initial\\ShippingBundle\\Entity\\KpiDetails',157,'10','weightage','5'),(147,11,'2016-09-08 07:40:15','Initial\\ShippingBundle\\Entity\\KpiDetails',158,'10','weightage','5'),(148,11,'2016-09-08 07:40:15','Initial\\ShippingBundle\\Entity\\KpiDetails',159,'10','weightage','5'),(149,11,'2016-09-08 07:40:15','Initial\\ShippingBundle\\Entity\\KpiDetails',160,'10','weightage','5'),(150,11,'2016-09-08 07:40:16','Initial\\ShippingBundle\\Entity\\KpiDetails',161,'10','weightage','5'),(151,11,'2016-09-08 07:40:16','Initial\\ShippingBundle\\Entity\\KpiDetails',162,'10','weightage','5'),(152,11,'2016-09-08 07:40:16','Initial\\ShippingBundle\\Entity\\KpiDetails',163,'10','weightage','5'),(153,11,'2016-09-08 07:40:16','Initial\\ShippingBundle\\Entity\\KpiDetails',164,'10','weightage','5'),(154,11,'2016-09-08 07:40:16','Initial\\ShippingBundle\\Entity\\KpiDetails',165,'10','weightage','5'),(155,1,'2016-11-07 11:09:27','Initial\\ShippingBundle\\Entity\\ElementDetails',2,'1','comparisonStatus','0'),(156,1,'2016-11-11 09:00:31','Initial\\ShippingBundle\\Entity\\ElementDetails',22,'Retention Rate for Indian Crew','elementName','Retention Rate for Indian & Ukranian Crew'),(157,11,'2016-12-01 12:55:40','Initial\\ShippingBundle\\Entity\\ElementDetails',45,'Open incidents','elementName','Open incidents - Less than One Month'),(158,11,'2016-12-01 12:55:40','Initial\\ShippingBundle\\Entity\\ElementDetails',45,'25','weightage','4');
/*!40000 ALTER TABLE `log_details` ENABLE KEYS */;
UNLOCK TABLES;

--
-- Table structure for table `mailing`
--

DROP TABLE IF EXISTS `mailing`;
/*!40101 SET @saved_cs_client     = @@character_set_client */;
/*!40101 SET character_set_client = utf8 */;
CREATE TABLE `mailing` (
  `id` int(11) NOT NULL AUTO_INCREMENT,
  `companyid` int(11) DEFAULT NULL,
  `username` varchar(255) COLLATE utf8_unicode_ci NOT NULL,
  `emailid` varchar(255) COLLATE utf8_unicode_ci NOT NULL,
  PRIMARY KEY (`id`),
  KEY `IDX_3ED9315EB104C381` (`companyid`),
  CONSTRAINT `FK_3ED9315EB104C381` FOREIGN KEY (`companyid`) REFERENCES `company_details` (`id`)
) ENGINE=InnoDB DEFAULT CHARSET=utf8 COLLATE=utf8_unicode_ci;
/*!40101 SET character_set_client = @saved_cs_client */;

--
-- Dumping data for table `mailing`
--

LOCK TABLES `mailing` WRITE;
/*!40000 ALTER TABLE `mailing` DISABLE KEYS */;
/*!40000 ALTER TABLE `mailing` ENABLE KEYS */;
UNLOCK TABLES;

--
-- Table structure for table `mailing_group`
--

DROP TABLE IF EXISTS `mailing_group`;
/*!40101 SET @saved_cs_client     = @@character_set_client */;
/*!40101 SET character_set_client = utf8 */;
CREATE TABLE `mailing_group` (
  `id` int(11) NOT NULL AUTO_INCREMENT,
  `emailreferenceid` int(11) DEFAULT NULL,
  `groupname` varchar(255) COLLATE utf8_unicode_ci NOT NULL,
  PRIMARY KEY (`id`),
  KEY `IDX_38946E611E2E73F2` (`emailreferenceid`),
  CONSTRAINT `FK_38946E611E2E73F2` FOREIGN KEY (`emailreferenceid`) REFERENCES `mailing` (`id`)
) ENGINE=InnoDB DEFAULT CHARSET=utf8 COLLATE=utf8_unicode_ci;
/*!40101 SET character_set_client = @saved_cs_client */;

--
-- Dumping data for table `mailing_group`
--

LOCK TABLES `mailing_group` WRITE;
/*!40000 ALTER TABLE `mailing_group` DISABLE KEYS */;
/*!40000 ALTER TABLE `mailing_group` ENABLE KEYS */;
UNLOCK TABLES;

--
-- Table structure for table `ranking__lookup_data`
--

DROP TABLE IF EXISTS `ranking__lookup_data`;
/*!40101 SET @saved_cs_client     = @@character_set_client */;
/*!40101 SET character_set_client = utf8 */;
CREATE TABLE `ranking__lookup_data` (
  `id` int(11) NOT NULL AUTO_INCREMENT,
  `elementdata` varchar(255) COLLATE utf8_unicode_ci NOT NULL,
  `elementcolor` varchar(255) COLLATE utf8_unicode_ci NOT NULL,
  `monthdetail` date NOT NULL,
  `ShipDetailsId` int(11) DEFAULT NULL,
  `KpiDetailsId` int(11) DEFAULT NULL,
  `ElementDetailsId` int(11) DEFAULT NULL,
  PRIMARY KEY (`id`),
  KEY `IDX_BBB3C63D5041247E` (`ShipDetailsId`),
  KEY `IDX_BBB3C63DF10FA648` (`KpiDetailsId`),
  KEY `IDX_BBB3C63DABFC5A8E` (`ElementDetailsId`),
  CONSTRAINT `FK_BBB3C63D5041247E` FOREIGN KEY (`ShipDetailsId`) REFERENCES `ship_details` (`id`),
  CONSTRAINT `FK_BBB3C63DABFC5A8E` FOREIGN KEY (`ElementDetailsId`) REFERENCES `ranking_element_details` (`id`),
  CONSTRAINT `FK_BBB3C63DF10FA648` FOREIGN KEY (`KpiDetailsId`) REFERENCES `ranking_kpi_details` (`id`)
) ENGINE=InnoDB AUTO_INCREMENT=1801 DEFAULT CHARSET=utf8 COLLATE=utf8_unicode_ci;
/*!40101 SET character_set_client = @saved_cs_client */;

--
-- Dumping data for table `ranking__lookup_data`
--

LOCK TABLES `ranking__lookup_data` WRITE;
/*!40000 ALTER TABLE `ranking__lookup_data` DISABLE KEYS */;
INSERT INTO `ranking__lookup_data` VALUES (25,'100','Green','2016-01-31',1,1,1),(26,'40','Green','2016-01-31',1,16,2),(27,'0','Red','2016-01-31',1,16,3),(28,'20','Green','2016-01-31',1,16,4),(29,'50','Green','2016-01-31',1,31,5),(30,'50','Green','2016-01-31',1,31,6),(31,'14','Green','2016-01-31',1,46,7),(32,'14','Green','2016-01-31',1,46,8),(33,'14','Green','2016-01-31',1,46,9),(34,'14','Green','2016-01-31',1,46,10),(35,'10','Green','2016-01-31',1,46,11),(36,'10','Green','2016-01-31',1,46,12),(37,'6','Green','2016-01-31',1,46,13),(38,'6','Green','2016-01-31',1,46,14),(39,'6','Green','2016-01-31',1,46,15),(40,'6','Green','2016-01-31',1,46,16),(41,'40','Green','2016-01-31',1,61,17),(42,'20','Green','2016-01-31',1,61,18),(43,'40','Green','2016-01-31',1,61,19),(44,'50','Green','2016-01-31',1,76,20),(45,'50','Green','2016-01-31',1,76,21),(46,'30','Green','2016-01-31',1,91,22),(47,'70','Green','2016-01-31',1,91,23),(48,'100','Green','2016-01-31',1,121,24),(49,'100','Green','2016-02-29',1,1,1),(50,'0','Red','2016-02-29',1,16,2),(51,'0','Red','2016-02-29',1,16,3),(52,'0','Red','2016-02-29',1,16,4),(53,'50','Green','2016-02-29',1,31,5),(54,'50','Green','2016-02-29',1,31,6),(55,'14','Green','2016-02-29',1,46,7),(56,'14','Green','2016-02-29',1,46,8),(57,'14','Green','2016-02-29',1,46,9),(58,'14','Green','2016-02-29',1,46,10),(59,'10','Green','2016-02-29',1,46,11),(60,'10','Green','2016-02-29',1,46,12),(61,'6','Green','2016-02-29',1,46,13),(62,'6','Green','2016-02-29',1,46,14),(63,'6','Green','2016-02-29',1,46,15),(64,'6','Green','2016-02-29',1,46,16),(65,'40','Green','2016-02-29',1,61,17),(66,'20','Green','2016-02-29',1,61,18),(67,'40','Green','2016-02-29',1,61,19),(68,'50','Green','2016-02-29',1,76,20),(69,'50','Green','2016-02-29',1,76,21),(70,'30','Green','2016-02-29',1,91,22),(71,'70','Green','2016-02-29',1,91,23),(72,'100','Green','2016-02-29',1,121,24),(73,'50','Yellow','2016-05-31',1,1,1),(74,'0','Red','2016-05-31',1,16,2),(75,'0','Red','2016-05-31',1,16,3),(76,'10','Yellow','2016-05-31',1,16,4),(77,'25','Yellow','2016-05-31',1,31,5),(78,'50','Green','2016-05-31',1,31,6),(79,'14','Green','2016-05-31',1,46,7),(80,'14','Green','2016-05-31',1,46,8),(81,'14','Green','2016-05-31',1,46,9),(82,'14','Green','2016-05-31',1,46,10),(83,'10','Green','2016-05-31',1,46,11),(84,'10','Green','2016-05-31',1,46,12),(85,'0','Red','2016-05-31',1,46,13),(86,'6','Green','2016-05-31',1,46,14),(87,'6','Green','2016-05-31',1,46,15),(88,'6','Green','2016-05-31',1,46,16),(89,'40','Green','2016-05-31',1,61,17),(90,'20','Green','2016-05-31',1,61,18),(91,'40','Green','2016-05-31',1,61,19),(92,'50','Green','2016-05-31',1,76,20),(93,'50','Green','2016-05-31',1,76,21),(94,'15','Yellow','2016-05-31',1,91,22),(95,'70','Green','2016-05-31',1,91,23),(96,'50','Yellow','2016-05-31',1,121,24),(97,'100','Green','2016-05-31',2,1,1),(98,'0','Red','2016-05-31',2,16,2),(99,'0','Red','2016-05-31',2,16,3),(100,'10','Yellow','2016-05-31',2,16,4),(101,'0','false','2016-05-31',2,31,5),(102,'50','Green','2016-05-31',2,31,6),(103,'14','Green','2016-05-31',2,46,7),(104,'14','Green','2016-05-31',2,46,8),(105,'14','Green','2016-05-31',2,46,9),(106,'14','Green','2016-05-31',2,46,10),(107,'10','Green','2016-05-31',2,46,11),(108,'10','Green','2016-05-31',2,46,12),(109,'6','Green','2016-05-31',2,46,13),(110,'6','Green','2016-05-31',2,46,14),(111,'6','Green','2016-05-31',2,46,15),(112,'6','Green','2016-05-31',2,46,16),(113,'40','Green','2016-05-31',2,61,17),(114,'20','Green','2016-05-31',2,61,18),(115,'40','Green','2016-05-31',2,61,19),(116,'50','Green','2016-05-31',2,76,20),(117,'50','Green','2016-05-31',2,76,21),(118,'30','Green','2016-05-31',2,91,22),(119,'70','Green','2016-05-31',2,91,23),(120,'100','Green','2016-05-31',2,121,24),(121,'100','Green','2016-05-31',3,1,1),(122,'40','Green','2016-05-31',3,16,2),(123,'40','Green','2016-05-31',3,16,3),(124,'20','Green','2016-05-31',3,16,4),(125,'0','false','2016-05-31',3,31,5),(126,'50','Green','2016-05-31',3,31,6),(127,'14','Green','2016-05-31',3,46,7),(128,'14','Green','2016-05-31',3,46,8),(129,'14','Green','2016-05-31',3,46,9),(130,'14','Green','2016-05-31',3,46,10),(131,'10','Green','2016-05-31',3,46,11),(132,'10','Green','2016-05-31',3,46,12),(133,'6','Green','2016-05-31',3,46,13),(134,'6','Green','2016-05-31',3,46,14),(135,'6','Green','2016-05-31',3,46,15),(136,'6','Green','2016-05-31',3,46,16),(137,'40','Green','2016-05-31',3,61,17),(138,'20','Green','2016-05-31',3,61,18),(139,'40','Green','2016-05-31',3,61,19),(140,'50','Green','2016-05-31',3,76,20),(141,'50','Green','2016-05-31',3,76,21),(142,'30','Green','2016-05-31',3,91,22),(143,'70','Green','2016-05-31',3,91,23),(144,'100','Green','2016-05-31',3,121,24),(145,'100','Green','2016-05-31',4,1,1),(146,'0','Red','2016-05-31',4,16,2),(147,'40','Green','2016-05-31',4,16,3),(148,'20','Green','2016-05-31',4,16,4),(149,'0','false','2016-05-31',4,31,5),(150,'50','Green','2016-05-31',4,31,6),(151,'14','Green','2016-05-31',4,46,7),(152,'14','Green','2016-05-31',4,46,8),(153,'14','Green','2016-05-31',4,46,9),(154,'14','Green','2016-05-31',4,46,10),(155,'10','Green','2016-05-31',4,46,11),(156,'10','Green','2016-05-31',4,46,12),(157,'6','Green','2016-05-31',4,46,13),(158,'6','Green','2016-05-31',4,46,14),(159,'0','Red','2016-05-31',4,46,15),(160,'6','Green','2016-05-31',4,46,16),(161,'40','Green','2016-05-31',4,61,17),(162,'20','Green','2016-05-31',4,61,18),(163,'40','Green','2016-05-31',4,61,19),(164,'50','Green','2016-05-31',4,76,20),(165,'50','Green','2016-05-31',4,76,21),(166,'30','Green','2016-05-31',4,91,22),(167,'70','Green','2016-05-31',4,91,23),(168,'100','Green','2016-05-31',4,121,24),(169,'100','Green','2016-05-31',5,1,1),(170,'0','Red','2016-05-31',5,16,2),(171,'0','Red','2016-05-31',5,16,3),(172,'20','Green','2016-05-31',5,16,4),(173,'0','false','2016-05-31',5,31,5),(174,'50','Green','2016-05-31',5,31,6),(175,'14','Green','2016-05-31',5,46,7),(176,'14','Green','2016-05-31',5,46,8),(177,'14','Green','2016-05-31',5,46,9),(178,'14','Green','2016-05-31',5,46,10),(179,'10','Green','2016-05-31',5,46,11),(180,'10','Green','2016-05-31',5,46,12),(181,'6','Green','2016-05-31',5,46,13),(182,'6','Green','2016-05-31',5,46,14),(183,'0','Red','2016-05-31',5,46,15),(184,'6','Green','2016-05-31',5,46,16),(185,'40','Green','2016-05-31',5,61,17),(186,'20','Green','2016-05-31',5,61,18),(187,'40','Green','2016-05-31',5,61,19),(188,'50','Green','2016-05-31',5,76,20),(189,'50','Green','2016-05-31',5,76,21),(190,'30','Green','2016-05-31',5,91,22),(191,'70','Green','2016-05-31',5,91,23),(192,'50','Yellow','2016-05-31',5,121,24),(193,'100','Green','2016-05-31',6,1,1),(194,'0','Red','2016-05-31',6,16,2),(195,'40','Green','2016-05-31',6,16,3),(196,'20','Green','2016-05-31',6,16,4),(197,'0','false','2016-05-31',6,31,5),(198,'50','Green','2016-05-31',6,31,6),(199,'14','Green','2016-05-31',6,46,7),(200,'14','Green','2016-05-31',6,46,8),(201,'14','Green','2016-05-31',6,46,9),(202,'14','Green','2016-05-31',6,46,10),(203,'10','Green','2016-05-31',6,46,11),(204,'10','Green','2016-05-31',6,46,12),(205,'6','Green','2016-05-31',6,46,13),(206,'6','Green','2016-05-31',6,46,14),(207,'6','Green','2016-05-31',6,46,15),(208,'6','Green','2016-05-31',6,46,16),(209,'40','Green','2016-05-31',6,61,17),(210,'20','Green','2016-05-31',6,61,18),(211,'40','Green','2016-05-31',6,61,19),(212,'50','Green','2016-05-31',6,76,20),(213,'50','Green','2016-05-31',6,76,21),(214,'30','Green','2016-05-31',6,91,22),(215,'70','Green','2016-05-31',6,91,23),(216,'100','Green','2016-05-31',6,121,24),(217,'100','Green','2016-05-31',7,1,1),(218,'40','Green','2016-05-31',7,16,2),(219,'0','Red','2016-05-31',7,16,3),(220,'10','Yellow','2016-05-31',7,16,4),(221,'50','Green','2016-05-31',7,31,5),(222,'50','Green','2016-05-31',7,31,6),(223,'14','Green','2016-05-31',7,46,7),(224,'14','Green','2016-05-31',7,46,8),(225,'14','Green','2016-05-31',7,46,9),(226,'14','Green','2016-05-31',7,46,10),(227,'10','Green','2016-05-31',7,46,11),(228,'10','Green','2016-05-31',7,46,12),(229,'0','Red','2016-05-31',7,46,13),(230,'6','Green','2016-05-31',7,46,14),(231,'6','Green','2016-05-31',7,46,15),(232,'6','Green','2016-05-31',7,46,16),(233,'40','Green','2016-05-31',7,61,17),(234,'20','Green','2016-05-31',7,61,18),(235,'40','Green','2016-05-31',7,61,19),(236,'50','Green','2016-05-31',7,76,20),(237,'50','Green','2016-05-31',7,76,21),(238,'30','Green','2016-05-31',7,91,22),(239,'70','Green','2016-05-31',7,91,23),(240,'100','Green','2016-05-31',7,121,24),(241,'50','Yellow','2016-05-31',8,1,1),(242,'0','Red','2016-05-31',8,16,2),(243,'0','Red','2016-05-31',8,16,3),(244,'0','Red','2016-05-31',8,16,4),(245,'50','Green','2016-05-31',8,31,5),(246,'50','Green','2016-05-31',8,31,6),(247,'14','Green','2016-05-31',8,46,7),(248,'14','Green','2016-05-31',8,46,8),(249,'14','Green','2016-05-31',8,46,9),(250,'14','Green','2016-05-31',8,46,10),(251,'10','Green','2016-05-31',8,46,11),(252,'10','Green','2016-05-31',8,46,12),(253,'3','Yellow','2016-05-31',8,46,13),(254,'6','Green','2016-05-31',8,46,14),(255,'6','Green','2016-05-31',8,46,15),(256,'6','Green','2016-05-31',8,46,16),(257,'40','Green','2016-05-31',8,61,17),(258,'20','Green','2016-05-31',8,61,18),(259,'40','Green','2016-05-31',8,61,19),(260,'50','Green','2016-05-31',8,76,20),(261,'50','Green','2016-05-31',8,76,21),(262,'30','Green','2016-05-31',8,91,22),(263,'70','Green','2016-05-31',8,91,23),(264,'100','Green','2016-05-31',8,121,24),(265,'100','Green','2016-05-31',9,1,1),(266,'0','Red','2016-05-31',9,16,2),(267,'20','Yellow','2016-05-31',9,16,3),(268,'10','Yellow','2016-05-31',9,16,4),(269,'50','Green','2016-05-31',9,31,5),(270,'50','Green','2016-05-31',9,31,6),(271,'14','Green','2016-05-31',9,46,7),(272,'14','Green','2016-05-31',9,46,8),(273,'14','Green','2016-05-31',9,46,9),(274,'14','Green','2016-05-31',9,46,10),(275,'10','Green','2016-05-31',9,46,11),(276,'0','Red','2016-05-31',9,46,12),(277,'0','Red','2016-05-31',9,46,13),(278,'6','Green','2016-05-31',9,46,14),(279,'0','Red','2016-05-31',9,46,15),(280,'6','Green','2016-05-31',9,46,16),(281,'40','Green','2016-05-31',9,61,17),(282,'20','Green','2016-05-31',9,61,18),(283,'40','Green','2016-05-31',9,61,19),(284,'50','Green','2016-05-31',9,76,20),(285,'50','Green','2016-05-31',9,76,21),(286,'30','Green','2016-05-31',9,91,22),(287,'70','Green','2016-05-31',9,91,23),(288,'100','Green','2016-05-31',9,121,24),(289,'100','Green','2016-05-31',10,1,1),(290,'0','Red','2016-05-31',10,16,2),(291,'0','Red','2016-05-31',10,16,3),(292,'20','Green','2016-05-31',10,16,4),(293,'0','false','2016-05-31',10,31,5),(294,'50','Green','2016-05-31',10,31,6),(295,'14','Green','2016-05-31',10,46,7),(296,'14','Green','2016-05-31',10,46,8),(297,'14','Green','2016-05-31',10,46,9),(298,'14','Green','2016-05-31',10,46,10),(299,'10','Green','2016-05-31',10,46,11),(300,'10','Green','2016-05-31',10,46,12),(301,'6','Green','2016-05-31',10,46,13),(302,'6','Green','2016-05-31',10,46,14),(303,'6','Green','2016-05-31',10,46,15),(304,'6','Green','2016-05-31',10,46,16),(305,'40','Green','2016-05-31',10,61,17),(306,'20','Green','2016-05-31',10,61,18),(307,'40','Green','2016-05-31',10,61,19),(308,'50','Green','2016-05-31',10,76,20),(309,'50','Green','2016-05-31',10,76,21),(310,'30','Green','2016-05-31',10,91,22),(311,'70','Green','2016-05-31',10,91,23),(312,'100','Green','2016-05-31',10,121,24),(313,'100','Green','2016-05-31',11,1,1),(314,'0','Red','2016-05-31',11,16,2),(315,'40','Green','2016-05-31',11,16,3),(316,'20','Green','2016-05-31',11,16,4),(317,'50','Green','2016-05-31',11,31,5),(318,'50','Green','2016-05-31',11,31,6),(319,'14','Green','2016-05-31',11,46,7),(320,'14','Green','2016-05-31',11,46,8),(321,'14','Green','2016-05-31',11,46,9),(322,'14','Green','2016-05-31',11,46,10),(323,'10','Green','2016-05-31',11,46,11),(324,'10','Green','2016-05-31',11,46,12),(325,'3','Yellow','2016-05-31',11,46,13),(326,'6','Green','2016-05-31',11,46,14),(327,'6','Green','2016-05-31',11,46,15),(328,'6','Green','2016-05-31',11,46,16),(329,'40','Green','2016-05-31',11,61,17),(330,'20','Green','2016-05-31',11,61,18),(331,'40','Green','2016-05-31',11,61,19),(332,'50','Green','2016-05-31',11,76,20),(333,'50','Green','2016-05-31',11,76,21),(334,'30','Green','2016-05-31',11,91,22),(335,'70','Green','2016-05-31',11,91,23),(336,'100','Green','2016-05-31',11,121,24),(337,'100','Green','2016-05-31',12,1,1),(338,'20','Yellow','2016-05-31',12,16,2),(339,'0','Red','2016-05-31',12,16,3),(340,'20','Green','2016-05-31',12,16,4),(341,'50','Green','2016-05-31',12,31,5),(342,'50','Green','2016-05-31',12,31,6),(343,'14','Green','2016-05-31',12,46,7),(344,'14','Green','2016-05-31',12,46,8),(345,'14','Green','2016-05-31',12,46,9),(346,'14','Green','2016-05-31',12,46,10),(347,'10','Green','2016-05-31',12,46,11),(348,'10','Green','2016-05-31',12,46,12),(349,'6','Green','2016-05-31',12,46,13),(350,'6','Green','2016-05-31',12,46,14),(351,'6','Green','2016-05-31',12,46,15),(352,'6','Green','2016-05-31',12,46,16),(353,'40','Green','2016-05-31',12,61,17),(354,'20','Green','2016-05-31',12,61,18),(355,'40','Green','2016-05-31',12,61,19),(356,'50','Green','2016-05-31',12,76,20),(357,'50','Green','2016-05-31',12,76,21),(358,'30','Green','2016-05-31',12,91,22),(359,'70','Green','2016-05-31',12,91,23),(360,'100','Green','2016-05-31',12,121,24),(361,'100','Green','2016-05-31',13,1,1),(362,'40','Green','2016-05-31',13,16,2),(363,'0','Red','2016-05-31',13,16,3),(364,'20','Green','2016-05-31',13,16,4),(365,'50','Green','2016-05-31',13,31,5),(366,'50','Green','2016-05-31',13,31,6),(367,'14','Green','2016-05-31',13,46,7),(368,'14','Green','2016-05-31',13,46,8),(369,'14','Green','2016-05-31',13,46,9),(370,'14','Green','2016-05-31',13,46,10),(371,'10','Green','2016-05-31',13,46,11),(372,'0','Red','2016-05-31',13,46,12),(373,'6','Green','2016-05-31',13,46,13),(374,'6','Green','2016-05-31',13,46,14),(375,'0','Red','2016-05-31',13,46,15),(376,'6','Green','2016-05-31',13,46,16),(377,'40','Green','2016-05-31',13,61,17),(378,'20','Green','2016-05-31',13,61,18),(379,'40','Green','2016-05-31',13,61,19),(380,'50','Green','2016-05-31',13,76,20),(381,'50','Green','2016-05-31',13,76,21),(382,'30','Green','2016-05-31',13,91,22),(383,'70','Green','2016-05-31',13,91,23),(384,'100','Green','2016-05-31',13,121,24),(385,'100','Green','2016-05-31',14,1,1),(386,'20','Yellow','2016-05-31',14,16,2),(387,'0','Red','2016-05-31',14,16,3),(388,'10','Yellow','2016-05-31',14,16,4),(389,'50','Green','2016-05-31',14,31,5),(390,'50','Green','2016-05-31',14,31,6),(391,'14','Green','2016-05-31',14,46,7),(392,'14','Green','2016-05-31',14,46,8),(393,'14','Green','2016-05-31',14,46,9),(394,'14','Green','2016-05-31',14,46,10),(395,'10','Green','2016-05-31',14,46,11),(396,'10','Green','2016-05-31',14,46,12),(397,'6','Green','2016-05-31',14,46,13),(398,'6','Green','2016-05-31',14,46,14),(399,'6','Green','2016-05-31',14,46,15),(400,'6','Green','2016-05-31',14,46,16),(401,'40','Green','2016-05-31',14,61,17),(402,'20','Green','2016-05-31',14,61,18),(403,'40','Green','2016-05-31',14,61,19),(404,'50','Green','2016-05-31',14,76,20),(405,'50','Green','2016-05-31',14,76,21),(406,'30','Green','2016-05-31',14,91,22),(407,'70','Green','2016-05-31',14,91,23),(408,'100','Green','2016-05-31',14,121,24),(409,'100','Green','2016-05-31',15,1,1),(410,'40','Green','2016-05-31',15,16,2),(411,'40','Green','2016-05-31',15,16,3),(412,'20','Green','2016-05-31',15,16,4),(413,'50','Green','2016-05-31',15,31,5),(414,'50','Green','2016-05-31',15,31,6),(415,'14','Green','2016-05-31',15,46,7),(416,'14','Green','2016-05-31',15,46,8),(417,'14','Green','2016-05-31',15,46,9),(418,'7','Yellow','2016-05-31',15,46,10),(419,'0','Red','2016-05-31',15,46,11),(420,'10','Green','2016-05-31',15,46,12),(421,'6','Green','2016-05-31',15,46,13),(422,'6','Green','2016-05-31',15,46,14),(423,'6','Green','2016-05-31',15,46,15),(424,'6','Green','2016-05-31',15,46,16),(425,'40','Green','2016-05-31',15,61,17),(426,'20','Green','2016-05-31',15,61,18),(427,'40','Green','2016-05-31',15,61,19),(428,'50','Green','2016-05-31',15,76,20),(429,'50','Green','2016-05-31',15,76,21),(430,'30','Green','2016-05-31',15,91,22),(431,'70','Green','2016-05-31',15,91,23),(432,'100','Green','2016-05-31',15,121,24),(433,'50','Yellow','2016-04-30',1,1,1),(434,'0','Red','2016-04-30',1,16,2),(435,'0','Red','2016-04-30',1,16,3),(436,'20','Green','2016-04-30',1,16,4),(437,'50','Green','2016-04-30',1,31,5),(438,'50','Green','2016-04-30',1,31,6),(439,'14','Green','2016-04-30',1,46,7),(440,'14','Green','2016-04-30',1,46,8),(441,'14','Green','2016-04-30',1,46,9),(442,'14','Green','2016-04-30',1,46,10),(443,'10','Green','2016-04-30',1,46,11),(444,'10','Green','2016-04-30',1,46,12),(445,'0','Red','2016-04-30',1,46,13),(446,'6','Green','2016-04-30',1,46,14),(447,'6','Green','2016-04-30',1,46,15),(448,'6','Green','2016-04-30',1,46,16),(449,'40','Green','2016-04-30',1,61,17),(450,'20','Green','2016-04-30',1,61,18),(451,'40','Green','2016-04-30',1,61,19),(452,'50','Green','2016-04-30',1,76,20),(453,'50','Green','2016-04-30',1,76,21),(454,'30','Green','2016-04-30',1,91,22),(455,'70','Green','2016-04-30',1,91,23),(456,'100','Green','2016-04-30',1,121,24),(457,'50','Yellow','2016-04-30',2,1,1),(458,'0','Red','2016-04-30',2,16,2),(459,'20','Yellow','2016-04-30',2,16,3),(460,'20','Green','2016-04-30',2,16,4),(461,'0','false','2016-04-30',2,31,5),(462,'50','Green','2016-04-30',2,31,6),(463,'14','Green','2016-04-30',2,46,7),(464,'14','Green','2016-04-30',2,46,8),(465,'14','Green','2016-04-30',2,46,9),(466,'14','Green','2016-04-30',2,46,10),(467,'10','Green','2016-04-30',2,46,11),(468,'10','Green','2016-04-30',2,46,12),(469,'6','Green','2016-04-30',2,46,13),(470,'6','Green','2016-04-30',2,46,14),(471,'6','Green','2016-04-30',2,46,15),(472,'6','Green','2016-04-30',2,46,16),(473,'40','Green','2016-04-30',2,61,17),(474,'20','Green','2016-04-30',2,61,18),(475,'40','Green','2016-04-30',2,61,19),(476,'50','Green','2016-04-30',2,76,20),(477,'50','Green','2016-04-30',2,76,21),(478,'30','Green','2016-04-30',2,91,22),(479,'70','Green','2016-04-30',2,91,23),(480,'100','Green','2016-04-30',2,121,24),(481,'100','Green','2016-04-30',3,1,1),(482,'40','Green','2016-04-30',3,16,2),(483,'40','Green','2016-04-30',3,16,3),(484,'20','Green','2016-04-30',3,16,4),(485,'0','false','2016-04-30',3,31,5),(486,'50','Green','2016-04-30',3,31,6),(487,'14','Green','2016-04-30',3,46,7),(488,'14','Green','2016-04-30',3,46,8),(489,'14','Green','2016-04-30',3,46,9),(490,'14','Green','2016-04-30',3,46,10),(491,'10','Green','2016-04-30',3,46,11),(492,'10','Green','2016-04-30',3,46,12),(493,'6','Green','2016-04-30',3,46,13),(494,'6','Green','2016-04-30',3,46,14),(495,'6','Green','2016-04-30',3,46,15),(496,'6','Green','2016-04-30',3,46,16),(497,'40','Green','2016-04-30',3,61,17),(498,'20','Green','2016-04-30',3,61,18),(499,'40','Green','2016-04-30',3,61,19),(500,'50','Green','2016-04-30',3,76,20),(501,'50','Green','2016-04-30',3,76,21),(502,'30','Green','2016-04-30',3,91,22),(503,'70','Green','2016-04-30',3,91,23),(504,'100','Green','2016-04-30',3,121,24),(505,'100','Green','2016-04-30',4,1,1),(506,'0','Red','2016-04-30',4,16,2),(507,'40','Green','2016-04-30',4,16,3),(508,'10','Yellow','2016-04-30',4,16,4),(509,'0','false','2016-04-30',4,31,5),(510,'50','Green','2016-04-30',4,31,6),(511,'14','Green','2016-04-30',4,46,7),(512,'14','Green','2016-04-30',4,46,8),(513,'14','Green','2016-04-30',4,46,9),(514,'14','Green','2016-04-30',4,46,10),(515,'10','Green','2016-04-30',4,46,11),(516,'10','Green','2016-04-30',4,46,12),(517,'6','Green','2016-04-30',4,46,13),(518,'6','Green','2016-04-30',4,46,14),(519,'6','Green','2016-04-30',4,46,15),(520,'6','Green','2016-04-30',4,46,16),(521,'40','Green','2016-04-30',4,61,17),(522,'20','Green','2016-04-30',4,61,18),(523,'40','Green','2016-04-30',4,61,19),(524,'50','Green','2016-04-30',4,76,20),(525,'50','Green','2016-04-30',4,76,21),(526,'30','Green','2016-04-30',4,91,22),(527,'70','Green','2016-04-30',4,91,23),(528,'100','Green','2016-04-30',4,121,24),(529,'100','Green','2016-04-30',5,1,1),(530,'0','Red','2016-04-30',5,16,2),(531,'0','Red','2016-04-30',5,16,3),(532,'20','Green','2016-04-30',5,16,4),(533,'0','false','2016-04-30',5,31,5),(534,'50','Green','2016-04-30',5,31,6),(535,'14','Green','2016-04-30',5,46,7),(536,'14','Green','2016-04-30',5,46,8),(537,'14','Green','2016-04-30',5,46,9),(538,'14','Green','2016-04-30',5,46,10),(539,'10','Green','2016-04-30',5,46,11),(540,'10','Green','2016-04-30',5,46,12),(541,'6','Green','2016-04-30',5,46,13),(542,'6','Green','2016-04-30',5,46,14),(543,'0','Red','2016-04-30',5,46,15),(544,'6','Green','2016-04-30',5,46,16),(545,'40','Green','2016-04-30',5,61,17),(546,'20','Green','2016-04-30',5,61,18),(547,'40','Green','2016-04-30',5,61,19),(548,'50','Green','2016-04-30',5,76,20),(549,'50','Green','2016-04-30',5,76,21),(550,'30','Green','2016-04-30',5,91,22),(551,'70','Green','2016-04-30',5,91,23),(552,'100','Green','2016-04-30',5,121,24),(553,'100','Green','2016-04-30',6,1,1),(554,'0','Red','2016-04-30',6,16,2),(555,'40','Green','2016-04-30',6,16,3),(556,'20','Green','2016-04-30',6,16,4),(557,'50','Green','2016-04-30',6,31,5),(558,'50','Green','2016-04-30',6,31,6),(559,'14','Green','2016-04-30',6,46,7),(560,'14','Green','2016-04-30',6,46,8),(561,'14','Green','2016-04-30',6,46,9),(562,'14','Green','2016-04-30',6,46,10),(563,'10','Green','2016-04-30',6,46,11),(564,'10','Green','2016-04-30',6,46,12),(565,'6','Green','2016-04-30',6,46,13),(566,'6','Green','2016-04-30',6,46,14),(567,'6','Green','2016-04-30',6,46,15),(568,'6','Green','2016-04-30',6,46,16),(569,'40','Green','2016-04-30',6,61,17),(570,'20','Green','2016-04-30',6,61,18),(571,'40','Green','2016-04-30',6,61,19),(572,'50','Green','2016-04-30',6,76,20),(573,'50','Green','2016-04-30',6,76,21),(574,'30','Green','2016-04-30',6,91,22),(575,'70','Green','2016-04-30',6,91,23),(576,'50','Yellow','2016-04-30',6,121,24),(577,'100','Green','2016-04-30',7,1,1),(578,'20','Yellow','2016-04-30',7,16,2),(579,'0','Red','2016-04-30',7,16,3),(580,'10','Yellow','2016-04-30',7,16,4),(581,'50','Green','2016-04-30',7,31,5),(582,'50','Green','2016-04-30',7,31,6),(583,'14','Green','2016-04-30',7,46,7),(584,'14','Green','2016-04-30',7,46,8),(585,'14','Green','2016-04-30',7,46,9),(586,'14','Green','2016-04-30',7,46,10),(587,'10','Green','2016-04-30',7,46,11),(588,'10','Green','2016-04-30',7,46,12),(589,'0','Red','2016-04-30',7,46,13),(590,'6','Green','2016-04-30',7,46,14),(591,'6','Green','2016-04-30',7,46,15),(592,'6','Green','2016-04-30',7,46,16),(593,'40','Green','2016-04-30',7,61,17),(594,'20','Green','2016-04-30',7,61,18),(595,'40','Green','2016-04-30',7,61,19),(596,'50','Green','2016-04-30',7,76,20),(597,'50','Green','2016-04-30',7,76,21),(598,'30','Green','2016-04-30',7,91,22),(599,'70','Green','2016-04-30',7,91,23),(600,'100','Green','2016-04-30',7,121,24),(601,'100','Green','2016-04-30',8,1,1),(602,'0','Red','2016-04-30',8,16,2),(603,'0','Red','2016-04-30',8,16,3),(604,'0','Red','2016-04-30',8,16,4),(605,'50','Green','2016-04-30',8,31,5),(606,'50','Green','2016-04-30',8,31,6),(607,'14','Green','2016-04-30',8,46,7),(608,'14','Green','2016-04-30',8,46,8),(609,'14','Green','2016-04-30',8,46,9),(610,'14','Green','2016-04-30',8,46,10),(611,'10','Green','2016-04-30',8,46,11),(612,'10','Green','2016-04-30',8,46,12),(613,'3','Yellow','2016-04-30',8,46,13),(614,'6','Green','2016-04-30',8,46,14),(615,'6','Green','2016-04-30',8,46,15),(616,'6','Green','2016-04-30',8,46,16),(617,'40','Green','2016-04-30',8,61,17),(618,'20','Green','2016-04-30',8,61,18),(619,'40','Green','2016-04-30',8,61,19),(620,'50','Green','2016-04-30',8,76,20),(621,'50','Green','2016-04-30',8,76,21),(622,'30','Green','2016-04-30',8,91,22),(623,'70','Green','2016-04-30',8,91,23),(624,'100','Green','2016-04-30',8,121,24),(625,'100','Green','2016-04-30',9,1,1),(626,'0','Red','2016-04-30',9,16,2),(627,'0','Red','2016-04-30',9,16,3),(628,'0','Red','2016-04-30',9,16,4),(629,'50','Green','2016-04-30',9,31,5),(630,'50','Green','2016-04-30',9,31,6),(631,'14','Green','2016-04-30',9,46,7),(632,'14','Green','2016-04-30',9,46,8),(633,'14','Green','2016-04-30',9,46,9),(634,'14','Green','2016-04-30',9,46,10),(635,'10','Green','2016-04-30',9,46,11),(636,'10','Green','2016-04-30',9,46,12),(637,'6','Green','2016-04-30',9,46,13),(638,'6','Green','2016-04-30',9,46,14),(639,'6','Green','2016-04-30',9,46,15),(640,'6','Green','2016-04-30',9,46,16),(641,'40','Green','2016-04-30',9,61,17),(642,'20','Green','2016-04-30',9,61,18),(643,'40','Green','2016-04-30',9,61,19),(644,'50','Green','2016-04-30',9,76,20),(645,'50','Green','2016-04-30',9,76,21),(646,'30','Green','2016-04-30',9,91,22),(647,'70','Green','2016-04-30',9,91,23),(648,'100','Green','2016-04-30',9,121,24),(649,'100','Green','2016-04-30',10,1,1),(650,'0','Red','2016-04-30',10,16,2),(651,'40','Green','2016-04-30',10,16,3),(652,'20','Green','2016-04-30',10,16,4),(653,'0','false','2016-04-30',10,31,5),(654,'50','Green','2016-04-30',10,31,6),(655,'14','Green','2016-04-30',10,46,7),(656,'14','Green','2016-04-30',10,46,8),(657,'14','Green','2016-04-30',10,46,9),(658,'14','Green','2016-04-30',10,46,10),(659,'10','Green','2016-04-30',10,46,11),(660,'10','Green','2016-04-30',10,46,12),(661,'6','Green','2016-04-30',10,46,13),(662,'6','Green','2016-04-30',10,46,14),(663,'6','Green','2016-04-30',10,46,15),(664,'6','Green','2016-04-30',10,46,16),(665,'40','Green','2016-04-30',10,61,17),(666,'20','Green','2016-04-30',10,61,18),(667,'40','Green','2016-04-30',10,61,19),(668,'50','Green','2016-04-30',10,76,20),(669,'50','Green','2016-04-30',10,76,21),(670,'30','Green','2016-04-30',10,91,22),(671,'70','Green','2016-04-30',10,91,23),(672,'50','Yellow','2016-04-30',10,121,24),(673,'100','Green','2016-04-30',11,1,1),(674,'0','Red','2016-04-30',11,16,2),(675,'20','Yellow','2016-04-30',11,16,3),(676,'20','Green','2016-04-30',11,16,4),(677,'0','false','2016-04-30',11,31,5),(678,'50','Green','2016-04-30',11,31,6),(679,'14','Green','2016-04-30',11,46,7),(680,'14','Green','2016-04-30',11,46,8),(681,'14','Green','2016-04-30',11,46,9),(682,'14','Green','2016-04-30',11,46,10),(683,'10','Green','2016-04-30',11,46,11),(684,'10','Green','2016-04-30',11,46,12),(685,'3','Yellow','2016-04-30',11,46,13),(686,'6','Green','2016-04-30',11,46,14),(687,'6','Green','2016-04-30',11,46,15),(688,'6','Green','2016-04-30',11,46,16),(689,'40','Green','2016-04-30',11,61,17),(690,'20','Green','2016-04-30',11,61,18),(691,'40','Green','2016-04-30',11,61,19),(692,'50','Green','2016-04-30',11,76,20),(693,'50','Green','2016-04-30',11,76,21),(694,'30','Green','2016-04-30',11,91,22),(695,'70','Green','2016-04-30',11,91,23),(696,'100','Green','2016-04-30',11,121,24),(697,'50','Yellow','2016-04-30',12,1,1),(698,'20','Yellow','2016-04-30',12,16,2),(699,'0','Red','2016-04-30',12,16,3),(700,'20','Green','2016-04-30',12,16,4),(701,'50','Green','2016-04-30',12,31,5),(702,'50','Green','2016-04-30',12,31,6),(703,'14','Green','2016-04-30',12,46,7),(704,'14','Green','2016-04-30',12,46,8),(705,'14','Green','2016-04-30',12,46,9),(706,'14','Green','2016-04-30',12,46,10),(707,'10','Green','2016-04-30',12,46,11),(708,'10','Green','2016-04-30',12,46,12),(709,'6','Green','2016-04-30',12,46,13),(710,'6','Green','2016-04-30',12,46,14),(711,'6','Green','2016-04-30',12,46,15),(712,'6','Green','2016-04-30',12,46,16),(713,'40','Green','2016-04-30',12,61,17),(714,'20','Green','2016-04-30',12,61,18),(715,'40','Green','2016-04-30',12,61,19),(716,'50','Green','2016-04-30',12,76,20),(717,'50','Green','2016-04-30',12,76,21),(718,'30','Green','2016-04-30',12,91,22),(719,'70','Green','2016-04-30',12,91,23),(720,'100','Green','2016-04-30',12,121,24),(721,'100','Green','2016-04-30',13,1,1),(722,'20','Yellow','2016-04-30',13,16,2),(723,'40','Green','2016-04-30',13,16,3),(724,'20','Green','2016-04-30',13,16,4),(725,'50','Green','2016-04-30',13,31,5),(726,'0','Red','2016-04-30',13,31,6),(727,'14','Green','2016-04-30',13,46,7),(728,'14','Green','2016-04-30',13,46,8),(729,'14','Green','2016-04-30',13,46,9),(730,'14','Green','2016-04-30',13,46,10),(731,'10','Green','2016-04-30',13,46,11),(732,'10','Green','2016-04-30',13,46,12),(733,'3','Yellow','2016-04-30',13,46,13),(734,'6','Green','2016-04-30',13,46,14),(735,'0','Red','2016-04-30',13,46,15),(736,'6','Green','2016-04-30',13,46,16),(737,'40','Green','2016-04-30',13,61,17),(738,'20','Green','2016-04-30',13,61,18),(739,'40','Green','2016-04-30',13,61,19),(740,'50','Green','2016-04-30',13,76,20),(741,'50','Green','2016-04-30',13,76,21),(742,'30','Green','2016-04-30',13,91,22),(743,'70','Green','2016-04-30',13,91,23),(744,'100','Green','2016-04-30',13,121,24),(745,'100','Green','2016-04-30',14,1,1),(746,'20','Yellow','2016-04-30',14,16,2),(747,'0','Red','2016-04-30',14,16,3),(748,'20','Green','2016-04-30',14,16,4),(749,'0','false','2016-04-30',14,31,5),(750,'50','Green','2016-04-30',14,31,6),(751,'14','Green','2016-04-30',14,46,7),(752,'14','Green','2016-04-30',14,46,8),(753,'14','Green','2016-04-30',14,46,9),(754,'14','Green','2016-04-30',14,46,10),(755,'10','Green','2016-04-30',14,46,11),(756,'10','Green','2016-04-30',14,46,12),(757,'6','Green','2016-04-30',14,46,13),(758,'6','Green','2016-04-30',14,46,14),(759,'6','Green','2016-04-30',14,46,15),(760,'6','Green','2016-04-30',14,46,16),(761,'40','Green','2016-04-30',14,61,17),(762,'20','Green','2016-04-30',14,61,18),(763,'40','Green','2016-04-30',14,61,19),(764,'50','Green','2016-04-30',14,76,20),(765,'50','Green','2016-04-30',14,76,21),(766,'0','Red','2016-04-30',14,91,22),(767,'0','Red','2016-04-30',14,91,23),(768,'100','Green','2016-04-30',14,121,24),(769,'100','Green','2016-04-30',15,1,1),(770,'20','Yellow','2016-04-30',15,16,2),(771,'40','Green','2016-04-30',15,16,3),(772,'20','Green','2016-04-30',15,16,4),(773,'0','false','2016-04-30',15,31,5),(774,'50','Green','2016-04-30',15,31,6),(775,'14','Green','2016-04-30',15,46,7),(776,'14','Green','2016-04-30',15,46,8),(777,'14','Green','2016-04-30',15,46,9),(778,'14','Green','2016-04-30',15,46,10),(779,'10','Green','2016-04-30',15,46,11),(780,'10','Green','2016-04-30',15,46,12),(781,'6','Green','2016-04-30',15,46,13),(782,'6','Green','2016-04-30',15,46,14),(783,'6','Green','2016-04-30',15,46,15),(784,'6','Green','2016-04-30',15,46,16),(785,'40','Green','2016-04-30',15,61,17),(786,'20','Green','2016-04-30',15,61,18),(787,'40','Green','2016-04-30',15,61,19),(788,'50','Green','2016-04-30',15,76,20),(789,'50','Green','2016-04-30',15,76,21),(790,'30','Green','2016-04-30',15,91,22),(791,'70','Green','2016-04-30',15,91,23),(792,'100','Green','2016-04-30',15,121,24),(793,'0','Red','2016-03-31',1,1,1),(794,'0','Red','2016-03-31',1,16,2),(795,'0','Red','2016-03-31',1,16,3),(796,'20','Green','2016-03-31',1,16,4),(797,'0','false','2016-03-31',1,31,5),(798,'50','Green','2016-03-31',1,31,6),(799,'7','Yellow','2016-03-31',1,46,7),(800,'14','Green','2016-03-31',1,46,8),(801,'14','Green','2016-03-31',1,46,9),(802,'14','Green','2016-03-31',1,46,10),(803,'10','Green','2016-03-31',1,46,11),(804,'0','Red','2016-03-31',1,46,12),(805,'0','Red','2016-03-31',1,46,13),(806,'3','Yellow','2016-03-31',1,46,14),(807,'0','Red','2016-03-31',1,46,15),(808,'6','Green','2016-03-31',1,46,16),(809,'40','Green','2016-03-31',1,61,17),(810,'20','Green','2016-03-31',1,61,18),(811,'20','Yellow','2016-03-31',1,61,19),(812,'50','Green','2016-03-31',1,76,20),(813,'50','Green','2016-03-31',1,76,21),(814,'30','Green','2016-03-31',1,91,22),(815,'70','Green','2016-03-31',1,91,23),(816,'100','Green','2016-03-31',1,121,24),(817,'100','Green','2016-03-31',2,1,1),(818,'0','Red','2016-03-31',2,16,2),(819,'0','Red','2016-03-31',2,16,3),(820,'20','Green','2016-03-31',2,16,4),(821,'25','Yellow','2016-03-31',2,31,5),(822,'50','Green','2016-03-31',2,31,6),(823,'14','Green','2016-03-31',2,46,7),(824,'14','Green','2016-03-31',2,46,8),(825,'14','Green','2016-03-31',2,46,9),(826,'14','Green','2016-03-31',2,46,10),(827,'10','Green','2016-03-31',2,46,11),(828,'10','Green','2016-03-31',2,46,12),(829,'6','Green','2016-03-31',2,46,13),(830,'6','Green','2016-03-31',2,46,14),(831,'6','Green','2016-03-31',2,46,15),(832,'6','Green','2016-03-31',2,46,16),(833,'40','Green','2016-03-31',2,61,17),(834,'20','Green','2016-03-31',2,61,18),(835,'40','Green','2016-03-31',2,61,19),(836,'50','Green','2016-03-31',2,76,20),(837,'50','Green','2016-03-31',2,76,21),(838,'30','Green','2016-03-31',2,91,22),(839,'70','Green','2016-03-31',2,91,23),(840,'100','Green','2016-03-31',2,121,24),(841,'100','Green','2016-03-31',3,1,1),(842,'0','Red','2016-03-31',3,16,2),(843,'40','Green','2016-03-31',3,16,3),(844,'20','Green','2016-03-31',3,16,4),(845,'50','Green','2016-03-31',3,31,5),(846,'50','Green','2016-03-31',3,31,6),(847,'14','Green','2016-03-31',3,46,7),(848,'14','Green','2016-03-31',3,46,8),(849,'14','Green','2016-03-31',3,46,9),(850,'14','Green','2016-03-31',3,46,10),(851,'10','Green','2016-03-31',3,46,11),(852,'10','Green','2016-03-31',3,46,12),(853,'6','Green','2016-03-31',3,46,13),(854,'6','Green','2016-03-31',3,46,14),(855,'0','Red','2016-03-31',3,46,15),(856,'6','Green','2016-03-31',3,46,16),(857,'40','Green','2016-03-31',3,61,17),(858,'20','Green','2016-03-31',3,61,18),(859,'40','Green','2016-03-31',3,61,19),(860,'50','Green','2016-03-31',3,76,20),(861,'50','Green','2016-03-31',3,76,21),(862,'30','Green','2016-03-31',3,91,22),(863,'70','Green','2016-03-31',3,91,23),(864,'100','Green','2016-03-31',3,121,24),(865,'100','Green','2016-03-31',4,1,1),(866,'0','Red','2016-03-31',4,16,2),(867,'40','Green','2016-03-31',4,16,3),(868,'10','Yellow','2016-03-31',4,16,4),(869,'50','Green','2016-03-31',4,31,5),(870,'50','Green','2016-03-31',4,31,6),(871,'14','Green','2016-03-31',4,46,7),(872,'14','Green','2016-03-31',4,46,8),(873,'14','Green','2016-03-31',4,46,9),(874,'14','Green','2016-03-31',4,46,10),(875,'10','Green','2016-03-31',4,46,11),(876,'10','Green','2016-03-31',4,46,12),(877,'6','Green','2016-03-31',4,46,13),(878,'6','Green','2016-03-31',4,46,14),(879,'6','Green','2016-03-31',4,46,15),(880,'6','Green','2016-03-31',4,46,16),(881,'40','Green','2016-03-31',4,61,17),(882,'20','Green','2016-03-31',4,61,18),(883,'40','Green','2016-03-31',4,61,19),(884,'50','Green','2016-03-31',4,76,20),(885,'50','Green','2016-03-31',4,76,21),(886,'30','Green','2016-03-31',4,91,22),(887,'70','Green','2016-03-31',4,91,23),(888,'100','Green','2016-03-31',4,121,24),(889,'100','Green','2016-03-31',5,1,1),(890,'0','Red','2016-03-31',5,16,2),(891,'40','Green','2016-03-31',5,16,3),(892,'20','Green','2016-03-31',5,16,4),(893,'0','false','2016-03-31',5,31,5),(894,'50','Green','2016-03-31',5,31,6),(895,'14','Green','2016-03-31',5,46,7),(896,'14','Green','2016-03-31',5,46,8),(897,'14','Green','2016-03-31',5,46,9),(898,'14','Green','2016-03-31',5,46,10),(899,'10','Green','2016-03-31',5,46,11),(900,'0','Red','2016-03-31',5,46,12),(901,'0','Red','2016-03-31',5,46,13),(902,'6','Green','2016-03-31',5,46,14),(903,'0','Red','2016-03-31',5,46,15),(904,'6','Green','2016-03-31',5,46,16),(905,'40','Green','2016-03-31',5,61,17),(906,'20','Green','2016-03-31',5,61,18),(907,'40','Green','2016-03-31',5,61,19),(908,'50','Green','2016-03-31',5,76,20),(909,'50','Green','2016-03-31',5,76,21),(910,'30','Green','2016-03-31',5,91,22),(911,'70','Green','2016-03-31',5,91,23),(912,'100','Green','2016-03-31',5,121,24),(913,'100','Green','2016-03-31',6,1,1),(914,'0','Red','2016-03-31',6,16,2),(915,'40','Green','2016-03-31',6,16,3),(916,'20','Green','2016-03-31',6,16,4),(917,'0','false','2016-03-31',6,31,5),(918,'50','Green','2016-03-31',6,31,6),(919,'14','Green','2016-03-31',6,46,7),(920,'14','Green','2016-03-31',6,46,8),(921,'14','Green','2016-03-31',6,46,9),(922,'14','Green','2016-03-31',6,46,10),(923,'10','Green','2016-03-31',6,46,11),(924,'10','Green','2016-03-31',6,46,12),(925,'6','Green','2016-03-31',6,46,13),(926,'6','Green','2016-03-31',6,46,14),(927,'6','Green','2016-03-31',6,46,15),(928,'6','Green','2016-03-31',6,46,16),(929,'40','Green','2016-03-31',6,61,17),(930,'20','Green','2016-03-31',6,61,18),(931,'40','Green','2016-03-31',6,61,19),(932,'50','Green','2016-03-31',6,76,20),(933,'50','Green','2016-03-31',6,76,21),(934,'30','Green','2016-03-31',6,91,22),(935,'70','Green','2016-03-31',6,91,23),(936,'50','Yellow','2016-03-31',6,121,24),(937,'50','Yellow','2016-03-31',7,1,1),(938,'0','Red','2016-03-31',7,16,2),(939,'0','Red','2016-03-31',7,16,3),(940,'20','Green','2016-03-31',7,16,4),(941,'0','false','2016-03-31',7,31,5),(942,'50','Green','2016-03-31',7,31,6),(943,'14','Green','2016-03-31',7,46,7),(944,'14','Green','2016-03-31',7,46,8),(945,'14','Green','2016-03-31',7,46,9),(946,'14','Green','2016-03-31',7,46,10),(947,'10','Green','2016-03-31',7,46,11),(948,'10','Green','2016-03-31',7,46,12),(949,'0','Red','2016-03-31',7,46,13),(950,'6','Green','2016-03-31',7,46,14),(951,'6','Green','2016-03-31',7,46,15),(952,'6','Green','2016-03-31',7,46,16),(953,'40','Green','2016-03-31',7,61,17),(954,'20','Green','2016-03-31',7,61,18),(955,'40','Green','2016-03-31',7,61,19),(956,'50','Green','2016-03-31',7,76,20),(957,'50','Green','2016-03-31',7,76,21),(958,'30','Green','2016-03-31',7,91,22),(959,'0','Red','2016-03-31',7,91,23),(960,'100','Green','2016-03-31',7,121,24),(961,'100','Green','2016-03-31',8,1,1),(962,'0','Red','2016-03-31',8,16,2),(963,'0','Red','2016-03-31',8,16,3),(964,'0','Red','2016-03-31',8,16,4),(965,'50','Green','2016-03-31',8,31,5),(966,'50','Green','2016-03-31',8,31,6),(967,'14','Green','2016-03-31',8,46,7),(968,'14','Green','2016-03-31',8,46,8),(969,'14','Green','2016-03-31',8,46,9),(970,'14','Green','2016-03-31',8,46,10),(971,'10','Green','2016-03-31',8,46,11),(972,'10','Green','2016-03-31',8,46,12),(973,'3','Yellow','2016-03-31',8,46,13),(974,'6','Green','2016-03-31',8,46,14),(975,'0','Red','2016-03-31',8,46,15),(976,'6','Green','2016-03-31',8,46,16),(977,'40','Green','2016-03-31',8,61,17),(978,'20','Green','2016-03-31',8,61,18),(979,'40','Green','2016-03-31',8,61,19),(980,'50','Green','2016-03-31',8,76,20),(981,'50','Green','2016-03-31',8,76,21),(982,'30','Green','2016-03-31',8,91,22),(983,'70','Green','2016-03-31',8,91,23),(984,'100','Green','2016-03-31',8,121,24),(985,'100','Green','2016-03-31',9,1,1),(986,'0','Red','2016-03-31',9,16,2),(987,'40','Green','2016-03-31',9,16,3),(988,'10','Yellow','2016-03-31',9,16,4),(989,'0','false','2016-03-31',9,31,5),(990,'50','Green','2016-03-31',9,31,6),(991,'14','Green','2016-03-31',9,46,7),(992,'14','Green','2016-03-31',9,46,8),(993,'14','Green','2016-03-31',9,46,9),(994,'14','Green','2016-03-31',9,46,10),(995,'10','Green','2016-03-31',9,46,11),(996,'10','Green','2016-03-31',9,46,12),(997,'6','Green','2016-03-31',9,46,13),(998,'6','Green','2016-03-31',9,46,14),(999,'6','Green','2016-03-31',9,46,15),(1000,'6','Green','2016-03-31',9,46,16),(1001,'40','Green','2016-03-31',9,61,17),(1002,'20','Green','2016-03-31',9,61,18),(1003,'40','Green','2016-03-31',9,61,19),(1004,'50','Green','2016-03-31',9,76,20),(1005,'50','Green','2016-03-31',9,76,21),(1006,'30','Green','2016-03-31',9,91,22),(1007,'70','Green','2016-03-31',9,91,23),(1008,'100','Green','2016-03-31',9,121,24),(1009,'100','Green','2016-03-31',10,1,1),(1010,'0','Red','2016-03-31',10,16,2),(1011,'0','Red','2016-03-31',10,16,3),(1012,'10','Yellow','2016-03-31',10,16,4),(1013,'50','Green','2016-03-31',10,31,5),(1014,'50','Green','2016-03-31',10,31,6),(1015,'14','Green','2016-03-31',10,46,7),(1016,'14','Green','2016-03-31',10,46,8),(1017,'14','Green','2016-03-31',10,46,9),(1018,'14','Green','2016-03-31',10,46,10),(1019,'10','Green','2016-03-31',10,46,11),(1020,'0','Red','2016-03-31',10,46,12),(1021,'6','Green','2016-03-31',10,46,13),(1022,'6','Green','2016-03-31',10,46,14),(1023,'0','Red','2016-03-31',10,46,15),(1024,'6','Green','2016-03-31',10,46,16),(1025,'40','Green','2016-03-31',10,61,17),(1026,'20','Green','2016-03-31',10,61,18),(1027,'40','Green','2016-03-31',10,61,19),(1028,'50','Green','2016-03-31',10,76,20),(1029,'50','Green','2016-03-31',10,76,21),(1030,'30','Green','2016-03-31',10,91,22),(1031,'70','Green','2016-03-31',10,91,23),(1032,'100','Green','2016-03-31',10,121,24),(1033,'100','Green','2016-03-31',11,1,1),(1034,'0','Red','2016-03-31',11,16,2),(1035,'20','Yellow','2016-03-31',11,16,3),(1036,'10','Yellow','2016-03-31',11,16,4),(1037,'0','false','2016-03-31',11,31,5),(1038,'50','Green','2016-03-31',11,31,6),(1039,'14','Green','2016-03-31',11,46,7),(1040,'14','Green','2016-03-31',11,46,8),(1041,'14','Green','2016-03-31',11,46,9),(1042,'14','Green','2016-03-31',11,46,10),(1043,'10','Green','2016-03-31',11,46,11),(1044,'10','Green','2016-03-31',11,46,12),(1045,'3','Yellow','2016-03-31',11,46,13),(1046,'6','Green','2016-03-31',11,46,14),(1047,'6','Green','2016-03-31',11,46,15),(1048,'6','Green','2016-03-31',11,46,16),(1049,'40','Green','2016-03-31',11,61,17),(1050,'20','Green','2016-03-31',11,61,18),(1051,'40','Green','2016-03-31',11,61,19),(1052,'50','Green','2016-03-31',11,76,20),(1053,'50','Green','2016-03-31',11,76,21),(1054,'30','Green','2016-03-31',11,91,22),(1055,'70','Green','2016-03-31',11,91,23),(1056,'100','Green','2016-03-31',11,121,24),(1057,'100','Green','2016-03-31',12,1,1),(1058,'0','Red','2016-03-31',12,16,2),(1059,'20','Yellow','2016-03-31',12,16,3),(1060,'20','Green','2016-03-31',12,16,4),(1061,'50','Green','2016-03-31',12,31,5),(1062,'50','Green','2016-03-31',12,31,6),(1063,'14','Green','2016-03-31',12,46,7),(1064,'14','Green','2016-03-31',12,46,8),(1065,'14','Green','2016-03-31',12,46,9),(1066,'14','Green','2016-03-31',12,46,10),(1067,'10','Green','2016-03-31',12,46,11),(1068,'10','Green','2016-03-31',12,46,12),(1069,'6','Green','2016-03-31',12,46,13),(1070,'6','Green','2016-03-31',12,46,14),(1071,'6','Green','2016-03-31',12,46,15),(1072,'6','Green','2016-03-31',12,46,16),(1073,'40','Green','2016-03-31',12,61,17),(1074,'20','Green','2016-03-31',12,61,18),(1075,'40','Green','2016-03-31',12,61,19),(1076,'50','Green','2016-03-31',12,76,20),(1077,'50','Green','2016-03-31',12,76,21),(1078,'30','Green','2016-03-31',12,91,22),(1079,'70','Green','2016-03-31',12,91,23),(1080,'100','Green','2016-03-31',12,121,24),(1081,'100','Green','2016-03-31',13,1,1),(1082,'20','Yellow','2016-03-31',13,16,2),(1083,'20','Yellow','2016-03-31',13,16,3),(1084,'20','Green','2016-03-31',13,16,4),(1085,'0','false','2016-03-31',13,31,5),(1086,'50','Green','2016-03-31',13,31,6),(1087,'14','Green','2016-03-31',13,46,7),(1088,'14','Green','2016-03-31',13,46,8),(1089,'14','Green','2016-03-31',13,46,9),(1090,'14','Green','2016-03-31',13,46,10),(1091,'10','Green','2016-03-31',13,46,11),(1092,'0','Red','2016-03-31',13,46,12),(1093,'3','Yellow','2016-03-31',13,46,13),(1094,'6','Green','2016-03-31',13,46,14),(1095,'0','Red','2016-03-31',13,46,15),(1096,'6','Green','2016-03-31',13,46,16),(1097,'40','Green','2016-03-31',13,61,17),(1098,'20','Green','2016-03-31',13,61,18),(1099,'40','Green','2016-03-31',13,61,19),(1100,'50','Green','2016-03-31',13,76,20),(1101,'50','Green','2016-03-31',13,76,21),(1102,'30','Green','2016-03-31',13,91,22),(1103,'70','Green','2016-03-31',13,91,23),(1104,'100','Green','2016-03-31',13,121,24),(1105,'100','Green','2016-03-31',14,1,1),(1106,'0','Red','2016-03-31',14,16,2),(1107,'0','Red','2016-03-31',14,16,3),(1108,'10','Yellow','2016-03-31',14,16,4),(1109,'50','Green','2016-03-31',14,31,5),(1110,'50','Green','2016-03-31',14,31,6),(1111,'14','Green','2016-03-31',14,46,7),(1112,'14','Green','2016-03-31',14,46,8),(1113,'14','Green','2016-03-31',14,46,9),(1114,'14','Green','2016-03-31',14,46,10),(1115,'10','Green','2016-03-31',14,46,11),(1116,'10','Green','2016-03-31',14,46,12),(1117,'6','Green','2016-03-31',14,46,13),(1118,'6','Green','2016-03-31',14,46,14),(1119,'6','Green','2016-03-31',14,46,15),(1120,'6','Green','2016-03-31',14,46,16),(1121,'40','Green','2016-03-31',14,61,17),(1122,'20','Green','2016-03-31',14,61,18),(1123,'40','Green','2016-03-31',14,61,19),(1124,'50','Green','2016-03-31',14,76,20),(1125,'50','Green','2016-03-31',14,76,21),(1126,'30','Green','2016-03-31',14,91,22),(1127,'70','Green','2016-03-31',14,91,23),(1128,'100','Green','2016-03-31',14,121,24),(1129,'100','Green','2016-03-31',15,1,1),(1130,'20','Yellow','2016-03-31',15,16,2),(1131,'40','Green','2016-03-31',15,16,3),(1132,'20','Green','2016-03-31',15,16,4),(1133,'0','false','2016-03-31',15,31,5),(1134,'50','Green','2016-03-31',15,31,6),(1135,'14','Green','2016-03-31',15,46,7),(1136,'14','Green','2016-03-31',15,46,8),(1137,'14','Green','2016-03-31',15,46,9),(1138,'14','Green','2016-03-31',15,46,10),(1139,'10','Green','2016-03-31',15,46,11),(1140,'10','Green','2016-03-31',15,46,12),(1141,'6','Green','2016-03-31',15,46,13),(1142,'6','Green','2016-03-31',15,46,14),(1143,'6','Green','2016-03-31',15,46,15),(1144,'6','Green','2016-03-31',15,46,16),(1145,'40','Green','2016-03-31',15,61,17),(1146,'20','Green','2016-03-31',15,61,18),(1147,'20','Yellow','2016-03-31',15,61,19),(1148,'50','Green','2016-03-31',15,76,20),(1149,'50','Green','2016-03-31',15,76,21),(1150,'30','Green','2016-03-31',15,91,22),(1151,'35','Yellow','2016-03-31',15,91,23),(1152,'100','Green','2016-03-31',15,121,24),(1153,'100','Green','2016-02-29',2,1,1),(1154,'0','Red','2016-02-29',2,16,2),(1155,'0','Red','2016-02-29',2,16,3),(1156,'20','Green','2016-02-29',2,16,4),(1157,'0','false','2016-02-29',2,31,5),(1158,'50','Green','2016-02-29',2,31,6),(1159,'14','Green','2016-02-29',2,46,7),(1160,'14','Green','2016-02-29',2,46,8),(1161,'14','Green','2016-02-29',2,46,9),(1162,'14','Green','2016-02-29',2,46,10),(1163,'10','Green','2016-02-29',2,46,11),(1164,'10','Green','2016-02-29',2,46,12),(1165,'6','Green','2016-02-29',2,46,13),(1166,'6','Green','2016-02-29',2,46,14),(1167,'6','Green','2016-02-29',2,46,15),(1168,'6','Green','2016-02-29',2,46,16),(1169,'40','Green','2016-02-29',2,61,17),(1170,'20','Green','2016-02-29',2,61,18),(1171,'40','Green','2016-02-29',2,61,19),(1172,'50','Green','2016-02-29',2,76,20),(1173,'50','Green','2016-02-29',2,76,21),(1174,'30','Green','2016-02-29',2,91,22),(1175,'70','Green','2016-02-29',2,91,23),(1176,'0','false','2016-02-29',2,121,24),(1177,'50','Yellow','2016-02-29',3,1,1),(1178,'20','Yellow','2016-02-29',3,16,2),(1179,'20','Yellow','2016-02-29',3,16,3),(1180,'20','Green','2016-02-29',3,16,4),(1181,'50','Green','2016-02-29',3,31,5),(1182,'50','Green','2016-02-29',3,31,6),(1183,'14','Green','2016-02-29',3,46,7),(1184,'14','Green','2016-02-29',3,46,8),(1185,'14','Green','2016-02-29',3,46,9),(1186,'14','Green','2016-02-29',3,46,10),(1187,'10','Green','2016-02-29',3,46,11),(1188,'0','Red','2016-02-29',3,46,12),(1189,'6','Green','2016-02-29',3,46,13),(1190,'6','Green','2016-02-29',3,46,14),(1191,'0','Red','2016-02-29',3,46,15),(1192,'6','Green','2016-02-29',3,46,16),(1193,'40','Green','2016-02-29',3,61,17),(1194,'20','Green','2016-02-29',3,61,18),(1195,'40','Green','2016-02-29',3,61,19),(1196,'50','Green','2016-02-29',3,76,20),(1197,'50','Green','2016-02-29',3,76,21),(1198,'30','Green','2016-02-29',3,91,22),(1199,'70','Green','2016-02-29',3,91,23),(1200,'100','Green','2016-02-29',3,121,24),(1201,'100','Green','2016-02-29',4,1,1),(1202,'0','Red','2016-02-29',4,16,2),(1203,'40','Green','2016-02-29',4,16,3),(1204,'20','Green','2016-02-29',4,16,4),(1205,'0','false','2016-02-29',4,31,5),(1206,'50','Green','2016-02-29',4,31,6),(1207,'14','Green','2016-02-29',4,46,7),(1208,'14','Green','2016-02-29',4,46,8),(1209,'14','Green','2016-02-29',4,46,9),(1210,'14','Green','2016-02-29',4,46,10),(1211,'10','Green','2016-02-29',4,46,11),(1212,'10','Green','2016-02-29',4,46,12),(1213,'6','Green','2016-02-29',4,46,13),(1214,'6','Green','2016-02-29',4,46,14),(1215,'6','Green','2016-02-29',4,46,15),(1216,'6','Green','2016-02-29',4,46,16),(1217,'40','Green','2016-02-29',4,61,17),(1218,'20','Green','2016-02-29',4,61,18),(1219,'40','Green','2016-02-29',4,61,19),(1220,'50','Green','2016-02-29',4,76,20),(1221,'50','Green','2016-02-29',4,76,21),(1222,'30','Green','2016-02-29',4,91,22),(1223,'70','Green','2016-02-29',4,91,23),(1224,'100','Green','2016-02-29',4,121,24),(1225,'100','Green','2016-02-29',5,1,1),(1226,'0','Red','2016-02-29',5,16,2),(1227,'0','Red','2016-02-29',5,16,3),(1228,'0','Red','2016-02-29',5,16,4),(1229,'50','Green','2016-02-29',5,31,5),(1230,'50','Green','2016-02-29',5,31,6),(1231,'14','Green','2016-02-29',5,46,7),(1232,'14','Green','2016-02-29',5,46,8),(1233,'14','Green','2016-02-29',5,46,9),(1234,'14','Green','2016-02-29',5,46,10),(1235,'10','Green','2016-02-29',5,46,11),(1236,'10','Green','2016-02-29',5,46,12),(1237,'3','Yellow','2016-02-29',5,46,13),(1238,'6','Green','2016-02-29',5,46,14),(1239,'6','Green','2016-02-29',5,46,15),(1240,'6','Green','2016-02-29',5,46,16),(1241,'40','Green','2016-02-29',5,61,17),(1242,'20','Green','2016-02-29',5,61,18),(1243,'40','Green','2016-02-29',5,61,19),(1244,'50','Green','2016-02-29',5,76,20),(1245,'50','Green','2016-02-29',5,76,21),(1246,'30','Green','2016-02-29',5,91,22),(1247,'70','Green','2016-02-29',5,91,23),(1248,'50','Yellow','2016-02-29',5,121,24),(1249,'100','Green','2016-02-29',6,1,1),(1250,'0','Red','2016-02-29',6,16,2),(1251,'40','Green','2016-02-29',6,16,3),(1252,'0','Red','2016-02-29',6,16,4),(1253,'25','Yellow','2016-02-29',6,31,5),(1254,'50','Green','2016-02-29',6,31,6),(1255,'14','Green','2016-02-29',6,46,7),(1256,'14','Green','2016-02-29',6,46,8),(1257,'14','Green','2016-02-29',6,46,9),(1258,'14','Green','2016-02-29',6,46,10),(1259,'10','Green','2016-02-29',6,46,11),(1260,'10','Green','2016-02-29',6,46,12),(1261,'6','Green','2016-02-29',6,46,13),(1262,'6','Green','2016-02-29',6,46,14),(1263,'6','Green','2016-02-29',6,46,15),(1264,'6','Green','2016-02-29',6,46,16),(1265,'40','Green','2016-02-29',6,61,17),(1266,'20','Green','2016-02-29',6,61,18),(1267,'40','Green','2016-02-29',6,61,19),(1268,'50','Green','2016-02-29',6,76,20),(1269,'50','Green','2016-02-29',6,76,21),(1270,'30','Green','2016-02-29',6,91,22),(1271,'70','Green','2016-02-29',6,91,23),(1272,'100','Green','2016-02-29',6,121,24),(1273,'100','Green','2016-02-29',7,1,1),(1274,'0','Red','2016-02-29',7,16,2),(1275,'0','Red','2016-02-29',7,16,3),(1276,'20','Green','2016-02-29',7,16,4),(1277,'0','false','2016-02-29',7,31,5),(1278,'50','Green','2016-02-29',7,31,6),(1279,'14','Green','2016-02-29',7,46,7),(1280,'14','Green','2016-02-29',7,46,8),(1281,'14','Green','2016-02-29',7,46,9),(1282,'14','Green','2016-02-29',7,46,10),(1283,'10','Green','2016-02-29',7,46,11),(1284,'10','Green','2016-02-29',7,46,12),(1285,'0','Red','2016-02-29',7,46,13),(1286,'6','Green','2016-02-29',7,46,14),(1287,'6','Green','2016-02-29',7,46,15),(1288,'6','Green','2016-02-29',7,46,16),(1289,'40','Green','2016-02-29',7,61,17),(1290,'20','Green','2016-02-29',7,61,18),(1291,'40','Green','2016-02-29',7,61,19),(1292,'50','Green','2016-02-29',7,76,20),(1293,'50','Green','2016-02-29',7,76,21),(1294,'30','Green','2016-02-29',7,91,22),(1295,'70','Green','2016-02-29',7,91,23),(1296,'100','Green','2016-02-29',7,121,24),(1297,'100','Green','2016-02-29',8,1,1),(1298,'0','Red','2016-02-29',8,16,2),(1299,'40','Green','2016-02-29',8,16,3),(1300,'0','Red','2016-02-29',8,16,4),(1301,'0','false','2016-02-29',8,31,5),(1302,'50','Green','2016-02-29',8,31,6),(1303,'14','Green','2016-02-29',8,46,7),(1304,'14','Green','2016-02-29',8,46,8),(1305,'14','Green','2016-02-29',8,46,9),(1306,'14','Green','2016-02-29',8,46,10),(1307,'10','Green','2016-02-29',8,46,11),(1308,'10','Green','2016-02-29',8,46,12),(1309,'3','Yellow','2016-02-29',8,46,13),(1310,'6','Green','2016-02-29',8,46,14),(1311,'6','Green','2016-02-29',8,46,15),(1312,'6','Green','2016-02-29',8,46,16),(1313,'40','Green','2016-02-29',8,61,17),(1314,'20','Green','2016-02-29',8,61,18),(1315,'40','Green','2016-02-29',8,61,19),(1316,'50','Green','2016-02-29',8,76,20),(1317,'50','Green','2016-02-29',8,76,21),(1318,'30','Green','2016-02-29',8,91,22),(1319,'70','Green','2016-02-29',8,91,23),(1320,'100','Green','2016-02-29',8,121,24),(1321,'100','Green','2016-02-29',9,1,1),(1322,'0','Red','2016-02-29',9,16,2),(1323,'0','Red','2016-02-29',9,16,3),(1324,'20','Green','2016-02-29',9,16,4),(1325,'0','false','2016-02-29',9,31,5),(1326,'50','Green','2016-02-29',9,31,6),(1327,'14','Green','2016-02-29',9,46,7),(1328,'14','Green','2016-02-29',9,46,8),(1329,'14','Green','2016-02-29',9,46,9),(1330,'14','Green','2016-02-29',9,46,10),(1331,'10','Green','2016-02-29',9,46,11),(1332,'10','Green','2016-02-29',9,46,12),(1333,'6','Green','2016-02-29',9,46,13),(1334,'6','Green','2016-02-29',9,46,14),(1335,'6','Green','2016-02-29',9,46,15),(1336,'6','Green','2016-02-29',9,46,16),(1337,'40','Green','2016-02-29',9,61,17),(1338,'20','Green','2016-02-29',9,61,18),(1339,'40','Green','2016-02-29',9,61,19),(1340,'50','Green','2016-02-29',9,76,20),(1341,'50','Green','2016-02-29',9,76,21),(1342,'30','Green','2016-02-29',9,91,22),(1343,'70','Green','2016-02-29',9,91,23),(1344,'100','Green','2016-02-29',9,121,24),(1345,'0','Red','2016-02-29',10,1,1),(1346,'0','Red','2016-02-29',10,16,2),(1347,'0','Red','2016-02-29',10,16,3),(1348,'0','Red','2016-02-29',10,16,4),(1349,'0','false','2016-02-29',10,31,5),(1350,'50','Green','2016-02-29',10,31,6),(1351,'14','Green','2016-02-29',10,46,7),(1352,'14','Green','2016-02-29',10,46,8),(1353,'14','Green','2016-02-29',10,46,9),(1354,'14','Green','2016-02-29',10,46,10),(1355,'10','Green','2016-02-29',10,46,11),(1356,'10','Green','2016-02-29',10,46,12),(1357,'6','Green','2016-02-29',10,46,13),(1358,'6','Green','2016-02-29',10,46,14),(1359,'6','Green','2016-02-29',10,46,15),(1360,'6','Green','2016-02-29',10,46,16),(1361,'40','Green','2016-02-29',10,61,17),(1362,'20','Green','2016-02-29',10,61,18),(1363,'40','Green','2016-02-29',10,61,19),(1364,'50','Green','2016-02-29',10,76,20),(1365,'50','Green','2016-02-29',10,76,21),(1366,'30','Green','2016-02-29',10,91,22),(1367,'70','Green','2016-02-29',10,91,23),(1368,'0','false','2016-02-29',10,121,24),(1369,'100','Green','2016-02-29',11,1,1),(1370,'0','Red','2016-02-29',11,16,2),(1371,'40','Green','2016-02-29',11,16,3),(1372,'10','Yellow','2016-02-29',11,16,4),(1373,'50','Green','2016-02-29',11,31,5),(1374,'50','Green','2016-02-29',11,31,6),(1375,'14','Green','2016-02-29',11,46,7),(1376,'14','Green','2016-02-29',11,46,8),(1377,'14','Green','2016-02-29',11,46,9),(1378,'14','Green','2016-02-29',11,46,10),(1379,'10','Green','2016-02-29',11,46,11),(1380,'10','Green','2016-02-29',11,46,12),(1381,'3','Yellow','2016-02-29',11,46,13),(1382,'6','Green','2016-02-29',11,46,14),(1383,'6','Green','2016-02-29',11,46,15),(1384,'6','Green','2016-02-29',11,46,16),(1385,'40','Green','2016-02-29',11,61,17),(1386,'20','Green','2016-02-29',11,61,18),(1387,'40','Green','2016-02-29',11,61,19),(1388,'50','Green','2016-02-29',11,76,20),(1389,'50','Green','2016-02-29',11,76,21),(1390,'30','Green','2016-02-29',11,91,22),(1391,'70','Green','2016-02-29',11,91,23),(1392,'50','Yellow','2016-02-29',11,121,24),(1393,'100','Green','2016-02-29',12,1,1),(1394,'0','Red','2016-02-29',12,16,2),(1395,'40','Green','2016-02-29',12,16,3),(1396,'20','Green','2016-02-29',12,16,4),(1397,'50','Green','2016-02-29',12,31,5),(1398,'50','Green','2016-02-29',12,31,6),(1399,'14','Green','2016-02-29',12,46,7),(1400,'14','Green','2016-02-29',12,46,8),(1401,'14','Green','2016-02-29',12,46,9),(1402,'14','Green','2016-02-29',12,46,10),(1403,'10','Green','2016-02-29',12,46,11),(1404,'10','Green','2016-02-29',12,46,12),(1405,'6','Green','2016-02-29',12,46,13),(1406,'6','Green','2016-02-29',12,46,14),(1407,'6','Green','2016-02-29',12,46,15),(1408,'6','Green','2016-02-29',12,46,16),(1409,'40','Green','2016-02-29',12,61,17),(1410,'20','Green','2016-02-29',12,61,18),(1411,'40','Green','2016-02-29',12,61,19),(1412,'50','Green','2016-02-29',12,76,20),(1413,'50','Green','2016-02-29',12,76,21),(1414,'30','Green','2016-02-29',12,91,22),(1415,'70','Green','2016-02-29',12,91,23),(1416,'100','Green','2016-02-29',12,121,24),(1417,'100','Green','2016-02-29',13,1,1),(1418,'0','Red','2016-02-29',13,16,2),(1419,'40','Green','2016-02-29',13,16,3),(1420,'10','Yellow','2016-02-29',13,16,4),(1421,'0','false','2016-02-29',13,31,5),(1422,'50','Green','2016-02-29',13,31,6),(1423,'14','Green','2016-02-29',13,46,7),(1424,'14','Green','2016-02-29',13,46,8),(1425,'14','Green','2016-02-29',13,46,9),(1426,'14','Green','2016-02-29',13,46,10),(1427,'10','Green','2016-02-29',13,46,11),(1428,'10','Green','2016-02-29',13,46,12),(1429,'6','Green','2016-02-29',13,46,13),(1430,'6','Green','2016-02-29',13,46,14),(1431,'6','Green','2016-02-29',13,46,15),(1432,'6','Green','2016-02-29',13,46,16),(1433,'40','Green','2016-02-29',13,61,17),(1434,'20','Green','2016-02-29',13,61,18),(1435,'40','Green','2016-02-29',13,61,19),(1436,'50','Green','2016-02-29',13,76,20),(1437,'50','Green','2016-02-29',13,76,21),(1438,'30','Green','2016-02-29',13,91,22),(1439,'70','Green','2016-02-29',13,91,23),(1440,'100','Green','2016-02-29',13,121,24),(1441,'100','Green','2016-02-29',14,1,1),(1442,'0','Red','2016-02-29',14,16,2),(1443,'0','Red','2016-02-29',14,16,3),(1444,'0','Red','2016-02-29',14,16,4),(1445,'0','false','2016-02-29',14,31,5),(1446,'50','Green','2016-02-29',14,31,6),(1447,'14','Green','2016-02-29',14,46,7),(1448,'14','Green','2016-02-29',14,46,8),(1449,'14','Green','2016-02-29',14,46,9),(1450,'14','Green','2016-02-29',14,46,10),(1451,'10','Green','2016-02-29',14,46,11),(1452,'10','Green','2016-02-29',14,46,12),(1453,'3','Yellow','2016-02-29',14,46,13),(1454,'6','Green','2016-02-29',14,46,14),(1455,'6','Green','2016-02-29',14,46,15),(1456,'6','Green','2016-02-29',14,46,16),(1457,'40','Green','2016-02-29',14,61,17),(1458,'20','Green','2016-02-29',14,61,18),(1459,'40','Green','2016-02-29',14,61,19),(1460,'50','Green','2016-02-29',14,76,20),(1461,'50','Green','2016-02-29',14,76,21),(1462,'30','Green','2016-02-29',14,91,22),(1463,'70','Green','2016-02-29',14,91,23),(1464,'100','Green','2016-02-29',14,121,24),(1465,'50','Yellow','2016-02-29',15,1,1),(1466,'20','Yellow','2016-02-29',15,16,2),(1467,'0','Red','2016-02-29',15,16,3),(1468,'20','Green','2016-02-29',15,16,4),(1469,'0','false','2016-02-29',15,31,5),(1470,'50','Green','2016-02-29',15,31,6),(1471,'14','Green','2016-02-29',15,46,7),(1472,'14','Green','2016-02-29',15,46,8),(1473,'14','Green','2016-02-29',15,46,9),(1474,'14','Green','2016-02-29',15,46,10),(1475,'10','Green','2016-02-29',15,46,11),(1476,'10','Green','2016-02-29',15,46,12),(1477,'6','Green','2016-02-29',15,46,13),(1478,'6','Green','2016-02-29',15,46,14),(1479,'6','Green','2016-02-29',15,46,15),(1480,'6','Green','2016-02-29',15,46,16),(1481,'40','Green','2016-02-29',15,61,17),(1482,'20','Green','2016-02-29',15,61,18),(1483,'40','Green','2016-02-29',15,61,19),(1484,'50','Green','2016-02-29',15,76,20),(1485,'50','Green','2016-02-29',15,76,21),(1486,'30','Green','2016-02-29',15,91,22),(1487,'70','Green','2016-02-29',15,91,23),(1488,'0','false','2016-02-29',15,121,24),(1489,'100','Green','2016-01-31',2,1,1),(1490,'40','Green','2016-01-31',2,16,2),(1491,'40','Green','2016-01-31',2,16,3),(1492,'20','Green','2016-01-31',2,16,4),(1493,'50','Green','2016-01-31',2,31,5),(1494,'50','Green','2016-01-31',2,31,6),(1495,'14','Green','2016-01-31',2,46,7),(1496,'14','Green','2016-01-31',2,46,8),(1497,'14','Green','2016-01-31',2,46,9),(1498,'14','Green','2016-01-31',2,46,10),(1499,'10','Green','2016-01-31',2,46,11),(1500,'10','Green','2016-01-31',2,46,12),(1501,'6','Green','2016-01-31',2,46,13),(1502,'6','Green','2016-01-31',2,46,14),(1503,'6','Green','2016-01-31',2,46,15),(1504,'6','Green','2016-01-31',2,46,16),(1505,'40','Green','2016-01-31',2,61,17),(1506,'20','Green','2016-01-31',2,61,18),(1507,'40','Green','2016-01-31',2,61,19),(1508,'50','Green','2016-01-31',2,76,20),(1509,'50','Green','2016-01-31',2,76,21),(1510,'30','Green','2016-01-31',2,91,22),(1511,'70','Green','2016-01-31',2,91,23),(1512,'50','Yellow','2016-01-31',2,121,24),(1513,'100','Green','2016-01-31',3,1,1),(1514,'40','Green','2016-01-31',3,16,2),(1515,'40','Green','2016-01-31',3,16,3),(1516,'20','Green','2016-01-31',3,16,4),(1517,'0','false','2016-01-31',3,31,5),(1518,'50','Green','2016-01-31',3,31,6),(1519,'14','Green','2016-01-31',3,46,7),(1520,'14','Green','2016-01-31',3,46,8),(1521,'14','Green','2016-01-31',3,46,9),(1522,'14','Green','2016-01-31',3,46,10),(1523,'10','Green','2016-01-31',3,46,11),(1524,'10','Green','2016-01-31',3,46,12),(1525,'6','Green','2016-01-31',3,46,13),(1526,'6','Green','2016-01-31',3,46,14),(1527,'6','Green','2016-01-31',3,46,15),(1528,'6','Green','2016-01-31',3,46,16),(1529,'40','Green','2016-01-31',3,61,17),(1530,'20','Green','2016-01-31',3,61,18),(1531,'40','Green','2016-01-31',3,61,19),(1532,'50','Green','2016-01-31',3,76,20),(1533,'50','Green','2016-01-31',3,76,21),(1534,'30','Green','2016-01-31',3,91,22),(1535,'70','Green','2016-01-31',3,91,23),(1536,'100','Green','2016-01-31',3,121,24),(1537,'100','Green','2016-01-31',4,1,1),(1538,'20','Yellow','2016-01-31',4,16,2),(1539,'40','Green','2016-01-31',4,16,3),(1540,'0','Red','2016-01-31',4,16,4),(1541,'50','Green','2016-01-31',4,31,5),(1542,'50','Green','2016-01-31',4,31,6),(1543,'14','Green','2016-01-31',4,46,7),(1544,'14','Green','2016-01-31',4,46,8),(1545,'14','Green','2016-01-31',4,46,9),(1546,'14','Green','2016-01-31',4,46,10),(1547,'10','Green','2016-01-31',4,46,11),(1548,'10','Green','2016-01-31',4,46,12),(1549,'6','Green','2016-01-31',4,46,13),(1550,'6','Green','2016-01-31',4,46,14),(1551,'6','Green','2016-01-31',4,46,15),(1552,'6','Green','2016-01-31',4,46,16),(1553,'20','Yellow','2016-01-31',4,61,17),(1554,'20','Green','2016-01-31',4,61,18),(1555,'40','Green','2016-01-31',4,61,19),(1556,'50','Green','2016-01-31',4,76,20),(1557,'50','Green','2016-01-31',4,76,21),(1558,'30','Green','2016-01-31',4,91,22),(1559,'70','Green','2016-01-31',4,91,23),(1560,'100','Green','2016-01-31',4,121,24),(1561,'100','Green','2016-01-31',5,1,1),(1562,'20','Yellow','2016-01-31',5,16,2),(1563,'40','Green','2016-01-31',5,16,3),(1564,'20','Green','2016-01-31',5,16,4),(1565,'25','Yellow','2016-01-31',5,31,5),(1566,'50','Green','2016-01-31',5,31,6),(1567,'14','Green','2016-01-31',5,46,7),(1568,'14','Green','2016-01-31',5,46,8),(1569,'14','Green','2016-01-31',5,46,9),(1570,'14','Green','2016-01-31',5,46,10),(1571,'10','Green','2016-01-31',5,46,11),(1572,'10','Green','2016-01-31',5,46,12),(1573,'3','Yellow','2016-01-31',5,46,13),(1574,'6','Green','2016-01-31',5,46,14),(1575,'6','Green','2016-01-31',5,46,15),(1576,'6','Green','2016-01-31',5,46,16),(1577,'40','Green','2016-01-31',5,61,17),(1578,'20','Green','2016-01-31',5,61,18),(1579,'40','Green','2016-01-31',5,61,19),(1580,'50','Green','2016-01-31',5,76,20),(1581,'50','Green','2016-01-31',5,76,21),(1582,'30','Green','2016-01-31',5,91,22),(1583,'70','Green','2016-01-31',5,91,23),(1584,'100','Green','2016-01-31',5,121,24),(1585,'100','Green','2016-01-31',6,1,1),(1586,'40','Green','2016-01-31',6,16,2),(1587,'40','Green','2016-01-31',6,16,3),(1588,'20','Green','2016-01-31',6,16,4),(1589,'0','false','2016-01-31',6,31,5),(1590,'50','Green','2016-01-31',6,31,6),(1591,'14','Green','2016-01-31',6,46,7),(1592,'14','Green','2016-01-31',6,46,8),(1593,'14','Green','2016-01-31',6,46,9),(1594,'14','Green','2016-01-31',6,46,10),(1595,'0','Red','2016-01-31',6,46,11),(1596,'10','Green','2016-01-31',6,46,12),(1597,'6','Green','2016-01-31',6,46,13),(1598,'6','Green','2016-01-31',6,46,14),(1599,'6','Green','2016-01-31',6,46,15),(1600,'6','Green','2016-01-31',6,46,16),(1601,'40','Green','2016-01-31',6,61,17),(1602,'20','Green','2016-01-31',6,61,18),(1603,'40','Green','2016-01-31',6,61,19),(1604,'50','Green','2016-01-31',6,76,20),(1605,'50','Green','2016-01-31',6,76,21),(1606,'30','Green','2016-01-31',6,91,22),(1607,'70','Green','2016-01-31',6,91,23),(1608,'100','Green','2016-01-31',6,121,24),(1609,'100','Green','2016-01-31',7,1,1),(1610,'40','Green','2016-01-31',7,16,2),(1611,'40','Green','2016-01-31',7,16,3),(1612,'20','Green','2016-01-31',7,16,4),(1613,'25','Yellow','2016-01-31',7,31,5),(1614,'50','Green','2016-01-31',7,31,6),(1615,'14','Green','2016-01-31',7,46,7),(1616,'14','Green','2016-01-31',7,46,8),(1617,'14','Green','2016-01-31',7,46,9),(1618,'14','Green','2016-01-31',7,46,10),(1619,'10','Green','2016-01-31',7,46,11),(1620,'10','Green','2016-01-31',7,46,12),(1621,'0','Red','2016-01-31',7,46,13),(1622,'6','Green','2016-01-31',7,46,14),(1623,'6','Green','2016-01-31',7,46,15),(1624,'6','Green','2016-01-31',7,46,16),(1625,'40','Green','2016-01-31',7,61,17),(1626,'20','Green','2016-01-31',7,61,18),(1627,'20','Yellow','2016-01-31',7,61,19),(1628,'50','Green','2016-01-31',7,76,20),(1629,'50','Green','2016-01-31',7,76,21),(1630,'30','Green','2016-01-31',7,91,22),(1631,'35','Yellow','2016-01-31',7,91,23),(1632,'100','Green','2016-01-31',7,121,24),(1633,'100','Green','2016-01-31',8,1,1),(1634,'40','Green','2016-01-31',8,16,2),(1635,'40','Green','2016-01-31',8,16,3),(1636,'20','Green','2016-01-31',8,16,4),(1637,'0','false','2016-01-31',8,31,5),(1638,'50','Green','2016-01-31',8,31,6),(1639,'14','Green','2016-01-31',8,46,7),(1640,'14','Green','2016-01-31',8,46,8),(1641,'14','Green','2016-01-31',8,46,9),(1642,'14','Green','2016-01-31',8,46,10),(1643,'10','Green','2016-01-31',8,46,11),(1644,'10','Green','2016-01-31',8,46,12),(1645,'0','Red','2016-01-31',8,46,13),(1646,'6','Green','2016-01-31',8,46,14),(1647,'6','Green','2016-01-31',8,46,15),(1648,'6','Green','2016-01-31',8,46,16),(1649,'40','Green','2016-01-31',8,61,17),(1650,'20','Green','2016-01-31',8,61,18),(1651,'40','Green','2016-01-31',8,61,19),(1652,'50','Green','2016-01-31',8,76,20),(1653,'50','Green','2016-01-31',8,76,21),(1654,'30','Green','2016-01-31',8,91,22),(1655,'70','Green','2016-01-31',8,91,23),(1656,'100','Green','2016-01-31',8,121,24),(1657,'100','Green','2016-01-31',9,1,1),(1658,'20','Yellow','2016-01-31',9,16,2),(1659,'40','Green','2016-01-31',9,16,3),(1660,'20','Green','2016-01-31',9,16,4),(1661,'0','false','2016-01-31',9,31,5),(1662,'50','Green','2016-01-31',9,31,6),(1663,'14','Green','2016-01-31',9,46,7),(1664,'14','Green','2016-01-31',9,46,8),(1665,'14','Green','2016-01-31',9,46,9),(1666,'14','Green','2016-01-31',9,46,10),(1667,'10','Green','2016-01-31',9,46,11),(1668,'10','Green','2016-01-31',9,46,12),(1669,'6','Green','2016-01-31',9,46,13),(1670,'6','Green','2016-01-31',9,46,14),(1671,'6','Green','2016-01-31',9,46,15),(1672,'6','Green','2016-01-31',9,46,16),(1673,'40','Green','2016-01-31',9,61,17),(1674,'20','Green','2016-01-31',9,61,18),(1675,'40','Green','2016-01-31',9,61,19),(1676,'50','Green','2016-01-31',9,76,20),(1677,'50','Green','2016-01-31',9,76,21),(1678,'30','Green','2016-01-31',9,91,22),(1679,'70','Green','2016-01-31',9,91,23),(1680,'0','false','2016-01-31',9,121,24),(1681,'100','Green','2016-01-31',10,1,1),(1682,'40','Green','2016-01-31',10,16,2),(1683,'40','Green','2016-01-31',10,16,3),(1684,'20','Green','2016-01-31',10,16,4),(1685,'50','Green','2016-01-31',10,31,5),(1686,'50','Green','2016-01-31',10,31,6),(1687,'14','Green','2016-01-31',10,46,7),(1688,'14','Green','2016-01-31',10,46,8),(1689,'14','Green','2016-01-31',10,46,9),(1690,'14','Green','2016-01-31',10,46,10),(1691,'10','Green','2016-01-31',10,46,11),(1692,'10','Green','2016-01-31',10,46,12),(1693,'6','Green','2016-01-31',10,46,13),(1694,'6','Green','2016-01-31',10,46,14),(1695,'6','Green','2016-01-31',10,46,15),(1696,'6','Green','2016-01-31',10,46,16),(1697,'40','Green','2016-01-31',10,61,17),(1698,'20','Green','2016-01-31',10,61,18),(1699,'40','Green','2016-01-31',10,61,19),(1700,'50','Green','2016-01-31',10,76,20),(1701,'50','Green','2016-01-31',10,76,21),(1702,'30','Green','2016-01-31',10,91,22),(1703,'70','Green','2016-01-31',10,91,23),(1704,'100','Green','2016-01-31',10,121,24),(1705,'100','Green','2016-01-31',11,1,1),(1706,'20','Yellow','2016-01-31',11,16,2),(1707,'40','Green','2016-01-31',11,16,3),(1708,'20','Green','2016-01-31',11,16,4),(1709,'50','Green','2016-01-31',11,31,5),(1710,'50','Green','2016-01-31',11,31,6),(1711,'14','Green','2016-01-31',11,46,7),(1712,'14','Green','2016-01-31',11,46,8),(1713,'14','Green','2016-01-31',11,46,9),(1714,'14','Green','2016-01-31',11,46,10),(1715,'10','Green','2016-01-31',11,46,11),(1716,'10','Green','2016-01-31',11,46,12),(1717,'6','Green','2016-01-31',11,46,13),(1718,'6','Green','2016-01-31',11,46,14),(1719,'6','Green','2016-01-31',11,46,15),(1720,'6','Green','2016-01-31',11,46,16),(1721,'40','Green','2016-01-31',11,61,17),(1722,'20','Green','2016-01-31',11,61,18),(1723,'40','Green','2016-01-31',11,61,19),(1724,'50','Green','2016-01-31',11,76,20),(1725,'50','Green','2016-01-31',11,76,21),(1726,'30','Green','2016-01-31',11,91,22),(1727,'70','Green','2016-01-31',11,91,23),(1728,'50','Yellow','2016-01-31',11,121,24),(1729,'50','Yellow','2016-01-31',12,1,1),(1730,'40','Green','2016-01-31',12,16,2),(1731,'40','Green','2016-01-31',12,16,3),(1732,'20','Green','2016-01-31',12,16,4),(1733,'0','false','2016-01-31',12,31,5),(1734,'50','Green','2016-01-31',12,31,6),(1735,'14','Green','2016-01-31',12,46,7),(1736,'14','Green','2016-01-31',12,46,8),(1737,'14','Green','2016-01-31',12,46,9),(1738,'14','Green','2016-01-31',12,46,10),(1739,'10','Green','2016-01-31',12,46,11),(1740,'10','Green','2016-01-31',12,46,12),(1741,'6','Green','2016-01-31',12,46,13),(1742,'6','Green','2016-01-31',12,46,14),(1743,'6','Green','2016-01-31',12,46,15),(1744,'6','Green','2016-01-31',12,46,16),(1745,'40','Green','2016-01-31',12,61,17),(1746,'20','Green','2016-01-31',12,61,18),(1747,'40','Green','2016-01-31',12,61,19),(1748,'50','Green','2016-01-31',12,76,20),(1749,'50','Green','2016-01-31',12,76,21),(1750,'30','Green','2016-01-31',12,91,22),(1751,'70','Green','2016-01-31',12,91,23),(1752,'100','Green','2016-01-31',12,121,24),(1753,'100','Green','2016-01-31',13,1,1),(1754,'40','Green','2016-01-31',13,16,2),(1755,'40','Green','2016-01-31',13,16,3),(1756,'20','Green','2016-01-31',13,16,4),(1757,'50','Green','2016-01-31',13,31,5),(1758,'50','Green','2016-01-31',13,31,6),(1759,'14','Green','2016-01-31',13,46,7),(1760,'14','Green','2016-01-31',13,46,8),(1761,'14','Green','2016-01-31',13,46,9),(1762,'14','Green','2016-01-31',13,46,10),(1763,'10','Green','2016-01-31',13,46,11),(1764,'10','Green','2016-01-31',13,46,12),(1765,'6','Green','2016-01-31',13,46,13),(1766,'6','Green','2016-01-31',13,46,14),(1767,'6','Green','2016-01-31',13,46,15),(1768,'6','Green','2016-01-31',13,46,16),(1769,'40','Green','2016-01-31',13,61,17),(1770,'20','Green','2016-01-31',13,61,18),(1771,'40','Green','2016-01-31',13,61,19),(1772,'50','Green','2016-01-31',13,76,20),(1773,'50','Green','2016-01-31',13,76,21),(1774,'30','Green','2016-01-31',13,91,22),(1775,'70','Green','2016-01-31',13,91,23),(1776,'100','Green','2016-01-31',13,121,24),(1777,'100','Green','2016-01-31',14,1,1),(1778,'40','Green','2016-01-31',14,16,2),(1779,'0','Red','2016-01-31',14,16,3),(1780,'0','Red','2016-01-31',14,16,4),(1781,'0','false','2016-01-31',14,31,5),(1782,'50','Green','2016-01-31',14,31,6),(1783,'14','Green','2016-01-31',14,46,7),(1784,'14','Green','2016-01-31',14,46,8),(1785,'14','Green','2016-01-31',14,46,9),(1786,'7','Yellow','2016-01-31',14,46,10),(1787,'0','Red','2016-01-31',14,46,11),(1788,'10','Green','2016-01-31',14,46,12),(1789,'3','Yellow','2016-01-31',14,46,13),(1790,'6','Green','2016-01-31',14,46,14),(1791,'6','Green','2016-01-31',14,46,15),(1792,'6','Green','2016-01-31',14,46,16),(1793,'40','Green','2016-01-31',14,61,17),(1794,'20','Green','2016-01-31',14,61,18),(1795,'40','Green','2016-01-31',14,61,19),(1796,'50','Green','2016-01-31',14,76,20),(1797,'50','Green','2016-01-31',14,76,21),(1798,'30','Green','2016-01-31',14,91,22),(1799,'70','Green','2016-01-31',14,91,23),(1800,'100','Green','2016-01-31',14,121,24);
/*!40000 ALTER TABLE `ranking__lookup_data` ENABLE KEYS */;
UNLOCK TABLES;

--
-- Table structure for table `ranking__lookup_status`
--

DROP TABLE IF EXISTS `ranking__lookup_status`;
/*!40101 SET @saved_cs_client     = @@character_set_client */;
/*!40101 SET character_set_client = utf8 */;
CREATE TABLE `ranking__lookup_status` (
  `id` int(11) NOT NULL AUTO_INCREMENT,
  `shipid` int(11) DEFAULT NULL,
  `status` int(11) NOT NULL,
  `dataofmonth` date NOT NULL,
  `datetime` datetime NOT NULL,
  `userid` varchar(255) COLLATE utf8_unicode_ci NOT NULL,
  `rejections` varchar(255) COLLATE utf8_unicode_ci DEFAULT NULL,
  PRIMARY KEY (`id`),
  KEY `IDX_98BC7A579094736` (`shipid`),
  CONSTRAINT `FK_98BC7A579094736` FOREIGN KEY (`shipid`) REFERENCES `ship_details` (`id`)
) ENGINE=InnoDB AUTO_INCREMENT=143 DEFAULT CHARSET=utf8 COLLATE=utf8_unicode_ci;
/*!40101 SET character_set_client = @saved_cs_client */;

--
-- Dumping data for table `ranking__lookup_status`
--

LOCK TABLES `ranking__lookup_status` WRITE;
/*!40000 ALTER TABLE `ranking__lookup_status` DISABLE KEYS */;
INSERT INTO `ranking__lookup_status` VALUES (1,1,4,'2016-01-31','2016-06-22 18:04:04','10',NULL),(2,1,4,'2016-02-29','2016-06-23 15:43:57','10',NULL),(3,2,4,'2016-01-31','2016-06-24 19:20:24','10',NULL),(4,3,4,'2016-01-31','2016-06-24 19:20:33','10',NULL),(5,4,4,'2016-01-31','2016-06-24 19:20:41','10',NULL),(6,5,4,'2016-01-31','2016-06-24 19:20:49','10',NULL),(7,6,4,'2016-01-31','2016-06-24 19:20:58','10',NULL),(8,7,4,'2016-01-31','2016-06-24 19:21:08','10',NULL),(9,8,4,'2016-01-31','2016-06-24 19:21:16','10',NULL),(10,9,4,'2016-01-31','2016-06-24 19:21:24','10',NULL),(11,10,4,'2016-01-31','2016-06-24 19:21:34','10',NULL),(12,11,4,'2016-01-31','2016-06-24 19:21:41','10',NULL),(13,12,4,'2016-01-31','2016-06-24 19:21:49','10',NULL),(14,13,4,'2016-01-31','2016-06-24 19:21:56','10',NULL),(15,14,4,'2016-01-31','2016-06-24 19:22:05','10',NULL),(16,1,4,'2016-03-31','2016-06-24 19:16:23','10',NULL),(17,1,4,'2016-04-30','2016-06-24 19:14:16','10',NULL),(18,1,4,'2016-05-31','2016-06-24 18:30:49','10',NULL),(19,2,4,'2016-02-29','2016-06-24 19:18:26','10',NULL),(20,3,4,'2016-02-29','2016-06-24 19:18:35','10',NULL),(21,4,4,'2016-02-29','2016-06-24 19:18:43','10',NULL),(22,5,4,'2016-02-29','2016-06-24 19:18:51','10',NULL),(23,6,4,'2016-02-29','2016-06-24 19:19:00','10',NULL),(24,7,4,'2016-02-29','2016-06-24 19:19:09','10',NULL),(25,8,4,'2016-02-29','2016-06-24 19:19:18','10',NULL),(26,9,4,'2016-02-29','2016-06-24 19:19:26','10',NULL),(27,10,4,'2016-02-29','2016-06-24 19:19:35','10',NULL),(28,11,4,'2016-02-29','2016-06-24 19:19:44','10',NULL),(29,12,4,'2016-02-29','2016-06-24 19:19:52','10',NULL),(30,13,4,'2016-02-29','2016-06-24 19:20:00','10',NULL),(31,14,4,'2016-02-29','2016-06-24 19:20:09','10',NULL),(32,15,4,'2016-02-29','2016-06-24 19:20:17','10',NULL),(33,2,4,'2016-03-31','2016-06-24 19:16:31','10',NULL),(34,2,4,'2016-04-30','2016-06-24 19:14:25','10',NULL),(35,2,4,'2016-05-31','2016-06-24 18:30:58','10',NULL),(36,3,4,'2016-03-31','2016-06-24 19:16:39','10',NULL),(37,3,4,'2016-04-30','2016-06-24 19:14:32','10',NULL),(38,3,4,'2016-05-31','2016-06-24 18:31:06','10',NULL),(39,4,4,'2016-03-31','2016-06-24 19:16:47','10',NULL),(40,4,4,'2016-04-30','2016-06-24 19:14:41','10',NULL),(41,4,4,'2016-05-31','2016-06-24 18:31:15','10',NULL),(42,5,4,'2016-03-31','2016-06-24 19:16:55','10',NULL),(43,5,4,'2016-04-30','2016-06-24 19:14:51','10',NULL),(44,5,4,'2016-05-31','2016-06-24 18:31:24','10',NULL),(45,6,4,'2016-03-31','2016-06-24 19:17:03','10',NULL),(46,6,4,'2016-04-30','2016-06-24 19:14:59','10',NULL),(47,6,4,'2016-05-31','2016-06-24 18:31:33','10',NULL),(48,7,4,'2016-03-31','2016-06-24 19:17:12','10',NULL),(49,7,4,'2016-04-30','2016-06-24 19:15:07','10',NULL),(50,7,4,'2016-05-31','2016-06-24 18:31:41','10',NULL),(51,8,4,'2016-03-31','2016-06-24 19:17:21','10',NULL),(52,8,4,'2016-04-30','2016-06-24 19:15:16','10',NULL),(53,8,4,'2016-05-31','2016-06-24 18:31:50','10',NULL),(54,9,4,'2016-03-31','2016-06-24 19:17:28','10',NULL),(55,9,4,'2016-04-30','2016-06-24 19:15:25','10',NULL),(56,9,4,'2016-05-31','2016-06-24 18:31:59','10',NULL),(57,10,4,'2016-03-31','2016-06-24 19:17:36','10',NULL),(58,10,4,'2016-04-30','2016-06-24 19:15:33','10',NULL),(59,10,4,'2016-05-31','2016-06-24 18:32:09','10',NULL),(60,11,4,'2016-03-31','2016-06-24 19:17:44','10',NULL),(61,11,4,'2016-04-30','2016-06-24 19:15:41','10',NULL),(62,11,4,'2016-05-31','2016-06-24 18:32:17','10',NULL),(63,12,4,'2016-03-31','2016-06-24 19:17:52','10',NULL),(64,12,4,'2016-04-30','2016-06-24 19:15:49','10',NULL),(65,12,4,'2016-05-31','2016-06-24 18:32:25','10',NULL),(66,13,4,'2016-03-31','2016-06-24 19:18:01','10',NULL),(67,13,4,'2016-04-30','2016-06-24 19:15:57','10',NULL),(68,13,4,'2016-05-31','2016-06-24 18:32:33','10',NULL),(69,14,4,'2016-03-31','2016-06-24 19:18:09','10',NULL),(70,14,4,'2016-04-30','2016-06-24 19:16:06','10',NULL),(71,14,4,'2016-05-31','2016-06-24 18:32:43','10',NULL),(72,15,4,'2016-03-31','2016-06-24 19:18:17','10',NULL),(73,15,4,'2016-04-30','2016-06-24 19:16:13','10',NULL),(74,15,4,'2016-05-31','2016-06-24 18:32:50','10',NULL),(75,1,5,'2016-09-30','2016-12-01 08:49:35','10',NULL),(76,2,5,'2016-09-30','2016-12-01 08:49:35','10',NULL),(77,4,5,'2016-09-30','2016-12-01 08:49:35','10',NULL),(78,3,5,'2016-09-30','2016-12-01 08:49:35','10',NULL),(79,14,5,'2016-09-30','2016-12-01 08:49:36','10',NULL),(80,5,5,'2016-09-30','2016-12-01 08:49:35','10',NULL),(81,6,5,'2016-09-30','2016-12-01 08:49:35','10',NULL),(82,12,5,'2016-09-30','2016-12-01 08:49:36','10',NULL),(83,15,5,'2016-09-30','2016-12-01 08:49:36','10',NULL),(84,7,5,'2016-09-30','2016-12-01 08:49:35','10',NULL),(85,8,5,'2016-09-30','2016-12-01 08:49:35','10',NULL),(86,9,5,'2016-09-30','2016-12-01 08:49:35','10',NULL),(87,10,5,'2016-09-30','2016-12-01 08:49:36','10',NULL),(88,11,5,'2016-09-30','2016-12-01 08:49:36','10',NULL),(89,13,5,'2016-09-30','2016-12-01 08:49:36','10',NULL),(90,1,5,'2016-08-31','2016-12-01 08:56:09','10',NULL),(91,2,5,'2016-08-31','2016-12-01 08:56:10','10',NULL),(92,4,5,'2016-08-31','2016-12-01 08:56:10','10',NULL),(93,3,5,'2016-08-31','2016-12-01 08:56:10','10',NULL),(94,14,5,'2016-08-31','2016-12-01 08:56:10','10',NULL),(95,5,5,'2016-08-31','2016-12-01 08:56:10','10',NULL),(96,6,5,'2016-08-31','2016-12-01 08:56:10','10',NULL),(97,12,5,'2016-08-31','2016-12-01 08:56:10','10',NULL),(98,15,5,'2016-08-31','2016-12-01 08:56:10','10',NULL),(99,7,5,'2016-08-31','2016-12-01 08:56:10','10',NULL),(100,8,5,'2016-08-31','2016-12-01 08:56:10','10',NULL),(101,9,5,'2016-08-31','2016-12-01 08:56:10','10',NULL),(102,10,5,'2016-08-31','2016-12-01 08:56:10','10',NULL),(103,11,5,'2016-08-31','2016-12-01 08:56:10','10',NULL),(104,13,5,'2016-08-31','2016-12-01 08:56:10','10',NULL),(105,1,1,'2016-10-31','2016-12-02 04:19:04','10',NULL),(106,16,5,'2016-08-31','2016-12-01 08:56:10','10',NULL),(107,17,5,'2016-08-31','2016-12-01 08:56:10','10',NULL),(108,16,5,'2016-09-30','2016-12-01 08:49:36','10',NULL),(109,17,5,'2016-09-30','2016-12-01 08:49:36','10',NULL),(110,2,1,'2016-10-31','2016-12-02 04:08:33','10',NULL),(111,3,1,'2016-10-31','2016-12-02 04:08:43','10',NULL),(112,4,1,'2016-10-31','2016-12-02 04:08:56','10',NULL),(113,5,1,'2016-10-31','2016-12-02 04:09:10','10',NULL),(114,6,1,'2016-10-31','2016-12-02 04:09:19','10',NULL),(115,7,1,'2016-10-31','2016-12-02 04:09:36','10',NULL),(116,8,1,'2016-10-31','2016-12-02 04:09:48','10',NULL),(117,9,1,'2016-10-31','2016-12-02 04:10:03','10',NULL),(118,10,1,'2016-10-31','2016-12-02 04:10:12','10',NULL),(119,11,1,'2016-10-31','2016-12-02 04:10:23','10',NULL),(120,12,1,'2016-10-31','2016-12-02 04:10:35','10',NULL),(121,13,1,'2016-10-31','2016-12-02 04:10:44','10',NULL),(122,14,1,'2016-10-31','2016-12-02 04:10:51','10',NULL),(123,15,1,'2016-10-31','2016-12-02 04:11:02','10',NULL),(124,16,1,'2016-10-31','2016-12-02 04:11:10','10',NULL),(125,17,1,'2016-10-31','2016-12-02 04:11:22','10',NULL),(126,13,1,'2016-11-30','2016-12-21 14:00:44','10',NULL),(127,17,1,'2016-11-30','2016-12-21 14:00:27','10',NULL),(128,11,1,'2016-11-30','2016-12-21 14:01:01','10',NULL),(129,10,1,'2016-11-30','2016-12-21 14:00:56','10',NULL),(130,16,1,'2016-11-30','2016-12-21 14:00:32','10',NULL),(131,9,1,'2016-11-30','2016-12-21 14:01:08','10',NULL),(132,8,1,'2016-11-30','2016-12-21 14:01:16','10',NULL),(133,7,1,'2016-11-30','2016-12-21 14:01:21','10',NULL),(134,15,1,'2016-11-30','2016-12-21 14:00:36','10',NULL),(135,12,1,'2016-11-30','2016-12-21 14:00:48','10',NULL),(136,6,1,'2016-11-30','2016-12-21 14:01:25','10',NULL),(137,5,1,'2016-11-30','2016-12-21 14:01:30','10',NULL),(138,14,1,'2016-11-30','2016-12-21 14:00:39','10',NULL),(139,3,1,'2016-11-30','2016-12-21 14:01:42','10',NULL),(140,4,1,'2016-11-30','2016-12-21 14:01:34','10',NULL),(141,2,1,'2016-11-30','2016-12-21 14:01:47','10',NULL),(142,1,1,'2016-11-30','2016-12-21 14:01:50','10',NULL);
/*!40000 ALTER TABLE `ranking__lookup_status` ENABLE KEYS */;
UNLOCK TABLES;

--
-- Table structure for table `ranking_element_comparison_rules`
--

DROP TABLE IF EXISTS `ranking_element_comparison_rules`;
/*!40101 SET @saved_cs_client     = @@character_set_client */;
/*!40101 SET character_set_client = utf8 */;
CREATE TABLE `ranking_element_comparison_rules` (
  `id` int(11) NOT NULL AUTO_INCREMENT,
  `Rules` varchar(255) COLLATE utf8_unicode_ci NOT NULL,
  `ElementDetailsId` int(11) DEFAULT NULL,
  PRIMARY KEY (`id`),
  KEY `IDX_65BECCA0ABFC5A8E` (`ElementDetailsId`),
  CONSTRAINT `FK_65BECCA0ABFC5A8E` FOREIGN KEY (`ElementDetailsId`) REFERENCES `ranking_element_details` (`id`)
) ENGINE=InnoDB DEFAULT CHARSET=utf8 COLLATE=utf8_unicode_ci;
/*!40101 SET character_set_client = @saved_cs_client */;

--
-- Dumping data for table `ranking_element_comparison_rules`
--

LOCK TABLES `ranking_element_comparison_rules` WRITE;
/*!40000 ALTER TABLE `ranking_element_comparison_rules` DISABLE KEYS */;
/*!40000 ALTER TABLE `ranking_element_comparison_rules` ENABLE KEYS */;
UNLOCK TABLES;

--
-- Table structure for table `ranking_element_details`
--

DROP TABLE IF EXISTS `ranking_element_details`;
/*!40101 SET @saved_cs_client     = @@character_set_client */;
/*!40101 SET character_set_client = utf8 */;
CREATE TABLE `ranking_element_details` (
  `id` int(11) NOT NULL AUTO_INCREMENT,
  `ElementName` varchar(255) COLLATE utf8_unicode_ci NOT NULL,
  `Description` varchar(255) COLLATE utf8_unicode_ci DEFAULT NULL,
  `CellName` varchar(255) COLLATE utf8_unicode_ci NOT NULL,
  `CellDetails` varchar(255) COLLATE utf8_unicode_ci DEFAULT NULL,
  `ActiveDate` date NOT NULL,
  `EndDate` date NOT NULL,
  `Weightage` int(11) NOT NULL,
  `Rules` varchar(255) COLLATE utf8_unicode_ci DEFAULT NULL,
  `KpiDetailsId` int(11) DEFAULT NULL,
  `VesselWiseTotal` varchar(35) COLLATE utf8_unicode_ci NOT NULL,
  `IndicationValue` varchar(50) COLLATE utf8_unicode_ci NOT NULL,
  `ComparisonStatus` varchar(35) COLLATE utf8_unicode_ci NOT NULL,
  `BaseValue` int(11) NOT NULL,
  `SymbolId` int(11) DEFAULT NULL,
  PRIMARY KEY (`id`),
  KEY `IDX_6DF1AF6BF10FA648` (`KpiDetailsId`),
  KEY `IDX_6DF1AF6BD90F0201` (`SymbolId`),
  CONSTRAINT `FK_6DF1AF6BD90F0201` FOREIGN KEY (`SymbolId`) REFERENCES `element_symbols` (`id`),
  CONSTRAINT `FK_6DF1AF6BF10FA648` FOREIGN KEY (`KpiDetailsId`) REFERENCES `ranking_kpi_details` (`id`)
) ENGINE=InnoDB AUTO_INCREMENT=25 DEFAULT CHARSET=utf8 COLLATE=utf8_unicode_ci;
/*!40101 SET character_set_client = @saved_cs_client */;

--
-- Dumping data for table `ranking_element_details`
--

LOCK TABLES `ranking_element_details` WRITE;
/*!40000 ALTER TABLE `ranking_element_details` DISABLE KEYS */;
INSERT INTO `ranking_element_details` VALUES (1,'No. of incidents per month','','',NULL,'2016-06-30','2017-12-31',100,NULL,1,'','','',0,NULL),(2,'Manning Expense YTD','',' ',' ','2016-06-22','2017-12-01',40,NULL,16,'','','',0,NULL),(3,'Technical Expense YTD','',' ',' ','2016-06-22','2017-12-01',40,NULL,16,'','','',0,NULL),(4,'Management Expense YTD','',' ',' ','2016-06-22','2017-12-01',20,NULL,16,'','','',0,NULL),(5,'CP Performance','',' ',' ','2016-06-22','2017-12-01',50,NULL,31,'','','',0,NULL),(6,'Engine Performance','',' ',' ','2016-06-22','2017-12-01',50,NULL,31,'','','',0,NULL),(7,'PSC Detention','',' ',' ','2016-06-22','2017-12-01',14,NULL,46,'','','',0,NULL),(8,'ISPS NC','',' ',' ','2016-06-22','2017-12-01',14,NULL,46,'','','',0,NULL),(9,'ISM Major NC','',' ',' ','2016-06-22','2017-12-01',14,NULL,46,'','','',0,NULL),(10,'MLC Deficiency','',' ',' ','2016-06-22','2017-12-01',14,NULL,46,'','','',0,NULL),(11,'Flag State Deficiency','',' ',' ','2016-06-22','2017-12-01',10,NULL,46,'','','',0,NULL),(12,'PSC Deficiency/Inspect','',' ',' ','2016-06-22','2017-11-01',10,NULL,46,'','','',0,NULL),(13,'COC','',' ',' ','2016-06-22','2017-12-01',6,NULL,46,'','','',0,NULL),(14,'Right ship','',' ',' ','2016-06-22','2017-12-01',6,NULL,46,'','','',0,NULL),(15,'PSC Nil Deficiency/Inspect','',' ',' ','2016-06-22','2017-11-01',6,NULL,46,'','','',0,NULL),(16,'DOC Deficiency','','',NULL,'2016-06-30','2017-12-31',6,NULL,46,'','','',0,NULL),(17,'Hold and cargo readiness','',' ',' ','2016-06-22','2017-12-01',40,NULL,61,'','','',0,NULL),(18,'Hatch cover tightness','',' ',' ','2016-06-22','2017-12-01',20,NULL,61,'','','',0,NULL),(19,'Crane stoppages','',' ',' ','2016-06-22','2017-12-01',40,NULL,61,'','','',0,NULL),(20,'LTIF','',' ',' ','2016-06-22','2017-12-01',50,NULL,76,'','','',0,NULL),(21,'TRCF','',' ',' ','2016-06-22','2017-12-01',50,NULL,76,'','','',0,NULL),(22,'Planned','',' ',' ','2016-06-22','2017-12-01',30,NULL,91,'','','',0,NULL),(23,'Unplanned','',' ',' ','2016-06-22','2017-12-01',70,NULL,91,'','','',0,NULL),(24,'Variation','',' ',' ','2016-06-22','2017-12-01',100,NULL,121,'','','',0,NULL);
/*!40000 ALTER TABLE `ranking_element_details` ENABLE KEYS */;
UNLOCK TABLES;

--
-- Table structure for table `ranking_element_rules`
--

DROP TABLE IF EXISTS `ranking_element_rules`;
/*!40101 SET @saved_cs_client     = @@character_set_client */;
/*!40101 SET character_set_client = utf8 */;
CREATE TABLE `ranking_element_rules` (
  `id` int(11) NOT NULL AUTO_INCREMENT,
  `Rules` varchar(255) COLLATE utf8_unicode_ci NOT NULL,
  `ElementDetailsId` int(11) DEFAULT NULL,
  PRIMARY KEY (`id`),
  KEY `IDX_C37F74B6ABFC5A8E` (`ElementDetailsId`),
  CONSTRAINT `FK_C37F74B6ABFC5A8E` FOREIGN KEY (`ElementDetailsId`) REFERENCES `ranking_element_details` (`id`)
) ENGINE=InnoDB DEFAULT CHARSET=utf8 COLLATE=utf8_unicode_ci;
/*!40101 SET character_set_client = @saved_cs_client */;

--
-- Dumping data for table `ranking_element_rules`
--

LOCK TABLES `ranking_element_rules` WRITE;
/*!40000 ALTER TABLE `ranking_element_rules` DISABLE KEYS */;
/*!40000 ALTER TABLE `ranking_element_rules` ENABLE KEYS */;
UNLOCK TABLES;

--
-- Table structure for table `ranking_folder`
--

DROP TABLE IF EXISTS `ranking_folder`;
/*!40101 SET @saved_cs_client     = @@character_set_client */;
/*!40101 SET character_set_client = utf8 */;
CREATE TABLE `ranking_folder` (
  `id` int(11) NOT NULL AUTO_INCREMENT,
  `folderName` varchar(255) COLLATE utf8_unicode_ci NOT NULL,
  PRIMARY KEY (`id`)
) ENGINE=InnoDB AUTO_INCREMENT=2 DEFAULT CHARSET=utf8 COLLATE=utf8_unicode_ci;
/*!40101 SET character_set_client = @saved_cs_client */;

--
-- Dumping data for table `ranking_folder`
--

LOCK TABLES `ranking_folder` WRITE;
/*!40000 ALTER TABLE `ranking_folder` DISABLE KEYS */;
INSERT INTO `ranking_folder` VALUES (1,'August-2016');
/*!40000 ALTER TABLE `ranking_folder` ENABLE KEYS */;
UNLOCK TABLES;

--
-- Table structure for table `ranking_kpi_details`
--

DROP TABLE IF EXISTS `ranking_kpi_details`;
/*!40101 SET @saved_cs_client     = @@character_set_client */;
/*!40101 SET character_set_client = utf8 */;
CREATE TABLE `ranking_kpi_details` (
  `id` int(11) NOT NULL AUTO_INCREMENT,
  `KpiName` varchar(255) COLLATE utf8_unicode_ci NOT NULL,
  `Description` varchar(255) COLLATE utf8_unicode_ci DEFAULT NULL,
  `ActiveDate` date NOT NULL,
  `EndDate` date NOT NULL,
  `CellName` varchar(255) COLLATE utf8_unicode_ci DEFAULT NULL,
  `CellDetails` varchar(255) COLLATE utf8_unicode_ci DEFAULT NULL,
  `Weightage` int(11) NOT NULL,
  `ShipDetailsId` int(11) DEFAULT NULL,
  PRIMARY KEY (`id`),
  KEY `IDX_D7E51E605041247E` (`ShipDetailsId`),
  CONSTRAINT `FK_D7E51E605041247E` FOREIGN KEY (`ShipDetailsId`) REFERENCES `ship_details` (`id`)
) ENGINE=InnoDB AUTO_INCREMENT=154 DEFAULT CHARSET=utf8 COLLATE=utf8_unicode_ci;
/*!40101 SET character_set_client = @saved_cs_client */;

--
-- Dumping data for table `ranking_kpi_details`
--

LOCK TABLES `ranking_kpi_details` WRITE;
/*!40000 ALTER TABLE `ranking_kpi_details` DISABLE KEYS */;
INSERT INTO `ranking_kpi_details` VALUES (1,'Major Incidents','','2016-06-30','2017-12-31',' ',' ',14,1),(2,'Major Incidents','','2016-06-30','2017-12-31',' ',' ',14,2),(3,'Major Incidents','','2016-06-30','2017-12-31',' ',' ',14,3),(4,'Major Incidents','','2016-06-30','2017-12-31',' ',' ',14,4),(5,'Major Incidents','','2016-06-30','2017-12-31',' ',' ',14,5),(6,'Major Incidents','','2016-06-30','2017-12-31',' ',' ',14,6),(7,'Major Incidents','','2016-06-30','2017-12-31',' ',' ',14,7),(8,'Major Incidents','','2016-06-30','2017-12-31',' ',' ',14,8),(9,'Major Incidents','','2016-06-30','2017-12-31',' ',' ',14,9),(10,'Major Incidents','','2016-06-30','2017-12-31',' ',' ',14,10),(11,'Major Incidents','','2016-06-30','2017-12-31',' ',' ',14,11),(12,'Major Incidents','','2016-06-30','2017-12-31',' ',' ',14,12),(13,'Major Incidents','','2016-06-30','2017-12-31',' ',' ',14,13),(14,'Major Incidents','','2016-06-30','2017-12-31',' ',' ',14,14),(15,'Major Incidents','','2016-06-30','2017-12-31',' ',' ',14,15),(16,'Opex','','2016-06-30','2017-12-31',' ',' ',14,1),(17,'Opex','','2016-06-30','2017-12-31',' ',' ',14,2),(18,'Opex','','2016-06-30','2017-12-31',' ',' ',14,3),(19,'Opex','','2016-06-30','2017-12-31',' ',' ',14,4),(20,'Opex','','2016-06-30','2017-12-31',' ',' ',14,5),(21,'Opex','','2016-06-30','2017-12-31',' ',' ',14,6),(22,'Opex','','2016-06-30','2017-12-31',' ',' ',14,7),(23,'Opex','','2016-06-30','2017-12-31',' ',' ',14,8),(24,'Opex','','2016-06-30','2017-12-31',' ',' ',14,9),(25,'Opex','','2016-06-30','2017-12-31',' ',' ',14,10),(26,'Opex','','2016-06-30','2017-12-31',' ',' ',14,11),(27,'Opex','','2016-06-30','2017-12-31',' ',' ',14,12),(28,'Opex','','2016-06-30','2017-12-31',' ',' ',14,13),(29,'Opex','','2016-06-30','2017-12-31',' ',' ',14,14),(30,'Opex','','2016-06-30','2017-12-31',' ',' ',14,15),(31,'Vessel Performance','','2016-06-30','2017-12-31',' ',' ',14,1),(32,'Vessel Performance','','2016-06-30','2017-12-31',' ',' ',14,2),(33,'Vessel Performance','','2016-06-30','2017-12-31',' ',' ',14,3),(34,'Vessel Performance','','2016-06-30','2017-12-31',' ',' ',14,4),(35,'Vessel Performance','','2016-06-30','2017-12-31',' ',' ',14,5),(36,'Vessel Performance','','2016-06-30','2017-12-31',' ',' ',14,6),(37,'Vessel Performance','','2016-06-30','2017-12-31',' ',' ',14,7),(38,'Vessel Performance','','2016-06-30','2017-12-31',' ',' ',14,8),(39,'Vessel Performance','','2016-06-30','2017-12-31',' ',' ',14,9),(40,'Vessel Performance','','2016-06-30','2017-12-31',' ',' ',14,10),(41,'Vessel Performance','','2016-06-30','2017-12-31',' ',' ',14,11),(42,'Vessel Performance','','2016-06-30','2017-12-31',' ',' ',14,12),(43,'Vessel Performance','','2016-06-30','2017-12-31',' ',' ',14,13),(44,'Vessel Performance','','2016-06-30','2017-12-31',' ',' ',14,14),(45,'Vessel Performance','','2016-06-30','2017-12-31',' ',' ',14,15),(46,'Third party inspection','','2016-06-30','2017-12-31','','',12,1),(47,'Third party inspection','','2016-06-30','2017-12-31','','',12,2),(48,'Third party inspection','','2016-06-30','2017-12-31','','',12,3),(49,'Third party inspection','','2016-06-30','2017-12-31','','',12,4),(50,'Third party inspection','','2016-06-30','2017-12-31','','',12,5),(51,'Third party inspection','','2016-06-30','2017-12-31','','',12,6),(52,'Third party inspection','','2016-06-30','2017-12-31','','',12,7),(53,'Third party inspection','','2016-06-30','2017-12-31','','',12,8),(54,'Third party inspection','','2016-06-30','2017-12-31','','',12,9),(55,'Third party inspection','','2016-06-30','2017-12-31','','',12,10),(56,'Third party inspection','','2016-06-30','2017-12-31','','',12,11),(57,'Third party inspection','','2016-06-30','2017-12-31','','',12,12),(58,'Third party inspection','','2016-06-30','2017-12-31','','',12,13),(59,'Third party inspection','','2016-06-30','2017-12-31','','',12,14),(60,'Third party inspection','','2016-06-30','2017-12-31','','',12,15),(61,'Cargo claims','','2016-06-30','2017-12-31',' ',' ',12,1),(62,'Cargo claims','','2016-06-30','2017-12-31',' ',' ',12,2),(63,'Cargo claims','','2016-06-30','2017-12-31',' ',' ',12,3),(64,'Cargo claims','','2016-06-30','2017-12-31',' ',' ',12,4),(65,'Cargo claims','','2016-06-30','2017-12-31',' ',' ',12,5),(66,'Cargo claims','','2016-06-30','2017-12-31',' ',' ',12,6),(67,'Cargo claims','','2016-06-30','2017-12-31',' ',' ',12,7),(68,'Cargo claims','','2016-06-30','2017-12-31',' ',' ',12,8),(69,'Cargo claims','','2016-06-30','2017-12-31',' ',' ',12,9),(70,'Cargo claims','','2016-06-30','2017-12-31',' ',' ',12,10),(71,'Cargo claims','','2016-06-30','2017-12-31',' ',' ',12,11),(72,'Cargo claims','','2016-06-30','2017-12-31',' ',' ',12,12),(73,'Cargo claims','','2016-06-30','2017-12-31',' ',' ',12,13),(74,'Cargo claims','','2016-06-30','2017-12-31',' ',' ',12,14),(75,'Cargo claims','','2016-06-30','2017-12-31',' ',' ',12,15),(76,'Safety','','2016-06-30','2017-12-31',' ',' ',10,1),(77,'Safety','','2016-06-30','2017-12-31',' ',' ',10,2),(78,'Safety','','2016-06-30','2017-12-31',' ',' ',10,3),(79,'Safety','','2016-06-30','2017-12-31',' ',' ',10,4),(80,'Safety','','2016-06-30','2017-12-31',' ',' ',10,5),(81,'Safety','','2016-06-30','2017-12-31',' ',' ',10,6),(82,'Safety','','2016-06-30','2017-12-31',' ',' ',10,7),(83,'Safety','','2016-06-30','2017-12-31',' ',' ',10,8),(84,'Safety','','2016-06-30','2017-12-31',' ',' ',10,9),(85,'Safety','','2016-06-30','2017-12-31',' ',' ',10,10),(86,'Safety','','2016-06-30','2017-12-31',' ',' ',10,11),(87,'Safety','','2016-06-30','2017-12-31',' ',' ',10,12),(88,'Safety','','2016-06-30','2017-12-31',' ',' ',10,13),(89,'Safety','','2016-06-30','2017-12-31',' ',' ',10,14),(90,'Safety','','2016-06-30','2017-12-31',' ',' ',10,15),(91,'Down time','','2016-06-30','2017-12-31',' ',' ',10,1),(92,'Down time','','2016-06-30','2017-12-31',' ',' ',10,2),(93,'Down time','','2016-06-30','2017-12-31',' ',' ',10,3),(94,'Down time','','2016-06-30','2017-12-31',' ',' ',10,4),(95,'Down time','','2016-06-30','2017-12-31',' ',' ',10,5),(96,'Down time','','2016-06-30','2017-12-31',' ',' ',10,6),(97,'Down time','','2016-06-30','2017-12-31',' ',' ',10,7),(98,'Down time','','2016-06-30','2017-12-31',' ',' ',10,8),(99,'Down time','','2016-06-30','2017-12-31',' ',' ',10,9),(100,'Down time','','2016-06-30','2017-12-31',' ',' ',10,10),(101,'Down time','','2016-06-30','2017-12-31',' ',' ',10,11),(102,'Down time','','2016-06-30','2017-12-31',' ',' ',10,12),(103,'Down time','','2016-06-30','2017-12-31',' ',' ',10,13),(104,'Down time','','2016-06-30','2017-12-31',' ',' ',10,14),(105,'Down time','','2016-06-30','2017-12-31',' ',' ',10,15),(106,'Vessel age','','2016-06-30','2017-12-31',' ',' ',7,1),(107,'Vessel age','','2016-06-30','2017-12-31',' ',' ',7,2),(108,'Vessel age','','2016-06-30','2017-12-31',' ',' ',7,3),(109,'Vessel age','','2016-06-30','2017-12-31',' ',' ',7,4),(110,'Vessel age','','2016-06-30','2017-12-31',' ',' ',7,5),(111,'Vessel age','','2016-06-30','2017-12-31',' ',' ',7,6),(112,'Vessel age','','2016-06-30','2017-12-31',' ',' ',7,7),(113,'Vessel age','','2016-06-30','2017-12-31',' ',' ',7,8),(114,'Vessel age','','2016-06-30','2017-12-31',' ',' ',7,9),(115,'Vessel age','','2016-06-30','2017-12-31',' ',' ',7,10),(116,'Vessel age','','2016-06-30','2017-12-31',' ',' ',7,11),(117,'Vessel age','','2016-06-30','2017-12-31',' ',' ',7,12),(118,'Vessel age','','2016-06-30','2017-12-31',' ',' ',7,13),(119,'Vessel age','','2016-06-30','2017-12-31',' ',' ',7,14),(120,'Vessel age','','2016-06-30','2017-12-31',' ',' ',7,15),(121,'Bunker','','2016-06-30','2017-12-31',' ',' ',7,1),(122,'Bunker','','2016-06-30','2017-12-31',' ',' ',7,2),(123,'Bunker','','2016-06-30','2017-12-31',' ',' ',7,3),(124,'Bunker','','2016-06-30','2017-12-31',' ',' ',7,4),(125,'Bunker','','2016-06-30','2017-12-31',' ',' ',7,5),(126,'Bunker','','2016-06-30','2017-12-31',' ',' ',7,6),(127,'Bunker','','2016-06-30','2017-12-31',' ',' ',7,7),(128,'Bunker','','2016-06-30','2017-12-31',' ',' ',7,8),(129,'Bunker','','2016-06-30','2017-12-31',' ',' ',7,9),(130,'Bunker','','2016-06-30','2017-12-31',' ',' ',7,10),(131,'Bunker','','2016-06-30','2017-12-31',' ',' ',7,11),(132,'Bunker','','2016-06-30','2017-12-31',' ',' ',7,12),(133,'Bunker','','2016-06-30','2017-12-31',' ',' ',7,13),(134,'Bunker','','2016-06-30','2017-12-31',' ',' ',7,14),(135,'Bunker','','2016-06-30','2017-12-31',' ',' ',7,15),(136,'Major Incidents','','2016-06-30','2017-12-31',' ',' ',14,16),(137,'Major Incidents','','2016-06-30','2017-12-31',' ',' ',14,17),(138,'Opex','','2016-06-30','2017-12-31',' ',' ',14,16),(139,'Opex','','2016-06-30','2017-12-31',' ',' ',14,17),(140,'Vessel Performance','','2016-06-30','2017-12-31',' ',' ',14,16),(141,'Vessel Performance','','2016-06-30','2017-12-31',' ',' ',14,17),(142,'Third party inspection','','2016-06-30','2017-12-31','','',12,16),(143,'Third party inspection','','2016-06-30','2017-12-31','','',12,17),(144,'Cargo claims','','2016-06-30','2017-12-31',' ',' ',12,16),(145,'Cargo claims','','2016-06-30','2017-12-31',' ',' ',12,17),(146,'Safety','','2016-06-30','2017-12-31',' ',' ',10,16),(147,'Safety','','2016-06-30','2017-12-31',' ',' ',10,17),(148,'Down time','','2016-06-30','2017-12-31',' ',' ',10,16),(149,'Down time','','2016-06-30','2017-12-31',' ',' ',10,17),(150,'Vessel age','','2016-06-30','2017-12-31',' ',' ',7,16),(151,'Vessel age','','2016-06-30','2017-12-31',' ',' ',7,17),(152,'Bunker','','2016-06-30','2017-12-31',' ',' ',7,16),(153,'Bunker','','2016-06-30','2017-12-31',' ',' ',7,17);
/*!40000 ALTER TABLE `ranking_kpi_details` ENABLE KEYS */;
UNLOCK TABLES;

--
-- Table structure for table `ranking_kpi_rules`
--

DROP TABLE IF EXISTS `ranking_kpi_rules`;
/*!40101 SET @saved_cs_client     = @@character_set_client */;
/*!40101 SET character_set_client = utf8 */;
CREATE TABLE `ranking_kpi_rules` (
  `id` int(11) NOT NULL AUTO_INCREMENT,
  `Rules` varchar(255) COLLATE utf8_unicode_ci NOT NULL,
  `KpiDetailsId` int(11) DEFAULT NULL,
  PRIMARY KEY (`id`),
  KEY `IDX_253B384FF10FA648` (`KpiDetailsId`),
  CONSTRAINT `FK_253B384FF10FA648` FOREIGN KEY (`KpiDetailsId`) REFERENCES `ranking_kpi_details` (`id`)
) ENGINE=InnoDB DEFAULT CHARSET=utf8 COLLATE=utf8_unicode_ci;
/*!40101 SET character_set_client = @saved_cs_client */;

--
-- Dumping data for table `ranking_kpi_rules`
--

LOCK TABLES `ranking_kpi_rules` WRITE;
/*!40000 ALTER TABLE `ranking_kpi_rules` DISABLE KEYS */;
/*!40000 ALTER TABLE `ranking_kpi_rules` ENABLE KEYS */;
UNLOCK TABLES;

--
-- Table structure for table `ranking_monthly_data`
--

DROP TABLE IF EXISTS `ranking_monthly_data`;
/*!40101 SET @saved_cs_client     = @@character_set_client */;
/*!40101 SET character_set_client = utf8 */;
CREATE TABLE `ranking_monthly_data` (
  `id` int(11) NOT NULL AUTO_INCREMENT,
  `value` varchar(255) COLLATE utf8_unicode_ci DEFAULT NULL,
  `monthdetail` date NOT NULL,
  `status` int(11) NOT NULL,
  `ShipDetailsId` int(11) DEFAULT NULL,
  `KpiDetailsId` int(11) DEFAULT NULL,
  `ElementDetailsId` int(11) DEFAULT NULL,
  PRIMARY KEY (`id`),
  KEY `IDX_40D230035041247E` (`ShipDetailsId`),
  KEY `IDX_40D23003F10FA648` (`KpiDetailsId`),
  KEY `IDX_40D23003ABFC5A8E` (`ElementDetailsId`),
  CONSTRAINT `FK_40D230035041247E` FOREIGN KEY (`ShipDetailsId`) REFERENCES `ship_details` (`id`),
  CONSTRAINT `FK_40D23003ABFC5A8E` FOREIGN KEY (`ElementDetailsId`) REFERENCES `ranking_element_details` (`id`),
  CONSTRAINT `FK_40D23003F10FA648` FOREIGN KEY (`KpiDetailsId`) REFERENCES `ranking_kpi_details` (`id`)
) ENGINE=InnoDB AUTO_INCREMENT=3409 DEFAULT CHARSET=utf8 COLLATE=utf8_unicode_ci;
/*!40101 SET character_set_client = @saved_cs_client */;

--
-- Dumping data for table `ranking_monthly_data`
--

LOCK TABLES `ranking_monthly_data` WRITE;
/*!40000 ALTER TABLE `ranking_monthly_data` DISABLE KEYS */;
INSERT INTO `ranking_monthly_data` VALUES (1,'0','2016-01-31',3,1,1,1),(2,'5','2016-01-31',3,1,16,2),(3,'-65','2016-01-31',3,1,16,3),(4,'99','2016-01-31',3,1,16,4),(5,'0','2016-01-31',3,1,31,5),(6,'10','2016-01-31',3,1,31,6),(7,'0','2016-01-31',3,1,46,7),(8,'0','2016-01-31',3,1,46,8),(9,'00','2016-01-31',3,1,46,9),(10,'0','2016-01-31',3,1,46,10),(11,'0','2016-01-31',3,1,46,11),(12,'0','2016-01-31',3,1,46,12),(13,'0','2016-01-31',3,1,46,13),(14,'4','2016-01-31',3,1,46,14),(15,'100','2016-01-31',3,1,46,15),(16,'0','2016-01-31',3,1,46,16),(17,'0','2016-01-31',3,1,61,17),(18,'0','2016-01-31',3,1,61,18),(19,'0','2016-01-31',3,1,61,19),(20,'0','2016-01-31',3,1,76,20),(21,'0','2016-01-31',3,1,76,21),(22,'0','2016-01-31',3,1,91,22),(23,'3','2016-01-31',3,1,91,23),(24,'0','2016-01-31',3,1,121,24),(25,'0','2016-02-29',3,1,1,1),(26,'-9','2016-02-29',3,1,16,2),(27,'-47','2016-02-29',3,1,16,3),(28,'-6','2016-02-29',3,1,16,4),(29,'0','2016-02-29',3,1,31,5),(30,'10','2016-02-29',3,1,31,6),(31,'0','2016-02-29',3,1,46,7),(32,'0','2016-02-29',3,1,46,8),(33,'0','2016-02-29',3,1,46,9),(34,'0','2016-02-29',3,1,46,10),(35,'0','2016-02-29',3,1,46,11),(36,'0','2016-02-29',3,1,46,12),(37,'0','2016-02-29',3,1,46,13),(38,'4','2016-02-29',3,1,46,14),(39,'100','2016-02-29',3,1,46,15),(40,'0','2016-02-29',3,1,46,16),(41,'0','2016-02-29',3,1,61,17),(42,'0','2016-02-29',3,1,61,18),(43,'0','2016-02-29',3,1,61,19),(44,'0','2016-02-29',3,1,76,20),(45,'0','2016-02-29',3,1,76,21),(46,'0','2016-02-29',3,1,91,22),(47,'0','2016-02-29',3,1,91,23),(48,'0','2016-02-29',3,1,121,24),(49,'0','2016-01-31',3,2,1,1),(50,'3.0','2016-01-31',3,2,16,2),(51,'47','2016-01-31',3,2,16,3),(52,'29','2016-01-31',3,2,16,4),(53,'0','2016-01-31',3,2,31,5),(54,'10','2016-01-31',3,2,31,6),(55,'0','2016-01-31',3,2,46,7),(56,'0','2016-01-31',3,2,46,8),(57,'0','2016-01-31',3,2,46,9),(58,'0','2016-01-31',3,2,46,10),(59,'0','2016-01-31',3,2,46,11),(60,'0','2016-01-31',3,2,46,12),(61,'0','2016-01-31',3,2,46,13),(62,'5','2016-01-31',3,2,46,14),(63,'100','2016-01-31',3,2,46,15),(64,'0','2016-01-31',3,2,46,16),(65,'0','2016-01-31',3,2,61,17),(66,'0','2016-01-31',3,2,61,18),(67,'0','2016-01-31',3,2,61,19),(68,'0.1','2016-01-31',3,2,76,20),(69,'0.1','2016-01-31',3,2,76,21),(70,'0','2016-01-31',3,2,91,22),(71,'0','2016-01-31',3,2,91,23),(72,'1.46','2016-01-31',3,2,121,24),(73,'0','2016-01-31',3,3,1,1),(74,'8','2016-01-31',3,3,16,2),(75,'3.5','2016-01-31',3,3,16,3),(76,'74','2016-01-31',3,3,16,4),(77,'6','2016-01-31',3,3,31,5),(78,'10','2016-01-31',3,3,31,6),(79,'0','2016-01-31',3,3,46,7),(80,'0','2016-01-31',3,3,46,8),(81,'0','2016-01-31',3,3,46,9),(82,'0','2016-01-31',3,3,46,10),(83,'0','2016-01-31',3,3,46,11),(84,'0','2016-01-31',3,3,46,12),(85,'0','2016-01-31',3,3,46,13),(86,'5','2016-01-31',3,3,46,14),(87,'100','2016-01-31',3,3,46,15),(88,'0','2016-01-31',3,3,46,16),(89,'0','2016-01-31',3,3,61,17),(90,'0','2016-01-31',3,3,61,18),(91,'0','2016-01-31',3,3,61,19),(92,'0','2016-01-31',3,3,76,20),(93,'0','2016-01-31',3,3,76,21),(94,'0','2016-01-31',3,3,91,22),(95,'0','2016-01-31',3,3,91,23),(96,'0','2016-01-31',3,3,121,24),(97,'0','2016-01-31',3,4,1,1),(98,'-2','2016-01-31',3,4,16,2),(99,'95','2016-01-31',3,4,16,3),(100,'-54','2016-01-31',3,4,16,4),(101,'-1','2016-01-31',3,4,31,5),(102,'10','2016-01-31',3,4,31,6),(103,'0','2016-01-31',3,4,46,7),(104,'0','2016-01-31',3,4,46,8),(105,'0','2016-01-31',3,4,46,9),(106,'0','2016-01-31',3,4,46,10),(107,'0','2016-01-31',3,4,46,11),(108,'0','2016-01-31',3,4,46,12),(109,'0','2016-01-31',3,4,46,13),(110,'4','2016-01-31',3,4,46,14),(111,'100','2016-01-31',3,4,46,15),(112,'0','2016-01-31',3,4,46,16),(113,'1','2016-01-31',3,4,61,17),(114,'0','2016-01-31',3,4,61,18),(115,'0','2016-01-31',3,4,61,19),(116,'0','2016-01-31',3,4,76,20),(117,'0','2016-01-31',3,4,76,21),(118,'0','2016-01-31',3,4,91,22),(119,'0','2016-01-31',3,4,91,23),(120,'-0.55','2016-01-31',3,4,121,24),(121,'0','2016-01-31',3,5,1,1),(122,'-2','2016-01-31',3,5,16,2),(123,'16.5','2016-01-31',3,5,16,3),(124,'59','2016-01-31',3,5,16,4),(125,'3','2016-01-31',3,5,31,5),(126,'10','2016-01-31',3,5,31,6),(127,'0','2016-01-31',3,5,46,7),(128,'0','2016-01-31',3,5,46,8),(129,'0','2016-01-31',3,5,46,9),(130,'0','2016-01-31',3,5,46,10),(131,'0','2016-01-31',3,5,46,11),(132,'0','2016-01-31',3,5,46,12),(133,'1','2016-01-31',3,5,46,13),(134,'4','2016-01-31',3,5,46,14),(135,'100','2016-01-31',3,5,46,15),(136,'0','2016-01-31',3,5,46,16),(137,'0','2016-01-31',3,5,61,17),(138,'0','2016-01-31',3,5,61,18),(139,'0','2016-01-31',3,5,61,19),(140,'0','2016-01-31',3,5,76,20),(141,'0','2016-01-31',3,5,76,21),(142,'0','2016-01-31',3,5,91,22),(143,'0','2016-01-31',3,5,91,23),(144,'0','2016-01-31',3,5,121,24),(145,'0','2016-01-31',3,6,1,1),(146,'12','2016-01-31',3,6,16,2),(147,'2','2016-01-31',3,6,16,3),(148,'76','2016-01-31',3,6,16,4),(149,'5','2016-01-31',3,6,31,5),(150,'10','2016-01-31',3,6,31,6),(151,'0','2016-01-31',3,6,46,7),(152,'0','2016-01-31',3,6,46,8),(153,'0','2016-01-31',3,6,46,9),(154,'0','2016-01-31',3,6,46,10),(155,'3','2016-01-31',3,6,46,11),(156,'0','2016-01-31',3,6,46,12),(157,'0','2016-01-31',3,6,46,13),(158,'5','2016-01-31',3,6,46,14),(159,'100','2016-01-31',3,6,46,15),(160,'0','2016-01-31',3,6,46,16),(161,'0','2016-01-31',3,6,61,17),(162,'0','2016-01-31',3,6,61,18),(163,'0','2016-01-31',3,6,61,19),(164,'0','2016-01-31',3,6,76,20),(165,'0','2016-01-31',3,6,76,21),(166,'0','2016-01-31',3,6,91,22),(167,'0.3','2016-01-31',3,6,91,23),(168,'-0.25','2016-01-31',3,6,121,24),(169,'0','2016-01-31',3,7,1,1),(170,'8','2016-01-31',3,7,16,2),(171,'38','2016-01-31',3,7,16,3),(172,'60','2016-01-31',3,7,16,4),(173,'3','2016-01-31',3,7,31,5),(174,'10','2016-01-31',3,7,31,6),(175,'0','2016-01-31',3,7,46,7),(176,'0','2016-01-31',3,7,46,8),(177,'0','2016-01-31',3,7,46,9),(178,'0','2016-01-31',3,7,46,10),(179,'0','2016-01-31',3,7,46,11),(180,'0','2016-01-31',3,7,46,12),(181,'2','2016-01-31',3,7,46,13),(182,'5','2016-01-31',3,7,46,14),(183,'100','2016-01-31',3,7,46,15),(184,'0','2016-01-31',3,7,46,16),(185,'0','2016-01-31',3,7,61,17),(186,'0','2016-01-31',3,7,61,18),(187,'1','2016-01-31',3,7,61,19),(188,'0','2016-01-31',3,7,76,20),(189,'0.1','2016-01-31',3,7,76,21),(190,'0','2016-01-31',3,7,91,22),(191,'21.1','2016-01-31',3,7,91,23),(192,'0','2016-01-31',3,7,121,24),(193,'0','2016-01-31',3,8,1,1),(194,'0','2016-01-31',3,8,16,2),(195,'61','2016-01-31',3,8,16,3),(196,'70','2016-01-31',3,8,16,4),(197,'4','2016-01-31',3,8,31,5),(198,'10','2016-01-31',3,8,31,6),(199,'0','2016-01-31',3,8,46,7),(200,'0','2016-01-31',3,8,46,8),(201,'0','2016-01-31',3,8,46,9),(202,'0','2016-01-31',3,8,46,10),(203,'0','2016-01-31',3,8,46,11),(204,'0','2016-01-31',3,8,46,12),(205,'2','2016-01-31',3,8,46,13),(206,'5','2016-01-31',3,8,46,14),(207,'100','2016-01-31',3,8,46,15),(208,'0','2016-01-31',3,8,46,16),(209,'0','2016-01-31',3,8,61,17),(210,'0','2016-01-31',3,8,61,18),(211,'0','2016-01-31',3,8,61,19),(212,'0','2016-01-31',3,8,76,20),(213,'0','2016-01-31',3,8,76,21),(214,'0','2016-01-31',3,8,91,22),(215,'0','2016-01-31',3,8,91,23),(216,'0.82','2016-01-31',3,8,121,24),(217,'0','2016-01-31',3,9,1,1),(218,'-2','2016-01-31',3,9,16,2),(219,'21','2016-01-31',3,9,16,3),(220,'93','2016-01-31',3,9,16,4),(221,'8','2016-01-31',3,9,31,5),(222,'10','2016-01-31',3,9,31,6),(223,'0','2016-01-31',3,9,46,7),(224,'0','2016-01-31',3,9,46,8),(225,'0','2016-01-31',3,9,46,9),(226,'0','2016-01-31',3,9,46,10),(227,'0','2016-01-31',3,9,46,11),(228,'0','2016-01-31',3,9,46,12),(229,'0','2016-01-31',3,9,46,13),(230,'4','2016-01-31',3,9,46,14),(231,'100','2016-01-31',3,9,46,15),(232,'0','2016-01-31',3,9,46,16),(233,'0','2016-01-31',3,9,61,17),(234,'0','2016-01-31',3,9,61,18),(235,'0','2016-01-31',3,9,61,19),(236,'0','2016-01-31',3,9,76,20),(237,'0','2016-01-31',3,9,76,21),(238,'0','2016-01-31',3,9,91,22),(239,'5','2016-01-31',3,9,91,23),(240,'30.65','2016-01-31',3,9,121,24),(241,'0','2016-01-31',3,10,1,1),(242,'8','2016-01-31',3,10,16,2),(243,'37','2016-01-31',3,10,16,3),(244,'383','2016-01-31',3,10,16,4),(245,'-1','2016-01-31',3,10,31,5),(246,'10','2016-01-31',3,10,31,6),(247,'0','2016-01-31',3,10,46,7),(248,'0','2016-01-31',3,10,46,8),(249,'0','2016-01-31',3,10,46,9),(250,'0','2016-01-31',3,10,46,10),(251,'0','2016-01-31',3,10,46,11),(252,'0','2016-01-31',3,10,46,12),(253,'0','2016-01-31',3,10,46,13),(254,'5','2016-01-31',3,10,46,14),(255,'100','2016-01-31',3,10,46,15),(256,'0','2016-01-31',3,10,46,16),(257,'0','2016-01-31',3,10,61,17),(258,'0','2016-01-31',3,10,61,18),(259,'0','2016-01-31',3,10,61,19),(260,'0','2016-01-31',3,10,76,20),(261,'0','2016-01-31',3,10,76,21),(262,'0','2016-01-31',3,10,91,22),(263,'0','2016-01-31',3,10,91,23),(264,'-0.36','2016-01-31',3,10,121,24),(265,'0','2016-01-31',3,11,1,1),(266,'-3','2016-01-31',3,11,16,2),(267,'16','2016-01-31',3,11,16,3),(268,'65','2016-01-31',3,11,16,4),(269,'1','2016-01-31',3,11,31,5),(270,'10','2016-01-31',3,11,31,6),(271,'0','2016-01-31',3,11,46,7),(272,'0','2016-01-31',3,11,46,8),(273,'0','2016-01-31',3,11,46,9),(274,'0','2016-01-31',3,11,46,10),(275,'0','2016-01-31',3,11,46,11),(276,'0','2016-01-31',3,11,46,12),(277,'0','2016-01-31',3,11,46,13),(278,'5','2016-01-31',3,11,46,14),(279,'100','2016-01-31',3,11,46,15),(280,'0','2016-01-31',3,11,46,16),(281,'0','2016-01-31',3,11,61,17),(282,'0','2016-01-31',3,11,61,18),(283,'0','2016-01-31',3,11,61,19),(284,'0','2016-01-31',3,11,76,20),(285,'0','2016-01-31',3,11,76,21),(286,'0','2016-01-31',3,11,91,22),(287,'0','2016-01-31',3,11,91,23),(288,'1.72','2016-01-31',3,11,121,24),(289,'1','2016-01-31',3,12,1,1),(290,'7','2016-01-31',3,12,16,2),(291,'76.4','2016-01-31',3,12,16,3),(292,'94','2016-01-31',3,12,16,4),(293,'-13','2016-01-31',3,12,31,5),(294,'10','2016-01-31',3,12,31,6),(295,'0','2016-01-31',3,12,46,7),(296,'0','2016-01-31',3,12,46,8),(297,'0','2016-01-31',3,12,46,9),(298,'0','2016-01-31',3,12,46,10),(299,'0','2016-01-31',3,12,46,11),(300,'0','2016-01-31',3,12,46,12),(301,'0','2016-01-31',3,12,46,13),(302,'5','2016-01-31',3,12,46,14),(303,'100','2016-01-31',3,12,46,15),(304,'0','2016-01-31',3,12,46,16),(305,'0','2016-01-31',3,12,61,17),(306,'0','2016-01-31',3,12,61,18),(307,'0','2016-01-31',3,12,61,19),(308,'0','2016-01-31',3,12,76,20),(309,'0','2016-01-31',3,12,76,21),(310,'0','2016-01-31',3,12,91,22),(311,'0','2016-01-31',3,12,91,23),(312,'-0.75','2016-01-31',3,12,121,24),(313,'0','2016-01-31',3,13,1,1),(314,'9','2016-01-31',3,13,16,2),(315,'19','2016-01-31',3,13,16,3),(316,'45','2016-01-31',3,13,16,4),(317,'-2','2016-01-31',3,13,31,5),(318,'10','2016-01-31',3,13,31,6),(319,'0','2016-01-31',3,13,46,7),(320,'0','2016-01-31',3,13,46,8),(321,'0','2016-01-31',3,13,46,9),(322,'0','2016-01-31',3,13,46,10),(323,'0','2016-01-31',3,13,46,11),(324,'0','2016-01-31',3,13,46,12),(325,'0','2016-01-31',3,13,46,13),(326,'5','2016-01-31',3,13,46,14),(327,'100','2016-01-31',3,13,46,15),(328,'0','2016-01-31',3,13,46,16),(329,'0','2016-01-31',3,13,61,17),(330,'0','2016-01-31',3,13,61,18),(331,'0','2016-01-31',3,13,61,19),(332,'0','2016-01-31',3,13,76,20),(333,'0','2016-01-31',3,13,76,21),(334,'0','2016-01-31',3,13,91,22),(335,'0','2016-01-31',3,13,91,23),(336,'-0.31','2016-01-31',3,13,121,24),(337,'0','2016-01-31',3,14,1,1),(338,'4','2016-01-31',3,14,16,2),(339,'-158','2016-01-31',3,14,16,3),(340,'-279','2016-01-31',3,14,16,4),(341,'5','2016-01-31',3,14,31,5),(342,'10','2016-01-31',3,14,31,6),(343,'0','2016-01-31',3,14,46,7),(344,'0','2016-01-31',3,14,46,8),(345,'0','2016-01-31',3,14,46,9),(346,'1','2016-01-31',3,14,46,10),(347,'3','2016-01-31',3,14,46,11),(348,'0','2016-01-31',3,14,46,12),(349,'1','2016-01-31',3,14,46,13),(350,'5','2016-01-31',3,14,46,14),(351,'100','2016-01-31',3,14,46,15),(352,'0','2016-01-31',3,14,46,16),(353,'0','2016-01-31',3,14,61,17),(354,'0','2016-01-31',3,14,61,18),(355,'0','2016-01-31',3,14,61,19),(356,'0','2016-01-31',3,14,76,20),(357,'0','2016-01-31',3,14,76,21),(358,'0','2016-01-31',3,14,91,22),(359,'0','2016-01-31',3,14,91,23),(360,'-0.04','2016-01-31',3,14,121,24),(361,'2','2016-03-31',3,1,1,1),(362,'-10','2016-03-31',3,1,16,2),(363,'-63','2016-03-31',3,1,16,3),(364,'1','2016-03-31',3,1,16,4),(365,'4','2016-03-31',3,1,31,5),(366,'10','2016-03-31',3,1,31,6),(367,'1','2016-03-31',3,1,46,7),(368,'0','2016-03-31',3,1,46,8),(369,'0','2016-03-31',3,1,46,9),(370,'0','2016-03-31',3,1,46,10),(371,'0','2016-03-31',3,1,46,11),(372,'16','2016-03-31',3,1,46,12),(373,'3','2016-03-31',3,1,46,13),(374,'2','2016-03-31',3,1,46,14),(375,'0','2016-03-31',3,1,46,15),(376,'0','2016-03-31',3,1,46,16),(377,'0','2016-03-31',3,1,61,17),(378,'0','2016-03-31',3,1,61,18),(379,'1','2016-03-31',3,1,61,19),(380,'0','2016-03-31',3,1,76,20),(381,'0','2016-03-31',3,1,76,21),(382,'0','2016-03-31',3,1,91,22),(383,'7.5','2016-03-31',3,1,91,23),(384,'0','2016-03-31',3,1,121,24),(385,'1','2016-04-30',3,1,1,1),(386,'-8','2016-04-30',3,1,16,2),(387,'-47','2016-04-30',3,1,16,3),(388,'4','2016-04-30',3,1,16,4),(389,'0','2016-04-30',3,1,31,5),(390,'10','2016-04-30',3,1,31,6),(391,'0','2016-04-30',3,1,46,7),(392,'0','2016-04-30',3,1,46,8),(393,'0','2016-04-30',3,1,46,9),(394,'0','2016-04-30',3,1,46,10),(395,'0','2016-04-30',3,1,46,11),(396,'0','2016-04-30',3,1,46,12),(397,'3','2016-04-30',3,1,46,13),(398,'4','2016-04-30',3,1,46,14),(399,'100','2016-04-30',3,1,46,15),(400,'0','2016-04-30',3,1,46,16),(401,'0','2016-04-30',3,1,61,17),(402,'0','2016-04-30',3,1,61,18),(403,'0','2016-04-30',3,1,61,19),(404,'0','2016-04-30',3,1,76,20),(405,'0','2016-04-30',3,1,76,21),(406,'0','2016-04-30',3,1,91,22),(407,'0','2016-04-30',3,1,91,23),(408,'1','2016-04-30',3,1,121,24),(409,'1','2016-05-31',3,1,1,1),(410,'-6','2016-05-31',3,1,16,2),(411,'-55','2016-05-31',3,1,16,3),(412,'-1','2016-05-31',3,1,16,4),(413,'3','2016-05-31',3,1,31,5),(414,'10','2016-05-31',3,1,31,6),(415,'0','2016-05-31',3,1,46,7),(416,'0','2016-05-31',3,1,46,8),(417,'0','2016-05-31',3,1,46,9),(418,'0','2016-05-31',3,1,46,10),(419,'0','2016-05-31',3,1,46,11),(420,'0','2016-05-31',3,1,46,12),(421,'3','2016-05-31',3,1,46,13),(422,'4','2016-05-31',3,1,46,14),(423,'100','2016-05-31',3,1,46,15),(424,'0','2016-05-31',3,1,46,16),(425,'0','2016-05-31',3,1,61,17),(426,'0','2016-05-31',3,1,61,18),(427,'0','2016-05-31',3,1,61,19),(428,'0','2016-05-31',3,1,76,20),(429,'0','2016-05-31',3,1,76,21),(430,'24','2016-05-31',3,1,91,22),(431,'0','2016-05-31',3,1,91,23),(432,'-2','2016-05-31',3,1,121,24),(433,'0','2016-02-29',3,2,1,1),(434,'-21','2016-02-29',3,2,16,2),(435,'-36','2016-02-29',3,2,16,3),(436,'2','2016-02-29',3,2,16,4),(437,'22','2016-02-29',3,2,31,5),(438,'10','2016-02-29',3,2,31,6),(439,'0','2016-02-29',3,2,46,7),(440,'0','2016-02-29',3,2,46,8),(441,'0','2016-02-29',3,2,46,9),(442,'0','2016-02-29',3,2,46,10),(443,'0','2016-02-29',3,2,46,11),(444,'0','2016-02-29',3,2,46,12),(445,'0','2016-02-29',3,2,46,13),(446,'5','2016-02-29',3,2,46,14),(447,'100','2016-02-29',3,2,46,15),(448,'0','2016-02-29',3,2,46,16),(449,'0','2016-02-29',3,2,61,17),(450,'0','2016-02-29',3,2,61,18),(451,'0','2016-02-29',3,2,61,19),(452,'0.1','2016-02-29',3,2,76,20),(453,'0.1','2016-02-29',3,2,76,21),(454,'0','2016-02-29',3,2,91,22),(455,'0.75','2016-02-29',3,2,91,23),(456,'4.0','2016-02-29',3,2,121,24),(457,'1','2016-02-29',3,3,1,1),(458,'-5','2016-02-29',3,3,16,2),(459,'-5','2016-02-29',3,3,16,3),(460,'0','2016-02-29',3,3,16,4),(461,'-1','2016-02-29',3,3,31,5),(462,'10','2016-02-29',3,3,31,6),(463,'0','2016-02-29',3,3,46,7),(464,'0','2016-02-29',3,3,46,8),(465,'0','2016-02-29',3,3,46,9),(466,'0','2016-02-29',3,3,46,10),(467,'0','2016-02-29',3,3,46,11),(468,'4','2016-02-29',3,3,46,12),(469,'0','2016-02-29',3,3,46,13),(470,'5','2016-02-29',3,3,46,14),(471,'0','2016-02-29',3,3,46,15),(472,'0','2016-02-29',3,3,46,16),(473,'0','2016-02-29',3,3,61,17),(474,'0','2016-02-29',3,3,61,18),(475,'0','2016-02-29',3,3,61,19),(476,'0','2016-02-29',3,3,76,20),(477,'0','2016-02-29',3,3,76,21),(478,'0','2016-02-29',3,3,91,22),(479,'0','2016-02-29',3,3,91,23),(480,'0','2016-02-29',3,3,121,24),(481,'0','2016-02-29',3,4,1,1),(482,'-17','2016-02-29',3,4,16,2),(483,'4','2016-02-29',3,4,16,3),(484,'0','2016-02-29',3,4,16,4),(485,'10','2016-02-29',3,4,31,5),(486,'10','2016-02-29',3,4,31,6),(487,'0','2016-02-29',3,4,46,7),(488,'0','2016-02-29',3,4,46,8),(489,'0','2016-02-29',3,4,46,9),(490,'0','2016-02-29',3,4,46,10),(491,'0','2016-02-29',3,4,46,11),(492,'0','2016-02-29',3,4,46,12),(493,'0','2016-02-29',3,4,46,13),(494,'4','2016-02-29',3,4,46,14),(495,'100','2016-02-29',3,4,46,15),(496,'0','2016-02-29',3,4,46,16),(497,'0','2016-02-29',3,4,61,17),(498,'0','2016-02-29',3,4,61,18),(499,'0','2016-02-29',3,4,61,19),(500,'0','2016-02-29',3,4,76,20),(501,'0','2016-02-29',3,4,76,21),(502,'0','2016-02-29',3,4,91,22),(503,'0','2016-02-29',3,4,91,23),(504,'0.18','2016-02-29',3,4,121,24),(505,'0','2016-02-29',3,5,1,1),(506,'-12','2016-02-29',3,5,16,2),(507,'-68','2016-02-29',3,5,16,3),(508,'-7','2016-02-29',3,5,16,4),(509,'-2','2016-02-29',3,5,31,5),(510,'10','2016-02-29',3,5,31,6),(511,'0','2016-02-29',3,5,46,7),(512,'0','2016-02-29',3,5,46,8),(513,'0','2016-02-29',3,5,46,9),(514,'0','2016-02-29',3,5,46,10),(515,'0','2016-02-29',3,5,46,11),(516,'0','2016-02-29',3,5,46,12),(517,'1','2016-02-29',3,5,46,13),(518,'5','2016-02-29',3,5,46,14),(519,'100','2016-02-29',3,5,46,15),(520,'0','2016-02-29',3,5,46,16),(521,'0','2016-02-29',3,5,61,17),(522,'0','2016-02-29',3,5,61,18),(523,'0','2016-02-29',3,5,61,19),(524,'0','2016-02-29',3,5,76,20),(525,'0','2016-02-29',3,5,76,21),(526,'0','2016-02-29',3,5,91,22),(527,'0.5','2016-02-29',3,5,91,23),(528,'1.45','2016-02-29',3,5,121,24),(529,'0','2016-02-29',3,6,1,1),(530,'-11','2016-02-29',3,6,16,2),(531,'6','2016-02-29',3,6,16,3),(532,'-29','2016-02-29',3,6,16,4),(533,'3','2016-02-29',3,6,31,5),(534,'10','2016-02-29',3,6,31,6),(535,'0','2016-02-29',3,6,46,7),(536,'0','2016-02-29',3,6,46,8),(537,'0','2016-02-29',3,6,46,9),(538,'0','2016-02-29',3,6,46,10),(539,'0','2016-02-29',3,6,46,11),(540,'0','2016-02-29',3,6,46,12),(541,'0','2016-02-29',3,6,46,13),(542,'5','2016-02-29',3,6,46,14),(543,'100','2016-02-29',3,6,46,15),(544,'0','2016-02-29',3,6,46,16),(545,'0','2016-02-29',3,6,61,17),(546,'0','2016-02-29',3,6,61,18),(547,'0','2016-02-29',3,6,61,19),(548,'0','2016-02-29',3,6,76,20),(549,'0','2016-02-29',3,6,76,21),(550,'0','2016-02-29',3,6,91,22),(551,'0','2016-02-29',3,6,91,23),(552,'-0.71','2016-02-29',3,6,121,24),(553,'0','2016-02-29',3,7,1,1),(554,'-6','2016-02-29',3,7,16,2),(555,'-7','2016-02-29',3,7,16,3),(556,'11','2016-02-29',3,7,16,4),(557,'8','2016-02-29',3,7,31,5),(558,'10','2016-02-29',3,7,31,6),(559,'0','2016-02-29',3,7,46,7),(560,'0','2016-02-29',3,7,46,8),(561,'0','2016-02-29',3,7,46,9),(562,'0','2016-02-29',3,7,46,10),(563,'0','2016-02-29',3,7,46,11),(564,'0','2016-02-29',3,7,46,12),(565,'2','2016-02-29',3,7,46,13),(566,'5','2016-02-29',3,7,46,14),(567,'100','2016-02-29',3,7,46,15),(568,'0','2016-02-29',3,7,46,16),(569,'0','2016-02-29',3,7,61,17),(570,'0','2016-02-29',3,7,61,18),(571,'0','2016-02-29',3,7,61,19),(572,'0','2016-02-29',3,7,76,20),(573,'0.1','2016-02-29',3,7,76,21),(574,'0','2016-02-29',3,7,91,22),(575,'0','2016-02-29',3,7,91,23),(576,'0.04','2016-02-29',3,7,121,24),(577,'0','2016-02-29',3,8,1,1),(578,'-13','2016-02-29',3,8,16,2),(579,'13','2016-02-29',3,8,16,3),(580,'-7','2016-02-29',3,8,16,4),(581,'-5','2016-02-29',3,8,31,5),(582,'10','2016-02-29',3,8,31,6),(583,'0','2016-02-29',3,8,46,7),(584,'0','2016-02-29',3,8,46,8),(585,'0','2016-02-29',3,8,46,9),(586,'0','2016-02-29',3,8,46,10),(587,'0','2016-02-29',3,8,46,11),(588,'0','2016-02-29',3,8,46,12),(589,'1','2016-02-29',3,8,46,13),(590,'5','2016-02-29',3,8,46,14),(591,'100','2016-02-29',3,8,46,15),(592,'0','2016-02-29',3,8,46,16),(593,'0','2016-02-29',3,8,61,17),(594,'0','2016-02-29',3,8,61,18),(595,'0','2016-02-29',3,8,61,19),(596,'0','2016-02-29',3,8,76,20),(597,'0','2016-02-29',3,8,76,21),(598,'0','2016-02-29',3,8,91,22),(599,'0','2016-02-29',3,8,91,23),(600,'-0.76','2016-02-29',3,8,121,24),(601,'0','2016-02-29',3,9,1,1),(602,'-9','2016-02-29',3,9,16,2),(603,'-10','2016-02-29',3,9,16,3),(604,'7','2016-02-29',3,9,16,4),(605,'4','2016-02-29',3,9,31,5),(606,'10','2016-02-29',3,9,31,6),(607,'0','2016-02-29',3,9,46,7),(608,'0','2016-02-29',3,9,46,8),(609,'0','2016-02-29',3,9,46,9),(610,'0','2016-02-29',3,9,46,10),(611,'0','2016-02-29',3,9,46,11),(612,'0','2016-02-29',3,9,46,12),(613,'0','2016-02-29',3,9,46,13),(614,'4','2016-02-29',3,9,46,14),(615,'100','2016-02-29',3,9,46,15),(616,'0','2016-02-29',3,9,46,16),(617,'0','2016-02-29',3,9,61,17),(618,'0','2016-02-29',3,9,61,18),(619,'0','2016-02-29',3,9,61,19),(620,'0','2016-02-29',3,9,76,20),(621,'0','2016-02-29',3,9,76,21),(622,'0','2016-02-29',3,9,91,22),(623,'0','2016-02-29',3,9,91,23),(624,'0','2016-02-29',3,9,121,24),(625,'2','2016-02-29',3,10,1,1),(626,'-8','2016-02-29',3,10,16,2),(627,'-31','2016-02-29',3,10,16,3),(628,'-9','2016-02-29',3,10,16,4),(629,'16','2016-02-29',3,10,31,5),(630,'10','2016-02-29',3,10,31,6),(631,'0','2016-02-29',3,10,46,7),(632,'0','2016-02-29',3,10,46,8),(633,'0','2016-02-29',3,10,46,9),(634,'0','2016-02-29',3,10,46,10),(635,'0','2016-02-29',3,10,46,11),(636,'0','2016-02-29',3,10,46,12),(637,'0','2016-02-29',3,10,46,13),(638,'5','2016-02-29',3,10,46,14),(639,'100','2016-02-29',3,10,46,15),(640,'0','2016-02-29',3,10,46,16),(641,'0','2016-02-29',3,10,61,17),(642,'0','2016-02-29',3,10,61,18),(643,'0','2016-02-29',3,10,61,19),(644,'0','2016-02-29',3,10,76,20),(645,'0','2016-02-29',3,10,76,21),(646,'0','2016-02-29',3,10,91,22),(647,'0','2016-02-29',3,10,91,23),(648,'2.38','2016-02-29',3,10,121,24),(649,'0','2016-02-29',3,11,1,1),(650,'-9','2016-02-29',3,11,16,2),(651,'16','2016-02-29',3,11,16,3),(652,'-5','2016-02-29',3,11,16,4),(653,'-1','2016-02-29',3,11,31,5),(654,'10','2016-02-29',3,11,31,6),(655,'0','2016-02-29',3,11,46,7),(656,'0','2016-02-29',3,11,46,8),(657,'0','2016-02-29',3,11,46,9),(658,'0','2016-02-29',3,11,46,10),(659,'0','2016-02-29',3,11,46,11),(660,'0','2016-02-29',3,11,46,12),(661,'1','2016-02-29',3,11,46,13),(662,'5','2016-02-29',3,11,46,14),(663,'100','2016-02-29',3,11,46,15),(664,'0','2016-02-29',3,11,46,16),(665,'0','2016-02-29',3,11,61,17),(666,'0','2016-02-29',3,11,61,18),(667,'0','2016-02-29',3,11,61,19),(668,'0','2016-02-29',3,11,76,20),(669,'0','2016-02-29',3,11,76,21),(670,'0','2016-02-29',3,11,91,22),(671,'0','2016-02-29',3,11,91,23),(672,'-1.78','2016-02-29',3,11,121,24),(673,'0','2016-02-29',3,12,1,1),(674,'-9','2016-02-29',3,12,16,2),(675,'16','2016-02-29',3,12,16,3),(676,'3','2016-02-29',3,12,16,4),(677,'1','2016-02-29',3,12,31,5),(678,'10','2016-02-29',3,12,31,6),(679,'0','2016-02-29',3,12,46,7),(680,'0','2016-02-29',3,12,46,8),(681,'0','2016-02-29',3,12,46,9),(682,'0','2016-02-29',3,12,46,10),(683,'0','2016-02-29',3,12,46,11),(684,'0','2016-02-29',3,12,46,12),(685,'0','2016-02-29',3,12,46,13),(686,'5','2016-02-29',3,12,46,14),(687,'100','2016-02-29',3,12,46,15),(688,'0','2016-02-29',3,12,46,16),(689,'0','2016-02-29',3,12,61,17),(690,'0','2016-02-29',3,12,61,18),(691,'0','2016-02-29',3,12,61,19),(692,'0','2016-02-29',3,12,76,20),(693,'0','2016-02-29',3,12,76,21),(694,'0','2016-02-29',3,12,91,22),(695,'0','2016-02-29',3,12,91,23),(696,'-0.53','2016-02-29',3,12,121,24),(697,'0','2016-02-29',3,13,1,1),(698,'-12','2016-02-29',3,13,16,2),(699,'15','2016-02-29',3,13,16,3),(700,'-5','2016-02-29',3,13,16,4),(701,'30','2016-02-29',3,13,31,5),(702,'10','2016-02-29',3,13,31,6),(703,'0','2016-02-29',3,13,46,7),(704,'0','2016-02-29',3,13,46,8),(705,'0','2016-02-29',3,13,46,9),(706,'0','2016-02-29',3,13,46,10),(707,'0','2016-02-29',3,13,46,11),(708,'0','2016-02-29',3,13,46,12),(709,'0','2016-02-29',3,13,46,13),(710,'5','2016-02-29',3,13,46,14),(711,'100','2016-02-29',3,13,46,15),(712,'0','2016-02-29',3,13,46,16),(713,'0','2016-02-29',3,13,61,17),(714,'0','2016-02-29',3,13,61,18),(715,'0','2016-02-29',3,13,61,19),(716,'0','2016-02-29',3,13,76,20),(717,'0','2016-02-29',3,13,76,21),(718,'0','2016-02-29',3,13,91,22),(719,'2.8','2016-02-29',3,13,91,23),(720,'0.45','2016-02-29',3,13,121,24),(721,'0','2016-02-29',3,14,1,1),(722,'-12','2016-02-29',3,14,16,2),(723,'-68','2016-02-29',3,14,16,3),(724,'-7','2016-02-29',3,14,16,4),(725,'8','2016-02-29',3,14,31,5),(726,'10','2016-02-29',3,14,31,6),(727,'0','2016-02-29',3,14,46,7),(728,'0','2016-02-29',3,14,46,8),(729,'0','2016-02-29',3,14,46,9),(730,'0','2016-02-29',3,14,46,10),(731,'0','2016-02-29',3,14,46,11),(732,'0','2016-02-29',3,14,46,12),(733,'1','2016-02-29',3,14,46,13),(734,'5','2016-02-29',3,14,46,14),(735,'100','2016-02-29',3,14,46,15),(736,'0','2016-02-29',3,14,46,16),(737,'0','2016-02-29',3,14,61,17),(738,'0','2016-02-29',3,14,61,18),(739,'0','2016-02-29',3,14,61,19),(740,'0','2016-02-29',3,14,76,20),(741,'0','2016-02-29',3,14,76,21),(742,'0','2016-02-29',3,14,91,22),(743,'0','2016-02-29',3,14,91,23),(744,'0.52','2016-02-29',3,14,121,24),(745,'1','2016-02-29',3,15,1,1),(746,'-5','2016-02-29',3,15,16,2),(747,'-9','2016-02-29',3,15,16,3),(748,'1','2016-02-29',3,15,16,4),(749,'-50','2016-02-29',3,15,31,5),(750,'10','2016-02-29',3,15,31,6),(751,'0','2016-02-29',3,15,46,7),(752,'0','2016-02-29',3,15,46,8),(753,'0','2016-02-29',3,15,46,9),(754,'0','2016-02-29',3,15,46,10),(755,'0','2016-02-29',3,15,46,11),(756,'0','2016-02-29',3,15,46,12),(757,'0','2016-02-29',3,15,46,13),(758,'5','2016-02-29',3,15,46,14),(759,'100','2016-02-29',3,15,46,15),(760,'0','2016-02-29',3,15,46,16),(761,'0','2016-02-29',3,15,61,17),(762,'0','2016-02-29',3,15,61,18),(763,'0','2016-02-29',3,15,61,19),(764,'0','2016-02-29',3,15,76,20),(765,'0','2016-02-29',3,15,76,21),(766,'0','2016-02-29',3,15,91,22),(767,'0','2016-02-29',3,15,91,23),(768,'5.61','2016-02-29',3,15,121,24),(769,'0','2016-03-31',3,2,1,1),(770,'-15','2016-03-31',3,2,16,2),(771,'-19','2016-03-31',3,2,16,3),(772,'2','2016-03-31',3,2,16,4),(773,'3','2016-03-31',3,2,31,5),(774,'10','2016-03-31',3,2,31,6),(775,'0','2016-03-31',3,2,46,7),(776,'0','2016-03-31',3,2,46,8),(777,'0','2016-03-31',3,2,46,9),(778,'0','2016-03-31',3,2,46,10),(779,'0','2016-03-31',3,2,46,11),(780,'0','2016-03-31',3,2,46,12),(781,'0','2016-03-31',3,2,46,13),(782,'5','2016-03-31',3,2,46,14),(783,'100','2016-03-31',3,2,46,15),(784,'0','2016-03-31',3,2,46,16),(785,'0','2016-03-31',3,2,61,17),(786,'0','2016-03-31',3,2,61,18),(787,'0','2016-03-31',3,2,61,19),(788,'0','2016-03-31',3,2,76,20),(789,'0','2016-03-31',3,2,76,21),(790,'0','2016-03-31',3,2,91,22),(791,'0','2016-03-31',3,2,91,23),(792,'0.24','2016-03-31',3,2,121,24),(793,'1','2016-04-30',3,2,1,1),(794,'-11','2016-04-30',3,2,16,2),(795,'-2','2016-04-30',3,2,16,3),(796,'3','2016-04-30',3,2,16,4),(797,'-6','2016-04-30',3,2,31,5),(798,'10','2016-04-30',3,2,31,6),(799,'0','2016-04-30',3,2,46,7),(800,'0','2016-04-30',3,2,46,8),(801,'0','2016-04-30',3,2,46,9),(802,'0','2016-04-30',3,2,46,10),(803,'0','2016-04-30',3,2,46,11),(804,'0','2016-04-30',3,2,46,12),(805,'0','2016-04-30',3,2,46,13),(806,'5','2016-04-30',3,2,46,14),(807,'100','2016-04-30',3,2,46,15),(808,'0','2016-04-30',3,2,46,16),(809,'0','2016-04-30',3,2,61,17),(810,'0','2016-04-30',3,2,61,18),(811,'0','2016-04-30',3,2,61,19),(812,'0','2016-04-30',3,2,76,20),(813,'0','2016-04-30',3,2,76,21),(814,'0','2016-04-30',3,2,91,22),(815,'0','2016-04-30',3,2,91,23),(816,'1','2016-04-30',3,2,121,24),(817,'0','2016-05-31',3,2,1,1),(818,'-10','2016-05-31',3,2,16,2),(819,'-13','2016-05-31',3,2,16,3),(820,'-3','2016-05-31',3,2,16,4),(821,'4','2016-05-31',3,2,31,5),(822,'10','2016-05-31',3,2,31,6),(823,'0','2016-05-31',3,2,46,7),(824,'0','2016-05-31',3,2,46,8),(825,'0','2016-05-31',3,2,46,9),(826,'0','2016-05-31',3,2,46,10),(827,'0','2016-05-31',3,2,46,11),(828,'0','2016-05-31',3,2,46,12),(829,'0','2016-05-31',3,2,46,13),(830,'5','2016-05-31',3,2,46,14),(831,'100','2016-05-31',3,2,46,15),(832,'0','2016-05-31',3,2,46,16),(833,'0','2016-05-31',3,2,61,17),(834,'0','2016-05-31',3,2,61,18),(835,'0','2016-05-31',3,2,61,19),(836,'0','2016-05-31',3,2,76,20),(837,'0','2016-05-31',3,2,76,21),(838,'0','2016-05-31',3,2,91,22),(839,'0','2016-05-31',3,2,91,23),(840,'-1','2016-05-31',3,2,121,24),(841,'0','2016-03-31',3,3,1,1),(842,'-6','2016-03-31',3,3,16,2),(843,'10','2016-03-31',3,3,16,3),(844,'4','2016-03-31',3,3,16,4),(845,'2','2016-03-31',3,3,31,5),(846,'10','2016-03-31',3,3,31,6),(847,'0','2016-03-31',3,3,46,7),(848,'0','2016-03-31',3,3,46,8),(849,'0','2016-03-31',3,3,46,9),(850,'0','2016-03-31',3,3,46,10),(851,'0','2016-03-31',3,3,46,11),(852,'0','2016-03-31',3,3,46,12),(853,'0','2016-03-31',3,3,46,13),(854,'5','2016-03-31',3,3,46,14),(855,'0','2016-03-31',3,3,46,15),(856,'0','2016-03-31',3,3,46,16),(857,'0','2016-03-31',3,3,61,17),(858,'0','2016-03-31',3,3,61,18),(859,'0','2016-03-31',3,3,61,19),(860,'0','2016-03-31',3,3,76,20),(861,'0','2016-03-31',3,3,76,21),(862,'0','2016-03-31',3,3,91,22),(863,'0','2016-03-31',3,3,91,23),(864,'0.69','2016-03-31',3,3,121,24),(865,'0','2016-04-30',3,3,1,1),(866,'0','2016-04-30',3,3,16,2),(867,'15','2016-04-30',3,3,16,3),(868,'7','2016-04-30',3,3,16,4),(869,'8','2016-04-30',3,3,31,5),(870,'10','2016-04-30',3,3,31,6),(871,'0','2016-04-30',3,3,46,7),(872,'0','2016-04-30',3,3,46,8),(873,'0','2016-04-30',3,3,46,9),(874,'0','2016-04-30',3,3,46,10),(875,'0','2016-04-30',3,3,46,11),(876,'0','2016-04-30',3,3,46,12),(877,'0','2016-04-30',3,3,46,13),(878,'5','2016-04-30',3,3,46,14),(879,'100','2016-04-30',3,3,46,15),(880,'0','2016-04-30',3,3,46,16),(881,'0','2016-04-30',3,3,61,17),(882,'0','2016-04-30',3,3,61,18),(883,'0','2016-04-30',3,3,61,19),(884,'0','2016-04-30',3,3,76,20),(885,'0','2016-04-30',3,3,76,21),(886,'0','2016-04-30',3,3,91,22),(887,'0','2016-04-30',3,3,91,23),(888,'1','2016-04-30',3,3,121,24),(889,'0','2016-05-31',3,3,1,1),(890,'0','2016-05-31',3,3,16,2),(891,'17','2016-05-31',3,3,16,3),(892,'1','2016-05-31',3,3,16,4),(893,'-10','2016-05-31',3,3,31,5),(894,'10','2016-05-31',3,3,31,6),(895,'0','2016-05-31',3,3,46,7),(896,'0','2016-05-31',3,3,46,8),(897,'0','2016-05-31',3,3,46,9),(898,'0','2016-05-31',3,3,46,10),(899,'0','2016-05-31',3,3,46,11),(900,'0','2016-05-31',3,3,46,12),(901,'0','2016-05-31',3,3,46,13),(902,'5','2016-05-31',3,3,46,14),(903,'100','2016-05-31',3,3,46,15),(904,'0','2016-05-31',3,3,46,16),(905,'0','2016-05-31',3,3,61,17),(906,'0','2016-05-31',3,3,61,18),(907,'0','2016-05-31',3,3,61,19),(908,'0','2016-05-31',3,3,76,20),(909,'0','2016-05-31',3,3,76,21),(910,'0','2016-05-31',3,3,91,22),(911,'0','2016-05-31',3,3,91,23),(912,'1','2016-05-31',3,3,121,24),(913,'0','2016-03-31',3,4,1,1),(914,'-13','2016-03-31',3,4,16,2),(915,'14','2016-03-31',3,4,16,3),(916,'-4','2016-03-31',3,4,16,4),(917,'0','2016-03-31',3,4,31,5),(918,'10','2016-03-31',3,4,31,6),(919,'0','2016-03-31',3,4,46,7),(920,'0','2016-03-31',3,4,46,8),(921,'0','2016-03-31',3,4,46,9),(922,'0','2016-03-31',3,4,46,10),(923,'0','2016-03-31',3,4,46,11),(924,'0','2016-03-31',3,4,46,12),(925,'0','2016-03-31',3,4,46,13),(926,'4','2016-03-31',3,4,46,14),(927,'100','2016-03-31',3,4,46,15),(928,'0','2016-03-31',3,4,46,16),(929,'0','2016-03-31',3,4,61,17),(930,'0','2016-03-31',3,4,61,18),(931,'0','2016-03-31',3,4,61,19),(932,'0','2016-03-31',3,4,76,20),(933,'0','2016-03-31',3,4,76,21),(934,'0','2016-03-31',3,4,91,22),(935,'0.66','2016-03-31',3,4,91,23),(936,'0.46','2016-03-31',3,4,121,24),(937,'0','2016-04-30',3,4,1,1),(938,'-10','2016-04-30',3,4,16,2),(939,'14','2016-04-30',3,4,16,3),(940,'-1','2016-04-30',3,4,16,4),(941,'4','2016-04-30',3,4,31,5),(942,'10','2016-04-30',3,4,31,6),(943,'0','2016-04-30',3,4,46,7),(944,'0','2016-04-30',3,4,46,8),(945,'0','2016-04-30',3,4,46,9),(946,'0','2016-04-30',3,4,46,10),(947,'0','2016-04-30',3,4,46,11),(948,'0','2016-04-30',3,4,46,12),(949,'0','2016-04-30',3,4,46,13),(950,'4','2016-04-30',3,4,46,14),(951,'100','2016-04-30',3,4,46,15),(952,'0','2016-04-30',3,4,46,16),(953,'0','2016-04-30',3,4,61,17),(954,'0','2016-04-30',3,4,61,18),(955,'0','2016-04-30',3,4,61,19),(956,'0.1','2016-04-30',3,4,76,20),(957,'0.1','2016-04-30',3,4,76,21),(958,'0','2016-04-30',3,4,91,22),(959,'0','2016-04-30',3,4,91,23),(960,'0','2016-04-30',3,4,121,24),(961,'0','2016-05-31',3,4,1,1),(962,'-9','2016-05-31',3,4,16,2),(963,'20','2016-05-31',3,4,16,3),(964,'4','2016-05-31',3,4,16,4),(965,'6','2016-05-31',3,4,31,5),(966,'10','2016-05-31',3,4,31,6),(967,'0','2016-05-31',3,4,46,7),(968,'0','2016-05-31',3,4,46,8),(969,'0','2016-05-31',3,4,46,9),(970,'0','2016-05-31',3,4,46,10),(971,'0','2016-05-31',3,4,46,11),(972,'0','2016-05-31',3,4,46,12),(973,'0','2016-05-31',3,4,46,13),(974,'4','2016-05-31',3,4,46,14),(975,'1','2016-05-31',3,4,46,15),(976,'0','2016-05-31',3,4,46,16),(977,'0','2016-05-31',3,4,61,17),(978,'0','2016-05-31',3,4,61,18),(979,'0','2016-05-31',3,4,61,19),(980,'0','2016-05-31',3,4,76,20),(981,'0','2016-05-31',3,4,76,21),(982,'0','2016-05-31',3,4,91,22),(983,'0','2016-05-31',3,4,91,23),(984,'0','2016-05-31',3,4,121,24),(985,'0','2016-03-31',3,5,1,1),(986,'-11','2016-03-31',3,5,16,2),(987,'13','2016-03-31',3,5,16,3),(988,'4','2016-03-31',3,5,16,4),(989,'16','2016-03-31',3,5,31,5),(990,'10','2016-03-31',3,5,31,6),(991,'0','2016-03-31',3,5,46,7),(992,'0','2016-03-31',3,5,46,8),(993,'0','2016-03-31',3,5,46,9),(994,'0','2016-03-31',3,5,46,10),(995,'0','2016-03-31',3,5,46,11),(996,'3','2016-03-31',3,5,46,12),(997,'2','2016-03-31',3,5,46,13),(998,'5','2016-03-31',3,5,46,14),(999,'0','2016-03-31',3,5,46,15),(1000,'0','2016-03-31',3,5,46,16),(1001,'0','2016-03-31',3,5,61,17),(1002,'0','2016-03-31',3,5,61,18),(1003,'0','2016-03-31',3,5,61,19),(1004,'0','2016-03-31',3,5,76,20),(1005,'0','2016-03-31',3,5,76,21),(1006,'0','2016-03-31',3,5,91,22),(1007,'0','2016-03-31',3,5,91,23),(1008,'-0.25','2016-03-31',3,5,121,24),(1009,'0','2016-04-30',3,5,1,1),(1010,'-11','2016-04-30',3,5,16,2),(1011,'-10','2016-04-30',3,5,16,3),(1012,'6','2016-04-30',3,5,16,4),(1013,'15','2016-04-30',3,5,31,5),(1014,'10','2016-04-30',3,5,31,6),(1015,'0','2016-04-30',3,5,46,7),(1016,'0','2016-04-30',3,5,46,8),(1017,'0','2016-04-30',3,5,46,9),(1018,'0','2016-04-30',3,5,46,10),(1019,'0','2016-04-30',3,5,46,11),(1020,'0','2016-04-30',3,5,46,12),(1021,'0','2016-04-30',3,5,46,13),(1022,'4','2016-04-30',3,5,46,14),(1023,'0','2016-04-30',3,5,46,15),(1024,'0','2016-04-30',3,5,46,16),(1025,'0','2016-04-30',3,5,61,17),(1026,'0','2016-04-30',3,5,61,18),(1027,'0','2016-04-30',3,5,61,19),(1028,'0','2016-04-30',3,5,76,20),(1029,'0','2016-04-30',3,5,76,21),(1030,'0','2016-04-30',3,5,91,22),(1031,'0','2016-04-30',3,5,91,23),(1032,'1','2016-04-30',3,5,121,24),(1033,'0','2016-05-31',3,5,1,1),(1034,'-9','2016-05-31',3,5,16,2),(1035,'-9','2016-05-31',3,5,16,3),(1036,'0','2016-05-31',3,5,16,4),(1037,'4','2016-05-31',3,5,31,5),(1038,'10','2016-05-31',3,5,31,6),(1039,'0','2016-05-31',3,5,46,7),(1040,'0','2016-05-31',3,5,46,8),(1041,'0','2016-05-31',3,5,46,9),(1042,'0','2016-05-31',3,5,46,10),(1043,'0','2016-05-31',3,5,46,11),(1044,'0','2016-05-31',3,5,46,12),(1045,'0','2016-05-31',3,5,46,13),(1046,'4','2016-05-31',3,5,46,14),(1047,'0','2016-05-31',3,5,46,15),(1048,'0','2016-05-31',3,5,46,16),(1049,'0','2016-05-31',3,5,61,17),(1050,'0','2016-05-31',3,5,61,18),(1051,'0','2016-05-31',3,5,61,19),(1052,'0','2016-05-31',3,5,76,20),(1053,'0','2016-05-31',3,5,76,21),(1054,'0.4','2016-05-31',3,5,91,22),(1055,'0','2016-05-31',3,5,91,23),(1056,'-2','2016-05-31',3,5,121,24),(1057,'0','2016-03-31',3,6,1,1),(1058,'-9','2016-03-31',3,6,16,2),(1059,'9','2016-03-31',3,6,16,3),(1060,'6','2016-03-31',3,6,16,4),(1061,'8','2016-03-31',3,6,31,5),(1062,'10','2016-03-31',3,6,31,6),(1063,'0','2016-03-31',3,6,46,7),(1064,'0','2016-03-31',3,6,46,8),(1065,'0','2016-03-31',3,6,46,9),(1066,'0','2016-03-31',3,6,46,10),(1067,'0','2016-03-31',3,6,46,11),(1068,'0','2016-03-31',3,6,46,12),(1069,'0','2016-03-31',3,6,46,13),(1070,'5','2016-03-31',3,6,46,14),(1071,'100','2016-03-31',3,6,46,15),(1072,'0','2016-03-31',3,6,46,16),(1073,'0','2016-03-31',3,6,61,17),(1074,'0','2016-03-31',3,6,61,18),(1075,'0','2016-03-31',3,6,61,19),(1076,'0','2016-03-31',3,6,76,20),(1077,'0','2016-03-31',3,6,76,21),(1078,'0','2016-03-31',3,6,91,22),(1079,'0','2016-03-31',3,6,91,23),(1080,'1.89','2016-03-31',3,6,121,24),(1081,'0','2016-04-30',3,6,1,1),(1082,'-8','2016-04-30',3,6,16,2),(1083,'0','2016-04-30',3,6,16,3),(1084,'8','2016-04-30',3,6,16,4),(1085,'0','2016-04-30',3,6,31,5),(1086,'10','2016-04-30',3,6,31,6),(1087,'0','2016-04-30',3,6,46,7),(1088,'0','2016-04-30',3,6,46,8),(1089,'0','2016-04-30',3,6,46,9),(1090,'0','2016-04-30',3,6,46,10),(1091,'0','2016-04-30',3,6,46,11),(1092,'0','2016-04-30',3,6,46,12),(1093,'0','2016-04-30',3,6,46,13),(1094,'5','2016-04-30',3,6,46,14),(1095,'100','2016-04-30',3,6,46,15),(1096,'0','2016-04-30',3,6,46,16),(1097,'0','2016-04-30',3,6,61,17),(1098,'0','2016-04-30',3,6,61,18),(1099,'0','2016-04-30',3,6,61,19),(1100,'0','2016-04-30',3,6,76,20),(1101,'0','2016-04-30',3,6,76,21),(1102,'0','2016-04-30',3,6,91,22),(1103,'0','2016-04-30',3,6,91,23),(1104,'2','2016-04-30',3,6,121,24),(1105,'0','2016-05-31',3,6,1,1),(1106,'-9','2016-05-31',3,6,16,2),(1107,'14','2016-05-31',3,6,16,3),(1108,'5','2016-05-31',3,6,16,4),(1109,'12','2016-05-31',3,6,31,5),(1110,'10','2016-05-31',3,6,31,6),(1111,'0','2016-05-31',3,6,46,7),(1112,'0','2016-05-31',3,6,46,8),(1113,'0','2016-05-31',3,6,46,9),(1114,'0','2016-05-31',3,6,46,10),(1115,'0','2016-05-31',3,6,46,11),(1116,'0','2016-05-31',3,6,46,12),(1117,'0','2016-05-31',3,6,46,13),(1118,'5','2016-05-31',3,6,46,14),(1119,'100','2016-05-31',3,6,46,15),(1120,'0','2016-05-31',3,6,46,16),(1121,'0','2016-05-31',3,6,61,17),(1122,'0','2016-05-31',3,6,61,18),(1123,'0','2016-05-31',3,6,61,19),(1124,'0','2016-05-31',3,6,76,20),(1125,'0','2016-05-31',3,6,76,21),(1126,'0','2016-05-31',3,6,91,22),(1127,'0','2016-05-31',3,6,91,23),(1128,'1','2016-05-31',3,6,121,24),(1129,'1','2016-03-31',3,7,1,1),(1130,'-6','2016-03-31',3,7,16,2),(1131,'-72','2016-03-31',3,7,16,3),(1132,'1','2016-03-31',3,7,16,4),(1133,'-9','2016-03-31',3,7,31,5),(1134,'10','2016-03-31',3,7,31,6),(1135,'0','2016-03-31',3,7,46,7),(1136,'0','2016-03-31',3,7,46,8),(1137,'0','2016-03-31',3,7,46,9),(1138,'0','2016-03-31',3,7,46,10),(1139,'0','2016-03-31',3,7,46,11),(1140,'0','2016-03-31',3,7,46,12),(1141,'2','2016-03-31',3,7,46,13),(1142,'5','2016-03-31',3,7,46,14),(1143,'100','2016-03-31',3,7,46,15),(1144,'0','2016-03-31',3,7,46,16),(1145,'0','2016-03-31',3,7,61,17),(1146,'0','2016-03-31',3,7,61,18),(1147,'0','2016-03-31',3,7,61,19),(1148,'0','2016-03-31',3,7,76,20),(1149,'0','2016-03-31',3,7,76,21),(1150,'0','2016-03-31',3,7,91,22),(1151,'29.3','2016-03-31',3,7,91,23),(1152,'0','2016-03-31',3,7,121,24),(1153,'0','2016-04-30',3,7,1,1),(1154,'-1','2016-04-30',3,7,16,2),(1155,'-79','2016-04-30',3,7,16,3),(1156,'-1','2016-04-30',3,7,16,4),(1157,'2','2016-04-30',3,7,31,5),(1158,'10','2016-04-30',3,7,31,6),(1159,'0','2016-04-30',3,7,46,7),(1160,'0','2016-04-30',3,7,46,8),(1161,'0','2016-04-30',3,7,46,9),(1162,'0','2016-04-30',3,7,46,10),(1163,'0','2016-04-30',3,7,46,11),(1164,'0','2016-04-30',3,7,46,12),(1165,'2','2016-04-30',3,7,46,13),(1166,'5','2016-04-30',3,7,46,14),(1167,'100','2016-04-30',3,7,46,15),(1168,'0','2016-04-30',3,7,46,16),(1169,'0','2016-04-30',3,7,61,17),(1170,'0','2016-04-30',3,7,61,18),(1171,'0','2016-04-30',3,7,61,19),(1172,'0','2016-04-30',3,7,76,20),(1173,'0','2016-04-30',3,7,76,21),(1174,'0','2016-04-30',3,7,91,22),(1175,'0','2016-04-30',3,7,91,23),(1176,'0','2016-04-30',3,7,121,24),(1177,'0','2016-05-31',3,7,1,1),(1178,'1','2016-05-31',3,7,16,2),(1179,'-63','2016-05-31',3,7,16,3),(1180,'-1','2016-05-31',3,7,16,4),(1181,'0','2016-05-31',3,7,31,5),(1182,'10','2016-05-31',3,7,31,6),(1183,'0','2016-05-31',3,7,46,7),(1184,'0','2016-05-31',3,7,46,8),(1185,'0','2016-05-31',3,7,46,9),(1186,'0','2016-05-31',3,7,46,10),(1187,'0','2016-05-31',3,7,46,11),(1188,'0','2016-05-31',3,7,46,12),(1189,'2','2016-05-31',3,7,46,13),(1190,'5','2016-05-31',3,7,46,14),(1191,'100','2016-05-31',3,7,46,15),(1192,'0','2016-05-31',3,7,46,16),(1193,'0','2016-05-31',3,7,61,17),(1194,'0','2016-05-31',3,7,61,18),(1195,'0','2016-05-31',3,7,61,19),(1196,'0','2016-05-31',3,7,76,20),(1197,'0','2016-05-31',3,7,76,21),(1198,'0','2016-05-31',3,7,91,22),(1199,'0','2016-05-31',3,7,91,23),(1200,'0','2016-05-31',3,7,121,24),(1201,'0','2016-03-31',3,8,1,1),(1202,'-13','2016-03-31',3,8,16,2),(1203,'-61','2016-03-31',3,8,16,3),(1204,'-6','2016-03-31',3,8,16,4),(1205,'-2','2016-03-31',3,8,31,5),(1206,'10','2016-03-31',3,8,31,6),(1207,'0','2016-03-31',3,8,46,7),(1208,'0','2016-03-31',3,8,46,8),(1209,'0','2016-03-31',3,8,46,9),(1210,'0','2016-03-31',3,8,46,10),(1211,'0','2016-03-31',3,8,46,11),(1212,'0','2016-03-31',3,8,46,12),(1213,'1','2016-03-31',3,8,46,13),(1214,'5','2016-03-31',3,8,46,14),(1215,'10','2016-03-31',3,8,46,15),(1216,'0','2016-03-31',3,8,46,16),(1217,'0','2016-03-31',3,8,61,17),(1218,'0','2016-03-31',3,8,61,18),(1219,'0','2016-03-31',3,8,61,19),(1220,'0.1','2016-03-31',3,8,76,20),(1221,'0.1','2016-03-31',3,8,76,21),(1222,'0','2016-03-31',3,8,91,22),(1223,'0.25','2016-03-31',3,8,91,23),(1224,'0.45','2016-03-31',3,8,121,24),(1225,'0','2016-04-30',3,8,1,1),(1226,'-10','2016-04-30',3,8,16,2),(1227,'-52','2016-04-30',3,8,16,3),(1228,'-6','2016-04-30',3,8,16,4),(1229,'-2','2016-04-30',3,8,31,5),(1230,'10','2016-04-30',3,8,31,6),(1231,'0','2016-04-30',3,8,46,7),(1232,'0','2016-04-30',3,8,46,8),(1233,'0','2016-04-30',3,8,46,9),(1234,'0','2016-04-30',3,8,46,10),(1235,'0','2016-04-30',3,8,46,11),(1236,'0','2016-04-30',3,8,46,12),(1237,'1','2016-04-30',3,8,46,13),(1238,'5','2016-04-30',3,8,46,14),(1239,'100','2016-04-30',3,8,46,15),(1240,'0','2016-04-30',3,8,46,16),(1241,'0','2016-04-30',3,8,61,17),(1242,'0','2016-04-30',3,8,61,18),(1243,'0','2016-04-30',3,8,61,19),(1244,'0','2016-04-30',3,8,76,20),(1245,'0','2016-04-30',3,8,76,21),(1246,'3.8','2016-04-30',3,8,91,22),(1247,'0','2016-04-30',3,8,91,23),(1248,'0','2016-04-30',3,8,121,24),(1249,'1','2016-05-31',3,8,1,1),(1250,'-9','2016-05-31',3,8,16,2),(1251,'-40','2016-05-31',3,8,16,3),(1252,'-10','2016-05-31',3,8,16,4),(1253,'0','2016-05-31',3,8,31,5),(1254,'10','2016-05-31',3,8,31,6),(1255,'0','2016-05-31',3,8,46,7),(1256,'0','2016-05-31',3,8,46,8),(1257,'0','2016-05-31',3,8,46,9),(1258,'0','2016-05-31',3,8,46,10),(1259,'0','2016-05-31',3,8,46,11),(1260,'0','2016-05-31',3,8,46,12),(1261,'1','2016-05-31',3,8,46,13),(1262,'5','2016-05-31',3,8,46,14),(1263,'100','2016-05-31',3,8,46,15),(1264,'0','2016-05-31',3,8,46,16),(1265,'0','2016-05-31',3,8,61,17),(1266,'0','2016-05-31',3,8,61,18),(1267,'0','2016-05-31',3,8,61,19),(1268,'0','2016-05-31',3,8,76,20),(1269,'0','2016-05-31',3,8,76,21),(1270,'0','2016-05-31',3,8,91,22),(1271,'0','2016-05-31',3,8,91,23),(1272,'0','2016-05-31',3,8,121,24),(1273,'0','2016-03-31',3,9,1,1),(1274,'-13','2016-03-31',3,9,16,2),(1275,'11','2016-03-31',3,9,16,3),(1276,'-1','2016-03-31',3,9,16,4),(1277,'-12','2016-03-31',3,9,31,5),(1278,'10','2016-03-31',3,9,31,6),(1279,'0','2016-03-31',3,9,46,7),(1280,'0','2016-03-31',3,9,46,8),(1281,'0','2016-03-31',3,9,46,9),(1282,'0','2016-03-31',3,9,46,10),(1283,'0','2016-03-31',3,9,46,11),(1284,'0','2016-03-31',3,9,46,12),(1285,'0','2016-03-31',3,9,46,13),(1286,'4','2016-03-31',3,9,46,14),(1287,'100','2016-03-31',3,9,46,15),(1288,'0','2016-03-31',3,9,46,16),(1289,'0','2016-03-31',3,9,61,17),(1290,'0','2016-03-31',3,9,61,18),(1291,'0','2016-03-31',3,9,61,19),(1292,'0','2016-03-31',3,9,76,20),(1293,'0','2016-03-31',3,9,76,21),(1294,'0','2016-03-31',3,9,91,22),(1295,'0.25','2016-03-31',3,9,91,23),(1296,'0','2016-03-31',3,9,121,24),(1297,'0','2016-04-30',3,9,1,1),(1298,'-11','2016-04-30',3,9,16,2),(1299,'-6','2016-04-30',3,9,16,3),(1300,'-6','2016-04-30',3,9,16,4),(1301,'1','2016-04-30',3,9,31,5),(1302,'10','2016-04-30',3,9,31,6),(1303,'0','2016-04-30',3,9,46,7),(1304,'0','2016-04-30',3,9,46,8),(1305,'0','2016-04-30',3,9,46,9),(1306,'0','2016-04-30',3,9,46,10),(1307,'0','2016-04-30',3,9,46,11),(1308,'0','2016-04-30',3,9,46,12),(1309,'0','2016-04-30',3,9,46,13),(1310,'4','2016-04-30',3,9,46,14),(1311,'100','2016-04-30',3,9,46,15),(1312,'0','2016-04-30',3,9,46,16),(1313,'0','2016-04-30',3,9,61,17),(1314,'0','2016-04-30',3,9,61,18),(1315,'0','2016-04-30',3,9,61,19),(1316,'0.1','2016-04-30',3,9,76,20),(1317,'0.1','2016-04-30',3,9,76,21),(1318,'0','2016-04-30',3,9,91,22),(1319,'0','2016-04-30',3,9,91,23),(1320,'0','2016-04-30',3,9,121,24),(1321,'0','2016-05-31',3,9,1,1),(1322,'-10','2016-05-31',3,9,16,2),(1323,'-5','2016-05-31',3,9,16,3),(1324,'-5','2016-05-31',3,9,16,4),(1325,'0','2016-05-31',3,9,31,5),(1326,'10','2016-05-31',3,9,31,6),(1327,'0','2016-05-31',3,9,46,7),(1328,'0','2016-05-31',3,9,46,8),(1329,'0','2016-05-31',3,9,46,9),(1330,'0','2016-05-31',3,9,46,10),(1331,'0','2016-05-31',3,9,46,11),(1332,'5','2016-05-31',3,9,46,12),(1333,'2','2016-05-31',3,9,46,13),(1334,'4','2016-05-31',3,9,46,14),(1335,'0','2016-05-31',3,9,46,15),(1336,'0','2016-05-31',3,9,46,16),(1337,'0','2016-05-31',3,9,61,17),(1338,'0','2016-05-31',3,9,61,18),(1339,'0','2016-05-31',3,9,61,19),(1340,'0','2016-05-31',3,9,76,20),(1341,'0','2016-05-31',3,9,76,21),(1342,'0','2016-05-31',3,9,91,22),(1343,'2.75','2016-05-31',3,9,91,23),(1344,'0','2016-05-31',3,9,121,24),(1345,'0','2016-03-31',3,10,1,1),(1346,'-7','2016-03-31',3,10,16,2),(1347,'-21','2016-03-31',3,10,16,3),(1348,'-3','2016-03-31',3,10,16,4),(1349,'0','2016-03-31',3,10,31,5),(1350,'10','2016-03-31',3,10,31,6),(1351,'0','2016-03-31',3,10,46,7),(1352,'0','2016-03-31',3,10,46,8),(1353,'0','2016-03-31',3,10,46,9),(1354,'0','2016-03-31',3,10,46,10),(1355,'0','2016-03-31',3,10,46,11),(1356,'1','2016-03-31',3,10,46,12),(1357,'0','2016-03-31',3,10,46,13),(1358,'5','2016-03-31',3,10,46,14),(1359,'0','2016-03-31',3,10,46,15),(1360,'0','2016-03-31',3,10,46,16),(1361,'0','2016-03-31',3,10,61,17),(1362,'0','2016-03-31',3,10,61,18),(1363,'0','2016-03-31',3,10,61,19),(1364,'0','2016-03-31',3,10,76,20),(1365,'0','2016-03-31',3,10,76,21),(1366,'0','2016-03-31',3,10,91,22),(1367,'0','2016-03-31',3,10,91,23),(1368,'0.03','2016-03-31',3,10,121,24),(1369,'0','2016-04-30',3,10,1,1),(1370,'-6','2016-04-30',3,10,16,2),(1371,'0','2016-04-30',3,10,16,3),(1372,'1','2016-04-30',3,10,16,4),(1373,'18.9','2016-04-30',3,10,31,5),(1374,'10','2016-04-30',3,10,31,6),(1375,'0','2016-04-30',3,10,46,7),(1376,'0','2016-04-30',3,10,46,8),(1377,'0','2016-04-30',3,10,46,9),(1378,'0','2016-04-30',3,10,46,10),(1379,'0','2016-04-30',3,10,46,11),(1380,'0','2016-04-30',3,10,46,12),(1381,'0','2016-04-30',3,10,46,13),(1382,'5','2016-04-30',3,10,46,14),(1383,'100','2016-04-30',3,10,46,15),(1384,'0','2016-04-30',3,10,46,16),(1385,'0','2016-04-30',3,10,61,17),(1386,'0','2016-04-30',3,10,61,18),(1387,'0','2016-04-30',3,10,61,19),(1388,'0','2016-04-30',3,10,76,20),(1389,'0','2016-04-30',3,10,76,21),(1390,'0','2016-04-30',3,10,91,22),(1391,'0','2016-04-30',3,10,91,23),(1392,'2','2016-04-30',3,10,121,24),(1393,'0','2016-05-31',3,10,1,1),(1394,'-6','2016-05-31',3,10,16,2),(1395,'-20','2016-05-31',3,10,16,3),(1396,'2','2016-05-31',3,10,16,4),(1397,'5','2016-05-31',3,10,31,5),(1398,'10','2016-05-31',3,10,31,6),(1399,'0','2016-05-31',3,10,46,7),(1400,'0','2016-05-31',3,10,46,8),(1401,'0','2016-05-31',3,10,46,9),(1402,'0','2016-05-31',3,10,46,10),(1403,'0','2016-05-31',3,10,46,11),(1404,'0','2016-05-31',3,10,46,12),(1405,'0','2016-05-31',3,10,46,13),(1406,'5','2016-05-31',3,10,46,14),(1407,'100','2016-05-31',3,10,46,15),(1408,'0','2016-05-31',3,10,46,16),(1409,'0','2016-05-31',3,10,61,17),(1410,'0','2016-05-31',3,10,61,18),(1411,'0','2016-05-31',3,10,61,19),(1412,'0','2016-05-31',3,10,76,20),(1413,'0','2016-05-31',3,10,76,21),(1414,'0','2016-05-31',3,10,91,22),(1415,'0','2016-05-31',3,10,91,23),(1416,'0','2016-05-31',3,10,121,24),(1417,'0','2016-03-31',3,11,1,1),(1418,'-8','2016-03-31',3,11,16,2),(1419,'-5','2016-03-31',3,11,16,3),(1420,'-1','2016-03-31',3,11,16,4),(1421,'17','2016-03-31',3,11,31,5),(1422,'10','2016-03-31',3,11,31,6),(1423,'0','2016-03-31',3,11,46,7),(1424,'0','2016-03-31',3,11,46,8),(1425,'0','2016-03-31',3,11,46,9),(1426,'0','2016-03-31',3,11,46,10),(1427,'0','2016-03-31',3,11,46,11),(1428,'0','2016-03-31',3,11,46,12),(1429,'1','2016-03-31',3,11,46,13),(1430,'5','2016-03-31',3,11,46,14),(1431,'100','2016-03-31',3,11,46,15),(1432,'0','2016-03-31',3,11,46,16),(1433,'0','2016-03-31',3,11,61,17),(1434,'0','2016-03-31',3,11,61,18),(1435,'0','2016-03-31',3,11,61,19),(1436,'0','2016-03-31',3,11,76,20),(1437,'0','2016-03-31',3,11,76,21),(1438,'0','2016-03-31',3,11,91,22),(1439,'0','2016-03-31',3,11,91,23),(1440,'-0.24','2016-03-31',3,11,121,24),(1441,'0','2016-04-30',3,11,1,1),(1442,'-8','2016-04-30',3,11,16,2),(1443,'-3','2016-04-30',3,11,16,3),(1444,'3','2016-04-30',3,11,16,4),(1445,'-11','2016-04-30',3,11,31,5),(1446,'10','2016-04-30',3,11,31,6),(1447,'0','2016-04-30',3,11,46,7),(1448,'0','2016-04-30',3,11,46,8),(1449,'0','2016-04-30',3,11,46,9),(1450,'0','2016-04-30',3,11,46,10),(1451,'0','2016-04-30',3,11,46,11),(1452,'0','2016-04-30',3,11,46,12),(1453,'1','2016-04-30',3,11,46,13),(1454,'5','2016-04-30',3,11,46,14),(1455,'100','2016-04-30',3,11,46,15),(1456,'0','2016-04-30',3,11,46,16),(1457,'0','2016-04-30',3,11,61,17),(1458,'0','2016-04-30',3,11,61,18),(1459,'0','2016-04-30',3,11,61,19),(1460,'0','2016-04-30',3,11,76,20),(1461,'0','2016-04-30',3,11,76,21),(1462,'0','2016-04-30',3,11,91,22),(1463,'0','2016-04-30',3,11,91,23),(1464,'0','2016-04-30',3,11,121,24),(1465,'0','2016-05-31',3,11,1,1),(1466,'-8','2016-05-31',3,11,16,2),(1467,'5','2016-05-31',3,11,16,3),(1468,'2','2016-05-31',3,11,16,4),(1469,'1','2016-05-31',3,11,31,5),(1470,'10','2016-05-31',3,11,31,6),(1471,'0','2016-05-31',3,11,46,7),(1472,'0','2016-05-31',3,11,46,8),(1473,'0','2016-05-31',3,11,46,9),(1474,'0','2016-05-31',3,11,46,10),(1475,'0','2016-05-31',3,11,46,11),(1476,'0','2016-05-31',3,11,46,12),(1477,'1','2016-05-31',3,11,46,13),(1478,'5','2016-05-31',3,11,46,14),(1479,'100','2016-05-31',3,11,46,15),(1480,'0','2016-05-31',3,11,46,16),(1481,'0','2016-05-31',3,11,61,17),(1482,'0','2016-05-31',3,11,61,18),(1483,'0','2016-05-31',3,11,61,19),(1484,'0','2016-05-31',3,11,76,20),(1485,'0','2016-05-31',3,11,76,21),(1486,'0','2016-05-31',3,11,91,22),(1487,'0','2016-05-31',3,11,91,23),(1488,'0','2016-05-31',3,11,121,24),(1489,'0','2016-03-31',3,12,1,1),(1490,'-6','2016-03-31',3,12,16,2),(1491,'-2','2016-03-31',3,12,16,3),(1492,'5','2016-03-31',3,12,16,4),(1493,'0','2016-03-31',3,12,31,5),(1494,'10','2016-03-31',3,12,31,6),(1495,'0','2016-03-31',3,12,46,7),(1496,'0','2016-03-31',3,12,46,8),(1497,'0','2016-03-31',3,12,46,9),(1498,'0','2016-03-31',3,12,46,10),(1499,'0','2016-03-31',3,12,46,11),(1500,'0','2016-03-31',3,12,46,12),(1501,'0','2016-03-31',3,12,46,13),(1502,'5','2016-03-31',3,12,46,14),(1503,'100','2016-03-31',3,12,46,15),(1504,'0','2016-03-31',3,12,46,16),(1505,'0','2016-03-31',3,12,61,17),(1506,'0','2016-03-31',3,12,61,18),(1507,'0','2016-03-31',3,12,61,19),(1508,'0','2016-03-31',3,12,76,20),(1509,'0','2016-03-31',3,12,76,21),(1510,'0','2016-03-31',3,12,91,22),(1511,'0','2016-03-31',3,12,91,23),(1512,'-0.82','2016-03-31',3,12,121,24),(1513,'1','2016-04-30',3,12,1,1),(1514,'-4','2016-04-30',3,12,16,2),(1515,'-25','2016-04-30',3,12,16,3),(1516,'2','2016-04-30',3,12,16,4),(1517,'0','2016-04-30',3,12,31,5),(1518,'10','2016-04-30',3,12,31,6),(1519,'0','2016-04-30',3,12,46,7),(1520,'0','2016-04-30',3,12,46,8),(1521,'0','2016-04-30',3,12,46,9),(1522,'0','2016-04-30',3,12,46,10),(1523,'0','2016-04-30',3,12,46,11),(1524,'0','2016-04-30',3,12,46,12),(1525,'0','2016-04-30',3,12,46,13),(1526,'5','2016-04-30',3,12,46,14),(1527,'100','2016-04-30',3,12,46,15),(1528,'0','2016-04-30',3,12,46,16),(1529,'0','2016-04-30',3,12,61,17),(1530,'0','2016-04-30',3,12,61,18),(1531,'0','2016-04-30',3,12,61,19),(1532,'0','2016-04-30',3,12,76,20),(1533,'0','2016-04-30',3,12,76,21),(1534,'12','2016-04-30',3,12,91,22),(1535,'0','2016-04-30',3,12,91,23),(1536,'0','2016-04-30',3,12,121,24),(1537,'0','2016-05-31',3,12,1,1),(1538,'-3','2016-05-31',3,12,16,2),(1539,'-14','2016-05-31',3,12,16,3),(1540,'2','2016-05-31',3,12,16,4),(1541,'2','2016-05-31',3,12,31,5),(1542,'10','2016-05-31',3,12,31,6),(1543,'0','2016-05-31',3,12,46,7),(1544,'0','2016-05-31',3,12,46,8),(1545,'0','2016-05-31',3,12,46,9),(1546,'0','2016-05-31',3,12,46,10),(1547,'0','2016-05-31',3,12,46,11),(1548,'0','2016-05-31',3,12,46,12),(1549,'0','2016-05-31',3,12,46,13),(1550,'5','2016-05-31',3,12,46,14),(1551,'100','2016-05-31',3,12,46,15),(1552,'0','2016-05-31',3,12,46,16),(1553,'0','2016-05-31',3,12,61,17),(1554,'0','2016-05-31',3,12,61,18),(1555,'0','2016-05-31',3,12,61,19),(1556,'0','2016-05-31',3,12,76,20),(1557,'0','2016-05-31',3,12,76,21),(1558,'0','2016-05-31',3,12,91,22),(1559,'0','2016-05-31',3,12,91,23),(1560,'0','2016-05-31',3,12,121,24),(1561,'0','2016-03-31',3,13,1,1),(1562,'-4','2016-03-31',3,13,16,2),(1563,'-2','2016-03-31',3,13,16,3),(1564,'8','2016-03-31',3,13,16,4),(1565,'18','2016-03-31',3,13,31,5),(1566,'10','2016-03-31',3,13,31,6),(1567,'0','2016-03-31',3,13,46,7),(1568,'0','2016-03-31',3,13,46,8),(1569,'0','2016-03-31',3,13,46,9),(1570,'0','2016-03-31',3,13,46,10),(1571,'0','2016-03-31',3,13,46,11),(1572,'1','2016-03-31',3,13,46,12),(1573,'1','2016-03-31',3,13,46,13),(1574,'5','2016-03-31',3,13,46,14),(1575,'0','2016-03-31',3,13,46,15),(1576,'0','2016-03-31',3,13,46,16),(1577,'0','2016-03-31',3,13,61,17),(1578,'0','2016-03-31',3,13,61,18),(1579,'0','2016-03-31',3,13,61,19),(1580,'0','2016-03-31',3,13,76,20),(1581,'0','2016-03-31',3,13,76,21),(1582,'0','2016-03-31',3,13,91,22),(1583,'0','2016-03-31',3,13,91,23),(1584,'0.08','2016-03-31',3,13,121,24),(1585,'0','2016-04-30',3,13,1,1),(1586,'-2','2016-04-30',3,13,16,2),(1587,'14','2016-04-30',3,13,16,3),(1588,'8','2016-04-30',3,13,16,4),(1589,'0','2016-04-30',3,13,31,5),(1590,'0','2016-04-30',3,13,31,6),(1591,'0','2016-04-30',3,13,46,7),(1592,'0','2016-04-30',3,13,46,8),(1593,'0','2016-04-30',3,13,46,9),(1594,'0','2016-04-30',3,13,46,10),(1595,'0','2016-04-30',3,13,46,11),(1596,'0','2016-04-30',3,13,46,12),(1597,'1','2016-04-30',3,13,46,13),(1598,'5','2016-04-30',3,13,46,14),(1599,'0','2016-04-30',3,13,46,15),(1600,'0','2016-04-30',3,13,46,16),(1601,'0','2016-04-30',3,13,61,17),(1602,'0','2016-04-30',3,13,61,18),(1603,'0','2016-04-30',3,13,61,19),(1604,'0','2016-04-30',3,13,76,20),(1605,'0','2016-04-30',3,13,76,21),(1606,'0','2016-04-30',3,13,91,22),(1607,'0','2016-04-30',3,13,91,23),(1608,'0','2016-04-30',3,13,121,24),(1609,'0','2016-05-31',3,13,1,1),(1610,'2','2016-05-31',3,13,16,2),(1611,'-12','2016-05-31',3,13,16,3),(1612,'2','2016-05-31',3,13,16,4),(1613,'0','2016-05-31',3,13,31,5),(1614,'10','2016-05-31',3,13,31,6),(1615,'0','2016-05-31',3,13,46,7),(1616,'0','2016-05-31',3,13,46,8),(1617,'0','2016-05-31',3,13,46,9),(1618,'0','2016-05-31',3,13,46,10),(1619,'0','2016-05-31',3,13,46,11),(1620,'2','2016-05-31',3,13,46,12),(1621,'0','2016-05-31',3,13,46,13),(1622,'5','2016-05-31',3,13,46,14),(1623,'0','2016-05-31',3,13,46,15),(1624,'0','2016-05-31',3,13,46,16),(1625,'0','2016-05-31',3,13,61,17),(1626,'0','2016-05-31',3,13,61,18),(1627,'0','2016-05-31',3,13,61,19),(1628,'0','2016-05-31',3,13,76,20),(1629,'0','2016-05-31',3,13,76,21),(1630,'0','2016-05-31',3,13,91,22),(1631,'0','2016-05-31',3,13,91,23),(1632,'0','2016-05-31',3,13,121,24),(1633,'0','2016-03-31',3,14,1,1),(1634,'-8','2016-03-31',3,14,16,2),(1635,'-33','2016-03-31',3,14,16,3),(1636,'-2','2016-03-31',3,14,16,4),(1637,'0','2016-03-31',3,14,31,5),(1638,'10','2016-03-31',3,14,31,6),(1639,'0','2016-03-31',3,14,46,7),(1640,'0','2016-03-31',3,14,46,8),(1641,'0','2016-03-31',3,14,46,9),(1642,'0','2016-03-31',3,14,46,10),(1643,'0','2016-03-31',3,14,46,11),(1644,'0','2016-03-31',3,14,46,12),(1645,'0','2016-03-31',3,14,46,13),(1646,'5','2016-03-31',3,14,46,14),(1647,'100','2016-03-31',3,14,46,15),(1648,'0','2016-03-31',3,14,46,16),(1649,'0','2016-03-31',3,14,61,17),(1650,'0','2016-03-31',3,14,61,18),(1651,'0','2016-03-31',3,14,61,19),(1652,'0','2016-03-31',3,14,76,20),(1653,'0','2016-03-31',3,14,76,21),(1654,'0','2016-03-31',3,14,91,22),(1655,'0','2016-03-31',3,14,91,23),(1656,'0.51','2016-03-31',3,14,121,24),(1657,'0','2016-04-30',3,14,1,1),(1658,'-5','2016-04-30',3,14,16,2),(1659,'-34','2016-04-30',3,14,16,3),(1660,'0','2016-04-30',3,14,16,4),(1661,'13','2016-04-30',3,14,31,5),(1662,'10','2016-04-30',3,14,31,6),(1663,'0','2016-04-30',3,14,46,7),(1664,'0','2016-04-30',3,14,46,8),(1665,'0','2016-04-30',3,14,46,9),(1666,'0','2016-04-30',3,14,46,10),(1667,'0','2016-04-30',3,14,46,11),(1668,'0','2016-04-30',3,14,46,12),(1669,'0','2016-04-30',3,14,46,13),(1670,'5','2016-04-30',3,14,46,14),(1671,'100','2016-04-30',3,14,46,15),(1672,'0','2016-04-30',3,14,46,16),(1673,'0','2016-04-30',3,14,61,17),(1674,'0','2016-04-30',3,14,61,18),(1675,'0','2016-04-30',3,14,61,19),(1676,'0','2016-04-30',3,14,76,20),(1677,'0','2016-04-30',3,14,76,21),(1678,'662.8','2016-04-30',3,14,91,22),(1679,'664.6','2016-04-30',3,14,91,23),(1680,'0','2016-04-30',3,14,121,24),(1681,'0','2016-05-31',3,14,1,1),(1682,'-3','2016-05-31',3,14,16,2),(1683,'-12','2016-05-31',3,14,16,3),(1684,'-1','2016-05-31',3,14,16,4),(1685,'0','2016-05-31',3,14,31,5),(1686,'10','2016-05-31',3,14,31,6),(1687,'0','2016-05-31',3,14,46,7),(1688,'0','2016-05-31',3,14,46,8),(1689,'0','2016-05-31',3,14,46,9),(1690,'0','2016-05-31',3,14,46,10),(1691,'0','2016-05-31',3,14,46,11),(1692,'0','2016-05-31',3,14,46,12),(1693,'0','2016-05-31',3,14,46,13),(1694,'5','2016-05-31',3,14,46,14),(1695,'100','2016-05-31',3,14,46,15),(1696,'0','2016-05-31',3,14,46,16),(1697,'0','2016-05-31',3,14,61,17),(1698,'0','2016-05-31',3,14,61,18),(1699,'0','2016-05-31',3,14,61,19),(1700,'0','2016-05-31',3,14,76,20),(1701,'0','2016-05-31',3,14,76,21),(1702,'0','2016-05-31',3,14,91,22),(1703,'0','2016-05-31',3,14,91,23),(1704,'0','2016-05-31',3,14,121,24),(1705,'0','2016-03-31',3,15,1,1),(1706,'-3','2016-03-31',3,15,16,2),(1707,'13','2016-03-31',3,15,16,3),(1708,'4','2016-03-31',3,15,16,4),(1709,'-17','2016-03-31',3,15,31,5),(1710,'10','2016-03-31',3,15,31,6),(1711,'0','2016-03-31',3,15,46,7),(1712,'0','2016-03-31',3,15,46,8),(1713,'0','2016-03-31',3,15,46,9),(1714,'0','2016-03-31',3,15,46,10),(1715,'0','2016-03-31',3,15,46,11),(1716,'0','2016-03-31',3,15,46,12),(1717,'0','2016-03-31',3,15,46,13),(1718,'5','2016-03-31',3,15,46,14),(1719,'100','2016-03-31',3,15,46,15),(1720,'0','2016-03-31',3,15,46,16),(1721,'0','2016-03-31',3,15,61,17),(1722,'0','2016-03-31',3,15,61,18),(1723,'1','2016-03-31',3,15,61,19),(1724,'0','2016-03-31',3,15,76,20),(1725,'0.1','2016-03-31',3,15,76,21),(1726,'0','2016-03-31',3,15,91,22),(1727,'15','2016-03-31',3,15,91,23),(1728,'0','2016-03-31',3,15,121,24),(1729,'0','2016-04-30',3,15,1,1),(1730,'-1','2016-04-30',3,15,16,2),(1731,'15','2016-04-30',3,15,16,3),(1732,'5','2016-04-30',3,15,16,4),(1733,'10','2016-04-30',3,15,31,5),(1734,'10','2016-04-30',3,15,31,6),(1735,'0','2016-04-30',3,15,46,7),(1736,'0','2016-04-30',3,15,46,8),(1737,'0','2016-04-30',3,15,46,9),(1738,'0','2016-04-30',3,15,46,10),(1739,'0','2016-04-30',3,15,46,11),(1740,'0','2016-04-30',3,15,46,12),(1741,'0','2016-04-30',3,15,46,13),(1742,'5','2016-04-30',3,15,46,14),(1743,'100','2016-04-30',3,15,46,15),(1744,'0','2016-04-30',3,15,46,16),(1745,'0','2016-04-30',3,15,61,17),(1746,'0','2016-04-30',3,15,61,18),(1747,'0','2016-04-30',3,15,61,19),(1748,'0','2016-04-30',3,15,76,20),(1749,'0','2016-04-30',3,15,76,21),(1750,'0','2016-04-30',3,15,91,22),(1751,'0','2016-04-30',3,15,91,23),(1752,'0','2016-04-30',3,15,121,24),(1753,'0','2016-05-31',3,15,1,1),(1754,'1','2016-05-31',3,15,16,2),(1755,'4','2016-05-31',3,15,16,3),(1756,'1','2016-05-31',3,15,16,4),(1757,'1','2016-05-31',3,15,31,5),(1758,'10','2016-05-31',3,15,31,6),(1759,'0','2016-05-31',3,15,46,7),(1760,'0','2016-05-31',3,15,46,8),(1761,'0','2016-05-31',3,15,46,9),(1762,'1','2016-05-31',3,15,46,10),(1763,'4','2016-05-31',3,15,46,11),(1764,'0','2016-05-31',3,15,46,12),(1765,'0','2016-05-31',3,15,46,13),(1766,'5','2016-05-31',3,15,46,14),(1767,'100','2016-05-31',3,15,46,15),(1768,'0','2016-05-31',3,15,46,16),(1769,'0','2016-05-31',3,15,61,17),(1770,'0','2016-05-31',3,15,61,18),(1771,'0','2016-05-31',3,15,61,19),(1772,'0','2016-05-31',3,15,76,20),(1773,'0','2016-05-31',3,15,76,21),(1774,'0','2016-05-31',3,15,91,22),(1775,'0','2016-05-31',3,15,91,23),(1776,'0','2016-05-31',3,15,121,24),(1777,'0','2016-09-30',5,1,1,1),(1778,'-6','2016-09-30',5,1,16,2),(1779,'-89.8','2016-09-30',5,1,16,3),(1780,'4','2016-09-30',5,1,16,4),(1781,'-0.17','2016-09-30',5,1,31,5),(1782,'0.77','2016-09-30',5,1,31,6),(1783,'0','2016-09-30',5,1,46,7),(1784,'0','2016-09-30',5,1,46,8),(1785,'0','2016-09-30',5,1,46,9),(1786,'0','2016-09-30',5,1,46,10),(1787,'0','2016-09-30',5,1,46,11),(1788,'0','2016-09-30',5,1,46,12),(1789,'1','2016-09-30',5,1,46,13),(1790,'4','2016-09-30',5,1,46,14),(1791,'0','2016-09-30',5,1,46,15),(1792,'0','2016-09-30',5,1,46,16),(1793,'0','2016-09-30',5,1,61,17),(1794,'0','2016-09-30',5,1,61,18),(1795,'0','2016-09-30',5,1,61,19),(1796,'0','2016-09-30',5,1,76,20),(1797,'0','2016-09-30',5,1,76,21),(1798,'5.42','2016-09-30',5,1,91,22),(1799,'0','2016-09-30',5,1,91,23),(1800,'1','2016-09-30',5,1,121,24),(1801,'0','2016-09-30',5,2,1,1),(1802,'-7','2016-09-30',5,2,16,2),(1803,'-24','2016-09-30',5,2,16,3),(1804,'6','2016-09-30',5,2,16,4),(1805,'-1.94','2016-09-30',5,2,31,5),(1806,'-1.54','2016-09-30',5,2,31,6),(1807,'0','2016-09-30',5,2,46,7),(1808,'0','2016-09-30',5,2,46,8),(1809,'0','2016-09-30',5,2,46,9),(1810,'0','2016-09-30',5,2,46,10),(1811,'0','2016-09-30',5,2,46,11),(1812,'0','2016-09-30',5,2,46,12),(1813,'0','2016-09-30',5,2,46,13),(1814,'5','2016-09-30',5,2,46,14),(1815,'1','2016-09-30',5,2,46,15),(1816,'0','2016-09-30',5,2,46,16),(1817,'0','2016-09-30',5,2,61,17),(1818,'0','2016-09-30',5,2,61,18),(1819,'0','2016-09-30',5,2,61,19),(1820,'0','2016-09-30',5,2,76,20),(1821,'0','2016-09-30',5,2,76,21),(1822,'0','2016-09-30',5,2,91,22),(1823,'0','2016-09-30',5,2,91,23),(1824,'1','2016-09-30',5,2,121,24),(1825,'0','2016-09-30',5,4,1,1),(1826,'-7','2016-09-30',5,4,16,2),(1827,'5','2016-09-30',5,4,16,3),(1828,'0','2016-09-30',5,4,16,4),(1829,'0','2016-09-30',5,4,31,5),(1830,'0','2016-09-30',5,4,31,6),(1831,'0','2016-09-30',5,4,46,7),(1832,'0','2016-09-30',5,4,46,8),(1833,'0','2016-09-30',5,4,46,9),(1834,'0','2016-09-30',5,4,46,10),(1835,'0','2016-09-30',5,4,46,11),(1836,'0','2016-09-30',5,4,46,12),(1837,'3','2016-09-30',5,4,46,13),(1838,'4','2016-09-30',5,4,46,14),(1839,'0','2016-09-30',5,4,46,15),(1840,'0','2016-09-30',5,4,46,16),(1841,'0','2016-09-30',5,4,61,17),(1842,'0','2016-09-30',5,4,61,18),(1843,'0','2016-09-30',5,4,61,19),(1844,'0','2016-09-30',5,4,76,20),(1845,'0','2016-09-30',5,4,76,21),(1846,'0','2016-09-30',5,4,91,22),(1847,'0','2016-09-30',5,4,91,23),(1848,'0.99','2016-09-30',5,4,121,24),(1849,'0','2016-09-30',5,3,1,1),(1850,'2','2016-09-30',5,3,16,2),(1851,'-4','2016-09-30',5,3,16,3),(1852,'8','2016-09-30',5,3,16,4),(1853,'-5.67','2016-09-30',5,3,31,5),(1854,'0.55','2016-09-30',5,3,31,6),(1855,'0','2016-09-30',5,3,46,7),(1856,'0','2016-09-30',5,3,46,8),(1857,'0','2016-09-30',5,3,46,9),(1858,'0','2016-09-30',5,3,46,10),(1859,'0','2016-09-30',5,3,46,11),(1860,'0','2016-09-30',5,3,46,12),(1861,'0','2016-09-30',5,3,46,13),(1862,'5','2016-09-30',5,3,46,14),(1863,'0','2016-09-30',5,3,46,15),(1864,'0','2016-09-30',5,3,46,16),(1865,'0','2016-09-30',5,3,61,17),(1866,'0','2016-09-30',5,3,61,18),(1867,'0','2016-09-30',5,3,61,19),(1868,'0','2016-09-30',5,3,76,20),(1869,'0','2016-09-30',5,3,76,21),(1870,'0','2016-09-30',5,3,91,22),(1871,'0','2016-09-30',5,3,91,23),(1872,'1','2016-09-30',5,3,121,24),(1873,'0','2016-09-30',5,14,1,1),(1874,'-5','2016-09-30',5,14,16,2),(1875,'-45','2016-09-30',5,14,16,3),(1876,'1','2016-09-30',5,14,16,4),(1877,'-0.54','2016-09-30',5,14,31,5),(1878,'-3.15','2016-09-30',5,14,31,6),(1879,'0','2016-09-30',5,14,46,7),(1880,'0','2016-09-30',5,14,46,8),(1881,'0','2016-09-30',5,14,46,9),(1882,'0','2016-09-30',5,14,46,10),(1883,'0','2016-09-30',5,14,46,11),(1884,'0','2016-09-30',5,14,46,12),(1885,'0','2016-09-30',5,14,46,13),(1886,'5','2016-09-30',5,14,46,14),(1887,'0','2016-09-30',5,14,46,15),(1888,'0','2016-09-30',5,14,46,16),(1889,'0','2016-09-30',5,14,61,17),(1890,'0','2016-09-30',5,14,61,18),(1891,'0','2016-09-30',5,14,61,19),(1892,'0','2016-09-30',5,14,76,20),(1893,'0','2016-09-30',5,14,76,21),(1894,'0','2016-09-30',5,14,91,22),(1895,'0','2016-09-30',5,14,91,23),(1896,'0.99','2016-09-30',5,14,121,24),(1897,'0','2016-09-30',5,5,1,1),(1898,'-8','2016-09-30',5,5,16,2),(1899,'-34','2016-09-30',5,5,16,3),(1900,'6','2016-09-30',5,5,16,4),(1901,'-3.52','2016-09-30',5,5,31,5),(1902,'2.58','2016-09-30',5,5,31,6),(1903,'0','2016-09-30',5,5,46,7),(1904,'0','2016-09-30',5,5,46,8),(1905,'0','2016-09-30',5,5,46,9),(1906,'0','2016-09-30',5,5,46,10),(1907,'0','2016-09-30',5,5,46,11),(1908,'8','2016-09-30',5,5,46,12),(1909,'1','2016-09-30',5,5,46,13),(1910,'4','2016-09-30',5,5,46,14),(1911,'0','2016-09-30',5,5,46,15),(1912,'0','2016-09-30',5,5,46,16),(1913,'0','2016-09-30',5,5,61,17),(1914,'0','2016-09-30',5,5,61,18),(1915,'0','2016-09-30',5,5,61,19),(1916,'0','2016-09-30',5,5,76,20),(1917,'0','2016-09-30',5,5,76,21),(1918,'0','2016-09-30',5,5,91,22),(1919,'0','2016-09-30',5,5,91,23),(1920,'0.99','2016-09-30',5,5,121,24),(1921,'0','2016-09-30',5,6,1,1),(1922,'-5','2016-09-30',5,6,16,2),(1923,'3','2016-09-30',5,6,16,3),(1924,'9','2016-09-30',5,6,16,4),(1925,'-11.03','2016-09-30',5,6,31,5),(1926,'-0.77','2016-09-30',5,6,31,6),(1927,'0','2016-09-30',5,6,46,7),(1928,'0','2016-09-30',5,6,46,8),(1929,'0','2016-09-30',5,6,46,9),(1930,'0','2016-09-30',5,6,46,10),(1931,'0','2016-09-30',5,6,46,11),(1932,'0','2016-09-30',5,6,46,12),(1933,'0','2016-09-30',5,6,46,13),(1934,'5','2016-09-30',5,6,46,14),(1935,'0','2016-09-30',5,6,46,15),(1936,'0','2016-09-30',5,6,46,16),(1937,'0','2016-09-30',5,6,61,17),(1938,'0','2016-09-30',5,6,61,18),(1939,'0','2016-09-30',5,6,61,19),(1940,'0','2016-09-30',5,6,76,20),(1941,'0','2016-09-30',5,6,76,21),(1942,'0','2016-09-30',5,6,91,22),(1943,'0','2016-09-30',5,6,91,23),(1944,'1','2016-09-30',5,6,121,24),(1945,'0','2016-09-30',5,12,1,1),(1946,'-3','2016-09-30',5,12,16,2),(1947,'-25','2016-09-30',5,12,16,3),(1948,'4','2016-09-30',5,12,16,4),(1949,'0.14','2016-09-30',5,12,31,5),(1950,'-7.72','2016-09-30',5,12,31,6),(1951,'0','2016-09-30',5,12,46,7),(1952,'0','2016-09-30',5,12,46,8),(1953,'0','2016-09-30',5,12,46,9),(1954,'0','2016-09-30',5,12,46,10),(1955,'0','2016-09-30',5,12,46,11),(1956,'0','2016-09-30',5,12,46,12),(1957,'2','2016-09-30',5,12,46,13),(1958,'5','2016-09-30',5,12,46,14),(1959,'0','2016-09-30',5,12,46,15),(1960,'0','2016-09-30',5,12,46,16),(1961,'0','2016-09-30',5,12,61,17),(1962,'0','2016-09-30',5,12,61,18),(1963,'0','2016-09-30',5,12,61,19),(1964,'0','2016-09-30',5,12,76,20),(1965,'0','2016-09-30',5,12,76,21),(1966,'0','2016-09-30',5,12,91,22),(1967,'0','2016-09-30',5,12,91,23),(1968,'1','2016-09-30',5,12,121,24),(1969,'1','2016-09-30',5,15,1,1),(1970,'-2','2016-09-30',5,15,16,2),(1971,'-113','2016-09-30',5,15,16,3),(1972,'8','2016-09-30',5,15,16,4),(1973,'0','2016-09-30',5,15,31,5),(1974,'0','2016-09-30',5,15,31,6),(1975,'0','2016-09-30',5,15,46,7),(1976,'0','2016-09-30',5,15,46,8),(1977,'0','2016-09-30',5,15,46,9),(1978,'0','2016-09-30',5,15,46,10),(1979,'0','2016-09-30',5,15,46,11),(1980,'0','2016-09-30',5,15,46,12),(1981,'0','2016-09-30',5,15,46,13),(1982,'5','2016-09-30',5,15,46,14),(1983,'0','2016-09-30',5,15,46,15),(1984,'0','2016-09-30',5,15,46,16),(1985,'0','2016-09-30',5,15,61,17),(1986,'0','2016-09-30',5,15,61,18),(1987,'0','2016-09-30',5,15,61,19),(1988,'0','2016-09-30',5,15,76,20),(1989,'0','2016-09-30',5,15,76,21),(1990,'0','2016-09-30',5,15,91,22),(1991,'0','2016-09-30',5,15,91,23),(1992,'1','2016-09-30',5,15,121,24),(1993,'0','2016-09-30',5,7,1,1),(1994,'-1','2016-09-30',5,7,16,2),(1995,'-78','2016-09-30',5,7,16,3),(1996,'6','2016-09-30',5,7,16,4),(1997,'-2.24','2016-09-30',5,7,31,5),(1998,'-7.15','2016-09-30',5,7,31,6),(1999,'0','2016-09-30',5,7,46,7),(2000,'0','2016-09-30',5,7,46,8),(2001,'0','2016-09-30',5,7,46,9),(2002,'0','2016-09-30',5,7,46,10),(2003,'0','2016-09-30',5,7,46,11),(2004,'0','2016-09-30',5,7,46,12),(2005,'1','2016-09-30',5,7,46,13),(2006,'5','2016-09-30',5,7,46,14),(2007,'0','2016-09-30',5,7,46,15),(2008,'0','2016-09-30',5,7,46,16),(2009,'0','2016-09-30',5,7,61,17),(2010,'0','2016-09-30',5,7,61,18),(2011,'0','2016-09-30',5,7,61,19),(2012,'0','2016-09-30',5,7,76,20),(2013,'0','2016-09-30',5,7,76,21),(2014,'0','2016-09-30',5,7,91,22),(2015,'0','2016-09-30',5,7,91,23),(2016,'1','2016-09-30',5,7,121,24),(2017,'0','2016-09-30',5,8,1,1),(2018,'-9','2016-09-30',5,8,16,2),(2019,'-43','2016-09-30',5,8,16,3),(2020,'0','2016-09-30',5,8,16,4),(2021,'0','2016-09-30',5,8,31,5),(2022,'0','2016-09-30',5,8,31,6),(2023,'0','2016-09-30',5,8,46,7),(2024,'0','2016-09-30',5,8,46,8),(2025,'0','2016-09-30',5,8,46,9),(2026,'0','2016-09-30',5,8,46,10),(2027,'0','2016-09-30',5,8,46,11),(2028,'0','2016-09-30',5,8,46,12),(2029,'0','2016-09-30',5,8,46,13),(2030,'5','2016-09-30',5,8,46,14),(2031,'0','2016-09-30',5,8,46,15),(2032,'0','2016-09-30',5,8,46,16),(2033,'1','2016-09-30',5,8,61,17),(2034,'0','2016-09-30',5,8,61,18),(2035,'0','2016-09-30',5,8,61,19),(2036,'0','2016-09-30',5,8,76,20),(2037,'0','2016-09-30',5,8,76,21),(2038,'0','2016-09-30',5,8,91,22),(2039,'0','2016-09-30',5,8,91,23),(2040,'0.99','2016-09-30',5,8,121,24),(2041,'0','2016-09-30',5,9,1,1),(2042,'-8','2016-09-30',5,9,16,2),(2043,'-11','2016-09-30',5,9,16,3),(2044,'6','2016-09-30',5,9,16,4),(2045,'-1.02','2016-09-30',5,9,31,5),(2046,'0.23','2016-09-30',5,9,31,6),(2047,'0','2016-09-30',5,9,46,7),(2048,'0','2016-09-30',5,9,46,8),(2049,'0','2016-09-30',5,9,46,9),(2050,'0','2016-09-30',5,9,46,10),(2051,'0','2016-09-30',5,9,46,11),(2052,'0','2016-09-30',5,9,46,12),(2053,'3','2016-09-30',5,9,46,13),(2054,'4','2016-09-30',5,9,46,14),(2055,'0','2016-09-30',5,9,46,15),(2056,'0','2016-09-30',5,9,46,16),(2057,'0','2016-09-30',5,9,61,17),(2058,'0','2016-09-30',5,9,61,18),(2059,'0','2016-09-30',5,9,61,19),(2060,'0','2016-09-30',5,9,76,20),(2061,'0','2016-09-30',5,9,76,21),(2062,'0','2016-09-30',5,9,91,22),(2063,'0','2016-09-30',5,9,91,23),(2064,'1','2016-09-30',5,9,121,24),(2065,'0','2016-09-30',5,10,1,1),(2066,'-7','2016-09-30',5,10,16,2),(2067,'-16','2016-09-30',5,10,16,3),(2068,'6','2016-09-30',5,10,16,4),(2069,'7.03','2016-09-30',5,10,31,5),(2070,'2.00','2016-09-30',5,10,31,6),(2071,'0','2016-09-30',5,10,46,7),(2072,'0','2016-09-30',5,10,46,8),(2073,'0','2016-09-30',5,10,46,9),(2074,'0','2016-09-30',5,10,46,10),(2075,'0','2016-09-30',5,10,46,11),(2076,'0','2016-09-30',5,10,46,12),(2077,'0','2016-09-30',5,10,46,13),(2078,'5','2016-09-30',5,10,46,14),(2079,'0','2016-09-30',5,10,46,15),(2080,'0','2016-09-30',5,10,46,16),(2081,'0','2016-09-30',5,10,61,17),(2082,'0','2016-09-30',5,10,61,18),(2083,'0','2016-09-30',5,10,61,19),(2084,'0','2016-09-30',5,10,76,20),(2085,'0','2016-09-30',5,10,76,21),(2086,'0','2016-09-30',5,10,91,22),(2087,'0','2016-09-30',5,10,91,23),(2088,'1','2016-09-30',5,10,121,24),(2089,'0','2016-09-30',5,11,1,1),(2090,'-5','2016-09-30',5,11,16,2),(2091,'-6','2016-09-30',5,11,16,3),(2092,'5','2016-09-30',5,11,16,4),(2093,'-10.06','2016-09-30',5,11,31,5),(2094,'5.36','2016-09-30',5,11,31,6),(2095,'0','2016-09-30',5,11,46,7),(2096,'0','2016-09-30',5,11,46,8),(2097,'0','2016-09-30',5,11,46,9),(2098,'0','2016-09-30',5,11,46,10),(2099,'0','2016-09-30',5,11,46,11),(2100,'0','2016-09-30',5,11,46,12),(2101,'0','2016-09-30',5,11,46,13),(2102,'5','2016-09-30',5,11,46,14),(2103,'1','2016-09-30',5,11,46,15),(2104,'0','2016-09-30',5,11,46,16),(2105,'0','2016-09-30',5,11,61,17),(2106,'0','2016-09-30',5,11,61,18),(2107,'0','2016-09-30',5,11,61,19),(2108,'0','2016-09-30',5,11,76,20),(2109,'0','2016-09-30',5,11,76,21),(2110,'0','2016-09-30',5,11,91,22),(2111,'0','2016-09-30',5,11,91,23),(2112,'0.99','2016-09-30',5,11,121,24),(2113,'0','2016-09-30',5,13,1,1),(2114,'-1','2016-09-30',5,13,16,2),(2115,'-13','2016-09-30',5,13,16,3),(2116,'1','2016-09-30',5,13,16,4),(2117,'5.00','2016-09-30',5,13,31,5),(2118,'-10.38','2016-09-30',5,13,31,6),(2119,'0','2016-09-30',5,13,46,7),(2120,'0','2016-09-30',5,13,46,8),(2121,'0','2016-09-30',5,13,46,9),(2122,'0','2016-09-30',5,13,46,10),(2123,'0','2016-09-30',5,13,46,11),(2124,'0','2016-09-30',5,13,46,12),(2125,'0','2016-09-30',5,13,46,13),(2126,'5','2016-09-30',5,13,46,14),(2127,'0','2016-09-30',5,13,46,15),(2128,'0','2016-09-30',5,13,46,16),(2129,'0','2016-09-30',5,13,61,17),(2130,'0','2016-09-30',5,13,61,18),(2131,'0','2016-09-30',5,13,61,19),(2132,'0','2016-09-30',5,13,76,20),(2133,'0','2016-09-30',5,13,76,21),(2134,'0','2016-09-30',5,13,91,22),(2135,'0','2016-09-30',5,13,91,23),(2136,'1','2016-09-30',5,13,121,24),(2137,'1','2016-08-31',5,1,1,1),(2138,'-5','2016-08-31',5,1,16,2),(2139,'-95.8','2016-08-31',5,1,16,3),(2140,'2','2016-08-31',5,1,16,4),(2141,'-8.59','2016-08-31',5,1,31,5),(2142,'-4.31','2016-08-31',5,1,31,6),(2143,'0','2016-08-31',5,1,46,7),(2144,'0','2016-08-31',5,1,46,8),(2145,'0','2016-08-31',5,1,46,9),(2146,'0','2016-08-31',5,1,46,10),(2147,'0','2016-08-31',5,1,46,11),(2148,'0','2016-08-31',5,1,46,12),(2149,'1','2016-08-31',5,1,46,13),(2150,'0','2016-08-31',5,1,46,14),(2151,'2','2016-08-31',5,1,46,15),(2152,'0','2016-08-31',5,1,46,16),(2153,'0','2016-08-31',5,1,61,17),(2154,'0','2016-08-31',5,1,61,18),(2155,'0','2016-08-31',5,1,61,19),(2156,'0','2016-08-31',5,1,76,20),(2157,'0','2016-08-31',5,1,76,21),(2158,'0','2016-08-31',5,1,91,22),(2159,'0','2016-08-31',5,1,91,23),(2160,'1','2016-08-31',5,1,121,24),(2161,'0','2016-08-31',5,2,1,1),(2162,'-6','2016-08-31',5,2,16,2),(2163,'-24','2016-08-31',5,2,16,3),(2164,'4','2016-08-31',5,2,16,4),(2165,'-11.28','2016-08-31',5,2,31,5),(2166,'1.00','2016-08-31',5,2,31,6),(2167,'0','2016-08-31',5,2,46,7),(2168,'0','2016-08-31',5,2,46,8),(2169,'0','2016-08-31',5,2,46,9),(2170,'0','2016-08-31',5,2,46,10),(2171,'0','2016-08-31',5,2,46,11),(2172,'0','2016-08-31',5,2,46,12),(2173,'0','2016-08-31',5,2,46,13),(2174,'0','2016-08-31',5,2,46,14),(2175,'0','2016-08-31',5,2,46,15),(2176,'0','2016-08-31',5,2,46,16),(2177,'0','2016-08-31',5,2,61,17),(2178,'0','2016-08-31',5,2,61,18),(2179,'0','2016-08-31',5,2,61,19),(2180,'0','2016-08-31',5,2,76,20),(2181,'0','2016-08-31',5,2,76,21),(2182,'0','2016-08-31',5,2,91,22),(2183,'0','2016-08-31',5,2,91,23),(2184,'1','2016-08-31',5,2,121,24),(2185,'0','2016-08-31',5,4,1,1),(2186,'-6','2016-08-31',5,4,16,2),(2187,'5','2016-08-31',5,4,16,3),(2188,'-5','2016-08-31',5,4,16,4),(2189,'-25.29','2016-08-31',5,4,31,5),(2190,'3.58','2016-08-31',5,4,31,6),(2191,'0','2016-08-31',5,4,46,7),(2192,'0','2016-08-31',5,4,46,8),(2193,'0','2016-08-31',5,4,46,9),(2194,'0','2016-08-31',5,4,46,10),(2195,'0','2016-08-31',5,4,46,11),(2196,'0','2016-08-31',5,4,46,12),(2197,'3','2016-08-31',5,4,46,13),(2198,'0','2016-08-31',5,4,46,14),(2199,'0','2016-08-31',5,4,46,15),(2200,'0','2016-08-31',5,4,46,16),(2201,'0','2016-08-31',5,4,61,17),(2202,'0','2016-08-31',5,4,61,18),(2203,'0','2016-08-31',5,4,61,19),(2204,'0','2016-08-31',5,4,76,20),(2205,'0','2016-08-31',5,4,76,21),(2206,'0','2016-08-31',5,4,91,22),(2207,'0','2016-08-31',5,4,91,23),(2208,'1','2016-08-31',5,4,121,24),(2209,'0','2016-08-31',5,3,1,1),(2210,'3','2016-08-31',5,3,16,2),(2211,'-4','2016-08-31',5,3,16,3),(2212,'7','2016-08-31',5,3,16,4),(2213,'1.18','2016-08-31',5,3,31,5),(2214,'-0.77','2016-08-31',5,3,31,6),(2215,'0','2016-08-31',5,3,46,7),(2216,'0','2016-08-31',5,3,46,8),(2217,'0','2016-08-31',5,3,46,9),(2218,'0','2016-08-31',5,3,46,10),(2219,'0','2016-08-31',5,3,46,11),(2220,'0','2016-08-31',5,3,46,12),(2221,'0','2016-08-31',5,3,46,13),(2222,'0','2016-08-31',5,3,46,14),(2223,'0','2016-08-31',5,3,46,15),(2224,'0','2016-08-31',5,3,46,16),(2225,'0','2016-08-31',5,3,61,17),(2226,'0','2016-08-31',5,3,61,18),(2227,'0','2016-08-31',5,3,61,19),(2228,'0','2016-08-31',5,3,76,20),(2229,'0','2016-08-31',5,3,76,21),(2230,'0','2016-08-31',5,3,91,22),(2231,'0','2016-08-31',5,3,91,23),(2232,'1','2016-08-31',5,3,121,24),(2233,'0','2016-08-31',5,14,1,1),(2234,'-4','2016-08-31',5,14,16,2),(2235,'-45','2016-08-31',5,14,16,3),(2236,'1','2016-08-31',5,14,16,4),(2237,'-3.68','2016-08-31',5,14,31,5),(2238,'-3.65','2016-08-31',5,14,31,6),(2239,'0','2016-08-31',5,14,46,7),(2240,'0','2016-08-31',5,14,46,8),(2241,'0','2016-08-31',5,14,46,9),(2242,'0','2016-08-31',5,14,46,10),(2243,'0','2016-08-31',5,14,46,11),(2244,'0','2016-08-31',5,14,46,12),(2245,'0','2016-08-31',5,14,46,13),(2246,'0','2016-08-31',5,14,46,14),(2247,'0','2016-08-31',5,14,46,15),(2248,'0','2016-08-31',5,14,46,16),(2249,'0','2016-08-31',5,14,61,17),(2250,'0','2016-08-31',5,14,61,18),(2251,'0','2016-08-31',5,14,61,19),(2252,'0','2016-08-31',5,14,76,20),(2253,'0','2016-08-31',5,14,76,21),(2254,'0','2016-08-31',5,14,91,22),(2255,'0','2016-08-31',5,14,91,23),(2256,'1','2016-08-31',5,14,121,24),(2257,'0','2016-08-31',5,5,1,1),(2258,'-8','2016-08-31',5,5,16,2),(2259,'-34','2016-08-31',5,5,16,3),(2260,'5','2016-08-31',5,5,16,4),(2261,'-1.71','2016-08-31',5,5,31,5),(2262,'2.77','2016-08-31',5,5,31,6),(2263,'0','2016-08-31',5,5,46,7),(2264,'0','2016-08-31',5,5,46,8),(2265,'0','2016-08-31',5,5,46,9),(2266,'0','2016-08-31',5,5,46,10),(2267,'0','2016-08-31',5,5,46,11),(2268,'0','2016-08-31',5,5,46,12),(2269,'1','2016-08-31',5,5,46,13),(2270,'0','2016-08-31',5,5,46,14),(2271,'0','2016-08-31',5,5,46,15),(2272,'0','2016-08-31',5,5,46,16),(2273,'0','2016-08-31',5,5,61,17),(2274,'0','2016-08-31',5,5,61,18),(2275,'0','2016-08-31',5,5,61,19),(2276,'0','2016-08-31',5,5,76,20),(2277,'0','2016-08-31',5,5,76,21),(2278,'0','2016-08-31',5,5,91,22),(2279,'0','2016-08-31',5,5,91,23),(2280,'1','2016-08-31',5,5,121,24),(2281,'0','2016-08-31',5,6,1,1),(2282,'-5','2016-08-31',5,6,16,2),(2283,'3','2016-08-31',5,6,16,3),(2284,'9','2016-08-31',5,6,16,4),(2285,'-0.60','2016-08-31',5,6,31,5),(2286,'-0.15','2016-08-31',5,6,31,6),(2287,'0','2016-08-31',5,6,46,7),(2288,'0','2016-08-31',5,6,46,8),(2289,'0','2016-08-31',5,6,46,9),(2290,'0','2016-08-31',5,6,46,10),(2291,'0','2016-08-31',5,6,46,11),(2292,'0','2016-08-31',5,6,46,12),(2293,'0','2016-08-31',5,6,46,13),(2294,'0','2016-08-31',5,6,46,14),(2295,'2','2016-08-31',5,6,46,15),(2296,'0','2016-08-31',5,6,46,16),(2297,'0','2016-08-31',5,6,61,17),(2298,'0','2016-08-31',5,6,61,18),(2299,'0','2016-08-31',5,6,61,19),(2300,'0','2016-08-31',5,6,76,20),(2301,'0','2016-08-31',5,6,76,21),(2302,'0','2016-08-31',5,6,91,22),(2303,'0','2016-08-31',5,6,91,23),(2304,'1','2016-08-31',5,6,121,24),(2305,'0','2016-08-31',5,12,1,1),(2306,'-2','2016-08-31',5,12,16,2),(2307,'-25','2016-08-31',5,12,16,3),(2308,'3','2016-08-31',5,12,16,4),(2309,'0.11','2016-08-31',5,12,31,5),(2310,'-7.92','2016-08-31',5,12,31,6),(2311,'0','2016-08-31',5,12,46,7),(2312,'0','2016-08-31',5,12,46,8),(2313,'0','2016-08-31',5,12,46,9),(2314,'0','2016-08-31',5,12,46,10),(2315,'0','2016-08-31',5,12,46,11),(2316,'0','2016-08-31',5,12,46,12),(2317,'2','2016-08-31',5,12,46,13),(2318,'0','2016-08-31',5,12,46,14),(2319,'0','2016-08-31',5,12,46,15),(2320,'0','2016-08-31',5,12,46,16),(2321,'0','2016-08-31',5,12,61,17),(2322,'0','2016-08-31',5,12,61,18),(2323,'0','2016-08-31',5,12,61,19),(2324,'0','2016-08-31',5,12,76,20),(2325,'0','2016-08-31',5,12,76,21),(2326,'0','2016-08-31',5,12,91,22),(2327,'0','2016-08-31',5,12,91,23),(2328,'1','2016-08-31',5,12,121,24),(2329,'0','2016-08-31',5,15,1,1),(2330,'-1','2016-08-31',5,15,16,2),(2331,'-113','2016-08-31',5,15,16,3),(2332,'7','2016-08-31',5,15,16,4),(2333,'-0.43','2016-08-31',5,15,31,5),(2334,'--9.67','2016-08-31',5,15,31,6),(2335,'0','2016-08-31',5,15,46,7),(2336,'0','2016-08-31',5,15,46,8),(2337,'0','2016-08-31',5,15,46,9),(2338,'0','2016-08-31',5,15,46,10),(2339,'0','2016-08-31',5,15,46,11),(2340,'0','2016-08-31',5,15,46,12),(2341,'0','2016-08-31',5,15,46,13),(2342,'0','2016-08-31',5,15,46,14),(2343,'0','2016-08-31',5,15,46,15),(2344,'0','2016-08-31',5,15,46,16),(2345,'0','2016-08-31',5,15,61,17),(2346,'0','2016-08-31',5,15,61,18),(2347,'0','2016-08-31',5,15,61,19),(2348,'0','2016-08-31',5,15,76,20),(2349,'0','2016-08-31',5,15,76,21),(2350,'0','2016-08-31',5,15,91,22),(2351,'0','2016-08-31',5,15,91,23),(2352,'1','2016-08-31',5,15,121,24),(2353,'0','2016-08-31',5,7,1,1),(2354,'-4','2016-08-31',5,7,16,2),(2355,'-78','2016-08-31',5,7,16,3),(2356,'1','2016-08-31',5,7,16,4),(2357,'-1.72','2016-08-31',5,7,31,5),(2358,'-3.23','2016-08-31',5,7,31,6),(2359,'0','2016-08-31',5,7,46,7),(2360,'0','2016-08-31',5,7,46,8),(2361,'0','2016-08-31',5,7,46,9),(2362,'0','2016-08-31',5,7,46,10),(2363,'0','2016-08-31',5,7,46,11),(2364,'0','2016-08-31',5,7,46,12),(2365,'1','2016-08-31',5,7,46,13),(2366,'0','2016-08-31',5,7,46,14),(2367,'0','2016-08-31',5,7,46,15),(2368,'0','2016-08-31',5,7,46,16),(2369,'0','2016-08-31',5,7,61,17),(2370,'0','2016-08-31',5,7,61,18),(2371,'0','2016-08-31',5,7,61,19),(2372,'0','2016-08-31',5,7,76,20),(2373,'0','2016-08-31',5,7,76,21),(2374,'0','2016-08-31',5,7,91,22),(2375,'0','2016-08-31',5,7,91,23),(2376,'1','2016-08-31',5,7,121,24),(2377,'1','2016-08-31',5,8,1,1),(2378,'-8','2016-08-31',5,8,16,2),(2379,'-43','2016-08-31',5,8,16,3),(2380,'-2','2016-08-31',5,8,16,4),(2381,'0.00','2016-08-31',5,8,31,5),(2382,'0.92','2016-08-31',5,8,31,6),(2383,'0','2016-08-31',5,8,46,7),(2384,'0','2016-08-31',5,8,46,8),(2385,'0','2016-08-31',5,8,46,9),(2386,'0','2016-08-31',5,8,46,10),(2387,'0','2016-08-31',5,8,46,11),(2388,'0','2016-08-31',5,8,46,12),(2389,'0','2016-08-31',5,8,46,13),(2390,'0','2016-08-31',5,8,46,14),(2391,'0','2016-08-31',5,8,46,15),(2392,'0','2016-08-31',5,8,46,16),(2393,'0','2016-08-31',5,8,61,17),(2394,'0','2016-08-31',5,8,61,18),(2395,'0','2016-08-31',5,8,61,19),(2396,'0','2016-08-31',5,8,76,20),(2397,'0','2016-08-31',5,8,76,21),(2398,'0','2016-08-31',5,8,91,22),(2399,'0','2016-08-31',5,8,91,23),(2400,'1','2016-08-31',5,8,121,24),(2401,'0','2016-08-31',5,9,1,1),(2402,'-8','2016-08-31',5,9,16,2),(2403,'-11','2016-08-31',5,9,16,3),(2404,'3','2016-08-31',5,9,16,4),(2405,'0.03%','2016-08-31',5,9,31,5),(2406,'-6.85%','2016-08-31',5,9,31,6),(2407,'0','2016-08-31',5,9,46,7),(2408,'0','2016-08-31',5,9,46,8),(2409,'0','2016-08-31',5,9,46,9),(2410,'0','2016-08-31',5,9,46,10),(2411,'0','2016-08-31',5,9,46,11),(2412,'0','2016-08-31',5,9,46,12),(2413,'4','2016-08-31',5,9,46,13),(2414,'0','2016-08-31',5,9,46,14),(2415,'0','2016-08-31',5,9,46,15),(2416,'0','2016-08-31',5,9,46,16),(2417,'0','2016-08-31',5,9,61,17),(2418,'0','2016-08-31',5,9,61,18),(2419,'0','2016-08-31',5,9,61,19),(2420,'0','2016-08-31',5,9,76,20),(2421,'0','2016-08-31',5,9,76,21),(2422,'0','2016-08-31',5,9,91,22),(2423,'0','2016-08-31',5,9,91,23),(2424,'1','2016-08-31',5,9,121,24),(2425,'0','2016-08-31',5,10,1,1),(2426,'-7','2016-08-31',5,10,16,2),(2427,'-16','2016-08-31',5,10,16,3),(2428,'-8','2016-08-31',5,10,16,4),(2429,'-0.04','2016-08-31',5,10,31,5),(2430,'1.25','2016-08-31',5,10,31,6),(2431,'0','2016-08-31',5,10,46,7),(2432,'0','2016-08-31',5,10,46,8),(2433,'0','2016-08-31',5,10,46,9),(2434,'0','2016-08-31',5,10,46,10),(2435,'0','2016-08-31',5,10,46,11),(2436,'0','2016-08-31',5,10,46,12),(2437,'0','2016-08-31',5,10,46,13),(2438,'0','2016-08-31',5,10,46,14),(2439,'0','2016-08-31',5,10,46,15),(2440,'0','2016-08-31',5,10,46,16),(2441,'0','2016-08-31',5,10,61,17),(2442,'0','2016-08-31',5,10,61,18),(2443,'0','2016-08-31',5,10,61,19),(2444,'0','2016-08-31',5,10,76,20),(2445,'0','2016-08-31',5,10,76,21),(2446,'0','2016-08-31',5,10,91,22),(2447,'4.20','2016-08-31',5,10,91,23),(2448,'1','2016-08-31',5,10,121,24),(2449,'0','2016-08-31',5,11,1,1),(2450,'-5','2016-08-31',5,11,16,2),(2451,'-6','2016-08-31',5,11,16,3),(2452,'6','2016-08-31',5,11,16,4),(2453,'-1.31','2016-08-31',5,11,31,5),(2454,'-2.23','2016-08-31',5,11,31,6),(2455,'0','2016-08-31',5,11,46,7),(2456,'0','2016-08-31',5,11,46,8),(2457,'0','2016-08-31',5,11,46,9),(2458,'0','2016-08-31',5,11,46,10),(2459,'0','2016-08-31',5,11,46,11),(2460,'0','2016-08-31',5,11,46,12),(2461,'0','2016-08-31',5,11,46,13),(2462,'0','2016-08-31',5,11,46,14),(2463,'0','2016-08-31',5,11,46,15),(2464,'0','2016-08-31',5,11,46,16),(2465,'0','2016-08-31',5,11,61,17),(2466,'0','2016-08-31',5,11,61,18),(2467,'0','2016-08-31',5,11,61,19),(2468,'0','2016-08-31',5,11,76,20),(2469,'0','2016-08-31',5,11,76,21),(2470,'0','2016-08-31',5,11,91,22),(2471,'0','2016-08-31',5,11,91,23),(2472,'1.01','2016-08-31',5,11,121,24),(2473,'0','2016-08-31',5,13,1,1),(2474,'0','2016-08-31',5,13,16,2),(2475,'-13','2016-08-31',5,13,16,3),(2476,'-4','2016-08-31',5,13,16,4),(2477,'-0.63','2016-08-31',5,13,31,5),(2478,'-5.08','2016-08-31',5,13,31,6),(2479,'0','2016-08-31',5,13,46,7),(2480,'0','2016-08-31',5,13,46,8),(2481,'0','2016-08-31',5,13,46,9),(2482,'0','2016-08-31',5,13,46,10),(2483,'0','2016-08-31',5,13,46,11),(2484,'0','2016-08-31',5,13,46,12),(2485,'0','2016-08-31',5,13,46,13),(2486,'0','2016-08-31',5,13,46,14),(2487,'0','2016-08-31',5,13,46,15),(2488,'0','2016-08-31',5,13,46,16),(2489,'0','2016-08-31',5,13,61,17),(2490,'0','2016-08-31',5,13,61,18),(2491,'0','2016-08-31',5,13,61,19),(2492,'0','2016-08-31',5,13,76,20),(2493,'0','2016-08-31',5,13,76,21),(2494,'0','2016-08-31',5,13,91,22),(2495,'0','2016-08-31',5,13,91,23),(2496,'1','2016-08-31',5,13,121,24),(2497,'0','2016-10-31',1,1,1,1),(2498,'0','2016-10-31',1,1,16,2),(2499,'0','2016-10-31',1,1,16,3),(2500,'0','2016-10-31',1,1,16,4),(2501,'-0.21','2016-10-31',1,1,31,5),(2502,'2.46','2016-10-31',1,1,31,6),(2503,'0','2016-10-31',1,1,46,7),(2504,'0','2016-10-31',1,1,46,8),(2505,'0','2016-10-31',1,1,46,9),(2506,'0','2016-10-31',1,1,46,10),(2507,'0','2016-10-31',1,1,46,11),(2508,'0','2016-10-31',1,1,46,12),(2509,'3','2016-10-31',1,1,46,13),(2510,'0','2016-10-31',1,1,46,14),(2511,'0','2016-10-31',1,1,46,15),(2512,'0','2016-10-31',1,1,46,16),(2513,'0','2016-10-31',1,1,61,17),(2514,'0','2016-10-31',1,1,61,18),(2515,'0','2016-10-31',1,1,61,19),(2516,'0','2016-10-31',1,1,76,20),(2517,'0','2016-10-31',1,1,76,21),(2518,'41','2016-10-31',1,1,91,22),(2519,'0','2016-10-31',1,1,91,23),(2520,'0.1','2016-10-31',1,1,121,24),(2521,'0','2016-08-31',5,16,1,1),(2522,'0','2016-08-31',5,16,16,2),(2523,'0','2016-08-31',5,16,16,3),(2524,'0','2016-08-31',5,16,16,4),(2525,'0','2016-08-31',5,16,31,5),(2526,'0','2016-08-31',5,16,31,6),(2527,'0','2016-08-31',5,16,46,7),(2528,'0','2016-08-31',5,16,46,8),(2529,'0','2016-08-31',5,16,46,9),(2530,'0','2016-08-31',5,16,46,10),(2531,'0','2016-08-31',5,16,46,11),(2532,'0','2016-08-31',5,16,46,12),(2533,'0','2016-08-31',5,16,46,13),(2534,'0','2016-08-31',5,16,46,14),(2535,'0','2016-08-31',5,16,46,15),(2536,'0','2016-08-31',5,16,46,16),(2537,'0','2016-08-31',5,16,61,17),(2538,'0','2016-08-31',5,16,61,18),(2539,'0','2016-08-31',5,16,61,19),(2540,'0','2016-08-31',5,16,76,20),(2541,'0','2016-08-31',5,16,76,21),(2542,'0','2016-08-31',5,16,91,22),(2543,'0','2016-08-31',5,16,91,23),(2544,'0','2016-08-31',5,16,121,24),(2545,'0','2016-08-31',5,17,1,1),(2546,'0','2016-08-31',5,17,16,2),(2547,'0','2016-08-31',5,17,16,3),(2548,'0','2016-08-31',5,17,16,4),(2549,'0','2016-08-31',5,17,31,5),(2550,'0','2016-08-31',5,17,31,6),(2551,'0','2016-08-31',5,17,46,7),(2552,'0','2016-08-31',5,17,46,8),(2553,'0','2016-08-31',5,17,46,9),(2554,'0','2016-08-31',5,17,46,10),(2555,'0','2016-08-31',5,17,46,11),(2556,'0','2016-08-31',5,17,46,12),(2557,'0','2016-08-31',5,17,46,13),(2558,'0','2016-08-31',5,17,46,14),(2559,'0','2016-08-31',5,17,46,15),(2560,'0','2016-08-31',5,17,46,16),(2561,'0','2016-08-31',5,17,61,17),(2562,'0','2016-08-31',5,17,61,18),(2563,'0','2016-08-31',5,17,61,19),(2564,'0','2016-08-31',5,17,76,20),(2565,'0','2016-08-31',5,17,76,21),(2566,'0','2016-08-31',5,17,91,22),(2567,'0','2016-08-31',5,17,91,23),(2568,'0','2016-08-31',5,17,121,24),(2569,'0','2016-09-30',5,16,1,1),(2570,'0','2016-09-30',5,16,16,2),(2571,'0','2016-09-30',5,16,16,3),(2572,'0','2016-09-30',5,16,16,4),(2573,'0','2016-09-30',5,16,31,5),(2574,'0','2016-09-30',5,16,31,6),(2575,'0','2016-09-30',5,16,46,7),(2576,'0','2016-09-30',5,16,46,8),(2577,'0','2016-09-30',5,16,46,9),(2578,'0','2016-09-30',5,16,46,10),(2579,'0','2016-09-30',5,16,46,11),(2580,'0','2016-09-30',5,16,46,12),(2581,'0','2016-09-30',5,16,46,13),(2582,'0','2016-09-30',5,16,46,14),(2583,'0','2016-09-30',5,16,46,15),(2584,'0','2016-09-30',5,16,46,16),(2585,'0','2016-09-30',5,16,61,17),(2586,'0','2016-09-30',5,16,61,18),(2587,'0','2016-09-30',5,16,61,19),(2588,'0','2016-09-30',5,16,76,20),(2589,'0','2016-09-30',5,16,76,21),(2590,'0','2016-09-30',5,16,91,22),(2591,'0','2016-09-30',5,16,91,23),(2592,'0','2016-09-30',5,16,121,24),(2593,'0','2016-09-30',5,17,1,1),(2594,'0','2016-09-30',5,17,16,2),(2595,'0','2016-09-30',5,17,16,3),(2596,'0','2016-09-30',5,17,16,4),(2597,'0','2016-09-30',5,17,31,5),(2598,'0','2016-09-30',5,17,31,6),(2599,'0','2016-09-30',5,17,46,7),(2600,'0','2016-09-30',5,17,46,8),(2601,'0','2016-09-30',5,17,46,9),(2602,'0','2016-09-30',5,17,46,10),(2603,'0','2016-09-30',5,17,46,11),(2604,'0','2016-09-30',5,17,46,12),(2605,'0','2016-09-30',5,17,46,13),(2606,'0','2016-09-30',5,17,46,14),(2607,'0','2016-09-30',5,17,46,15),(2608,'0','2016-09-30',5,17,46,16),(2609,'0','2016-09-30',5,17,61,17),(2610,'0','2016-09-30',5,17,61,18),(2611,'0','2016-09-30',5,17,61,19),(2612,'0','2016-09-30',5,17,76,20),(2613,'0','2016-09-30',5,17,76,21),(2614,'0','2016-09-30',5,17,91,22),(2615,'0','2016-09-30',5,17,91,23),(2616,'0','2016-09-30',5,17,121,24),(2617,'0','2016-10-31',1,2,1,1),(2618,'0','2016-10-31',1,2,16,2),(2619,'0','2016-10-31',1,2,16,3),(2620,'0','2016-10-31',1,2,16,4),(2621,'-1.50','2016-10-31',1,2,31,5),(2622,'-4.23','2016-10-31',1,2,31,6),(2623,'0','2016-10-31',1,2,46,7),(2624,'0','2016-10-31',1,2,46,8),(2625,'0','2016-10-31',1,2,46,9),(2626,'0','2016-10-31',1,2,46,10),(2627,'0','2016-10-31',1,2,46,11),(2628,'0','2016-10-31',1,2,46,12),(2629,'0','2016-10-31',1,2,46,13),(2630,'0','2016-10-31',1,2,46,14),(2631,'1','2016-10-31',1,2,46,15),(2632,'0','2016-10-31',1,2,46,16),(2633,'0','2016-10-31',1,2,61,17),(2634,'0','2016-10-31',1,2,61,18),(2635,'0','2016-10-31',1,2,61,19),(2636,'0','2016-10-31',1,2,76,20),(2637,'0','2016-10-31',1,2,76,21),(2638,'0','2016-10-31',1,2,91,22),(2639,'0','2016-10-31',1,2,91,23),(2640,'0','2016-10-31',1,2,121,24),(2641,'0','2016-10-31',1,3,1,1),(2642,'0','2016-10-31',1,3,16,2),(2643,'0','2016-10-31',1,3,16,3),(2644,'0','2016-10-31',1,3,16,4),(2645,'1.19','2016-10-31',1,3,31,5),(2646,'-6.00','2016-10-31',1,3,31,6),(2647,'0','2016-10-31',1,3,46,7),(2648,'0','2016-10-31',1,3,46,8),(2649,'0','2016-10-31',1,3,46,9),(2650,'0','2016-10-31',1,3,46,10),(2651,'0','2016-10-31',1,3,46,11),(2652,'0','2016-10-31',1,3,46,12),(2653,'0','2016-10-31',1,3,46,13),(2654,'0','2016-10-31',1,3,46,14),(2655,'1','2016-10-31',1,3,46,15),(2656,'0','2016-10-31',1,3,46,16),(2657,'0','2016-10-31',1,3,61,17),(2658,'0','2016-10-31',1,3,61,18),(2659,'0','2016-10-31',1,3,61,19),(2660,'0','2016-10-31',1,3,76,20),(2661,'0','2016-10-31',1,3,76,21),(2662,'0','2016-10-31',1,3,91,22),(2663,'0','2016-10-31',1,3,91,23),(2664,'0','2016-10-31',1,3,121,24),(2665,'0','2016-10-31',1,4,1,1),(2666,'0','2016-10-31',1,4,16,2),(2667,'0','2016-10-31',1,4,16,3),(2668,'0','2016-10-31',1,4,16,4),(2669,'1.67','2016-10-31',1,4,31,5),(2670,'-3.54','2016-10-31',1,4,31,6),(2671,'0','2016-10-31',1,4,46,7),(2672,'0','2016-10-31',1,4,46,8),(2673,'0','2016-10-31',1,4,46,9),(2674,'0','2016-10-31',1,4,46,10),(2675,'0','2016-10-31',1,4,46,11),(2676,'0','2016-10-31',1,4,46,12),(2677,'3','2016-10-31',1,4,46,13),(2678,'0','2016-10-31',1,4,46,14),(2679,'0','2016-10-31',1,4,46,15),(2680,'0','2016-10-31',1,4,46,16),(2681,'0','2016-10-31',1,4,61,17),(2682,'0','2016-10-31',1,4,61,18),(2683,'0','2016-10-31',1,4,61,19),(2684,'0','2016-10-31',1,4,76,20),(2685,'0','2016-10-31',1,4,76,21),(2686,'0','2016-10-31',1,4,91,22),(2687,'0','2016-10-31',1,4,91,23),(2688,'2.4','2016-10-31',1,4,121,24),(2689,'0','2016-10-31',1,5,1,1),(2690,'0','2016-10-31',1,5,16,2),(2691,'0','2016-10-31',1,5,16,3),(2692,'0','2016-10-31',1,5,16,4),(2693,'-0.12','2016-10-31',1,5,31,5),(2694,'1.08','2016-10-31',1,5,31,6),(2695,'0','2016-10-31',1,5,46,7),(2696,'0','2016-10-31',1,5,46,8),(2697,'0','2016-10-31',1,5,46,9),(2698,'0','2016-10-31',1,5,46,10),(2699,'0','2016-10-31',1,5,46,11),(2700,'0','2016-10-31',1,5,46,12),(2701,'1','2016-10-31',1,5,46,13),(2702,'0','2016-10-31',1,5,46,14),(2703,'1','2016-10-31',1,5,46,15),(2704,'0','2016-10-31',1,5,46,16),(2705,'0','2016-10-31',1,5,61,17),(2706,'0','2016-10-31',1,5,61,18),(2707,'0','2016-10-31',1,5,61,19),(2708,'0','2016-10-31',1,5,76,20),(2709,'0','2016-10-31',1,5,76,21),(2710,'0','2016-10-31',1,5,91,22),(2711,'0','2016-10-31',1,5,91,23),(2712,'0.1','2016-10-31',1,5,121,24),(2713,'0','2016-10-31',1,6,1,1),(2714,'0','2016-10-31',1,6,16,2),(2715,'0','2016-10-31',1,6,16,3),(2716,'0','2016-10-31',1,6,16,4),(2717,'0.02','2016-10-31',1,6,31,5),(2718,'-1.31','2016-10-31',1,6,31,6),(2719,'0','2016-10-31',1,6,46,7),(2720,'0','2016-10-31',1,6,46,8),(2721,'0','2016-10-31',1,6,46,9),(2722,'0','2016-10-31',1,6,46,10),(2723,'0','2016-10-31',1,6,46,11),(2724,'1','2016-10-31',1,6,46,12),(2725,'0','2016-10-31',1,6,46,13),(2726,'0','2016-10-31',1,6,46,14),(2727,'0','2016-10-31',1,6,46,15),(2728,'0','2016-10-31',1,6,46,16),(2729,'0','2016-10-31',1,6,61,17),(2730,'0','2016-10-31',1,6,61,18),(2731,'0','2016-10-31',1,6,61,19),(2732,'0','2016-10-31',1,6,76,20),(2733,'0','2016-10-31',1,6,76,21),(2734,'0','2016-10-31',1,6,91,22),(2735,'0','2016-10-31',1,6,91,23),(2736,'0','2016-10-31',1,6,121,24),(2737,'0','2016-10-31',1,7,1,1),(2738,'0','2016-10-31',1,7,16,2),(2739,'0','2016-10-31',1,7,16,3),(2740,'0','2016-10-31',1,7,16,4),(2741,'-0.08','2016-10-31',1,7,31,5),(2742,'-5.92','2016-10-31',1,7,31,6),(2743,'0','2016-10-31',1,7,46,7),(2744,'0','2016-10-31',1,7,46,8),(2745,'0','2016-10-31',1,7,46,9),(2746,'0','2016-10-31',1,7,46,10),(2747,'0','2016-10-31',1,7,46,11),(2748,'1','2016-10-31',1,7,46,12),(2749,'1','2016-10-31',1,7,46,13),(2750,'0','2016-10-31',1,7,46,14),(2751,'0','2016-10-31',1,7,46,15),(2752,'0','2016-10-31',1,7,46,16),(2753,'0','2016-10-31',1,7,61,17),(2754,'0','2016-10-31',1,7,61,18),(2755,'0','2016-10-31',1,7,61,19),(2756,'0','2016-10-31',1,7,76,20),(2757,'0','2016-10-31',1,7,76,21),(2758,'0','2016-10-31',1,7,91,22),(2759,'0','2016-10-31',1,7,91,23),(2760,'-0.05','2016-10-31',1,7,121,24),(2761,'0','2016-10-31',1,8,1,1),(2762,'0','2016-10-31',1,8,16,2),(2763,'0','2016-10-31',1,8,16,3),(2764,'0','2016-10-31',1,8,16,4),(2765,'0','2016-10-31',1,8,31,5),(2766,'0','2016-10-31',1,8,31,6),(2767,'0','2016-10-31',1,8,46,7),(2768,'0','2016-10-31',1,8,46,8),(2769,'0','2016-10-31',1,8,46,9),(2770,'0','2016-10-31',1,8,46,10),(2771,'0','2016-10-31',1,8,46,11),(2772,'0','2016-10-31',1,8,46,12),(2773,'0','2016-10-31',1,8,46,13),(2774,'0','2016-10-31',1,8,46,14),(2775,'0','2016-10-31',1,8,46,15),(2776,'0','2016-10-31',1,8,46,16),(2777,'0','2016-10-31',1,8,61,17),(2778,'0','2016-10-31',1,8,61,18),(2779,'0','2016-10-31',1,8,61,19),(2780,'0','2016-10-31',1,8,76,20),(2781,'0','2016-10-31',1,8,76,21),(2782,'0','2016-10-31',1,8,91,22),(2783,'0','2016-10-31',1,8,91,23),(2784,'0.1','2016-10-31',1,8,121,24),(2785,'0','2016-10-31',1,9,1,1),(2786,'0','2016-10-31',1,9,16,2),(2787,'0','2016-10-31',1,9,16,3),(2788,'0','2016-10-31',1,9,16,4),(2789,'-1.10','2016-10-31',1,9,31,5),(2790,'-7.85','2016-10-31',1,9,31,6),(2791,'0','2016-10-31',1,9,46,7),(2792,'0','2016-10-31',1,9,46,8),(2793,'0','2016-10-31',1,9,46,9),(2794,'0','2016-10-31',1,9,46,10),(2795,'0','2016-10-31',1,9,46,11),(2796,'0','2016-10-31',1,9,46,12),(2797,'2','2016-10-31',1,9,46,13),(2798,'0','2016-10-31',1,9,46,14),(2799,'0','2016-10-31',1,9,46,15),(2800,'0','2016-10-31',1,9,46,16),(2801,'0','2016-10-31',1,9,61,17),(2802,'0','2016-10-31',1,9,61,18),(2803,'0','2016-10-31',1,9,61,19),(2804,'0','2016-10-31',1,9,76,20),(2805,'0','2016-10-31',1,9,76,21),(2806,'0','2016-10-31',1,9,91,22),(2807,'0','2016-10-31',1,9,91,23),(2808,'0','2016-10-31',1,9,121,24),(2809,'0','2016-10-31',1,10,1,1),(2810,'0','2016-10-31',1,10,16,2),(2811,'0','2016-10-31',1,10,16,3),(2812,'0','2016-10-31',1,10,16,4),(2813,'35.58','2016-10-31',1,10,31,5),(2814,'10.83','2016-10-31',1,10,31,6),(2815,'0','2016-10-31',1,10,46,7),(2816,'0','2016-10-31',1,10,46,8),(2817,'0','2016-10-31',1,10,46,9),(2818,'0','2016-10-31',1,10,46,10),(2819,'0','2016-10-31',1,10,46,11),(2820,'0','2016-10-31',1,10,46,12),(2821,'0','2016-10-31',1,10,46,13),(2822,'0','2016-10-31',1,10,46,14),(2823,'1','2016-10-31',1,10,46,15),(2824,'0','2016-10-31',1,10,46,16),(2825,'0','2016-10-31',1,10,61,17),(2826,'0','2016-10-31',1,10,61,18),(2827,'0','2016-10-31',1,10,61,19),(2828,'0','2016-10-31',1,10,76,20),(2829,'0','2016-10-31',1,10,76,21),(2830,'0','2016-10-31',1,10,91,22),(2831,'0','2016-10-31',1,10,91,23),(2832,'0','2016-10-31',1,10,121,24),(2833,'0','2016-10-31',1,11,1,1),(2834,'0','2016-10-31',1,11,16,2),(2835,'0','2016-10-31',1,11,16,3),(2836,'0','2016-10-31',1,11,16,4),(2837,'-8.61','2016-10-31',1,11,31,5),(2838,'-0.0816','2016-10-31',1,11,31,6),(2839,'0','2016-10-31',1,11,46,7),(2840,'0','2016-10-31',1,11,46,8),(2841,'0','2016-10-31',1,11,46,9),(2842,'0','2016-10-31',1,11,46,10),(2843,'0','2016-10-31',1,11,46,11),(2844,'0','2016-10-31',1,11,46,12),(2845,'0','2016-10-31',1,11,46,13),(2846,'0','2016-10-31',1,11,46,14),(2847,'0.19','2016-10-31',1,11,46,15),(2848,'0','2016-10-31',1,11,46,16),(2849,'0','2016-10-31',1,11,61,17),(2850,'0','2016-10-31',1,11,61,18),(2851,'0','2016-10-31',1,11,61,19),(2852,'0','2016-10-31',1,11,76,20),(2853,'0','2016-10-31',1,11,76,21),(2854,'0','2016-10-31',1,11,91,22),(2855,'0','2016-10-31',1,11,91,23),(2856,'0','2016-10-31',1,11,121,24),(2857,'0','2016-10-31',1,12,1,1),(2858,'0','2016-10-31',1,12,16,2),(2859,'0','2016-10-31',1,12,16,3),(2860,'0','2016-10-31',1,12,16,4),(2861,'0.00','2016-10-31',1,12,31,5),(2862,'-1.75','2016-10-31',1,12,31,6),(2863,'0','2016-10-31',1,12,46,7),(2864,'0','2016-10-31',1,12,46,8),(2865,'0','2016-10-31',1,12,46,9),(2866,'0','2016-10-31',1,12,46,10),(2867,'0','2016-10-31',1,12,46,11),(2868,'0','2016-10-31',1,12,46,12),(2869,'2','2016-10-31',1,12,46,13),(2870,'0','2016-10-31',1,12,46,14),(2871,'1','2016-10-31',1,12,46,15),(2872,'0','2016-10-31',1,12,46,16),(2873,'0','2016-10-31',1,12,61,17),(2874,'0','2016-10-31',1,12,61,18),(2875,'0','2016-10-31',1,12,61,19),(2876,'0','2016-10-31',1,12,76,20),(2877,'0','2016-10-31',1,12,76,21),(2878,'0','2016-10-31',1,12,91,22),(2879,'0','2016-10-31',1,12,91,23),(2880,'0','2016-10-31',1,12,121,24),(2881,'0','2016-10-31',1,13,1,1),(2882,'0','2016-10-31',1,13,16,2),(2883,'0','2016-10-31',1,13,16,3),(2884,'0','2016-10-31',1,13,16,4),(2885,'5.00','2016-10-31',1,13,31,5),(2886,'-16.00','2016-10-31',1,13,31,6),(2887,'0','2016-10-31',1,13,46,7),(2888,'0','2016-10-31',1,13,46,8),(2889,'0','2016-10-31',1,13,46,9),(2890,'0','2016-10-31',1,13,46,10),(2891,'0','2016-10-31',1,13,46,11),(2892,'0','2016-10-31',1,13,46,12),(2893,'0','2016-10-31',1,13,46,13),(2894,'0','2016-10-31',1,13,46,14),(2895,'0','2016-10-31',1,13,46,15),(2896,'0','2016-10-31',1,13,46,16),(2897,'0','2016-10-31',1,13,61,17),(2898,'0','2016-10-31',1,13,61,18),(2899,'0','2016-10-31',1,13,61,19),(2900,'0','2016-10-31',1,13,76,20),(2901,'0','2016-10-31',1,13,76,21),(2902,'0','2016-10-31',1,13,91,22),(2903,'0','2016-10-31',1,13,91,23),(2904,'0','2016-10-31',1,13,121,24),(2905,'0','2016-10-31',1,14,1,1),(2906,'0','2016-10-31',1,14,16,2),(2907,'0','2016-10-31',1,14,16,3),(2908,'0','2016-10-31',1,14,16,4),(2909,'-0.56','2016-10-31',1,14,31,5),(2910,'0.29','2016-10-31',1,14,31,6),(2911,'0','2016-10-31',1,14,46,7),(2912,'0','2016-10-31',1,14,46,8),(2913,'0','2016-10-31',1,14,46,9),(2914,'0','2016-10-31',1,14,46,10),(2915,'0','2016-10-31',1,14,46,11),(2916,'0','2016-10-31',1,14,46,12),(2917,'0','2016-10-31',1,14,46,13),(2918,'0','2016-10-31',1,14,46,14),(2919,'1','2016-10-31',1,14,46,15),(2920,'0','2016-10-31',1,14,46,16),(2921,'0','2016-10-31',1,14,61,17),(2922,'0','2016-10-31',1,14,61,18),(2923,'0','2016-10-31',1,14,61,19),(2924,'0','2016-10-31',1,14,76,20),(2925,'0','2016-10-31',1,14,76,21),(2926,'0','2016-10-31',1,14,91,22),(2927,'0','2016-10-31',1,14,91,23),(2928,'0','2016-10-31',1,14,121,24),(2929,'0','2016-10-31',1,15,1,1),(2930,'0','2016-10-31',1,15,16,2),(2931,'0','2016-10-31',1,15,16,3),(2932,'0','2016-10-31',1,15,16,4),(2933,'-7.72','2016-10-31',1,15,31,5),(2934,'-1.92','2016-10-31',1,15,31,6),(2935,'0','2016-10-31',1,15,46,7),(2936,'0','2016-10-31',1,15,46,8),(2937,'0','2016-10-31',1,15,46,9),(2938,'0','2016-10-31',1,15,46,10),(2939,'0','2016-10-31',1,15,46,11),(2940,'0','2016-10-31',1,15,46,12),(2941,'0','2016-10-31',1,15,46,13),(2942,'0','2016-10-31',1,15,46,14),(2943,'0','2016-10-31',1,15,46,15),(2944,'0','2016-10-31',1,15,46,16),(2945,'0','2016-10-31',1,15,61,17),(2946,'0','2016-10-31',1,15,61,18),(2947,'0','2016-10-31',1,15,61,19),(2948,'0','2016-10-31',1,15,76,20),(2949,'0','2016-10-31',1,15,76,21),(2950,'0','2016-10-31',1,15,91,22),(2951,'0','2016-10-31',1,15,91,23),(2952,'16','2016-10-31',1,15,121,24),(2953,'0','2016-10-31',1,16,1,1),(2954,'0','2016-10-31',1,16,16,2),(2955,'0','2016-10-31',1,16,16,3),(2956,'0','2016-10-31',1,16,16,4),(2957,'-2.48','2016-10-31',1,16,31,5),(2958,'2.67','2016-10-31',1,16,31,6),(2959,'0','2016-10-31',1,16,46,7),(2960,'0','2016-10-31',1,16,46,8),(2961,'0','2016-10-31',1,16,46,9),(2962,'0','2016-10-31',1,16,46,10),(2963,'0','2016-10-31',1,16,46,11),(2964,'0','2016-10-31',1,16,46,12),(2965,'0','2016-10-31',1,16,46,13),(2966,'0','2016-10-31',1,16,46,14),(2967,'0','2016-10-31',1,16,46,15),(2968,'0','2016-10-31',1,16,46,16),(2969,'0','2016-10-31',1,16,61,17),(2970,'0','2016-10-31',1,16,61,18),(2971,'0','2016-10-31',1,16,61,19),(2972,'0','2016-10-31',1,16,76,20),(2973,'0','2016-10-31',1,16,76,21),(2974,'0','2016-10-31',1,16,91,22),(2975,'0','2016-10-31',1,16,91,23),(2976,'0','2016-10-31',1,16,121,24),(2977,'0','2016-10-31',1,17,1,1),(2978,'0','2016-10-31',1,17,16,2),(2979,'0','2016-10-31',1,17,16,3),(2980,'0','2016-10-31',1,17,16,4),(2981,'0','2016-10-31',1,17,31,5),(2982,'0','2016-10-31',1,17,31,6),(2983,'0','2016-10-31',1,17,46,7),(2984,'0','2016-10-31',1,17,46,8),(2985,'0','2016-10-31',1,17,46,9),(2986,'0','2016-10-31',1,17,46,10),(2987,'0','2016-10-31',1,17,46,11),(2988,'0','2016-10-31',1,17,46,12),(2989,'0','2016-10-31',1,17,46,13),(2990,'0','2016-10-31',1,17,46,14),(2991,'0','2016-10-31',1,17,46,15),(2992,'0','2016-10-31',1,17,46,16),(2993,'0','2016-10-31',1,17,61,17),(2994,'0','2016-10-31',1,17,61,18),(2995,'0','2016-10-31',1,17,61,19),(2996,'0','2016-10-31',1,17,76,20),(2997,'0','2016-10-31',1,17,76,21),(2998,'0','2016-10-31',1,17,91,22),(2999,'0','2016-10-31',1,17,91,23),(3000,'0','2016-10-31',1,17,121,24),(3001,'0','2016-11-30',1,13,1,1),(3002,'','2016-11-30',1,13,16,2),(3003,'','2016-11-30',1,13,16,3),(3004,'','2016-11-30',1,13,16,4),(3005,'5','2016-11-30',1,13,31,5),(3006,'-15','2016-11-30',1,13,31,6),(3007,'0','2016-11-30',1,13,46,7),(3008,'0','2016-11-30',1,13,46,8),(3009,'0','2016-11-30',1,13,46,9),(3010,'0','2016-11-30',1,13,46,10),(3011,'0','2016-11-30',1,13,46,11),(3012,'0','2016-11-30',1,13,46,12),(3013,'0','2016-11-30',1,13,46,13),(3014,'5','2016-11-30',1,13,46,14),(3015,'0','2016-11-30',1,13,46,15),(3016,'0','2016-11-30',1,13,46,16),(3017,'0','2016-11-30',1,13,61,17),(3018,'0','2016-11-30',1,13,61,18),(3019,'0','2016-11-30',1,13,61,19),(3020,'1.49','2016-11-30',1,13,76,20),(3021,'3.34','2016-11-30',1,13,76,21),(3022,'','2016-11-30',1,13,91,22),(3023,'','2016-11-30',1,13,91,23),(3024,'','2016-11-30',1,13,121,24),(3025,'0','2016-11-30',1,17,1,1),(3026,'','2016-11-30',1,17,16,2),(3027,'','2016-11-30',1,17,16,3),(3028,'','2016-11-30',1,17,16,4),(3029,'0','2016-11-30',1,17,31,5),(3030,'-20','2016-11-30',1,17,31,6),(3031,'0','2016-11-30',1,17,46,7),(3032,'0','2016-11-30',1,17,46,8),(3033,'0','2016-11-30',1,17,46,9),(3034,'0','2016-11-30',1,17,46,10),(3035,'0','2016-11-30',1,17,46,11),(3036,'0','2016-11-30',1,17,46,12),(3037,'2','2016-11-30',1,17,46,13),(3038,'4','2016-11-30',1,17,46,14),(3039,'0','2016-11-30',1,17,46,15),(3040,'0','2016-11-30',1,17,46,16),(3041,'0','2016-11-30',1,17,61,17),(3042,'0','2016-11-30',1,17,61,18),(3043,'0','2016-11-30',1,17,61,19),(3044,'1.49','2016-11-30',1,17,76,20),(3045,'3.34','2016-11-30',1,17,76,21),(3046,'','2016-11-30',1,17,91,22),(3047,'','2016-11-30',1,17,91,23),(3048,'','2016-11-30',1,17,121,24),(3049,'0','2016-11-30',1,11,1,1),(3050,'','2016-11-30',1,11,16,2),(3051,'','2016-11-30',1,11,16,3),(3052,'','2016-11-30',1,11,16,4),(3053,'10','2016-11-30',1,11,31,5),(3054,'-8','2016-11-30',1,11,31,6),(3055,'0','2016-11-30',1,11,46,7),(3056,'0','2016-11-30',1,11,46,8),(3057,'0','2016-11-30',1,11,46,9),(3058,'0','2016-11-30',1,11,46,10),(3059,'0','2016-11-30',1,11,46,11),(3060,'0','2016-11-30',1,11,46,12),(3061,'0','2016-11-30',1,11,46,13),(3062,'5','2016-11-30',1,11,46,14),(3063,'0','2016-11-30',1,11,46,15),(3064,'0','2016-11-30',1,11,46,16),(3065,'0','2016-11-30',1,11,61,17),(3066,'0','2016-11-30',1,11,61,18),(3067,'0','2016-11-30',1,11,61,19),(3068,'1.49','2016-11-30',1,11,76,20),(3069,'3.34','2016-11-30',1,11,76,21),(3070,'','2016-11-30',1,11,91,22),(3071,'','2016-11-30',1,11,91,23),(3072,'','2016-11-30',1,11,121,24),(3073,'0','2016-11-30',1,10,1,1),(3074,'','2016-11-30',1,10,16,2),(3075,'','2016-11-30',1,10,16,3),(3076,'','2016-11-30',1,10,16,4),(3077,'-2','2016-11-30',1,10,31,5),(3078,'-5','2016-11-30',1,10,31,6),(3079,'0','2016-11-30',1,10,46,7),(3080,'0','2016-11-30',1,10,46,8),(3081,'0','2016-11-30',1,10,46,9),(3082,'0','2016-11-30',1,10,46,10),(3083,'0','2016-11-30',1,10,46,11),(3084,'0','2016-11-30',1,10,46,12),(3085,'0','2016-11-30',1,10,46,13),(3086,'5','2016-11-30',1,10,46,14),(3087,'0','2016-11-30',1,10,46,15),(3088,'0','2016-11-30',1,10,46,16),(3089,'0','2016-11-30',1,10,61,17),(3090,'0','2016-11-30',1,10,61,18),(3091,'0','2016-11-30',1,10,61,19),(3092,'1.49','2016-11-30',1,10,76,20),(3093,'3.34','2016-11-30',1,10,76,21),(3094,'','2016-11-30',1,10,91,22),(3095,'','2016-11-30',1,10,91,23),(3096,'','2016-11-30',1,10,121,24),(3097,'0','2016-11-30',1,16,1,1),(3098,'','2016-11-30',1,16,16,2),(3099,'','2016-11-30',1,16,16,3),(3100,'','2016-11-30',1,16,16,4),(3101,'5','2016-11-30',1,16,31,5),(3102,'-6','2016-11-30',1,16,31,6),(3103,'0','2016-11-30',1,16,46,7),(3104,'0','2016-11-30',1,16,46,8),(3105,'0','2016-11-30',1,16,46,9),(3106,'0','2016-11-30',1,16,46,10),(3107,'0','2016-11-30',1,16,46,11),(3108,'0','2016-11-30',1,16,46,12),(3109,'0','2016-11-30',1,16,46,13),(3110,'5','2016-11-30',1,16,46,14),(3111,'0','2016-11-30',1,16,46,15),(3112,'0','2016-11-30',1,16,46,16),(3113,'0','2016-11-30',1,16,61,17),(3114,'0','2016-11-30',1,16,61,18),(3115,'0','2016-11-30',1,16,61,19),(3116,'1.49','2016-11-30',1,16,76,20),(3117,'3.34','2016-11-30',1,16,76,21),(3118,'','2016-11-30',1,16,91,22),(3119,'','2016-11-30',1,16,91,23),(3120,'','2016-11-30',1,16,121,24),(3121,'0','2016-11-30',1,9,1,1),(3122,'','2016-11-30',1,9,16,2),(3123,'','2016-11-30',1,9,16,3),(3124,'','2016-11-30',1,9,16,4),(3125,'-3','2016-11-30',1,9,31,5),(3126,'-13','2016-11-30',1,9,31,6),(3127,'0','2016-11-30',1,9,46,7),(3128,'0','2016-11-30',1,9,46,8),(3129,'0','2016-11-30',1,9,46,9),(3130,'0','2016-11-30',1,9,46,10),(3131,'0','2016-11-30',1,9,46,11),(3132,'0','2016-11-30',1,9,46,12),(3133,'2','2016-11-30',1,9,46,13),(3134,'4','2016-11-30',1,9,46,14),(3135,'0','2016-11-30',1,9,46,15),(3136,'0','2016-11-30',1,9,46,16),(3137,'0','2016-11-30',1,9,61,17),(3138,'0','2016-11-30',1,9,61,18),(3139,'0','2016-11-30',1,9,61,19),(3140,'1.49','2016-11-30',1,9,76,20),(3141,'3.34','2016-11-30',1,9,76,21),(3142,'','2016-11-30',1,9,91,22),(3143,'','2016-11-30',1,9,91,23),(3144,'','2016-11-30',1,9,121,24),(3145,'0','2016-11-30',1,8,1,1),(3146,'','2016-11-30',1,8,16,2),(3147,'','2016-11-30',1,8,16,3),(3148,'','2016-11-30',1,8,16,4),(3149,'0','2016-11-30',1,8,31,5),(3150,'-14','2016-11-30',1,8,31,6),(3151,'0','2016-11-30',1,8,46,7),(3152,'0','2016-11-30',1,8,46,8),(3153,'0','2016-11-30',1,8,46,9),(3154,'0','2016-11-30',1,8,46,10),(3155,'0','2016-11-30',1,8,46,11),(3156,'0','2016-11-30',1,8,46,12),(3157,'0','2016-11-30',1,8,46,13),(3158,'5','2016-11-30',1,8,46,14),(3159,'0','2016-11-30',1,8,46,15),(3160,'0','2016-11-30',1,8,46,16),(3161,'0','2016-11-30',1,8,61,17),(3162,'0','2016-11-30',1,8,61,18),(3163,'0','2016-11-30',1,8,61,19),(3164,'1.49','2016-11-30',1,8,76,20),(3165,'3.34','2016-11-30',1,8,76,21),(3166,'','2016-11-30',1,8,91,22),(3167,'','2016-11-30',1,8,91,23),(3168,'','2016-11-30',1,8,121,24),(3169,'0','2016-11-30',1,7,1,1),(3170,'','2016-11-30',1,7,16,2),(3171,'','2016-11-30',1,7,16,3),(3172,'','2016-11-30',1,7,16,4),(3173,'-5','2016-11-30',1,7,31,5),(3174,'0.0','2016-11-30',1,7,31,6),(3175,'0','2016-11-30',1,7,46,7),(3176,'0','2016-11-30',1,7,46,8),(3177,'0','2016-11-30',1,7,46,9),(3178,'0','2016-11-30',1,7,46,10),(3179,'0','2016-11-30',1,7,46,11),(3180,'0','2016-11-30',1,7,46,12),(3181,'1','2016-11-30',1,7,46,13),(3182,'5','2016-11-30',1,7,46,14),(3183,'1','2016-11-30',1,7,46,15),(3184,'0','2016-11-30',1,7,46,16),(3185,'0','2016-11-30',1,7,61,17),(3186,'0','2016-11-30',1,7,61,18),(3187,'0','2016-11-30',1,7,61,19),(3188,'1.49','2016-11-30',1,7,76,20),(3189,'3.34','2016-11-30',1,7,76,21),(3190,'','2016-11-30',1,7,91,22),(3191,'','2016-11-30',1,7,91,23),(3192,'','2016-11-30',1,7,121,24),(3193,'0','2016-11-30',1,15,1,1),(3194,'','2016-11-30',1,15,16,2),(3195,'','2016-11-30',1,15,16,3),(3196,'','2016-11-30',1,15,16,4),(3197,'0','2016-11-30',1,15,31,5),(3198,'-2','2016-11-30',1,15,31,6),(3199,'0','2016-11-30',1,15,46,7),(3200,'0','2016-11-30',1,15,46,8),(3201,'0','2016-11-30',1,15,46,9),(3202,'0','2016-11-30',1,15,46,10),(3203,'0','2016-11-30',1,15,46,11),(3204,'0','2016-11-30',1,15,46,12),(3205,'0','2016-11-30',1,15,46,13),(3206,'5','2016-11-30',1,15,46,14),(3207,'1','2016-11-30',1,15,46,15),(3208,'0','2016-11-30',1,15,46,16),(3209,'0','2016-11-30',1,15,61,17),(3210,'0','2016-11-30',1,15,61,18),(3211,'0','2016-11-30',1,15,61,19),(3212,'1.49','2016-11-30',1,15,76,20),(3213,'3.34','2016-11-30',1,15,76,21),(3214,'','2016-11-30',1,15,91,22),(3215,'','2016-11-30',1,15,91,23),(3216,'','2016-11-30',1,15,121,24),(3217,'0','2016-11-30',1,12,1,1),(3218,'','2016-11-30',1,12,16,2),(3219,'','2016-11-30',1,12,16,3),(3220,'','2016-11-30',1,12,16,4),(3221,'-2','2016-11-30',1,12,31,5),(3222,'-4','2016-11-30',1,12,31,6),(3223,'0','2016-11-30',1,12,46,7),(3224,'0','2016-11-30',1,12,46,8),(3225,'0','2016-11-30',1,12,46,9),(3226,'0','2016-11-30',1,12,46,10),(3227,'0','2016-11-30',1,12,46,11),(3228,'0','2016-11-30',1,12,46,12),(3229,'2','2016-11-30',1,12,46,13),(3230,'5','2016-11-30',1,12,46,14),(3231,'0','2016-11-30',1,12,46,15),(3232,'0','2016-11-30',1,12,46,16),(3233,'0','2016-11-30',1,12,61,17),(3234,'0','2016-11-30',1,12,61,18),(3235,'0','2016-11-30',1,12,61,19),(3236,'1.49','2016-11-30',1,12,76,20),(3237,'3.34','2016-11-30',1,12,76,21),(3238,'','2016-11-30',1,12,91,22),(3239,'','2016-11-30',1,12,91,23),(3240,'','2016-11-30',1,12,121,24),(3241,'0','2016-11-30',1,6,1,1),(3242,'','2016-11-30',1,6,16,2),(3243,'','2016-11-30',1,6,16,3),(3244,'','2016-11-30',1,6,16,4),(3245,'6','2016-11-30',1,6,31,5),(3246,'0.4','2016-11-30',1,6,31,6),(3247,'0','2016-11-30',1,6,46,7),(3248,'0','2016-11-30',1,6,46,8),(3249,'0','2016-11-30',1,6,46,9),(3250,'0','2016-11-30',1,6,46,10),(3251,'0','2016-11-30',1,6,46,11),(3252,'0','2016-11-30',1,6,46,12),(3253,'0','2016-11-30',1,6,46,13),(3254,'5','2016-11-30',1,6,46,14),(3255,'0','2016-11-30',1,6,46,15),(3256,'0','2016-11-30',1,6,46,16),(3257,'0','2016-11-30',1,6,61,17),(3258,'0','2016-11-30',1,6,61,18),(3259,'0','2016-11-30',1,6,61,19),(3260,'1.49','2016-11-30',1,6,76,20),(3261,'3.34','2016-11-30',1,6,76,21),(3262,'','2016-11-30',1,6,91,22),(3263,'','2016-11-30',1,6,91,23),(3264,'','2016-11-30',1,6,121,24),(3265,'0','2016-11-30',1,5,1,1),(3266,'','2016-11-30',1,5,16,2),(3267,'','2016-11-30',1,5,16,3),(3268,'','2016-11-30',1,5,16,4),(3269,'-9','2016-11-30',1,5,31,5),(3270,'6','2016-11-30',1,5,31,6),(3271,'0','2016-11-30',1,5,46,7),(3272,'0','2016-11-30',1,5,46,8),(3273,'0','2016-11-30',1,5,46,9),(3274,'0','2016-11-30',1,5,46,10),(3275,'0','2016-11-30',1,5,46,11),(3276,'1','2016-11-30',1,5,46,12),(3277,'1','2016-11-30',1,5,46,13),(3278,'4','2016-11-30',1,5,46,14),(3279,'1','2016-11-30',1,5,46,15),(3280,'0','2016-11-30',1,5,46,16),(3281,'0','2016-11-30',1,5,61,17),(3282,'0','2016-11-30',1,5,61,18),(3283,'0','2016-11-30',1,5,61,19),(3284,'1.49','2016-11-30',1,5,76,20),(3285,'3.34','2016-11-30',1,5,76,21),(3286,'','2016-11-30',1,5,91,22),(3287,'','2016-11-30',1,5,91,23),(3288,'','2016-11-30',1,5,121,24),(3289,'0','2016-11-30',1,14,1,1),(3290,'','2016-11-30',1,14,16,2),(3291,'','2016-11-30',1,14,16,3),(3292,'','2016-11-30',1,14,16,4),(3293,'-1','2016-11-30',1,14,31,5),(3294,'-5','2016-11-30',1,14,31,6),(3295,'0','2016-11-30',1,14,46,7),(3296,'0','2016-11-30',1,14,46,8),(3297,'0','2016-11-30',1,14,46,9),(3298,'0','2016-11-30',1,14,46,10),(3299,'0','2016-11-30',1,14,46,11),(3300,'0','2016-11-30',1,14,46,12),(3301,'0','2016-11-30',1,14,46,13),(3302,'5','2016-11-30',1,14,46,14),(3303,'1','2016-11-30',1,14,46,15),(3304,'1','2016-11-30',1,14,46,16),(3305,'0','2016-11-30',1,14,61,17),(3306,'0','2016-11-30',1,14,61,18),(3307,'0','2016-11-30',1,14,61,19),(3308,'1.49','2016-11-30',1,14,76,20),(3309,'3.34','2016-11-30',1,14,76,21),(3310,'','2016-11-30',1,14,91,22),(3311,'','2016-11-30',1,14,91,23),(3312,'','2016-11-30',1,14,121,24),(3313,'0','2016-11-30',1,3,1,1),(3314,'','2016-11-30',1,3,16,2),(3315,'','2016-11-30',1,3,16,3),(3316,'','2016-11-30',1,3,16,4),(3317,'0','2016-11-30',1,3,31,5),(3318,'-9','2016-11-30',1,3,31,6),(3319,'0','2016-11-30',1,3,46,7),(3320,'0','2016-11-30',1,3,46,8),(3321,'0','2016-11-30',1,3,46,9),(3322,'0','2016-11-30',1,3,46,10),(3323,'0','2016-11-30',1,3,46,11),(3324,'0','2016-11-30',1,3,46,12),(3325,'0','2016-11-30',1,3,46,13),(3326,'5','2016-11-30',1,3,46,14),(3327,'0','2016-11-30',1,3,46,15),(3328,'0','2016-11-30',1,3,46,16),(3329,'0','2016-11-30',1,3,61,17),(3330,'0','2016-11-30',1,3,61,18),(3331,'','2016-11-30',1,3,61,19),(3332,'1.49','2016-11-30',1,3,76,20),(3333,'3.34','2016-11-30',1,3,76,21),(3334,'','2016-11-30',1,3,91,22),(3335,'','2016-11-30',1,3,91,23),(3336,'','2016-11-30',1,3,121,24),(3337,'0','2016-11-30',1,4,1,1),(3338,'','2016-11-30',1,4,16,2),(3339,'','2016-11-30',1,4,16,3),(3340,'','2016-11-30',1,4,16,4),(3341,'0','2016-11-30',1,4,31,5),(3342,'-10','2016-11-30',1,4,31,6),(3343,'0','2016-11-30',1,4,46,7),(3344,'0','2016-11-30',1,4,46,8),(3345,'0','2016-11-30',1,4,46,9),(3346,'0','2016-11-30',1,4,46,10),(3347,'0','2016-11-30',1,4,46,11),(3348,'0','2016-11-30',1,4,46,12),(3349,'3','2016-11-30',1,4,46,13),(3350,'4','2016-11-30',1,4,46,14),(3351,'0','2016-11-30',1,4,46,15),(3352,'0','2016-11-30',1,4,46,16),(3353,'0','2016-11-30',1,4,61,17),(3354,'0','2016-11-30',1,4,61,18),(3355,'0','2016-11-30',1,4,61,19),(3356,'1.49','2016-11-30',1,4,76,20),(3357,'3.34','2016-11-30',1,4,76,21),(3358,'','2016-11-30',1,4,91,22),(3359,'','2016-11-30',1,4,91,23),(3360,'','2016-11-30',1,4,121,24),(3361,'0','2016-11-30',1,2,1,1),(3362,'','2016-11-30',1,2,16,2),(3363,'','2016-11-30',1,2,16,3),(3364,'','2016-11-30',1,2,16,4),(3365,'0','2016-11-30',1,2,31,5),(3366,'-4','2016-11-30',1,2,31,6),(3367,'0','2016-11-30',1,2,46,7),(3368,'0','2016-11-30',1,2,46,8),(3369,'0','2016-11-30',1,2,46,9),(3370,'0','2016-11-30',1,2,46,10),(3371,'0','2016-11-30',1,2,46,11),(3372,'0','2016-11-30',1,2,46,12),(3373,'0','2016-11-30',1,2,46,13),(3374,'5','2016-11-30',1,2,46,14),(3375,'0','2016-11-30',1,2,46,15),(3376,'0','2016-11-30',1,2,46,16),(3377,'0','2016-11-30',1,2,61,17),(3378,'0','2016-11-30',1,2,61,18),(3379,'0','2016-11-30',1,2,61,19),(3380,'1.49','2016-11-30',1,2,76,20),(3381,'3.34','2016-11-30',1,2,76,21),(3382,'','2016-11-30',1,2,91,22),(3383,'','2016-11-30',1,2,91,23),(3384,'','2016-11-30',1,2,121,24),(3385,'0','2016-11-30',1,1,1,1),(3386,'','2016-11-30',1,1,16,2),(3387,'','2016-11-30',1,1,16,3),(3388,'','2016-11-30',1,1,16,4),(3389,'-7','2016-11-30',1,1,31,5),(3390,'-3','2016-11-30',1,1,31,6),(3391,'0','2016-11-30',1,1,46,7),(3392,'0','2016-11-30',1,1,46,8),(3393,'0','2016-11-30',1,1,46,9),(3394,'0','2016-11-30',1,1,46,10),(3395,'0','2016-11-30',1,1,46,11),(3396,'0','2016-11-30',1,1,46,12),(3397,'0','2016-11-30',1,1,46,13),(3398,'4','2016-11-30',1,1,46,14),(3399,'0','2016-11-30',1,1,46,15),(3400,'0','2016-11-30',1,1,46,16),(3401,'0','2016-11-30',1,1,61,17),(3402,'0','2016-11-30',1,1,61,18),(3403,'0','2016-11-30',1,1,61,19),(3404,'1.49','2016-11-30',1,1,76,20),(3405,'3.34','2016-11-30',1,1,76,21),(3406,'','2016-11-30',1,1,91,22),(3407,'','2016-11-30',1,1,91,23),(3408,'','2016-11-30',1,1,121,24);
/*!40000 ALTER TABLE `ranking_monthly_data` ENABLE KEYS */;
UNLOCK TABLES;

--
-- Table structure for table `ranking_rules`
--

DROP TABLE IF EXISTS `ranking_rules`;
/*!40101 SET @saved_cs_client     = @@character_set_client */;
/*!40101 SET character_set_client = utf8 */;
CREATE TABLE `ranking_rules` (
  `id` int(11) NOT NULL AUTO_INCREMENT,
  `Rules` varchar(255) COLLATE utf8_unicode_ci NOT NULL,
  `KpiDetailsId` int(11) DEFAULT NULL,
  `ElementDetailsId` int(11) DEFAULT NULL,
  PRIMARY KEY (`id`),
  KEY `IDX_845ECE8DF10FA648` (`KpiDetailsId`),
  KEY `IDX_845ECE8DABFC5A8E` (`ElementDetailsId`),
  CONSTRAINT `FK_845ECE8DABFC5A8E` FOREIGN KEY (`ElementDetailsId`) REFERENCES `ranking_element_details` (`id`),
  CONSTRAINT `FK_845ECE8DF10FA648` FOREIGN KEY (`KpiDetailsId`) REFERENCES `ranking_kpi_details` (`id`)
) ENGINE=InnoDB AUTO_INCREMENT=73 DEFAULT CHARSET=utf8 COLLATE=utf8_unicode_ci;
/*!40101 SET character_set_client = @saved_cs_client */;

--
-- Dumping data for table `ranking_rules`
--

LOCK TABLES `ranking_rules` WRITE;
/*!40000 ALTER TABLE `ranking_rules` DISABLE KEYS */;
INSERT INTO `ranking_rules` VALUES (1,'{\"operators\":{},\"actions\":{\"name\":\"action-select\",\"value\":\"Green\"},\"conditions\":{\"all\":[{\"name\":\"ageField\",\"operator\":\"lessThanEqual\",\"value\":\"0\"}]}}',1,1),(2,'{\"operators\":{},\"actions\":{\"name\":\"action-select\",\"value\":\"Yellow\"},\"conditions\":{\"all\":[{\"name\":\"ageField\",\"operator\":\"lessThanEqual\",\"value\":\"1\"}]}}',1,1),(3,'{\"operators\":{},\"actions\":{\"name\":\"action-select\",\"value\":\"Red\"},\"conditions\":{\"all\":[{\"name\":\"ageField\",\"operator\":\"greaterThan\",\"value\":\"1\"}]}}',1,1),(4,'{\"operators\":{},\"actions\":{\"name\":\"action-select\",\"value\":\"Green\"},\"conditions\":{\"all\":[{\"name\":\"ageField\",\"operator\":\"greaterThanEqual\",\"value\":\"0\"}]}}',16,2),(5,'{\"operators\":{},\"actions\":{\"name\":\"action-select\",\"value\":\"Yellow\"},\"conditions\":{\"all\":[{\"name\":\"ageField\",\"operator\":\"greaterThanEqual\",\"value\":\"-5\"}]}}',16,2),(6,'{\"operators\":{},\"actions\":{\"name\":\"action-select\",\"value\":\"Red\"},\"conditions\":{\"all\":[{\"name\":\"ageField\",\"operator\":\"lessThan\",\"value\":\"-5\"}]}}',16,2),(7,'{\"operators\":{},\"actions\":{\"name\":\"action-select\",\"value\":\"Green\"},\"conditions\":{\"all\":[{\"name\":\"ageField\",\"operator\":\"greaterThanEqual\",\"value\":\"0\"}]}}',16,3),(8,'{\"operators\":{},\"actions\":{\"name\":\"action-select\",\"value\":\"Yellow\"},\"conditions\":{\"all\":[{\"name\":\"ageField\",\"operator\":\"greaterThanEqual\",\"value\":\"-5\"}]}}',16,3),(9,'{\"operators\":{},\"actions\":{\"name\":\"action-select\",\"value\":\"Red\"},\"conditions\":{\"all\":[{\"name\":\"ageField\",\"operator\":\"lessThan\",\"value\":\"-5\"}]}}',16,3),(10,'{\"operators\":{},\"actions\":{\"name\":\"action-select\",\"value\":\"Green\"},\"conditions\":{\"all\":[{\"name\":\"ageField\",\"operator\":\"greaterThanEqual\",\"value\":\"0\"}]}}',16,4),(11,'{\"operators\":{},\"actions\":{\"name\":\"action-select\",\"value\":\"Yellow\"},\"conditions\":{\"all\":[{\"name\":\"ageField\",\"operator\":\"greaterThanEqual\",\"value\":\"-5\"}]}}',16,4),(12,'{\"operators\":{},\"actions\":{\"name\":\"action-select\",\"value\":\"Red\"},\"conditions\":{\"all\":[{\"name\":\"ageField\",\"operator\":\"lessThan\",\"value\":\"-5\"}]}}',16,4),(13,'{\"operators\":{},\"actions\":{\"name\":\"action-select\",\"value\":\"Green\"},\"conditions\":{\"all\":[{\"name\":\"ageField\",\"operator\":\"lessThanEqual\",\"value\":\"2\"},{\"name\":\"ageField\",\"operator\":\"greaterThanEqual\",\"value\":\"-2\"}]}}',31,5),(14,'{\"operators\":{},\"actions\":{\"name\":\"action-select\",\"value\":\"Yellow\"},\"conditions\":{\"all\":[{\"name\":\"ageField\",\"operator\":\"lessThanEqual\",\"value\":\"3\"},{\"name\":\"ageField\",\"operator\":\"greaterThanEqual\",\"value\":\"-3\"}]}}',31,5),(15,'{\"operators\":{},\"actions\":{\"name\":\"action-select\",\"value\":\"Red\"},\"conditions\":{\"all\":[{\"name\":\"ageField\",\"operator\":\"greaterThan\",\"value\":\"3\"},{\"name\":\"ageField\",\"operator\":\"lessThan\",\"value\":\"-3\"}]}}',31,5),(16,'{\"operators\":{},\"actions\":{\"name\":\"action-select\",\"value\":\"Green\"},\"conditions\":{\"all\":[{\"name\":\"ageField\",\"operator\":\"equalTo\",\"value\":\"10\"}]}}',31,6),(17,'{\"operators\":{},\"actions\":{\"name\":\"action-select\",\"value\":\"Yellow\"},\"conditions\":{\"all\":[{\"name\":\"ageField\",\"operator\":\"equalTo\",\"value\":\"5\"}]}}',31,6),(18,'{\"operators\":{},\"actions\":{\"name\":\"action-select\",\"value\":\"Red\"},\"conditions\":{\"all\":[{\"name\":\"ageField\",\"operator\":\"equalTo\",\"value\":\"0\"}]}}',31,6),(19,'{\"operators\":{},\"actions\":{\"name\":\"action-select\",\"value\":\"Green\"},\"conditions\":{\"all\":[{\"name\":\"ageField\",\"operator\":\"lessThanEqual\",\"value\":\"0\"}]}}',46,7),(20,'{\"operators\":{},\"actions\":{\"name\":\"action-select\",\"value\":\"Yellow\"},\"conditions\":{\"all\":[{\"name\":\"ageField\",\"operator\":\"lessThanEqual\",\"value\":\"1\"}]}}',46,7),(21,'{\"operators\":{},\"actions\":{\"name\":\"action-select\",\"value\":\"Red\"},\"conditions\":{\"all\":[{\"name\":\"ageField\",\"operator\":\"greaterThan\",\"value\":\"1\"}]}}',46,7),(22,'{\"operators\":{},\"actions\":{\"name\":\"action-select\",\"value\":\"Green\"},\"conditions\":{\"all\":[{\"name\":\"ageField\",\"operator\":\"lessThanEqual\",\"value\":\"0\"}]}}',46,8),(23,'{\"operators\":{},\"actions\":{\"name\":\"action-select\",\"value\":\"Yellow\"},\"conditions\":{\"all\":[{\"name\":\"ageField\",\"operator\":\"lessThanEqual\",\"value\":\"1\"}]}}',46,8),(24,'{\"operators\":{},\"actions\":{\"name\":\"action-select\",\"value\":\"Red\"},\"conditions\":{\"all\":[{\"name\":\"ageField\",\"operator\":\"greaterThan\",\"value\":\"1\"}]}}',46,8),(25,'{\"operators\":{},\"actions\":{\"name\":\"action-select\",\"value\":\"Green\"},\"conditions\":{\"all\":[{\"name\":\"ageField\",\"operator\":\"lessThanEqual\",\"value\":\"0\"}]}}',46,9),(26,'{\"operators\":{},\"actions\":{\"name\":\"action-select\",\"value\":\"Yellow\"},\"conditions\":{\"all\":[{\"name\":\"ageField\",\"operator\":\"lessThanEqual\",\"value\":\"1\"}]}}',46,9),(27,'{\"operators\":{},\"actions\":{\"name\":\"action-select\",\"value\":\"Red\"},\"conditions\":{\"all\":[{\"name\":\"ageField\",\"operator\":\"greaterThan\",\"value\":\"1\"}]}}',46,9),(28,'{\"operators\":{},\"actions\":{\"name\":\"action-select\",\"value\":\"Green\"},\"conditions\":{\"all\":[{\"name\":\"ageField\",\"operator\":\"lessThanEqual\",\"value\":\"0\"}]}}',46,10),(29,'{\"operators\":{},\"actions\":{\"name\":\"action-select\",\"value\":\"Yellow\"},\"conditions\":{\"all\":[{\"name\":\"ageField\",\"operator\":\"lessThanEqual\",\"value\":\"1\"}]}}',46,10),(30,'{\"operators\":{},\"actions\":{\"name\":\"action-select\",\"value\":\"Red\"},\"conditions\":{\"all\":[{\"name\":\"ageField\",\"operator\":\"greaterThan\",\"value\":\"1\"}]}}',46,10),(31,'{\"operators\":{},\"actions\":{\"name\":\"action-select\",\"value\":\"Green\"},\"conditions\":{\"all\":[{\"name\":\"ageField\",\"operator\":\"lessThanEqual\",\"value\":\"0\"}]}}',46,11),(32,'{\"operators\":{},\"actions\":{\"name\":\"action-select\",\"value\":\"Yellow\"},\"conditions\":{\"all\":[{\"name\":\"ageField\",\"operator\":\"lessThanEqual\",\"value\":\"2\"}]}}',46,11),(33,'{\"operators\":{},\"actions\":{\"name\":\"action-select\",\"value\":\"Red\"},\"conditions\":{\"all\":[{\"name\":\"ageField\",\"operator\":\"greaterThan\",\"value\":\"2\"}]}}',46,11),(34,'{\"operators\":{},\"actions\":{\"name\":\"action-select\",\"value\":\"Green\"},\"conditions\":{\"all\":[{\"name\":\"ageField\",\"operator\":\"lessThanEqual\",\"value\":\"0\"}]}}',46,12),(35,'{\"operators\":{},\"actions\":{\"name\":\"action-select\",\"value\":\"Yellow\"},\"conditions\":{\"all\":[{\"name\":\"ageField\",\"operator\":\"lessThanEqual\",\"value\":\"0.8\"}]}}',46,12),(36,'{\"operators\":{},\"actions\":{\"name\":\"action-select\",\"value\":\"Red\"},\"conditions\":{\"all\":[{\"name\":\"ageField\",\"operator\":\"greaterThan\",\"value\":\"0.8\"}]}}',46,12),(37,'{\"operators\":{},\"actions\":{\"name\":\"action-select\",\"value\":\"Green\"},\"conditions\":{\"all\":[{\"name\":\"ageField\",\"operator\":\"lessThanEqual\",\"value\":\"0\"}]}}',46,13),(38,'{\"operators\":{},\"actions\":{\"name\":\"action-select\",\"value\":\"Yellow\"},\"conditions\":{\"all\":[{\"name\":\"ageField\",\"operator\":\"lessThanEqual\",\"value\":\"1\"}]}}',46,13),(39,'{\"operators\":{},\"actions\":{\"name\":\"action-select\",\"value\":\"Red\"},\"conditions\":{\"all\":[{\"name\":\"ageField\",\"operator\":\"greaterThan\",\"value\":\"1\"}]}}',46,13),(40,'{\"operators\":{},\"actions\":{\"name\":\"action-select\",\"value\":\"Green\"},\"conditions\":{\"all\":[{\"name\":\"ageField\",\"operator\":\"greaterThanEqual\",\"value\":\"4\"}]}}',46,14),(41,'{\"operators\":{},\"actions\":{\"name\":\"action-select\",\"value\":\"Yellow\"},\"conditions\":{\"all\":[{\"name\":\"ageField\",\"operator\":\"greaterThanEqual\",\"value\":\"2\"}]}}',46,14),(42,'{\"operators\":{},\"actions\":{\"name\":\"action-select\",\"value\":\"Red\"},\"conditions\":{\"all\":[{\"name\":\"ageField\",\"operator\":\"lessThan\",\"value\":\"2\"}]}}',46,14),(43,'{\"operators\":{},\"actions\":{\"name\":\"action-select\",\"value\":\"Green\"},\"conditions\":{\"all\":[{\"name\":\"ageField\",\"operator\":\"greaterThan\",\"value\":\"60\"}]}}',46,15),(44,'{\"operators\":{},\"actions\":{\"name\":\"action-select\",\"value\":\"Yellow\"},\"conditions\":{\"all\":[{\"name\":\"ageField\",\"operator\":\"greaterThanEqual\",\"value\":\"55\"}]}}',46,15),(45,'{\"operators\":{},\"actions\":{\"name\":\"action-select\",\"value\":\"Red\"},\"conditions\":{\"all\":[{\"name\":\"ageField\",\"operator\":\"lessThan\",\"value\":\"55\"}]}}',46,15),(46,'{\"operators\":{},\"actions\":{\"name\":\"action-select\",\"value\":\"Green\"},\"conditions\":{\"all\":[{\"name\":\"ageField\",\"operator\":\"lessThanEqual\",\"value\":\"0\"}]}}',46,16),(47,'{\"operators\":{},\"actions\":{\"name\":\"action-select\",\"value\":\"Yellow\"},\"conditions\":{\"all\":[{\"name\":\"ageField\",\"operator\":\"lessThanEqual\",\"value\":\"1\"}]}}',46,16),(48,'{\"operators\":{},\"actions\":{\"name\":\"action-select\",\"value\":\"Red\"},\"conditions\":{\"all\":[{\"name\":\"ageField\",\"operator\":\"greaterThan\",\"value\":\"1\"}]}}',46,16),(49,'{\"operators\":{},\"actions\":{\"name\":\"action-select\",\"value\":\"Green\"},\"conditions\":{\"all\":[{\"name\":\"ageField\",\"operator\":\"equalTo\",\"value\":\"0\"}]}}',61,17),(50,'{\"operators\":{},\"actions\":{\"name\":\"action-select\",\"value\":\"Yellow\"},\"conditions\":{\"all\":[{\"name\":\"ageField\",\"operator\":\"equalTo\",\"value\":\"1\"}]}}',61,17),(51,'{\"operators\":{},\"actions\":{\"name\":\"action-select\",\"value\":\"Red\"},\"conditions\":{\"all\":[{\"name\":\"ageField\",\"operator\":\"equalTo\",\"value\":\"2\"}]}}',61,17),(52,'{\"operators\":{},\"actions\":{\"name\":\"action-select\",\"value\":\"Green\"},\"conditions\":{\"all\":[{\"name\":\"ageField\",\"operator\":\"equalTo\",\"value\":\"0\"}]}}',61,18),(53,'{\"operators\":{},\"actions\":{\"name\":\"action-select\",\"value\":\"Yellow\"},\"conditions\":{\"all\":[{\"name\":\"ageField\",\"operator\":\"equalTo\",\"value\":\"1\"}]}}',61,18),(54,'{\"operators\":{},\"actions\":{\"name\":\"action-select\",\"value\":\"Red\"},\"conditions\":{\"all\":[{\"name\":\"ageField\",\"operator\":\"equalTo\",\"value\":\"2\"}]}}',61,18),(55,'{\"operators\":{},\"actions\":{\"name\":\"action-select\",\"value\":\"Green\"},\"conditions\":{\"all\":[{\"name\":\"ageField\",\"operator\":\"equalTo\",\"value\":\"0\"}]}}',61,19),(56,'{\"operators\":{},\"actions\":{\"name\":\"action-select\",\"value\":\"Yellow\"},\"conditions\":{\"all\":[{\"name\":\"ageField\",\"operator\":\"equalTo\",\"value\":\"1\"}]}}',61,19),(57,'{\"operators\":{},\"actions\":{\"name\":\"action-select\",\"value\":\"Red\"},\"conditions\":{\"all\":[{\"name\":\"ageField\",\"operator\":\"equalTo\",\"value\":\"2\"}]}}',61,19),(58,'{\"operators\":{},\"actions\":{\"name\":\"action-select\",\"value\":\"Green\"},\"conditions\":{\"all\":[{\"name\":\"ageField\",\"operator\":\"lessThan\",\"value\":\"0.2\"}]}}',76,20),(59,'{\"operators\":{},\"actions\":{\"name\":\"action-select\",\"value\":\"Yellow\"},\"conditions\":{\"all\":[{\"name\":\"ageField\",\"operator\":\"lessThan\",\"value\":\"0.25\"}]}}',76,20),(60,'{\"operators\":{},\"actions\":{\"name\":\"action-select\",\"value\":\"Red\"},\"conditions\":{\"all\":[{\"name\":\"ageField\",\"operator\":\"greaterThan\",\"value\":\"0.25\"}]}}',76,20),(61,'{\"operators\":{},\"actions\":{\"name\":\"action-select\",\"value\":\"Green\"},\"conditions\":{\"all\":[{\"name\":\"ageField\",\"operator\":\"lessThan\",\"value\":\"0.2\"}]}}',76,21),(62,'{\"operators\":{},\"actions\":{\"name\":\"action-select\",\"value\":\"Yellow\"},\"conditions\":{\"all\":[{\"name\":\"ageField\",\"operator\":\"lessThan\",\"value\":\"0.25\"}]}}',76,21),(63,'{\"operators\":{},\"actions\":{\"name\":\"action-select\",\"value\":\"Red\"},\"conditions\":{\"all\":[{\"name\":\"ageField\",\"operator\":\"greaterThan\",\"value\":\"0.25\"}]}}',76,21),(64,'{\"operators\":{},\"actions\":{\"name\":\"action-select\",\"value\":\"Green\"},\"conditions\":{\"all\":[{\"name\":\"ageField\",\"operator\":\"lessThanEqual\",\"value\":\"12\"}]}}',91,22),(65,'{\"operators\":{},\"actions\":{\"name\":\"action-select\",\"value\":\"Yellow\"},\"conditions\":{\"all\":[{\"name\":\"ageField\",\"operator\":\"greaterThan\",\"value\":\"12\"},{\"name\":\"ageField\",\"operator\":\"lessThanEqual\",\"value\":\"24\"}]}}',91,22),(66,'{\"operators\":{},\"actions\":{\"name\":\"action-select\",\"value\":\"Red\"},\"conditions\":{\"all\":[{\"name\":\"ageField\",\"operator\":\"greaterThan\",\"value\":\"24\"}]}}',91,22),(67,'{\"operators\":{},\"actions\":{\"name\":\"action-select\",\"value\":\"Green\"},\"conditions\":{\"all\":[{\"name\":\"ageField\",\"operator\":\"lessThanEqual\",\"value\":\"12\"}]}}',91,23),(68,'{\"operators\":{},\"actions\":{\"name\":\"action-select\",\"value\":\"Yellow\"},\"conditions\":{\"all\":[{\"name\":\"ageField\",\"operator\":\"greaterThan\",\"value\":\"12\"},{\"name\":\"ageField\",\"operator\":\"lessThanEqual\",\"value\":\"24\"}]}}',91,23),(69,'{\"operators\":{},\"actions\":{\"name\":\"action-select\",\"value\":\"Red\"},\"conditions\":{\"all\":[{\"name\":\"ageField\",\"operator\":\"greaterThan\",\"value\":\"24\"}]}}',91,23),(70,'{\"operators\":{},\"actions\":{\"name\":\"action-select\",\"value\":\"Green\"},\"conditions\":{\"all\":[{\"name\":\"ageField\",\"operator\":\"lessThanEqual\",\"value\":\"1\"},{\"name\":\"ageField\",\"operator\":\"greaterThanEqual\",\"value\":\"-1\"}]}}',121,24),(71,'{\"operators\":{},\"actions\":{\"name\":\"action-select\",\"value\":\"Yellow\"},\"conditions\":{\"all\":[{\"name\":\"ageField\",\"operator\":\"greaterThanEqual\",\"value\":\"-2\"},{\"name\":\"ageField\",\"operator\":\"lessThanEqual\",\"value\":\"2\"}]}}',121,24),(72,'{\"operators\":{},\"actions\":{\"name\":\"action-select\",\"value\":\"Red\"},\"conditions\":{\"all\":[{\"name\":\"ageField\",\"operator\":\"greaterThan\",\"value\":\"2\"},{\"name\":\"ageField\",\"operator\":\"lessThan\",\"value\":\"-2\"}]}}',121,24);
/*!40000 ALTER TABLE `ranking_rules` ENABLE KEYS */;
UNLOCK TABLES;

--
-- Table structure for table `reading_kpi_values`
--

DROP TABLE IF EXISTS `reading_kpi_values`;
/*!40101 SET @saved_cs_client     = @@character_set_client */;
/*!40101 SET character_set_client = utf8 */;
CREATE TABLE `reading_kpi_values` (
  `id` int(11) NOT NULL AUTO_INCREMENT,
  `value` varchar(255) COLLATE utf8_unicode_ci DEFAULT NULL,
  `monthdetail` date NOT NULL,
  `status` int(11) NOT NULL,
  `ShipDetailsId` int(11) DEFAULT NULL,
  `KpiDetailsId` int(11) DEFAULT NULL,
  `ElementDetailsId` int(11) DEFAULT NULL,
  PRIMARY KEY (`id`),
  KEY `IDX_5A6D4EA95041247E` (`ShipDetailsId`),
  KEY `IDX_5A6D4EA9F10FA648` (`KpiDetailsId`),
  KEY `IDX_5A6D4EA9ABFC5A8E` (`ElementDetailsId`),
  CONSTRAINT `FK_5A6D4EA95041247E` FOREIGN KEY (`ShipDetailsId`) REFERENCES `ship_details` (`id`),
  CONSTRAINT `FK_5A6D4EA9ABFC5A8E` FOREIGN KEY (`ElementDetailsId`) REFERENCES `element_details` (`id`),
  CONSTRAINT `FK_5A6D4EA9F10FA648` FOREIGN KEY (`KpiDetailsId`) REFERENCES `kpi_details` (`id`)
) ENGINE=InnoDB AUTO_INCREMENT=8666 DEFAULT CHARSET=utf8 COLLATE=utf8_unicode_ci;
/*!40101 SET character_set_client = @saved_cs_client */;

--
-- Dumping data for table `reading_kpi_values`
--

LOCK TABLES `reading_kpi_values` WRITE;
/*!40000 ALTER TABLE `reading_kpi_values` DISABLE KEYS */;
INSERT INTO `reading_kpi_values` VALUES (1,'0','2016-01-31',3,1,1,1),(2,'0','2016-01-31',3,1,16,2),(3,'0','2016-01-31',3,1,16,3),(4,'0','2016-01-31',3,1,16,4),(5,'0.03','2016-01-31',3,1,31,5),(6,'11','2016-01-31',3,1,46,6),(7,'0','2016-01-31',3,1,46,7),(8,'1.73','2016-01-31',3,1,61,8),(9,'33','2016-01-31',3,1,61,9),(10,'0','2016-01-31',3,1,61,10),(11,'0','2016-01-31',3,1,61,11),(12,'17.36','2016-01-31',3,1,76,12),(13,'3','2016-01-31',3,1,91,13),(14,'0','2016-01-31',3,1,91,14),(15,'4.15','2016-01-31',3,1,106,15),(16,'16.6','2016-01-31',3,1,106,16),(17,'500','2016-01-31',3,1,106,17),(18,'-13','2016-01-31',3,1,121,18),(19,'-66','2016-01-31',3,1,121,19),(20,'5','2016-01-31',3,1,121,20),(21,'99','2016-01-31',3,1,121,21),(22,'90','2016-01-31',3,1,136,22),(23,'0','2016-01-31',3,1,136,23),(24,'0','2016-01-31',3,1,136,24),(25,'69','2016-01-31',3,1,136,25),(26,'0','2016-01-31',3,1,151,26),(27,'0','2016-01-31',3,1,151,27),(28,'0','2016-01-31',3,1,151,28),(29,'0','2016-01-31',3,1,151,29),(30,'0','2016-01-31',3,1,166,30),(31,'0','2016-01-31',3,1,166,31),(32,'75','2016-01-31',3,1,166,32),(33,'0','2016-01-31',3,1,166,33),(34,'0','2016-01-31',3,1,166,34),(35,'4','2016-01-31',3,1,166,35),(36,'0','2016-02-29',3,1,1,1),(37,'0','2016-02-29',3,1,16,2),(38,'0','2016-02-29',3,1,16,3),(39,'0','2016-02-29',3,1,16,4),(40,'-3.1','2016-02-29',3,1,31,5),(41,'11','2016-02-29',3,1,46,6),(42,'0','2016-02-29',3,1,46,7),(43,'1.73','2016-02-29',3,1,61,8),(44,'25','2016-02-29',3,1,61,9),(45,'0','2016-02-29',3,1,61,10),(46,'0','2016-02-29',3,1,61,11),(47,'3.38','2016-02-29',3,1,76,12),(48,'3','2016-02-29',3,1,91,13),(49,'0','2016-02-29',3,1,91,14),(50,'4.26','2016-02-29',3,1,106,15),(51,'10.65','2016-02-29',3,1,106,16),(52,'0','2016-02-29',3,1,106,17),(53,'-17','2016-02-29',3,1,121,18),(54,'-48','2016-02-29',3,1,121,19),(55,'-9','2016-02-29',3,1,121,20),(56,'-11','2016-02-29',3,1,121,21),(57,'90','2016-02-29',3,1,136,22),(58,'0','2016-02-29',3,1,136,23),(59,'0','2016-02-29',3,1,136,24),(60,'69','2016-02-29',3,1,136,25),(61,'0','2016-02-29',3,1,151,26),(62,'0','2016-02-29',3,1,151,27),(63,'0','2016-02-29',3,1,151,28),(64,'0','2016-02-29',3,1,151,29),(65,'0','2016-02-29',3,1,166,30),(66,'0','2016-02-29',3,1,166,31),(67,'75','2016-02-29',3,1,166,32),(68,'0','2016-02-29',3,1,166,33),(69,'0','2016-02-29',3,1,166,34),(70,'4','2016-02-29',3,1,166,35),(71,'0','2016-01-31',3,2,1,1),(72,'0','2016-01-31',3,2,16,2),(73,'0','2016-01-31',3,2,16,3),(74,'0','2016-01-31',3,2,16,4),(75,'1','2016-01-31',3,2,31,5),(76,'11','2016-01-31',3,2,46,6),(77,'0','2016-01-31',3,2,46,7),(78,'1.5','2016-01-31',3,2,61,8),(79,'33','2016-01-31',3,2,61,9),(80,'0','2016-01-31',3,2,61,10),(81,'0','2016-01-31',3,2,61,11),(82,'6','2016-01-31',3,2,76,12),(83,'3','2016-01-31',3,2,91,13),(84,'0','2016-01-31',3,2,91,14),(85,'4.15','2016-01-31',3,2,106,15),(86,'16.6','2016-01-31',3,2,106,16),(87,'0','2016-01-31',3,2,106,17),(88,'9','2016-01-31',3,2,121,18),(89,'47','2016-01-31',3,2,121,19),(90,'-3','2016-01-31',3,2,121,20),(91,'29','2016-01-31',3,2,121,21),(92,'95','2016-01-31',3,2,136,22),(93,'0','2016-01-31',3,2,136,23),(94,'0','2016-01-31',3,2,136,24),(95,'65','2016-01-31',3,2,136,25),(96,'0','2016-01-31',3,2,151,26),(97,'0','2016-01-31',3,2,151,27),(98,'0','2016-01-31',3,2,151,28),(99,'0','2016-01-31',3,2,151,29),(100,'0','2016-01-31',3,2,166,30),(101,'0','2016-01-31',3,2,166,31),(102,'75','2016-01-31',3,2,166,32),(103,'0','2016-01-31',3,2,166,33),(104,'0','2016-01-31',3,2,166,34),(105,'5','2016-01-31',3,2,166,35),(106,'0','2016-02-29',3,2,1,1),(107,'0','2016-02-29',3,2,16,2),(108,'0','2016-02-29',3,2,16,3),(109,'0','2016-02-29',3,2,16,4),(110,'4','2016-02-29',3,2,31,5),(111,'11','2016-02-29',3,2,46,6),(112,'0','2016-02-29',3,2,46,7),(113,'1.5','2016-02-29',3,2,61,8),(114,'25','2016-02-29',3,2,61,9),(115,'0','2016-02-29',3,2,61,10),(116,'0','2016-02-29',3,2,61,11),(117,'3','2016-02-29',3,2,76,12),(118,'3','2016-02-29',3,2,91,13),(119,'0','2016-02-29',3,2,91,14),(120,'4.26','2016-02-29',3,2,106,15),(121,'10.65','2016-02-29',3,2,106,16),(122,'220','2016-02-29',3,2,106,17),(123,'-6','2016-02-29',3,2,121,18),(124,'36','2016-02-29',3,2,121,19),(125,'-21','2016-02-29',3,2,121,20),(126,'26','2016-02-29',3,2,121,21),(127,'95','2016-02-29',3,2,136,22),(128,'0','2016-02-29',3,2,136,23),(129,'2','2016-02-29',3,2,136,24),(130,'69','2016-02-29',3,2,136,25),(131,'0','2016-02-29',3,2,151,26),(132,'0','2016-02-29',3,2,151,27),(133,'0','2016-02-29',3,2,151,28),(134,'0','2016-02-29',3,2,151,29),(135,'0','2016-02-29',3,2,166,30),(136,'0','2016-02-29',3,2,166,31),(137,'75','2016-02-29',3,2,166,32),(138,'0','2016-02-29',3,2,166,33),(139,'0','2016-02-29',3,2,166,34),(140,'5','2016-02-29',3,2,166,35),(141,'0','2016-01-31',3,3,1,1),(142,'0','2016-01-31',3,3,16,2),(143,'0','2016-01-31',3,3,16,3),(144,'0','2016-01-31',3,3,16,4),(145,'0','2016-01-31',3,3,31,5),(146,'11','2016-01-31',3,3,46,6),(147,'0','2016-01-31',3,3,46,7),(148,'1.46','2016-01-31',3,3,61,8),(149,'33','2016-01-31',3,3,61,9),(150,'0','2016-01-31',3,3,61,10),(151,'0','2016-01-31',3,3,61,11),(152,'2','2016-01-31',3,3,76,12),(153,'3','2016-01-31',3,3,91,13),(154,'0','2016-01-31',3,3,91,14),(155,'4.15','2016-01-31',3,3,106,15),(156,'16.6','2016-01-31',3,3,106,16),(157,'0','2016-01-31',3,3,106,17),(158,'1','2016-01-31',3,3,121,18),(159,'4','2016-01-31',3,3,121,19),(160,'8','2016-01-31',3,3,121,20),(161,'74','2016-01-31',3,3,121,21),(162,'90','2016-01-31',3,3,136,22),(163,'0','2016-01-31',3,3,136,23),(164,'0','2016-01-31',3,3,136,24),(165,'69','2016-01-31',3,3,136,25),(166,'0','2016-01-31',3,3,151,26),(167,'0','2016-01-31',3,3,151,27),(168,'0','2016-01-31',3,3,151,28),(169,'0','2016-01-31',3,3,151,29),(170,'0','2016-01-31',3,3,166,30),(171,'0','2016-01-31',3,3,166,31),(172,'75','2016-01-31',3,3,166,32),(173,'0','2016-01-31',3,3,166,33),(174,'0','2016-01-31',3,3,166,34),(175,'5','2016-01-31',3,3,166,35),(176,'0','2016-02-29',3,3,1,1),(177,'0','2016-02-29',3,3,16,2),(178,'0','2016-02-29',3,3,16,3),(179,'0','2016-02-29',3,3,16,4),(180,'0','2016-02-29',3,3,31,5),(181,'11','2016-02-29',3,3,46,6),(182,'0','2016-02-29',3,3,46,7),(183,'1.46','2016-02-29',3,3,61,8),(184,'25','2016-02-29',3,3,61,9),(185,'0','2016-02-29',3,3,61,10),(186,'0','2016-02-29',3,3,61,11),(187,'1','2016-02-29',3,3,76,12),(188,'3','2016-02-29',3,3,91,13),(189,'0','2016-02-29',3,3,91,14),(190,'4.26','2016-02-29',3,3,106,15),(191,'10.65','2016-02-29',3,3,106,16),(192,'10000','2016-02-29',3,3,106,17),(193,'-4','2016-02-29',3,3,121,18),(194,'-5','2016-02-29',3,3,121,19),(195,'-5','2016-02-29',3,3,121,20),(196,'60','2016-02-29',3,3,121,21),(197,'90','2016-02-29',3,3,136,22),(198,'0','2016-02-29',3,3,136,23),(199,'0','2016-02-29',3,3,136,24),(200,'69','2016-02-29',3,3,136,25),(201,'0','2016-02-29',3,3,151,26),(202,'0','2016-02-29',3,3,151,27),(203,'0','2016-02-29',3,3,151,28),(204,'0','2016-02-29',3,3,151,29),(205,'4','2016-02-29',3,3,166,30),(206,'0','2016-02-29',3,3,166,31),(207,'75','2016-02-29',3,3,166,32),(208,'0','2016-02-29',3,3,166,33),(209,'0','2016-02-29',3,3,166,34),(210,'5','2016-02-29',3,3,166,35),(211,'0','2016-01-31',3,4,1,1),(212,'2','2016-01-31',3,4,16,2),(213,'0','2016-01-31',3,4,16,3),(214,'0','2016-01-31',3,4,16,4),(215,'-1','2016-01-31',3,4,31,5),(216,'11','2016-01-31',3,4,46,6),(217,'0','2016-01-31',3,4,46,7),(218,'1.5','2016-01-31',3,4,61,8),(219,'33','2016-01-31',3,4,61,9),(220,'0','2016-01-31',3,4,61,10),(221,'0','2016-01-31',3,4,61,11),(222,'11','2016-01-31',3,4,76,12),(223,'3','2016-01-31',3,4,91,13),(224,'0','2016-01-31',3,4,91,14),(225,'4.15','2016-01-31',3,4,106,15),(226,'16.6','2016-01-31',3,4,106,16),(227,'209','2016-01-31',3,4,106,17),(228,'1','2016-01-31',3,4,121,18),(229,'47','2016-01-31',3,4,121,19),(230,'-2','2016-01-31',3,4,121,20),(231,'-54','2016-01-31',3,4,121,21),(232,'95','2016-01-31',3,4,136,22),(233,'0','2016-01-31',3,4,136,23),(234,'0','2016-01-31',3,4,136,24),(235,'69','2016-01-31',3,4,136,25),(236,'0','2016-01-31',3,4,151,26),(237,'0','2016-01-31',3,4,151,27),(238,'0','2016-01-31',3,4,151,28),(239,'0','2016-01-31',3,4,151,29),(240,'0','2016-01-31',3,4,166,30),(241,'0','2016-01-31',3,4,166,31),(242,'75','2016-01-31',3,4,166,32),(243,'0','2016-01-31',3,4,166,33),(244,'0','2016-01-31',3,4,166,34),(245,'4','2016-01-31',3,4,166,35),(246,'0','2016-02-29',3,4,1,1),(247,'0','2016-02-29',3,4,16,2),(248,'0','2016-02-29',3,4,16,3),(249,'0','2016-02-29',3,4,16,4),(250,'.18','2016-02-29',3,4,31,5),(251,'11','2016-02-29',3,4,46,6),(252,'0','2016-02-29',3,4,46,7),(253,'1.5','2016-02-29',3,4,61,8),(254,'25','2016-02-29',3,4,61,9),(255,'0','2016-02-29',3,4,61,10),(256,'0','2016-02-29',3,4,61,11),(257,'12','2016-02-29',3,4,76,12),(258,'3','2016-02-29',3,4,91,13),(259,'0','2016-02-29',3,4,91,14),(260,'4.26','2016-02-29',3,4,106,15),(261,'10.65','2016-02-29',3,4,106,16),(262,'0','2016-02-29',3,4,106,17),(263,'-11','2016-02-29',3,4,121,18),(264,'4','2016-02-29',3,4,121,19),(265,'17','2016-02-29',3,4,121,20),(266,'-33','2016-02-29',3,4,121,21),(267,'95','2016-02-29',3,4,136,22),(268,'0','2016-02-29',3,4,136,23),(269,'0','2016-02-29',3,4,136,24),(270,'69','2016-02-29',3,4,136,25),(271,'0','2016-02-29',3,4,151,26),(272,'0','2016-02-29',3,4,151,27),(273,'0','2016-02-29',3,4,151,28),(274,'0','2016-02-29',3,4,151,29),(275,'0','2016-02-29',3,4,166,30),(276,'0','2016-02-29',3,4,166,31),(277,'75','2016-02-29',3,4,166,32),(278,'0','2016-02-29',3,4,166,33),(279,'0','2016-02-29',3,4,166,34),(280,'4','2016-02-29',3,4,166,35),(281,'0','2016-01-31',3,5,1,1),(282,'0','2016-01-31',3,5,16,2),(283,'0','2016-01-31',3,5,16,3),(284,'0','2016-01-31',3,5,16,4),(285,'0','2016-01-31',3,5,31,5),(286,'11','2016-01-31',3,5,46,6),(287,'0','2016-01-31',3,5,46,7),(288,'1.26','2016-01-31',3,5,61,8),(289,'33','2016-01-31',3,5,61,9),(290,'1','2016-01-31',3,5,61,10),(291,'0','2016-01-31',3,5,61,11),(292,'0','2016-01-31',3,5,76,12),(293,'3','2016-01-31',3,5,91,13),(294,'0','2016-01-31',3,5,91,14),(295,'4.15','2016-01-31',3,5,106,15),(296,'16.6','2016-01-31',3,5,106,16),(297,'0','2016-01-31',3,5,106,17),(298,'1','2016-01-31',3,5,121,18),(299,'13','2016-01-31',3,5,121,19),(300,'-2','2016-01-31',3,5,121,20),(301,'59','2016-01-31',3,5,121,21),(302,'95','2016-01-31',3,5,136,22),(303,'0','2016-01-31',3,5,136,23),(304,'0','2016-01-31',3,5,136,24),(305,'69','2016-01-31',3,5,136,25),(306,'0','2016-01-31',3,5,151,26),(307,'0','2016-01-31',3,5,151,27),(308,'0','2016-01-31',3,5,151,28),(309,'0','2016-01-31',3,5,151,29),(310,'0','2016-01-31',3,5,166,30),(311,'0','2016-01-31',3,5,166,31),(312,'75','2016-01-31',3,5,166,32),(313,'0','2016-01-31',3,5,166,33),(314,'0','2016-01-31',3,5,166,34),(315,'4','2016-01-31',3,5,166,35),(316,'0','2016-02-29',3,5,1,1),(317,'0','2016-02-29',3,5,16,2),(318,'0','2016-02-29',3,5,16,3),(319,'0','2016-02-29',3,5,16,4),(320,'1.45','2016-02-29',3,5,31,5),(321,'11','2016-02-29',3,5,46,6),(322,'0','2016-02-29',3,5,46,7),(323,'1.26','2016-02-29',3,5,61,8),(324,'25','2016-02-29',3,5,61,9),(325,'1','2016-02-29',3,5,61,10),(326,'0','2016-02-29',3,5,61,11),(327,'2','2016-02-29',3,5,76,12),(328,'3','2016-02-29',3,5,91,13),(329,'0','2016-02-29',3,5,91,14),(330,'4.26','2016-02-29',3,5,106,15),(331,'10.65','2016-02-29',3,5,106,16),(332,'0','2016-02-29',3,5,106,17),(333,'-7','2016-02-29',3,5,121,18),(334,'5','2016-02-29',3,5,121,19),(335,'-12','2016-02-29',3,5,121,20),(336,'23','2016-02-29',3,5,121,21),(337,'95','2016-02-29',3,5,136,22),(338,'0','2016-02-29',3,5,136,23),(339,'0','2016-02-29',3,5,136,24),(340,'69','2016-02-29',3,5,136,25),(341,'0','2016-02-29',3,5,151,26),(342,'0','2016-02-29',3,5,151,27),(343,'0','2016-02-29',3,5,151,28),(344,'0','2016-02-29',3,5,151,29),(345,'0','2016-02-29',3,5,166,30),(346,'0','2016-02-29',3,5,166,31),(347,'75','2016-02-29',3,5,166,32),(348,'0','2016-02-29',3,5,166,33),(349,'0','2016-02-29',3,5,166,34),(350,'5','2016-02-29',3,5,166,35),(351,'0','2016-02-29',3,14,1,1),(352,'0','2016-02-29',3,14,16,2),(353,'0','2016-02-29',3,14,16,3),(354,'0','2016-02-29',3,14,16,4),(355,'0.07','2016-02-29',3,14,31,5),(356,'11','2016-02-29',3,14,46,6),(357,'0','2016-02-29',3,14,46,7),(358,'1.1','2016-02-29',3,14,61,8),(359,'25','2016-02-29',3,14,61,9),(360,'0','2016-02-29',3,14,61,10),(361,'0','2016-02-29',3,14,61,11),(362,'0.61','2016-02-29',3,14,76,12),(363,'3','2016-02-29',3,14,91,13),(364,'0','2016-02-29',3,14,91,14),(365,'4.26','2016-02-29',3,14,106,15),(366,'10.65','2016-02-29',3,14,106,16),(367,'0','2016-02-29',3,14,106,17),(368,'-22','2016-02-29',3,14,121,18),(369,'-67','2016-02-29',3,14,121,19),(370,'-12','2016-02-29',3,14,121,20),(371,'-81','2016-02-29',3,14,121,21),(372,'83','2016-02-29',3,14,136,22),(373,'1','2016-02-29',3,14,136,23),(374,'1','2016-02-29',3,14,136,24),(375,'69','2016-02-29',3,14,136,25),(376,'0','2016-02-29',3,14,151,26),(377,'0','2016-02-29',3,14,151,27),(378,'0','2016-02-29',3,14,151,28),(379,'0','2016-02-29',3,14,151,29),(380,'0','2016-02-29',3,14,166,30),(381,'0','2016-02-29',3,14,166,31),(382,'75','2016-02-29',3,14,166,32),(383,'0','2016-02-29',3,14,166,33),(384,'0','2016-02-29',3,14,166,34),(385,'5','2016-02-29',3,14,166,35),(386,'0','2016-01-31',3,14,1,1),(387,'0','2016-01-31',3,14,16,2),(388,'0','2016-01-31',3,14,16,3),(389,'0','2016-01-31',3,14,16,4),(390,'0','2016-01-31',3,14,31,5),(391,'11','2016-01-31',3,14,46,6),(392,'0','2016-01-31',3,14,46,7),(393,'1.1','2016-01-31',3,14,61,8),(394,'33','2016-01-31',3,14,61,9),(395,'0','2016-01-31',3,14,61,10),(396,'0','2016-01-31',3,14,61,11),(397,'1','2016-01-31',3,14,76,12),(398,'3','2016-01-31',3,14,91,13),(399,'0','2016-01-31',3,14,91,14),(400,'4.15','2016-01-31',3,14,106,15),(401,'16.6','2016-01-31',3,14,106,16),(402,'0','2016-01-31',3,14,106,17),(403,'-27','2016-01-31',3,14,121,18),(404,'-158','2016-01-31',3,14,121,19),(405,'4','2016-01-31',3,14,121,20),(406,'--179','2016-01-31',3,14,121,21),(407,'83','2016-01-31',3,14,136,22),(408,'1','2016-01-31',3,14,136,23),(409,'0','2016-01-31',3,14,136,24),(410,'69','2016-01-31',3,14,136,25),(411,'0','2016-01-31',3,14,151,26),(412,'0','2016-01-31',3,14,151,27),(413,'0','2016-01-31',3,14,151,28),(414,'0','2016-01-31',3,14,151,29),(415,'0','2016-01-31',3,14,166,30),(416,'0','2016-01-31',3,14,166,31),(417,'75','2016-01-31',3,14,166,32),(418,'0','2016-01-31',3,14,166,33),(419,'0','2016-01-31',3,14,166,34),(420,'5','2016-01-31',3,14,166,35),(421,'0','2016-01-31',3,6,1,1),(422,'0','2016-01-31',3,6,16,2),(423,'0','2016-01-31',3,6,16,3),(424,'0','2016-01-31',3,6,16,4),(425,'-0.25','2016-01-31',3,6,31,5),(426,'11','2016-01-31',3,6,46,6),(427,'0','2016-01-31',3,6,46,7),(428,'1.48','2016-01-31',3,6,61,8),(429,'33','2016-01-31',3,6,61,9),(430,'0','2016-01-31',3,6,61,10),(431,'0','2016-01-31',3,6,61,11),(432,'27.37','2016-01-31',3,6,76,12),(433,'3','2016-01-31',3,6,91,13),(434,'0','2016-01-31',3,6,91,14),(435,'4.15','2016-01-31',3,6,106,15),(436,'16.6','2016-01-31',3,6,106,16),(437,'0','2016-01-31',3,6,106,17),(438,'8','2016-01-31',3,6,121,18),(439,'2','2016-01-31',3,6,121,19),(440,'12','2016-01-31',3,6,121,20),(441,'76','2016-01-31',3,6,121,21),(442,'82','2016-01-31',3,6,136,22),(443,'0','2016-01-31',3,6,136,23),(444,'0','2016-01-31',3,6,136,24),(445,'69','2016-01-31',3,6,136,25),(446,'0','2016-01-31',3,6,151,26),(447,'0','2016-01-31',3,6,151,27),(448,'0','2016-01-31',3,6,151,28),(449,'0','2016-01-31',3,6,151,29),(450,'0','2016-01-31',3,6,166,30),(451,'0','2016-01-31',3,6,166,31),(452,'75','2016-01-31',3,6,166,32),(453,'0','2016-01-31',3,6,166,33),(454,'0','2016-01-31',3,6,166,34),(455,'5','2016-01-31',3,6,166,35),(456,'0','2016-02-29',3,6,1,1),(457,'0','2016-02-29',3,6,16,2),(458,'0','2016-02-29',3,6,16,3),(459,'0','2016-02-29',3,6,16,4),(460,'-0.71','2016-02-29',3,6,31,5),(461,'11','2016-02-29',3,6,46,6),(462,'0','2016-02-29',3,6,46,7),(463,'1.48','2016-02-29',3,6,61,8),(464,'25','2016-02-29',3,6,61,9),(465,'0','2016-02-29',3,6,61,10),(466,'0','2016-02-29',3,6,61,11),(467,'3.6','2016-02-29',3,6,76,12),(468,'3','2016-02-29',3,6,91,13),(469,'0','2016-02-29',3,6,91,14),(470,'4.26','2016-02-29',3,6,106,15),(471,'10.65','2016-02-29',3,6,106,16),(472,'0','2016-02-29',3,6,106,17),(473,'-8','2016-02-29',3,6,121,18),(474,'6','2016-02-29',3,6,121,19),(475,'-11','2016-02-29',3,6,121,20),(476,'74','2016-02-29',3,6,121,21),(477,'85','2016-02-29',3,6,136,22),(478,'0','2016-02-29',3,6,136,23),(479,'0','2016-02-29',3,6,136,24),(480,'69','2016-02-29',3,6,136,25),(481,'0','2016-02-29',3,6,151,26),(482,'0','2016-02-29',3,6,151,27),(483,'0','2016-02-29',3,6,151,28),(484,'0','2016-02-29',3,6,151,29),(485,'0','2016-02-29',3,6,166,30),(486,'0','2016-02-29',3,6,166,31),(487,'75','2016-02-29',3,6,166,32),(488,'0','2016-02-29',3,6,166,33),(489,'0','2016-02-29',3,6,166,34),(490,'5','2016-02-29',3,6,166,35),(491,'0','2016-01-31',3,7,1,1),(492,'0','2016-01-31',3,7,16,2),(493,'0','2016-01-31',3,7,16,3),(494,'2','2016-01-31',3,7,16,4),(495,'0','2016-01-31',3,7,31,5),(496,'11','2016-01-31',3,7,46,6),(497,'0','2016-01-31',3,7,46,7),(498,'1.46','2016-01-31',3,7,61,8),(499,'33','2016-01-31',3,7,61,9),(500,'0','2016-01-31',3,7,61,10),(501,'0','2016-01-31',3,7,61,11),(502,'8.6','2016-01-31',3,7,76,12),(503,'3','2016-01-31',3,7,91,13),(504,'0','2016-01-31',3,7,91,14),(505,'4.15','2016-01-31',3,7,106,15),(506,'16.6','2016-01-31',3,7,106,16),(507,'6594','2016-01-31',3,7,106,17),(508,'15','2016-01-31',3,7,121,18),(509,'38','2016-01-31',3,7,121,19),(510,'8','2016-01-31',3,7,121,20),(511,'40','2016-01-31',3,7,121,21),(512,'90','2016-01-31',3,7,136,22),(513,'0','2016-01-31',3,7,136,23),(514,'0','2016-01-31',3,7,136,24),(515,'69','2016-01-31',3,7,136,25),(516,'0','2016-01-31',3,7,151,26),(517,'0','2016-01-31',3,7,151,27),(518,'0','2016-01-31',3,7,151,28),(519,'0','2016-01-31',3,7,151,29),(520,'0','2016-01-31',3,7,166,30),(521,'0','2016-01-31',3,7,166,31),(522,'75','2016-01-31',3,7,166,32),(523,'0','2016-01-31',3,7,166,33),(524,'0','2016-01-31',3,7,166,34),(525,'5','2016-01-31',3,7,166,35),(526,'0','2016-02-29',3,7,1,1),(527,'0','2016-02-29',3,7,16,2),(528,'0','2016-02-29',3,7,16,3),(529,'0','2016-02-29',3,7,16,4),(530,'0.04','2016-02-29',3,7,31,5),(531,'11','2016-02-29',3,7,46,6),(532,'0','2016-02-29',3,7,46,7),(533,'1.46','2016-02-29',3,7,61,8),(534,'25','2016-02-29',3,7,61,9),(535,'0','2016-02-29',3,7,61,10),(536,'0','2016-02-29',3,7,61,11),(537,'4.4','2016-02-29',3,7,76,12),(538,'3','2016-02-29',3,7,91,13),(539,'0','2016-02-29',3,7,91,14),(540,'4.26','2016-02-29',3,7,106,15),(541,'10.65','2016-02-29',3,7,106,16),(542,'0','2016-02-29',3,7,106,17),(543,'-5','2016-02-29',3,7,121,18),(544,'-7','2016-02-29',3,7,121,19),(545,'-6','2016-02-29',3,7,121,20),(546,'20','2016-02-29',3,7,121,21),(547,'90','2016-02-29',3,7,136,22),(548,'0','2016-02-29',3,7,136,23),(549,'0','2016-02-29',3,7,136,24),(550,'69','2016-02-29',3,7,136,25),(551,'0','2016-02-29',3,7,151,26),(552,'0','2016-02-29',3,7,151,27),(553,'0','2016-02-29',3,7,151,28),(554,'0','2016-02-29',3,7,151,29),(555,'0','2016-02-29',3,7,166,30),(556,'0','2016-02-29',3,7,166,31),(557,'75','2016-02-29',3,7,166,32),(558,'0','2016-02-29',3,7,166,33),(559,'0','2016-02-29',3,7,166,34),(560,'5','2016-02-29',3,7,166,35),(561,'0','2016-01-31',3,8,1,1),(562,'0','2016-01-31',3,8,16,2),(563,'0','2016-01-31',3,8,16,3),(564,'0','2016-01-31',3,8,16,4),(565,'0.82','2016-01-31',3,8,31,5),(566,'11','2016-01-31',3,8,46,6),(567,'0','2016-01-31',3,8,46,7),(568,'1.44','2016-01-31',3,8,61,8),(569,'33','2016-01-31',3,8,61,9),(570,'0','2016-01-31',3,8,61,10),(571,'0','2016-01-31',3,8,61,11),(572,'16.12','2016-01-31',3,8,76,12),(573,'3','2016-01-31',3,8,91,13),(574,'0','2016-01-31',3,8,91,14),(575,'4.15','2016-01-31',3,8,106,15),(576,'16.6','2016-01-31',3,8,106,16),(577,'0','2016-01-31',3,8,106,17),(578,'14','2016-01-31',3,8,121,18),(579,'61','2016-01-31',3,8,121,19),(580,'0','2016-01-31',3,8,121,20),(581,'70','2016-01-31',3,8,121,21),(582,'90','2016-01-31',3,8,136,22),(583,'0','2016-01-31',3,8,136,23),(584,'0','2016-01-31',3,8,136,24),(585,'69','2016-01-31',3,8,136,25),(586,'0','2016-01-31',3,8,151,26),(587,'0','2016-01-31',3,8,151,27),(588,'0','2016-01-31',3,8,151,28),(589,'0','2016-01-31',3,8,151,29),(590,'1','2016-01-31',3,8,166,30),(591,'0','2016-01-31',3,8,166,31),(592,'75','2016-01-31',3,8,166,32),(593,'0','2016-01-31',3,8,166,33),(594,'0','2016-01-31',3,8,166,34),(595,'5','2016-01-31',3,8,166,35),(596,'0','2016-02-29',3,8,1,1),(597,'0','2016-02-29',3,8,16,2),(598,'0','2016-02-29',3,8,16,3),(599,'0','2016-02-29',3,8,16,4),(600,'-0.76','2016-02-29',3,8,31,5),(601,'11','2016-02-29',3,8,46,6),(602,'0','2016-02-29',3,8,46,7),(603,'1.44','2016-02-29',3,8,61,8),(604,'25','2016-02-29',3,8,61,9),(605,'0','2016-02-29',3,8,61,10),(606,'0','2016-02-29',3,8,61,11),(607,'3.39','2016-02-29',3,8,76,12),(608,'3','2016-02-29',3,8,91,13),(609,'0','2016-02-29',3,8,91,14),(610,'4.26','2016-02-29',3,8,106,15),(611,'10.65','2016-02-29',3,8,106,16),(612,'5000','2016-02-29',3,8,106,17),(613,'-6','2016-02-29',3,8,121,18),(614,'13','2016-02-29',3,8,121,19),(615,'-13','2016-02-29',3,8,121,20),(616,'39','2016-02-29',3,8,121,21),(617,'90','2016-02-29',3,8,136,22),(618,'0','2016-02-29',3,8,136,23),(619,'0','2016-02-29',3,8,136,24),(620,'69','2016-02-29',3,8,136,25),(621,'0','2016-02-29',3,8,151,26),(622,'0','2016-02-29',3,8,151,27),(623,'0','2016-02-29',3,8,151,28),(624,'0','2016-02-29',3,8,151,29),(625,'0','2016-02-29',3,8,166,30),(626,'0','2016-02-29',3,8,166,31),(627,'75','2016-02-29',3,8,166,32),(628,'0','2016-02-29',3,8,166,33),(629,'0','2016-02-29',3,8,166,34),(630,'5','2016-02-29',3,8,166,35),(631,'0','2016-01-31',3,9,1,1),(632,'0','2016-01-31',3,9,16,2),(633,'0','2016-01-31',3,9,16,3),(634,'0','2016-01-31',3,9,16,4),(635,'31','2016-01-31',3,9,31,5),(636,'11','2016-01-31',3,9,46,6),(637,'0','2016-01-31',3,9,46,7),(638,'1.12','2016-01-31',3,9,61,8),(639,'33','2016-01-31',3,9,61,9),(640,'1','2016-01-31',3,9,61,10),(641,'0','2016-01-31',3,9,61,11),(642,'1.48','2016-01-31',3,9,76,12),(643,'3','2016-01-31',3,9,91,13),(644,'0','2016-01-31',3,9,91,14),(645,'4.15','2016-01-31',3,9,106,15),(646,'16.6','2016-01-31',3,9,106,16),(647,'13.75','2016-01-31',3,9,106,17),(648,'3','2016-01-31',3,9,121,18),(649,'21','2016-01-31',3,9,121,19),(650,'-2','2016-01-31',3,9,121,20),(651,'93','2016-01-31',3,9,121,21),(652,'95','2016-01-31',3,9,136,22),(653,'0','2016-01-31',3,9,136,23),(654,'0','2016-01-31',3,9,136,24),(655,'69','2016-01-31',3,9,136,25),(656,'00','2016-01-31',3,9,151,26),(657,'0','2016-01-31',3,9,151,27),(658,'0','2016-01-31',3,9,151,28),(659,'0','2016-01-31',3,9,151,29),(660,'1','2016-01-31',3,9,166,30),(661,'0','2016-01-31',3,9,166,31),(662,'75','2016-01-31',3,9,166,32),(663,'0','2016-01-31',3,9,166,33),(664,'0','2016-01-31',3,9,166,34),(665,'4','2016-01-31',3,9,166,35),(666,'0','2016-02-29',3,9,1,1),(667,'0','2016-02-29',3,9,16,2),(668,'0','2016-02-29',3,9,16,3),(669,'0','2016-02-29',3,9,16,4),(670,'0','2016-02-29',3,9,31,5),(671,'11','2016-02-29',3,9,46,6),(672,'0','2016-02-29',3,9,46,7),(673,'1.12','2016-02-29',3,9,61,8),(674,'25','2016-02-29',3,9,61,9),(675,'1','2016-02-29',3,9,61,10),(676,'0','2016-02-29',3,9,61,11),(677,'0.21','2016-02-29',3,9,76,12),(678,'3','2016-02-29',3,9,91,13),(679,'0','2016-02-29',3,9,91,14),(680,'4.26','2016-02-29',3,9,106,15),(681,'10.65','2016-02-29',3,9,106,16),(682,'0','2016-02-29',3,9,106,17),(683,'-8','2016-02-29',3,9,121,18),(684,'-10','2016-02-29',3,9,121,19),(685,'-9','2016-02-29',3,9,121,20),(686,'-15','2016-02-29',3,9,121,21),(687,'95','2016-02-29',3,9,136,22),(688,'0','2016-02-29',3,9,136,23),(689,'0','2016-02-29',3,9,136,24),(690,'69','2016-02-29',3,9,136,25),(691,'0','2016-02-29',3,9,151,26),(692,'0','2016-02-29',3,9,151,27),(693,'0','2016-02-29',3,9,151,28),(694,'0','2016-02-29',3,9,151,29),(695,'0','2016-02-29',3,9,166,30),(696,'0','2016-02-29',3,9,166,31),(697,'75','2016-02-29',3,9,166,32),(698,'0','2016-02-29',3,9,166,33),(699,'0','2016-02-29',3,9,166,34),(700,'4','2016-02-29',3,9,166,35),(701,'0','2016-01-31',3,10,1,1),(702,'0','2016-01-31',3,10,16,2),(703,'0','2016-01-31',3,10,16,3),(704,'0','2016-01-31',3,10,16,4),(705,'-0.36','2016-01-31',3,10,31,5),(706,'11','2016-01-31',3,10,46,6),(707,'0','2016-01-31',3,10,46,7),(708,'1.34','2016-01-31',3,10,61,8),(709,'33','2016-01-31',3,10,61,9),(710,'0','2016-01-31',3,10,61,10),(711,'0','2016-01-31',3,10,61,11),(712,'25','2016-01-31',3,10,76,12),(713,'3','2016-01-31',3,10,91,13),(714,'0','2016-01-31',3,10,91,14),(715,'4.15','2016-01-31',3,10,106,15),(716,'16.6','2016-01-31',3,10,106,16),(717,'0','2016-01-31',3,10,106,17),(718,'13','2016-01-31',3,10,121,18),(719,'37','2016-01-31',3,10,121,19),(720,'8','2016-01-31',3,10,121,20),(721,'--383','2016-01-31',3,10,121,21),(722,'60','2016-01-31',3,10,136,22),(723,'0','2016-01-31',3,10,136,23),(724,'0','2016-01-31',3,10,136,24),(725,'69','2016-01-31',3,10,136,25),(726,'0','2016-01-31',3,10,151,26),(727,'0','2016-01-31',3,10,151,27),(728,'0','2016-01-31',3,10,151,28),(729,'0','2016-01-31',3,10,151,29),(730,'0','2016-01-31',3,10,166,30),(731,'0','2016-01-31',3,10,166,31),(732,'75','2016-01-31',3,10,166,32),(733,'0','2016-01-31',3,10,166,33),(734,'0','2016-01-31',3,10,166,34),(735,'5','2016-01-31',3,10,166,35),(736,'0','2016-02-29',3,10,1,1),(737,'0','2016-02-29',3,10,16,2),(738,'0','2016-02-29',3,10,16,3),(739,'0','2016-02-29',3,10,16,4),(740,'2.38','2016-02-29',3,10,31,5),(741,'11','2016-02-29',3,10,46,6),(742,'0','2016-02-29',3,10,46,7),(743,'1.34','2016-02-29',3,10,61,8),(744,'25','2016-02-29',3,10,61,9),(745,'0','2016-02-29',3,10,61,10),(746,'0','2016-02-29',3,10,61,11),(747,'7','2016-02-29',3,10,76,12),(748,'3','2016-02-29',3,10,91,13),(749,'0','2016-02-29',3,10,91,14),(750,'4.26','2016-02-29',3,10,106,15),(751,'10.65','2016-02-29',3,10,106,16),(752,'30000','2016-02-29',3,10,106,17),(753,'-13','2016-02-29',3,10,121,18),(754,'-31','2016-02-29',3,10,121,19),(755,'-8','2016-02-29',3,10,121,20),(756,'-326','2016-02-29',3,10,121,21),(757,'70','2016-02-29',3,10,136,22),(758,'0','2016-02-29',3,10,136,23),(759,'0','2016-02-29',3,10,136,24),(760,'69','2016-02-29',3,10,136,25),(761,'0','2016-02-29',3,10,151,26),(762,'0','2016-02-29',3,10,151,27),(763,'0','2016-02-29',3,10,151,28),(764,'0','2016-02-29',3,10,151,29),(765,'0','2016-02-29',3,10,166,30),(766,'0','2016-02-29',3,10,166,31),(767,'75','2016-02-29',3,10,166,32),(768,'0','2016-02-29',3,10,166,33),(769,'0','2016-02-29',3,10,166,34),(770,'5','2016-02-29',3,10,166,35),(771,'0','2016-01-31',3,11,1,1),(772,'0','2016-01-31',3,11,16,2),(773,'0','2016-01-31',3,11,16,3),(774,'0','2016-01-31',3,11,16,4),(775,'1.72','2016-01-31',3,11,31,5),(776,'11','2016-01-31',3,11,46,6),(777,'0','2016-01-31',3,11,46,7),(778,'1.47','2016-01-31',3,11,61,8),(779,'33','2016-01-31',3,11,61,9),(780,'0','2016-01-31',3,11,61,10),(781,'0','2016-01-31',3,11,61,11),(782,'30.52','2016-01-31',3,11,76,12),(783,'3','2016-01-31',3,11,91,13),(784,'0','2016-01-31',3,11,91,14),(785,'4.15','2016-01-31',3,11,106,15),(786,'16.6','2016-01-31',3,11,106,16),(787,'0','2016-01-31',3,11,106,17),(788,'0','2016-01-31',3,11,121,18),(789,'16','2016-01-31',3,11,121,19),(790,'-3','2016-01-31',3,11,121,20),(791,'65','2016-01-31',3,11,121,21),(792,'90','2016-01-31',3,11,136,22),(793,'0','2016-01-31',3,11,136,23),(794,'0','2016-01-31',3,11,136,24),(795,'69','2016-01-31',3,11,136,25),(796,'0','2016-01-31',3,11,151,26),(797,'0','2016-01-31',3,11,151,27),(798,'0','2016-01-31',3,11,151,28),(799,'0','2016-01-31',3,11,151,29),(800,'0','2016-01-31',3,11,166,30),(801,'0','2016-01-31',3,11,166,31),(802,'75','2016-01-31',3,11,166,32),(803,'0','2016-01-31',3,11,166,33),(804,'0','2016-01-31',3,11,166,34),(805,'5','2016-01-31',3,11,166,35),(806,'0','2016-02-29',3,11,1,1),(807,'0','2016-02-29',3,11,16,2),(808,'0','2016-02-29',3,11,16,3),(809,'0','2016-02-29',3,11,16,4),(810,'-1.78','2016-02-29',3,11,31,5),(811,'11','2016-02-29',3,11,46,6),(812,'0','2016-02-29',3,11,46,7),(813,'1.47','2016-02-29',3,11,61,8),(814,'25','2016-02-29',3,11,61,9),(815,'0','2016-02-29',3,11,61,10),(816,'0','2016-02-29',3,11,61,11),(817,'7.39','2016-02-29',3,11,76,12),(818,'3','2016-02-29',3,11,91,13),(819,'0','2016-02-29',3,11,91,14),(820,'4.26','2016-02-29',3,11,106,15),(821,'10.65','2016-02-29',3,11,106,16),(822,'187.5','2016-02-29',3,11,106,17),(823,'-3','2016-02-29',3,11,121,18),(824,'16','2016-02-29',3,11,121,19),(825,'-9','2016-02-29',3,11,121,20),(826,'76','2016-02-29',3,11,121,21),(827,'90','2016-02-29',3,11,136,22),(828,'0','2016-02-29',3,11,136,23),(829,'0','2016-02-29',3,11,136,24),(830,'69','2016-02-29',3,11,136,25),(831,'0','2016-02-29',3,11,151,26),(832,'0','2016-02-29',3,11,151,27),(833,'0','2016-02-29',3,11,151,28),(834,'0','2016-02-29',3,11,151,29),(835,'0','2016-02-29',3,11,166,30),(836,'0','2016-02-29',3,11,166,31),(837,'75','2016-02-29',3,11,166,32),(838,'0','2016-02-29',3,11,166,33),(839,'0','2016-02-29',3,11,166,34),(840,'5','2016-02-29',3,11,166,35),(841,'0','2016-01-31',3,12,1,1),(842,'0','2016-01-31',3,12,16,2),(843,'0','2016-01-31',3,12,16,3),(844,'0','2016-01-31',3,12,16,4),(845,'-0.75','2016-01-31',3,12,31,5),(846,'11','2016-01-31',3,12,46,6),(847,'0','2016-01-31',3,12,46,7),(848,'1.45','2016-01-31',3,12,61,8),(849,'33','2016-01-31',3,12,61,9),(850,'0','2016-01-31',3,12,61,10),(851,'0','2016-01-31',3,12,61,11),(852,'28','2016-01-31',3,12,76,12),(853,'3','2016-01-31',3,12,91,13),(854,'0','2016-01-31',3,12,91,14),(855,'4.15','2016-01-31',3,12,106,15),(856,'16.6','2016-01-31',3,12,106,16),(857,'24420','2016-01-31',3,12,106,17),(858,'22','2016-01-31',3,12,121,18),(859,'76','2016-01-31',3,12,121,19),(860,'7','2016-01-31',3,12,121,20),(861,'94','2016-01-31',3,12,121,21),(862,'90','2016-01-31',3,12,136,22),(863,'0','2016-01-31',3,12,136,23),(864,'0','2016-01-31',3,12,136,24),(865,'69','2016-01-31',3,12,136,25),(866,'0','2016-01-31',3,12,151,26),(867,'0','2016-01-31',3,12,151,27),(868,'0','2016-01-31',3,12,151,28),(869,'0','2016-01-31',3,12,151,29),(870,'0','2016-01-31',3,12,166,30),(871,'0','2016-01-31',3,12,166,31),(872,'75','2016-01-31',3,12,166,32),(873,'0','2016-01-31',3,12,166,33),(874,'0','2016-01-31',3,12,166,34),(875,'5','2016-01-31',3,12,166,35),(876,'0','2016-02-29',3,12,1,1),(877,'0','2016-02-29',3,12,16,2),(878,'0','2016-02-29',3,12,16,3),(879,'0','2016-02-29',3,12,16,4),(880,'-0.53','2016-02-29',3,12,31,5),(881,'11','2016-02-29',3,12,46,6),(882,'0','2016-02-29',3,12,46,7),(883,'1.45','2016-02-29',3,12,61,8),(884,'25','2016-02-29',3,12,61,9),(885,'0','2016-02-29',3,12,61,10),(886,'0','2016-02-29',3,12,61,11),(887,'13','2016-02-29',3,12,76,12),(888,'3','2016-02-29',3,12,91,13),(889,'0','2016-02-29',3,12,91,14),(890,'4.26','2016-02-29',3,12,106,15),(891,'10.65','2016-02-29',3,12,106,16),(892,'0','2016-02-29',3,12,106,17),(893,'-2','2016-02-29',3,12,121,18),(894,'16','2016-02-29',3,12,121,19),(895,'-9','2016-02-29',3,12,121,20),(896,'37','2016-02-29',3,12,121,21),(897,'90','2016-02-29',3,12,136,22),(898,'0','2016-02-29',3,12,136,23),(899,'0','2016-02-29',3,12,136,24),(900,'69','2016-02-29',3,12,136,25),(901,'0','2016-02-29',3,12,151,26),(902,'0','2016-02-29',3,12,151,27),(903,'0','2016-02-29',3,12,151,28),(904,'0','2016-02-29',3,12,151,29),(905,'0','2016-02-29',3,12,166,30),(906,'0','2016-02-29',3,12,166,31),(907,'75','2016-02-29',3,12,166,32),(908,'0','2016-02-29',3,12,166,33),(909,'0','2016-02-29',3,12,166,34),(910,'5','2016-02-29',3,12,166,35),(911,'0','2016-01-31',3,13,1,1),(912,'0','2016-01-31',3,13,16,2),(913,'0','2016-01-31',3,13,16,3),(914,'0','2016-01-31',3,13,16,4),(915,'-0.31','2016-01-31',3,13,31,5),(916,'11','2016-01-31',3,13,46,6),(917,'0','2016-01-31',3,13,46,7),(918,'1.36','2016-01-31',3,13,61,8),(919,'33','2016-01-31',3,13,61,9),(920,'0','2016-01-31',3,13,61,10),(921,'0','2016-01-31',3,13,61,11),(922,'5.47','2016-01-31',3,13,76,12),(923,'3','2016-01-31',3,13,91,13),(924,'0','2016-01-31',3,13,91,14),(925,'4.15','2016-01-31',3,13,106,15),(926,'16.6','2016-01-31',3,13,106,16),(927,'0','2016-01-31',3,13,106,17),(928,'24','2016-01-31',3,13,121,18),(929,'19','2016-01-31',3,13,121,19),(930,'9','2016-01-31',3,13,121,20),(931,'45','2016-01-31',3,13,121,21),(932,'95','2016-01-31',3,13,136,22),(933,'0','2016-01-31',3,13,136,23),(934,'0','2016-01-31',3,13,136,24),(935,'69','2016-01-31',3,13,136,25),(936,'0','2016-01-31',3,13,151,26),(937,'0','2016-01-31',3,13,151,27),(938,'0','2016-01-31',3,13,151,28),(939,'0','2016-01-31',3,13,151,29),(940,'1','2016-01-31',3,13,166,30),(941,'0','2016-01-31',3,13,166,31),(942,'75','2016-01-31',3,13,166,32),(943,'0','2016-01-31',3,13,166,33),(944,'0','2016-01-31',3,13,166,34),(945,'5','2016-01-31',3,13,166,35),(946,'1540','2016-02-29',3,13,1,1),(947,'0','2016-02-29',3,13,16,2),(948,'0','2016-02-29',3,13,16,3),(949,'2','2016-02-29',3,13,16,4),(950,'045','2016-02-29',3,13,31,5),(951,'11','2016-02-29',3,13,46,6),(952,'0','2016-02-29',3,13,46,7),(953,'1.36','2016-02-29',3,13,61,8),(954,'25','2016-02-29',3,13,61,9),(955,'0','2016-02-29',3,13,61,10),(956,'0','2016-02-29',3,13,61,11),(957,'2','2016-02-29',3,13,76,12),(958,'3','2016-02-29',3,13,91,13),(959,'0','2016-02-29',3,13,91,14),(960,'4.26','2016-02-29',3,13,106,15),(961,'10.65','2016-02-29',3,13,106,16),(962,'90','2016-02-29',3,13,106,17),(963,'-5','2016-02-29',3,13,121,18),(964,'15','2016-02-29',3,13,121,19),(965,'-12','2016-02-29',3,13,121,20),(966,'54','2016-02-29',3,13,121,21),(967,'95','2016-02-29',3,13,136,22),(968,'0','2016-02-29',3,13,136,23),(969,'0','2016-02-29',3,13,136,24),(970,'69','2016-02-29',3,13,136,25),(971,'0','2016-02-29',3,13,151,26),(972,'0','2016-02-29',3,13,151,27),(973,'0','2016-02-29',3,13,151,28),(974,'0','2016-02-29',3,13,151,29),(975,'0','2016-02-29',3,13,166,30),(976,'0','2016-02-29',3,13,166,31),(977,'75','2016-02-29',3,13,166,32),(978,'0','2016-02-29',3,13,166,33),(979,'0','2016-02-29',3,13,166,34),(980,'5','2016-02-29',3,13,166,35),(981,'0','2016-01-31',3,15,1,1),(982,'0','2016-01-31',3,15,16,2),(983,'2','2016-01-31',3,15,16,3),(984,'2','2016-01-31',3,15,16,4),(985,'0','2016-01-31',3,15,31,5),(986,'11','2016-01-31',3,15,46,6),(987,'0','2016-01-31',3,15,46,7),(988,'1.6','2016-01-31',3,15,61,8),(989,'33','2016-01-31',3,15,61,9),(990,'0','2016-01-31',3,15,61,10),(991,'0','2016-01-31',3,15,61,11),(992,'0','2016-01-31',3,15,76,12),(993,'3','2016-01-31',3,15,91,13),(994,'0','2016-01-31',3,15,91,14),(995,'4.15','2016-01-31',3,15,106,15),(996,'16.6','2016-01-31',3,15,106,16),(997,'0','2016-01-31',3,15,106,17),(998,'0','2016-01-31',3,15,121,18),(999,'0','2016-01-31',3,15,121,19),(1000,'0','2016-01-31',3,15,121,20),(1001,'0','2016-01-31',3,15,121,21),(1002,'0','2016-01-31',3,15,136,22),(1003,'0','2016-01-31',3,15,136,23),(1004,'0','2016-01-31',3,15,136,24),(1005,'69','2016-01-31',3,15,136,25),(1006,'0','2016-01-31',3,15,151,26),(1007,'0','2016-01-31',3,15,151,27),(1008,'0','2016-01-31',3,15,151,28),(1009,'0','2016-01-31',3,15,151,29),(1010,'0','2016-01-31',3,15,166,30),(1011,'0','2016-01-31',3,15,166,31),(1012,'75','2016-01-31',3,15,166,32),(1013,'0','2016-01-31',3,15,166,33),(1014,'0','2016-01-31',3,15,166,34),(1015,'5','2016-01-31',3,15,166,35),(1016,'0','2016-02-29',3,15,1,1),(1017,'0','2016-02-29',3,15,16,2),(1018,'0','2016-02-29',3,15,16,3),(1019,'0','2016-02-29',3,15,16,4),(1020,'5.61','2016-02-29',3,15,31,5),(1021,'11','2016-02-29',3,15,46,6),(1022,'0','2016-02-29',3,15,46,7),(1023,'1.45','2016-02-29',3,15,61,8),(1024,'25','2016-02-29',3,15,61,9),(1025,'0','2016-02-29',3,15,61,10),(1026,'0','2016-02-29',3,15,61,11),(1027,'1.3','2016-02-29',3,15,76,12),(1028,'3','2016-02-29',3,15,91,13),(1029,'0','2016-02-29',3,15,91,14),(1030,'4.26','2016-02-29',3,15,106,15),(1031,'10.65','2016-02-29',3,15,106,16),(1032,'0','2016-02-29',3,15,106,17),(1033,'-6','2016-02-29',3,15,121,18),(1034,'-9','2016-02-29',3,15,121,19),(1035,'-5','2016-02-29',3,15,121,20),(1036,'60','2016-02-29',3,15,121,21),(1037,'9','2016-02-29',3,15,136,22),(1038,'2','2016-02-29',3,15,136,23),(1039,'0','2016-02-29',3,15,136,24),(1040,'69','2016-02-29',3,15,136,25),(1041,'0','2016-02-29',3,15,151,26),(1042,'0','2016-02-29',3,15,151,27),(1043,'0','2016-02-29',3,15,151,28),(1044,'0','2016-02-29',3,15,151,29),(1045,'0','2016-02-29',3,15,166,30),(1046,'0','2016-02-29',3,15,166,31),(1047,'75','2016-02-29',3,15,166,32),(1048,'0','2016-02-29',3,15,166,33),(1049,'0','2016-02-29',3,15,166,34),(1050,'5','2016-02-29',3,15,166,35),(1051,'0','2016-03-31',3,1,1,1),(1052,'0','2016-03-31',3,1,16,2),(1053,'0','2016-03-31',3,1,16,3),(1054,'0','2016-03-31',3,1,16,4),(1055,'1.34','2016-03-31',3,1,31,5),(1056,'9','2016-03-31',3,1,46,6),(1057,'0','2016-03-31',3,1,46,7),(1058,'1.73','2016-03-31',3,1,61,8),(1059,'46','2016-03-31',3,1,61,9),(1060,'0','2016-03-31',3,1,61,10),(1061,'1','2016-03-31',3,1,61,11),(1062,'16.07','2016-03-31',3,1,76,12),(1063,'3','2016-03-31',3,1,91,13),(1064,'0','2016-03-31',3,1,91,14),(1065,'4.26','2016-03-31',3,1,106,15),(1066,'9.81','2016-03-31',3,1,106,16),(1067,'27985','2016-03-31',3,1,106,17),(1068,'-22','2016-03-31',3,1,121,18),(1069,'-63','2016-03-31',3,1,121,19),(1070,'-10','2016-03-31',3,1,121,20),(1071,'-75','2016-03-31',3,1,121,21),(1072,'90','2016-03-31',3,1,136,22),(1073,'0','2016-03-31',3,1,136,23),(1074,'0','2016-03-31',3,1,136,24),(1075,'71','2016-03-31',3,1,136,25),(1076,'0','2016-03-31',3,1,151,26),(1077,'0','2016-03-31',3,1,151,27),(1078,'0','2016-03-31',3,1,151,28),(1079,'0','2016-03-31',3,1,151,29),(1080,'16','2016-03-31',3,1,166,30),(1081,'0','2016-03-31',3,1,166,31),(1082,'42','2016-03-31',3,1,166,32),(1083,'0','2016-03-31',3,1,166,33),(1084,'0','2016-03-31',3,1,166,34),(1085,'2','2016-03-31',3,1,166,35),(1086,'0','2016-03-31',3,2,1,1),(1087,'0','2016-03-31',3,2,16,2),(1088,'0','2016-03-31',3,2,16,3),(1089,'0','2016-03-31',3,2,16,4),(1090,'0','2016-03-31',3,2,31,5),(1091,'9','2016-03-31',3,2,46,6),(1092,'1','2016-03-31',3,2,46,7),(1093,'1.5','2016-03-31',3,2,61,8),(1094,'46','2016-03-31',3,2,61,9),(1095,'1','2016-03-31',3,2,61,10),(1096,'1','2016-03-31',3,2,61,11),(1097,'17','2016-03-31',3,2,76,12),(1098,'3','2016-03-31',3,2,91,13),(1099,'0','2016-03-31',3,2,91,14),(1100,'4.26','2016-03-31',3,2,106,15),(1101,'9.81','2016-03-31',3,2,106,16),(1102,'0','2016-03-31',3,2,106,17),(1103,'-15','2016-03-31',3,2,121,18),(1104,'-19','2016-03-31',3,2,121,19),(1105,'-15','2016-03-31',3,2,121,20),(1106,'-22','2016-03-31',3,2,121,21),(1107,'93','2016-03-31',3,2,136,22),(1108,'0','2016-03-31',3,2,136,23),(1109,'1','2016-03-31',3,2,136,24),(1110,'71','2016-03-31',3,2,136,25),(1111,'0','2016-03-31',3,2,151,26),(1112,'0','2016-03-31',3,2,151,27),(1113,'0','2016-03-31',3,2,151,28),(1114,'0','2016-03-31',3,2,151,29),(1115,'0','2016-03-31',3,2,166,30),(1116,'0','2016-03-31',3,2,166,31),(1117,'42','2016-03-31',3,2,166,32),(1118,'0','2016-03-31',3,2,166,33),(1119,'0','2016-03-31',3,2,166,34),(1120,'5','2016-03-31',3,2,166,35),(1121,'0','2016-03-31',3,3,1,1),(1122,'0','2016-03-31',3,3,16,2),(1123,'0','2016-03-31',3,3,16,3),(1124,'0','2016-03-31',3,3,16,4),(1125,'0','2016-03-31',3,3,31,5),(1126,'9','2016-03-31',3,3,46,6),(1127,'0','2016-03-31',3,3,46,7),(1128,'1.46','2016-03-31',3,3,61,8),(1129,'46','2016-03-31',3,3,61,9),(1130,'0','2016-03-31',3,3,61,10),(1131,'0','2016-03-31',3,3,61,11),(1132,'4','2016-03-31',3,3,76,12),(1133,'3','2016-03-31',3,3,91,13),(1134,'0','2016-03-31',3,3,91,14),(1135,'4.26','2016-03-31',3,3,106,15),(1136,'9.81','2016-03-31',3,3,106,16),(1137,'0','2016-03-31',3,3,106,17),(1138,'-1','2016-03-31',3,3,121,18),(1139,'10','2016-03-31',3,3,121,19),(1140,'-6','2016-03-31',3,3,121,20),(1141,'-23','2016-03-31',3,3,121,21),(1142,'90','2016-03-31',3,3,136,22),(1143,'0','2016-03-31',3,3,136,23),(1144,'0','2016-03-31',3,3,136,24),(1145,'71','2016-03-31',3,3,136,25),(1146,'0','2016-03-31',3,3,151,26),(1147,'0','2016-03-31',3,3,151,27),(1148,'0','2016-03-31',3,3,151,28),(1149,'0','2016-03-31',3,3,151,29),(1150,'0','2016-03-31',3,3,166,30),(1151,'0','2016-03-31',3,3,166,31),(1152,'42','2016-03-31',3,3,166,32),(1153,'0','2016-03-31',3,3,166,33),(1154,'0','2016-03-31',3,3,166,34),(1155,'5','2016-03-31',3,3,166,35),(1156,'0','2016-03-31',3,4,1,1),(1157,'0','2016-03-31',3,4,16,2),(1158,'0','2016-03-31',3,4,16,3),(1159,'0','2016-03-31',3,4,16,4),(1160,'0.12','2016-03-31',3,4,31,5),(1161,'9','2016-03-31',3,4,46,6),(1162,'0','2016-03-31',3,4,46,7),(1163,'1.5','2016-03-31',3,4,61,8),(1164,'46','2016-03-31',3,4,61,9),(1165,'0','2016-03-31',3,4,61,10),(1166,'0','2016-03-31',3,4,61,11),(1167,'10','2016-03-31',3,4,76,12),(1168,'3','2016-03-31',3,4,91,13),(1169,'0','2016-03-31',3,4,91,14),(1170,'4.26','2016-03-31',3,4,106,15),(1171,'9.81','2016-03-31',3,4,106,16),(1172,'0','2016-03-31',3,4,106,17),(1173,'-6','2016-03-31',3,4,121,18),(1174,'14','2016-03-31',3,4,121,19),(1175,'-13','2016-03-31',3,4,121,20),(1176,'-55','2016-03-31',3,4,121,21),(1177,'93','2016-03-31',3,4,136,22),(1178,'0','2016-03-31',3,4,136,23),(1179,'0','2016-03-31',3,4,136,24),(1180,'71','2016-03-31',3,4,136,25),(1181,'0','2016-03-31',3,4,151,26),(1182,'0','2016-03-31',3,4,151,27),(1183,'0','2016-03-31',3,4,151,28),(1184,'0','2016-03-31',3,4,151,29),(1185,'0','2016-03-31',3,4,166,30),(1186,'0','2016-03-31',3,4,166,31),(1187,'42','2016-03-31',3,4,166,32),(1188,'0','2016-03-31',3,4,166,33),(1189,'0','2016-03-31',3,4,166,34),(1190,'4','2016-03-31',3,4,166,35),(1191,'0','2016-03-31',3,5,1,1),(1192,'0','2016-03-31',3,5,16,2),(1193,'0','2016-03-31',3,5,16,3),(1194,'0','2016-03-31',3,5,16,4),(1195,'-0.25','2016-03-31',3,5,31,5),(1196,'9','2016-03-31',3,5,46,6),(1197,'0','2016-03-31',3,5,46,7),(1198,'1.26','2016-03-31',3,5,61,8),(1199,'46','2016-03-31',3,5,61,9),(1200,'0','2016-03-31',3,5,61,10),(1201,'0','2016-03-31',3,5,61,11),(1202,'7','2016-03-31',3,5,76,12),(1203,'3','2016-03-31',3,5,91,13),(1204,'0','2016-03-31',3,5,91,14),(1205,'4.26','2016-03-31',3,5,106,15),(1206,'9.81','2016-03-31',3,5,106,16),(1207,'0','2016-03-31',3,5,106,17),(1208,'-4','2016-03-31',3,5,121,18),(1209,'13','2016-03-31',3,5,121,19),(1210,'-11','2016-03-31',3,5,121,20),(1211,'-16','2016-03-31',3,5,121,21),(1212,'100','2016-03-31',3,5,136,22),(1213,'0','2016-03-31',3,5,136,23),(1214,'0','2016-03-31',3,5,136,24),(1215,'71','2016-03-31',3,5,136,25),(1216,'0','2016-03-31',3,5,151,26),(1217,'0','2016-03-31',3,5,151,27),(1218,'0','2016-03-31',3,5,151,28),(1219,'0','2016-03-31',3,5,151,29),(1220,'3','2016-03-31',3,5,166,30),(1221,'0','2016-03-31',3,5,166,31),(1222,'42','2016-03-31',3,5,166,32),(1223,'0','2016-03-31',3,5,166,33),(1224,'0','2016-03-31',3,5,166,34),(1225,'5','2016-03-31',3,5,166,35),(1226,'0','2016-03-31',3,6,1,1),(1227,'0','2016-03-31',3,6,16,2),(1228,'0','2016-03-31',3,6,16,3),(1229,'0','2016-03-31',3,6,16,4),(1230,'1.89','2016-03-31',3,6,31,5),(1231,'9','2016-03-31',3,6,46,6),(1232,'0','2016-03-31',3,6,46,7),(1233,'1.48','2016-03-31',3,6,61,8),(1234,'46','2016-03-31',3,6,61,9),(1235,'0','2016-03-31',3,6,61,10),(1236,'0','2016-03-31',3,6,61,11),(1237,'11.31','2016-03-31',3,6,76,12),(1238,'3','2016-03-31',3,6,91,13),(1239,'0','2016-03-31',3,6,91,14),(1240,'4.26','2016-03-31',3,6,106,15),(1241,'9.81','2016-03-31',3,6,106,16),(1242,'0','2016-03-31',3,6,106,17),(1243,'-4','2016-03-31',3,6,121,18),(1244,'9','2016-03-31',3,6,121,19),(1245,'-9','2016-03-31',3,6,121,20),(1246,'25','2016-03-31',3,6,121,21),(1247,'95','2016-03-31',3,6,136,22),(1248,'0','2016-03-31',3,6,136,23),(1249,'0','2016-03-31',3,6,136,24),(1250,'71','2016-03-31',3,6,136,25),(1251,'0','2016-03-31',3,6,151,26),(1252,'0','2016-03-31',3,6,151,27),(1253,'0','2016-03-31',3,6,151,28),(1254,'0','2016-03-31',3,6,151,29),(1255,'0','2016-03-31',3,6,166,30),(1256,'0','2016-03-31',3,6,166,31),(1257,'42','2016-03-31',3,6,166,32),(1258,'0','2016-03-31',3,6,166,33),(1259,'0','2016-03-31',3,6,166,34),(1260,'5','2016-03-31',3,6,166,35),(1261,'0','2016-03-31',3,7,1,1),(1262,'0','2016-03-31',3,7,16,2),(1263,'0','2016-03-31',3,7,16,3),(1264,'0','2016-03-31',3,7,16,4),(1265,'0','2016-03-31',3,7,31,5),(1266,'9','2016-03-31',3,7,46,6),(1267,'0','2016-03-31',3,7,46,7),(1268,'1.46','2016-03-31',3,7,61,8),(1269,'46','2016-03-31',3,7,61,9),(1270,'1','2016-03-31',3,7,61,10),(1271,'0','2016-03-31',3,7,61,11),(1272,'11.19','2016-03-31',3,7,76,12),(1273,'3','2016-03-31',3,7,91,13),(1274,'0','2016-03-31',3,7,91,14),(1275,'4.26','2016-03-31',3,7,106,15),(1276,'9.81','2016-03-31',3,7,106,16),(1277,'16949','2016-03-31',3,7,106,17),(1278,'-20','2016-03-31',3,7,121,18),(1279,'-72','2016-03-31',3,7,121,19),(1280,'-6','2016-03-31',3,7,121,20),(1281,'32','2016-03-31',3,7,121,21),(1282,'91','2016-03-31',3,7,136,22),(1283,'0','2016-03-31',3,7,136,23),(1284,'0','2016-03-31',3,7,136,24),(1285,'71','2016-03-31',3,7,136,25),(1286,'0','2016-03-31',3,7,151,26),(1287,'0','2016-03-31',3,7,151,27),(1288,'0','2016-03-31',3,7,151,28),(1289,'0','2016-03-31',3,7,151,29),(1290,'0','2016-03-31',3,7,166,30),(1291,'0','2016-03-31',3,7,166,31),(1292,'42','2016-03-31',3,7,166,32),(1293,'0','2016-03-31',3,7,166,33),(1294,'0','2016-03-31',3,7,166,34),(1295,'5','2016-03-31',3,7,166,35),(1296,'0','2016-03-31',3,8,1,1),(1297,'0','2016-03-31',3,8,16,2),(1298,'0','2016-03-31',3,8,16,3),(1299,'0','2016-03-31',3,8,16,4),(1300,'-0.46','2016-03-31',3,8,31,5),(1301,'9','2016-03-31',3,8,46,6),(1302,'0','2016-03-31',3,8,46,7),(1303,'1.44','2016-03-31',3,8,61,8),(1304,'46','2016-03-31',3,8,61,9),(1305,'0','2016-03-31',3,8,61,10),(1306,'0','2016-03-31',3,8,61,11),(1307,'7.35','2016-03-31',3,8,76,12),(1308,'3','2016-03-31',3,8,91,13),(1309,'0','2016-03-31',3,8,91,14),(1310,'4.26','2016-03-31',3,8,106,15),(1311,'9.81','2016-03-31',3,8,106,16),(1312,'0','2016-03-31',3,8,106,17),(1313,'-23','2016-03-31',3,8,121,18),(1314,'-61','2016-03-31',3,8,121,19),(1315,'-13','2016-03-31',3,8,121,20),(1316,'-35','2016-03-31',3,8,121,21),(1317,'94','2016-03-31',3,8,136,22),(1318,'0','2016-03-31',3,8,136,23),(1319,'0','2016-03-31',3,8,136,24),(1320,'71','2016-03-31',3,8,136,25),(1321,'0','2016-03-31',3,8,151,26),(1322,'0','2016-03-31',3,8,151,27),(1323,'0','2016-03-31',3,8,151,28),(1324,'0','2016-03-31',3,8,151,29),(1325,'0','2016-03-31',3,8,166,30),(1326,'0','2016-03-31',3,8,166,31),(1327,'42','2016-03-31',3,8,166,32),(1328,'0','2016-03-31',3,8,166,33),(1329,'0','2016-03-31',3,8,166,34),(1330,'5','2016-03-31',3,8,166,35),(1331,'0','2016-03-31',3,9,1,1),(1332,'0','2016-03-31',3,9,16,2),(1333,'0','2016-03-31',3,9,16,3),(1334,'0','2016-03-31',3,9,16,4),(1335,'0','2016-03-31',3,9,31,5),(1336,'9','2016-03-31',3,9,46,6),(1337,'0','2016-03-31',3,9,46,7),(1338,'1.12','2016-03-31',3,9,61,8),(1339,'46','2016-03-31',3,9,61,9),(1340,'1','2016-03-31',3,9,61,10),(1341,'0','2016-03-31',3,9,61,11),(1342,'1.01','2016-03-31',3,9,76,12),(1343,'3','2016-03-31',3,9,91,13),(1344,'0','2016-03-31',3,9,91,14),(1345,'4.26','2016-03-31',3,9,106,15),(1346,'9.81','2016-03-31',3,9,106,16),(1347,'0','2016-03-31',3,9,106,17),(1348,'-6','2016-03-31',3,9,121,18),(1349,'11','2016-03-31',3,9,121,19),(1350,'-13','2016-03-31',3,9,121,20),(1351,'-55','2016-03-31',3,9,121,21),(1352,'90','2016-03-31',3,9,136,22),(1353,'0','2016-03-31',3,9,136,23),(1354,'0','2016-03-31',3,9,136,24),(1355,'71','2016-03-31',3,9,136,25),(1356,'0','2016-03-31',3,9,151,26),(1357,'0','2016-03-31',3,9,151,27),(1358,'0','2016-03-31',3,9,151,28),(1359,'0','2016-03-31',3,9,151,29),(1360,'0','2016-03-31',3,9,166,30),(1361,'0','2016-03-31',3,9,166,31),(1362,'42','2016-03-31',3,9,166,32),(1363,'0','2016-03-31',3,9,166,33),(1364,'0','2016-03-31',3,9,166,34),(1365,'4','2016-03-31',3,9,166,35),(1366,'0','2016-03-31',3,10,1,1),(1367,'0','2016-03-31',3,10,16,2),(1368,'0','2016-03-31',3,10,16,3),(1369,'0','2016-03-31',3,10,16,4),(1370,'0.03','2016-03-31',3,10,31,5),(1371,'9','2016-03-31',3,10,46,6),(1372,'0','2016-03-31',3,10,46,7),(1373,'1.34','2016-03-31',3,10,61,8),(1374,'46','2016-03-31',3,10,61,9),(1375,'2','2016-03-31',3,10,61,10),(1376,'0','2016-03-31',3,10,61,11),(1377,'6.21','2016-03-31',3,10,76,12),(1378,'3','2016-03-31',3,10,91,13),(1379,'0','2016-03-31',3,10,91,14),(1380,'4.26','2016-03-31',3,10,106,15),(1381,'9.81','2016-03-31',3,10,106,16),(1382,'0','2016-03-31',3,10,106,17),(1383,'-10','2016-03-31',3,10,121,18),(1384,'-27','2016-03-31',3,10,121,19),(1385,'-7','2016-03-31',3,10,121,20),(1386,'-232','2016-03-31',3,10,121,21),(1387,'90','2016-03-31',3,10,136,22),(1388,'0','2016-03-31',3,10,136,23),(1389,'0','2016-03-31',3,10,136,24),(1390,'71','2016-03-31',3,10,136,25),(1391,'0','2016-03-31',3,10,151,26),(1392,'0','2016-03-31',3,10,151,27),(1393,'0','2016-03-31',3,10,151,28),(1394,'0','2016-03-31',3,10,151,29),(1395,'1','2016-03-31',3,10,166,30),(1396,'0','2016-03-31',3,10,166,31),(1397,'42','2016-03-31',3,10,166,32),(1398,'0','2016-03-31',3,10,166,33),(1399,'0','2016-03-31',3,10,166,34),(1400,'5','2016-03-31',3,10,166,35),(1401,'0','2016-03-31',3,11,1,1),(1402,'0','2016-03-31',3,11,16,2),(1403,'0','2016-03-31',3,11,16,3),(1404,'0','2016-03-31',3,11,16,4),(1405,'-0.24','2016-03-31',3,11,31,5),(1406,'9','2016-03-31',3,11,46,6),(1407,'0','2016-03-31',3,11,46,7),(1408,'1.47','2016-03-31',3,11,61,8),(1409,'46','2016-03-31',3,11,61,9),(1410,'0','2016-03-31',3,11,61,10),(1411,'0','2016-03-31',3,11,61,11),(1412,'14.08','2016-03-31',3,11,76,12),(1413,'3','2016-03-31',3,11,91,13),(1414,'0','2016-03-31',3,11,91,14),(1415,'4.26','2016-03-31',3,11,106,15),(1416,'9.81','2016-03-31',3,11,106,16),(1417,'0','2016-03-31',3,11,106,17),(1418,'-7','2016-03-31',3,11,121,18),(1419,'-5','2016-03-31',3,11,121,19),(1420,'-8','2016-03-31',3,11,121,20),(1421,'-37','2016-03-31',3,11,121,21),(1422,'100','2016-03-31',3,11,136,22),(1423,'0','2016-03-31',3,11,136,23),(1424,'1','2016-03-31',3,11,136,24),(1425,'71','2016-03-31',3,11,136,25),(1426,'0','2016-03-31',3,11,151,26),(1427,'0','2016-03-31',3,11,151,27),(1428,'0','2016-03-31',3,11,151,28),(1429,'0','2016-03-31',3,11,151,29),(1430,'0','2016-03-31',3,11,166,30),(1431,'0','2016-03-31',3,11,166,31),(1432,'42','2016-03-31',3,11,166,32),(1433,'0','2016-03-31',3,11,166,33),(1434,'0','2016-03-31',3,11,166,34),(1435,'5','2016-03-31',3,11,166,35),(1436,'0','2016-03-31',3,12,1,1),(1437,'0','2016-03-31',3,12,16,2),(1438,'0','2016-03-31',3,12,16,3),(1439,'0','2016-03-31',3,12,16,4),(1440,'-0.82','2016-03-31',3,12,31,5),(1441,'9','2016-03-31',3,12,46,6),(1442,'0','2016-03-31',3,12,46,7),(1443,'1.45','2016-03-31',3,12,61,8),(1444,'46','2016-03-31',3,12,61,9),(1445,'0','2016-03-31',3,12,61,10),(1446,'0','2016-03-31',3,12,61,11),(1447,'32.83','2016-03-31',3,12,76,12),(1448,'3','2016-03-31',3,12,91,13),(1449,'0','2016-03-31',3,12,91,14),(1450,'4.26','2016-03-31',3,12,106,15),(1451,'9.81','2016-03-31',3,12,106,16),(1452,'0','2016-03-31',3,12,106,17),(1453,'-5','2016-03-31',3,12,121,18),(1454,'-2','2016-03-31',3,12,121,19),(1455,'-6','2016-03-31',3,12,121,20),(1456,'3','2016-03-31',3,12,121,21),(1457,'94','2016-03-31',3,12,136,22),(1458,'0','2016-03-31',3,12,136,23),(1459,'0','2016-03-31',3,12,136,24),(1460,'71','2016-03-31',3,12,136,25),(1461,'0','2016-03-31',3,12,151,26),(1462,'0','2016-03-31',3,12,151,27),(1463,'0','2016-03-31',3,12,151,28),(1464,'0','2016-03-31',3,12,151,29),(1465,'0','2016-03-31',3,12,166,30),(1466,'0','2016-03-31',3,12,166,31),(1467,'42','2016-03-31',3,12,166,32),(1468,'0','2016-03-31',3,12,166,33),(1469,'0','2016-03-31',3,12,166,34),(1470,'5','2016-03-31',3,12,166,35),(1471,'0','2016-03-31',3,13,1,1),(1472,'0','2016-03-31',3,13,16,2),(1473,'0','2016-03-31',3,13,16,3),(1474,'0','2016-03-31',3,13,16,4),(1475,'0.08','2016-03-31',3,13,31,5),(1476,'9','2016-03-31',3,13,46,6),(1477,'0','2016-03-31',3,13,46,7),(1478,'1.36','2016-03-31',3,13,61,8),(1479,'46','2016-03-31',3,13,61,9),(1480,'0','2016-03-31',3,13,61,10),(1481,'0','2016-03-31',3,13,61,11),(1482,'7.88','2016-03-31',3,13,76,12),(1483,'3','2016-03-31',3,13,91,13),(1484,'0','2016-03-31',3,13,91,14),(1485,'4.26','2016-03-31',3,13,106,15),(1486,'9.81','2016-03-31',3,13,106,16),(1487,'0','2016-03-31',3,13,106,17),(1488,'-3','2016-03-31',3,13,121,18),(1489,'-2','2016-03-31',3,13,121,19),(1490,'-4','2016-03-31',3,13,121,20),(1491,'47','2016-03-31',3,13,121,21),(1492,'80','2016-03-31',3,13,136,22),(1493,'0','2016-03-31',3,13,136,23),(1494,'0','2016-03-31',3,13,136,24),(1495,'71','2016-03-31',3,13,136,25),(1496,'0','2016-03-31',3,13,151,26),(1497,'0','2016-03-31',3,13,151,27),(1498,'0','2016-03-31',3,13,151,28),(1499,'0','2016-03-31',3,13,151,29),(1500,'1','2016-03-31',3,13,166,30),(1501,'0','2016-03-31',3,13,166,31),(1502,'42','2016-03-31',3,13,166,32),(1503,'0','2016-03-31',3,13,166,33),(1504,'0','2016-03-31',3,13,166,34),(1505,'5','2016-03-31',3,13,166,35),(1506,'0','2016-03-31',3,14,1,1),(1507,'0','2016-03-31',3,14,16,2),(1508,'0','2016-03-31',3,14,16,3),(1509,'0','2016-03-31',3,14,16,4),(1510,'0.51','2016-03-31',3,14,31,5),(1511,'9','2016-03-31',3,14,46,6),(1512,'0','2016-03-31',3,14,46,7),(1513,'1.1','2016-03-31',3,14,61,8),(1514,'46','2016-03-31',3,14,61,9),(1515,'0','2016-03-31',3,14,61,10),(1516,'0','2016-03-31',3,14,61,11),(1517,'1.28','2016-03-31',3,14,76,12),(1518,'3','2016-03-31',3,14,91,13),(1519,'0','2016-03-31',3,14,91,14),(1520,'4.26','2016-03-31',3,14,106,15),(1521,'9.81','2016-03-31',3,14,106,16),(1522,'0','2016-03-31',3,14,106,17),(1523,'-12','2016-03-31',3,14,121,18),(1524,'-33','2016-03-31',3,14,121,19),(1525,'-8','2016-03-31',3,14,121,20),(1526,'-19','2016-03-31',3,14,121,21),(1527,'100','2016-03-31',3,14,136,22),(1528,'0','2016-03-31',3,14,136,23),(1529,'0','2016-03-31',3,14,136,24),(1530,'71','2016-03-31',3,14,136,25),(1531,'0','2016-03-31',3,14,151,26),(1532,'0','2016-03-31',3,14,151,27),(1533,'0','2016-03-31',3,14,151,28),(1534,'0','2016-03-31',3,14,151,29),(1535,'0','2016-03-31',3,14,166,30),(1536,'0','2016-03-31',3,14,166,31),(1537,'42','2016-03-31',3,14,166,32),(1538,'0','2016-03-31',3,14,166,33),(1539,'0','2016-03-31',3,14,166,34),(1540,'5','2016-03-31',3,14,166,35),(1541,'0','2016-03-31',3,15,1,1),(1542,'0','2016-03-31',3,15,16,2),(1543,'0','2016-03-31',3,15,16,3),(1544,'0','2016-03-31',3,15,16,4),(1545,'0','2016-03-31',3,15,31,5),(1546,'9','2016-03-31',3,15,46,6),(1547,'0','2016-03-31',3,15,46,7),(1548,'1.45','2016-03-31',3,15,61,8),(1549,'46','2016-03-31',3,15,61,9),(1550,'0','2016-03-31',3,15,61,10),(1551,'0','2016-03-31',3,15,61,11),(1552,'0.22','2016-03-31',3,15,76,12),(1553,'3','2016-03-31',3,15,91,13),(1554,'0','2016-03-31',3,15,91,14),(1555,'4.26','2016-03-31',3,15,106,15),(1556,'9.81','2016-03-31',3,15,106,16),(1557,'4265','2016-03-31',3,15,106,17),(1558,'1','2016-03-31',3,15,121,18),(1559,'13','2016-03-31',3,15,121,19),(1560,'-3','2016-03-31',3,15,121,20),(1561,'13','2016-03-31',3,15,121,21),(1562,'0','2016-03-31',3,15,136,22),(1563,'1','2016-03-31',3,15,136,23),(1564,'0','2016-03-31',3,15,136,24),(1565,'71','2016-03-31',3,15,136,25),(1566,'0','2016-03-31',3,15,151,26),(1567,'0','2016-03-31',3,15,151,27),(1568,'0','2016-03-31',3,15,151,28),(1569,'0','2016-03-31',3,15,151,29),(1570,'0','2016-03-31',3,15,166,30),(1571,'0','2016-03-31',3,15,166,31),(1572,'42','2016-03-31',3,15,166,32),(1573,'0','2016-03-31',3,15,166,33),(1574,'0','2016-03-31',3,15,166,34),(1575,'5','2016-03-31',3,15,166,35),(1576,'0','2016-04-30',3,1,1,1),(1577,'0','2016-04-30',3,1,16,2),(1578,'0','2016-04-30',3,1,16,3),(1579,'0','2016-04-30',3,1,16,4),(1580,'1.20','2016-04-30',3,1,31,5),(1581,'10','2016-04-30',3,1,46,6),(1582,'0','2016-04-30',3,1,46,7),(1583,'1.42','2016-04-30',3,1,61,8),(1584,'32','2016-04-30',3,1,61,9),(1585,'0','2016-04-30',3,1,61,10),(1586,'0','2016-04-30',3,1,61,11),(1587,'14.58','2016-04-30',3,1,76,12),(1588,'3','2016-04-30',3,1,91,13),(1589,'0','2016-04-30',3,1,91,14),(1590,'8.47','2016-04-30',3,1,106,15),(1591,'12.70','2016-04-30',3,1,106,16),(1592,'10000','2016-04-30',3,1,106,17),(1593,'-16','2016-04-30',3,1,121,18),(1594,'-47','2016-04-30',3,1,121,19),(1595,'-8','2016-04-30',3,1,121,20),(1596,'-58','2016-04-30',3,1,121,21),(1597,'95','2016-04-30',3,1,136,22),(1598,'0','2016-04-30',3,1,136,23),(1599,'0','2016-04-30',3,1,136,24),(1600,'60','2016-04-30',3,1,136,25),(1601,'0','2016-04-30',3,1,151,26),(1602,'0','2016-04-30',3,1,151,27),(1603,'0','2016-04-30',3,1,151,28),(1604,'0','2016-04-30',3,1,151,29),(1605,'0','2016-04-30',3,1,166,30),(1606,'0','2016-04-30',3,1,166,31),(1607,'100','2016-04-30',3,1,166,32),(1608,'0','2016-04-30',3,1,166,33),(1609,'0','2016-04-30',3,1,166,34),(1610,'4','2016-04-30',3,1,166,35),(1611,'0','2016-04-30',3,2,1,1),(1612,'0','2016-04-30',3,2,16,2),(1613,'0','2016-04-30',3,2,16,3),(1614,'0','2016-04-30',3,2,16,4),(1615,'1','2016-04-30',3,2,31,5),(1616,'10','2016-04-30',3,2,46,6),(1617,'0','2016-04-30',3,2,46,7),(1618,'1.3','2016-04-30',3,2,61,8),(1619,'32','2016-04-30',3,2,61,9),(1620,'0','2016-04-30',3,2,61,10),(1621,'0','2016-04-30',3,2,61,11),(1622,'18','2016-04-30',3,2,76,12),(1623,'3','2016-04-30',3,2,91,13),(1624,'0','2016-04-30',3,2,91,14),(1625,'8','2016-04-30',3,2,106,15),(1626,'13','2016-04-30',3,2,106,16),(1627,'10000','2016-04-30',3,2,106,17),(1628,'-8','2016-04-30',3,2,121,18),(1629,'-3','2016-04-30',3,2,121,19),(1630,'-6','2016-04-30',3,2,121,20),(1631,'-48','2016-04-30',3,2,121,21),(1632,'89','2016-04-30',3,2,136,22),(1633,'0','2016-04-30',3,2,136,23),(1634,'0','2016-04-30',3,2,136,24),(1635,'60','2016-04-30',3,2,136,25),(1636,'0','2016-04-30',3,2,151,26),(1637,'0','2016-04-30',3,2,151,27),(1638,'0','2016-04-30',3,2,151,28),(1639,'0','2016-04-30',3,2,151,29),(1640,'0','2016-04-30',3,2,166,30),(1641,'0','2016-04-30',3,2,166,31),(1642,'100','2016-04-30',3,2,166,32),(1643,'0','2016-04-30',3,2,166,33),(1644,'0','2016-04-30',3,2,166,34),(1645,'5','2016-04-30',3,2,166,35),(1646,'0','2016-04-30',3,4,1,1),(1647,'0','2016-04-30',3,4,16,2),(1648,'0','2016-04-30',3,4,16,3),(1649,'0','2016-04-30',3,4,16,4),(1650,'0','2016-04-30',3,4,31,5),(1651,'10','2016-04-30',3,4,46,6),(1652,'0','2016-04-30',3,4,46,7),(1653,'1.42','2016-04-30',3,4,61,8),(1654,'32','2016-04-30',3,4,61,9),(1655,'1','2016-04-30',3,4,61,10),(1656,'0','2016-04-30',3,4,61,11),(1657,'6','2016-04-30',3,4,76,12),(1658,'3','2016-04-30',3,4,91,13),(1659,'0','2016-04-30',3,4,91,14),(1660,'8.47','2016-04-30',3,4,106,15),(1661,'12.7','2016-04-30',3,4,106,16),(1662,'0','2016-04-30',3,4,106,17),(1663,'-2','2016-04-30',3,4,121,18),(1664,'24','2016-04-30',3,4,121,19),(1665,'-10','2016-04-30',3,4,121,20),(1666,'-29','2016-04-30',3,4,121,21),(1667,'89','2016-04-30',3,4,136,22),(1668,'0','2016-04-30',3,4,136,23),(1669,'0','2016-04-30',3,4,136,24),(1670,'60','2016-04-30',3,4,136,25),(1671,'0','2016-04-30',3,4,151,26),(1672,'0','2016-04-30',3,4,151,27),(1673,'0','2016-04-30',3,4,151,28),(1674,'0','2016-04-30',3,4,151,29),(1675,'0','2016-04-30',3,4,166,30),(1676,'0','2016-04-30',3,4,166,31),(1677,'100','2016-04-30',3,4,166,32),(1678,'0','2016-04-30',3,4,166,33),(1679,'0','2016-04-30',3,4,166,34),(1680,'4','2016-04-30',3,4,166,35),(1681,'0','2016-04-30',3,3,1,1),(1682,'0','2016-04-30',3,3,16,2),(1683,'0','2016-04-30',3,3,16,3),(1684,'0','2016-04-30',3,3,16,4),(1685,'1','2016-04-30',3,3,31,5),(1686,'10','2016-04-30',3,3,46,6),(1687,'0','2016-04-30',3,3,46,7),(1688,'1.36','2016-04-30',3,3,61,8),(1689,'32','2016-04-30',3,3,61,9),(1690,'1','2016-04-30',3,3,61,10),(1691,'0','2016-04-30',3,3,61,11),(1692,'6','2016-04-30',3,3,76,12),(1693,'3','2016-04-30',3,3,91,13),(1694,'0','2016-04-30',3,3,91,14),(1695,'8.47','2016-04-30',3,3,106,15),(1696,'12.70','2016-04-30',3,3,106,16),(1697,'0','2016-04-30',3,3,106,17),(1698,'4','2016-04-30',3,3,121,18),(1699,'0','2016-04-30',3,3,121,19),(1700,'0','2016-04-30',3,3,121,20),(1701,'4','2016-04-30',3,3,121,21),(1702,'89','2016-04-30',3,3,136,22),(1703,'0','2016-04-30',3,3,136,23),(1704,'0','2016-04-30',3,3,136,24),(1705,'60','2016-04-30',3,3,136,25),(1706,'0','2016-04-30',3,3,151,26),(1707,'0','2016-04-30',3,3,151,27),(1708,'0','2016-04-30',3,3,151,28),(1709,'0','2016-04-30',3,3,151,29),(1710,'0','2016-04-30',3,3,166,30),(1711,'0','2016-04-30',3,3,166,31),(1712,'100','2016-04-30',3,3,166,32),(1713,'0','2016-04-30',3,3,166,33),(1714,'0','2016-04-30',3,3,166,34),(1715,'5','2016-04-30',3,3,166,35),(1716,'0','2016-04-30',3,14,1,1),(1717,'0','2016-04-30',3,14,16,2),(1718,'0','2016-04-30',3,14,16,3),(1719,'0','2016-04-30',3,14,16,4),(1720,'0','2016-04-30',3,14,31,5),(1721,'10','2016-04-30',3,14,46,6),(1722,'0','2016-04-30',3,14,46,7),(1723,'1.05','2016-04-30',3,14,61,8),(1724,'32','2016-04-30',3,14,61,9),(1725,'0','2016-04-30',3,14,61,10),(1726,'0','2016-04-30',3,14,61,11),(1727,'3','2016-04-30',3,14,76,12),(1728,'3','2016-04-30',3,14,91,13),(1729,'0','2016-04-30',3,14,91,14),(1730,'8.47','2016-04-30',3,14,106,15),(1731,'12.70','2016-04-30',3,14,106,16),(1732,'0','2016-04-30',3,14,106,17),(1733,'-10','2016-04-30',3,14,121,18),(1734,'-34','2016-04-30',3,14,121,19),(1735,'-5','2016-04-30',3,14,121,20),(1736,'2','2016-04-30',3,14,121,21),(1737,'95','2016-04-30',3,14,136,22),(1738,'0','2016-04-30',3,14,136,23),(1739,'0','2016-04-30',3,14,136,24),(1740,'60','2016-04-30',3,14,136,25),(1741,'0','2016-04-30',3,14,151,26),(1742,'0','2016-04-30',3,14,151,27),(1743,'0','2016-04-30',3,14,151,28),(1744,'0','2016-04-30',3,14,151,29),(1745,'0','2016-04-30',3,14,166,30),(1746,'0','2016-04-30',3,14,166,31),(1747,'100','2016-04-30',3,14,166,32),(1748,'0','2016-04-30',3,14,166,33),(1749,'0','2016-04-30',3,14,166,34),(1750,'5','2016-04-30',3,14,166,35),(1751,'0','2016-04-30',3,5,1,1),(1752,'0','2016-04-30',3,5,16,2),(1753,'0','2016-04-30',3,5,16,3),(1754,'0','2016-04-30',3,5,16,4),(1755,'2','2016-04-30',3,5,31,5),(1756,'10','2016-04-30',3,5,46,6),(1757,'1','2016-04-30',3,5,46,7),(1758,'1.29','2016-04-30',3,5,61,8),(1759,'32','2016-04-30',3,5,61,9),(1760,'1','2016-04-30',3,5,61,10),(1761,'0','2016-04-30',3,5,61,11),(1762,'7','2016-04-30',3,5,76,12),(1763,'3','2016-04-30',3,5,91,13),(1764,'0','2016-04-30',3,5,91,14),(1765,'8.47','2016-04-30',3,5,106,15),(1766,'12.70','2016-04-30',3,5,106,16),(1767,'2500','2016-04-30',3,5,106,17),(1768,'-10','2016-04-30',3,5,121,18),(1769,'-10','2016-04-30',3,5,121,19),(1770,'-11','2016-04-30',3,5,121,20),(1771,'-32','2016-04-30',3,5,121,21),(1772,'89','2016-04-30',3,5,136,22),(1773,'0','2016-04-30',3,5,136,23),(1774,'0','2016-04-30',3,5,136,24),(1775,'60','2016-04-30',3,5,136,25),(1776,'0','2016-04-30',3,5,151,26),(1777,'0','2016-04-30',3,5,151,27),(1778,'0','2016-04-30',3,5,151,28),(1779,'0','2016-04-30',3,5,151,29),(1780,'0','2016-04-30',3,5,166,30),(1781,'0','2016-04-30',3,5,166,31),(1782,'100','2016-04-30',3,5,166,32),(1783,'0','2016-04-30',3,5,166,33),(1784,'0','2016-04-30',3,5,166,34),(1785,'4','2016-04-30',3,5,166,35),(1786,'0','2016-04-30',3,6,1,1),(1787,'0','2016-04-30',3,6,16,2),(1788,'0','2016-04-30',3,6,16,3),(1789,'0','2016-04-30',3,6,16,4),(1790,'2','2016-04-30',3,6,31,5),(1791,'10','2016-04-30',3,6,46,6),(1792,'0','2016-04-30',3,6,46,7),(1793,'1.51','2016-04-30',3,6,61,8),(1794,'32','2016-04-30',3,6,61,9),(1795,'0','2016-04-30',3,6,61,10),(1796,'0','2016-04-30',3,6,61,11),(1797,'21','2016-04-30',3,6,76,12),(1798,'3','2016-04-30',3,6,91,13),(1799,'0','2016-04-30',3,6,91,14),(1800,'8.47','2016-04-30',3,6,106,15),(1801,'12.70','2016-04-30',3,6,106,16),(1802,'0','2016-04-30',3,6,106,17),(1803,'-5','2016-04-30',3,6,121,18),(1804,'1','2016-04-30',3,6,121,19),(1805,'-8','2016-04-30',3,6,121,20),(1806,'41','2016-04-30',3,6,121,21),(1807,'89','2016-04-30',3,6,136,22),(1808,'0','2016-04-30',3,6,136,23),(1809,'0','2016-04-30',3,6,136,24),(1810,'60','2016-04-30',3,6,136,25),(1811,'0','2016-04-30',3,6,151,26),(1812,'0','2016-04-30',3,6,151,27),(1813,'0','2016-04-30',3,6,151,28),(1814,'0','2016-04-30',3,6,151,29),(1815,'0','2016-04-30',3,6,166,30),(1816,'0','2016-04-30',3,6,166,31),(1817,'100','2016-04-30',3,6,166,32),(1818,'0','2016-04-30',3,6,166,33),(1819,'0','2016-04-30',3,6,166,34),(1820,'5','2016-04-30',3,6,166,35),(1821,'0','2016-04-30',3,12,1,1),(1822,'0','2016-04-30',3,12,16,2),(1823,'0','2016-04-30',3,12,16,3),(1824,'0','2016-04-30',3,12,16,4),(1825,'0','2016-04-30',3,12,31,5),(1826,'10','2016-04-30',3,12,46,6),(1827,'0','2016-04-30',3,12,46,7),(1828,'1.67','2016-04-30',3,12,61,8),(1829,'32','2016-04-30',3,12,61,9),(1830,'0','2016-04-30',3,12,61,10),(1831,'0','2016-04-30',3,12,61,11),(1832,'15','2016-04-30',3,12,76,12),(1833,'3','2016-04-30',3,12,91,13),(1834,'0','2016-04-30',3,12,91,14),(1835,'8.47','2016-04-30',3,12,106,15),(1836,'12.70','2016-04-30',3,12,106,16),(1837,'13685','2016-04-30',3,12,106,17),(1838,'-8','2016-04-30',3,12,121,18),(1839,'-25','2016-04-30',3,12,121,19),(1840,'-4','2016-04-30',3,12,121,20),(1841,'-66','2016-04-30',3,12,121,21),(1842,'94','2016-04-30',3,12,136,22),(1843,'0','2016-04-30',3,12,136,23),(1844,'0','2016-04-30',3,12,136,24),(1845,'60','2016-04-30',3,12,136,25),(1846,'0','2016-04-30',3,12,151,26),(1847,'0','2016-04-30',3,12,151,27),(1848,'0','2016-04-30',3,12,151,28),(1849,'0','2016-04-30',3,12,151,29),(1850,'0','2016-04-30',3,12,166,30),(1851,'0','2016-04-30',3,12,166,31),(1852,'100','2016-04-30',3,12,166,32),(1853,'0','2016-04-30',3,12,166,33),(1854,'0','2016-04-30',3,12,166,34),(1855,'5','2016-04-30',3,12,166,35),(1856,'0','2016-04-30',3,15,1,1),(1857,'0','2016-04-30',3,15,16,2),(1858,'0','2016-04-30',3,15,16,3),(1859,'0','2016-04-30',3,15,16,4),(1860,'0','2016-04-30',3,15,31,5),(1861,'10','2016-04-30',3,15,46,6),(1862,'0','2016-04-30',3,15,46,7),(1863,'1.1','2016-04-30',3,15,61,8),(1864,'32','2016-04-30',3,15,61,9),(1865,'0','2016-04-30',3,15,61,10),(1866,'0','2016-04-30',3,15,61,11),(1867,'1','2016-04-30',3,15,76,12),(1868,'3','2016-04-30',3,15,91,13),(1869,'0','2016-04-30',3,15,91,14),(1870,'8.47','2016-04-30',3,15,106,15),(1871,'12.70','2016-04-30',3,15,106,16),(1872,'0','2016-04-30',3,15,106,17),(1873,'2','2016-04-30',3,15,121,18),(1874,'15','2016-04-30',3,15,121,19),(1875,'-1','2016-04-30',3,15,121,20),(1876,'44','2016-04-30',3,15,121,21),(1877,'95','2016-04-30',3,15,136,22),(1878,'1','2016-04-30',3,15,136,23),(1879,'0','2016-04-30',3,15,136,24),(1880,'60','2016-04-30',3,15,136,25),(1881,'0','2016-04-30',3,15,151,26),(1882,'0','2016-04-30',3,15,151,27),(1883,'0','2016-04-30',3,15,151,28),(1884,'0','2016-04-30',3,15,151,29),(1885,'0','2016-04-30',3,15,166,30),(1886,'0','2016-04-30',3,15,166,31),(1887,'100','2016-04-30',3,15,166,32),(1888,'0','2016-04-30',3,15,166,33),(1889,'0','2016-04-30',3,15,166,34),(1890,'5','2016-04-30',3,15,166,35),(1891,'0','2016-04-30',3,7,1,1),(1892,'0','2016-04-30',3,7,16,2),(1893,'0','2016-04-30',3,7,16,3),(1894,'0','2016-04-30',3,7,16,4),(1895,'0','2016-04-30',3,7,31,5),(1896,'10','2016-04-30',3,7,46,6),(1897,'0','2016-04-30',3,7,46,7),(1898,'1.46','2016-04-30',3,7,61,8),(1899,'32','2016-04-30',3,7,61,9),(1900,'0','2016-04-30',3,7,61,10),(1901,'0','2016-04-30',3,7,61,11),(1902,'11','2016-04-30',3,7,76,12),(1903,'3','2016-04-30',3,7,91,13),(1904,'0','2016-04-30',3,7,91,14),(1905,'8.47','2016-04-30',3,7,106,15),(1906,'12.70','2016-04-30',3,7,106,16),(1907,'0','2016-04-30',3,7,106,17),(1908,'-18','2016-04-30',3,7,121,18),(1909,'-79','2016-04-30',3,7,121,19),(1910,'-1','2016-04-30',3,7,121,20),(1911,'12','2016-04-30',3,7,121,21),(1912,'78','2016-04-30',3,7,136,22),(1913,'0','2016-04-30',3,7,136,23),(1914,'0','2016-04-30',3,7,136,24),(1915,'60','2016-04-30',3,7,136,25),(1916,'0','2016-04-30',3,7,151,26),(1917,'0','2016-04-30',3,7,151,27),(1918,'0','2016-04-30',3,7,151,28),(1919,'0','2016-04-30',3,7,151,29),(1920,'0','2016-04-30',3,7,166,30),(1921,'0','2016-04-30',3,7,166,31),(1922,'100','2016-04-30',3,7,166,32),(1923,'0','2016-04-30',3,7,166,33),(1924,'0','2016-04-30',3,7,166,34),(1925,'5','2016-04-30',3,7,166,35),(1926,'0','2016-04-30',3,8,1,1),(1927,'0','2016-04-30',3,8,16,2),(1928,'0','2016-04-30',3,8,16,3),(1929,'0','2016-04-30',3,8,16,4),(1930,'0','2016-04-30',3,8,31,5),(1931,'10','2016-04-30',3,8,46,6),(1932,'0','2016-04-30',3,8,46,7),(1933,'1.44','2016-04-30',3,8,61,8),(1934,'32','2016-04-30',3,8,61,9),(1935,'0','2016-04-30',3,8,61,10),(1936,'0','2016-04-30',3,8,61,11),(1937,'15','2016-04-30',3,8,76,12),(1938,'3','2016-04-30',3,8,91,13),(1939,'0','2016-04-30',3,8,91,14),(1940,'8.47','2016-04-30',3,8,106,15),(1941,'12.70','2016-04-30',3,8,106,16),(1942,'0','2016-04-30',3,8,106,17),(1943,'-19','2016-04-30',3,8,121,18),(1944,'-52','2016-04-30',3,8,121,19),(1945,'-10','2016-04-30',3,8,121,20),(1946,'-94','2016-04-30',3,8,121,21),(1947,'89','2016-04-30',3,8,136,22),(1948,'0','2016-04-30',3,8,136,23),(1949,'0','2016-04-30',3,8,136,24),(1950,'60','2016-04-30',3,8,136,25),(1951,'0','2016-04-30',3,8,151,26),(1952,'0','2016-04-30',3,8,151,27),(1953,'0','2016-04-30',3,8,151,28),(1954,'0','2016-04-30',3,8,151,29),(1955,'0','2016-04-30',3,8,166,30),(1956,'0','2016-04-30',3,8,166,31),(1957,'100','2016-04-30',3,8,166,32),(1958,'0','2016-04-30',3,8,166,33),(1959,'0','2016-04-30',3,8,166,34),(1960,'5','2016-04-30',3,8,166,35),(1961,'0','2016-04-30',3,9,1,1),(1962,'0','2016-04-30',3,9,16,2),(1963,'0','2016-04-30',3,9,16,3),(1964,'0','2016-04-30',3,9,16,4),(1965,'0','2016-04-30',3,9,31,5),(1966,'10','2016-04-30',3,9,46,6),(1967,'0','2016-04-30',3,9,46,7),(1968,'0.94','2016-04-30',3,9,61,8),(1969,'32','2016-04-30',3,9,61,9),(1970,'0','2016-04-30',3,9,61,10),(1971,'0','2016-04-30',3,9,61,11),(1972,'17','2016-04-30',3,9,76,12),(1973,'3','2016-04-30',3,9,91,13),(1974,'0','2016-04-30',3,9,91,14),(1975,'8.47','2016-04-30',3,9,106,15),(1976,'12.70','2016-04-30',3,9,106,16),(1977,'0','2016-04-30',3,9,106,17),(1978,'-10','2016-04-30',3,9,121,18),(1979,'-6','2016-04-30',3,9,121,19),(1980,'-11','2016-04-30',3,9,121,20),(1981,'-46','2016-04-30',3,9,121,21),(1982,'79','2016-04-30',3,9,136,22),(1983,'0','2016-04-30',3,9,136,23),(1984,'0','2016-04-30',3,9,136,24),(1985,'60','2016-04-30',3,9,136,25),(1986,'0','2016-04-30',3,9,151,26),(1987,'0','2016-04-30',3,9,151,27),(1988,'0','2016-04-30',3,9,151,28),(1989,'0','2016-04-30',3,9,151,29),(1990,'0','2016-04-30',3,9,166,30),(1991,'0','2016-04-30',3,9,166,31),(1992,'100','2016-04-30',3,9,166,32),(1993,'0','2016-04-30',3,9,166,33),(1994,'0','2016-04-30',3,9,166,34),(1995,'4','2016-04-30',3,9,166,35),(1996,'0','2016-04-30',3,10,1,1),(1997,'0','2016-04-30',3,10,16,2),(1998,'0','2016-04-30',3,10,16,3),(1999,'0','2016-04-30',3,10,16,4),(2000,'2','2016-04-30',3,10,31,5),(2001,'10','2016-04-30',3,10,46,6),(2002,'0','2016-04-30',3,10,46,7),(2003,'1.34','2016-04-30',3,10,61,8),(2004,'32','2016-04-30',3,10,61,9),(2005,'0','2016-04-30',3,10,61,10),(2006,'0','2016-04-30',3,10,61,11),(2007,'9','2016-04-30',3,10,76,12),(2008,'3','2016-04-30',3,10,91,13),(2009,'0','2016-04-30',3,10,91,14),(2010,'8.47','2016-04-30',3,10,106,15),(2011,'12.70','2016-04-30',3,10,106,16),(2012,'0','2016-04-30',3,10,106,17),(2013,'-4','2016-04-30',3,10,121,18),(2014,'0','2016-04-30',3,10,121,19),(2015,'-6','2016-04-30',3,10,121,20),(2016,'-161','2016-04-30',3,10,121,21),(2017,'100','2016-04-30',3,10,136,22),(2018,'0','2016-04-30',3,10,136,23),(2019,'1','2016-04-30',3,10,136,24),(2020,'60','2016-04-30',3,10,136,25),(2021,'0','2016-04-30',3,10,151,26),(2022,'0','2016-04-30',3,10,151,27),(2023,'0','2016-04-30',3,10,151,28),(2024,'0','2016-04-30',3,10,151,29),(2025,'0','2016-04-30',3,10,166,30),(2026,'0','2016-04-30',3,10,166,31),(2027,'100','2016-04-30',3,10,166,32),(2028,'0','2016-04-30',3,10,166,33),(2029,'0','2016-04-30',3,10,166,34),(2030,'5','2016-04-30',3,10,166,35),(2031,'0','2016-04-30',3,11,1,1),(2032,'0','2016-04-30',3,11,16,2),(2033,'0','2016-04-30',3,11,16,3),(2034,'0','2016-04-30',3,11,16,4),(2035,'0','2016-04-30',3,11,31,5),(2036,'10','2016-04-30',3,11,46,6),(2037,'0','2016-04-30',3,11,46,7),(2038,'1.47','2016-04-30',3,11,61,8),(2039,'32','2016-04-30',3,11,61,9),(2040,'0','2016-04-30',3,11,61,10),(2041,'0','2016-04-30',3,11,61,11),(2042,'24','2016-04-30',3,11,76,12),(2043,'3','2016-04-30',3,11,91,13),(2044,'0','2016-04-30',3,11,91,14),(2045,'8.47','2016-04-30',3,11,106,15),(2046,'12.70','2016-04-30',3,11,106,16),(2047,'0','2016-04-30',3,11,106,17),(2048,'-6','2016-04-30',3,11,121,18),(2049,'-3','2016-04-30',3,11,121,19),(2050,'-8','2016-04-30',3,11,121,20),(2051,'32','2016-04-30',3,11,121,21),(2052,'94','2016-04-30',3,11,136,22),(2053,'0','2016-04-30',3,11,136,23),(2054,'0','2016-04-30',3,11,136,24),(2055,'60','2016-04-30',3,11,136,25),(2056,'0','2016-04-30',3,11,151,26),(2057,'0','2016-04-30',3,11,151,27),(2058,'0','2016-04-30',3,11,151,28),(2059,'0','2016-04-30',3,11,151,29),(2060,'0','2016-04-30',3,11,166,30),(2061,'0','2016-04-30',3,11,166,31),(2062,'100','2016-04-30',3,11,166,32),(2063,'0','2016-04-30',3,11,166,33),(2064,'0','2016-04-30',3,11,166,34),(2065,'5','2016-04-30',3,11,166,35),(2066,'0','2016-04-30',3,13,1,1),(2067,'0','2016-04-30',3,13,16,2),(2068,'0','2016-04-30',3,13,16,3),(2069,'0','2016-04-30',3,13,16,4),(2070,'0','2016-04-30',3,13,31,5),(2071,'10','2016-04-30',3,13,46,6),(2072,'0','2016-04-30',3,13,46,7),(2073,'1.24','2016-04-30',3,13,61,8),(2074,'32','2016-04-30',3,13,61,9),(2075,'0','2016-04-30',3,13,61,10),(2076,'0','2016-04-30',3,13,61,11),(2077,'4','2016-04-30',3,13,76,12),(2078,'3','2016-04-30',3,13,91,13),(2079,'0','2016-04-30',3,13,91,14),(2080,'8.47','2016-04-30',3,13,106,15),(2081,'12.70','2016-04-30',3,13,106,16),(2082,'0','2016-04-30',3,13,106,17),(2083,'2','2016-04-30',3,13,121,18),(2084,'14','2016-04-30',3,13,121,19),(2085,'-2','2016-04-30',3,13,121,20),(2086,'32','2016-04-30',3,13,121,21),(2087,'83','2016-04-30',3,13,136,22),(2088,'0','2016-04-30',3,13,136,23),(2089,'0','2016-04-30',3,13,136,24),(2090,'60','2016-04-30',3,13,136,25),(2091,'0','2016-04-30',3,13,151,26),(2092,'0','2016-04-30',3,13,151,27),(2093,'0','2016-04-30',3,13,151,28),(2094,'0','2016-04-30',3,13,151,29),(2095,'0','2016-04-30',3,13,166,30),(2096,'0','2016-04-30',3,13,166,31),(2097,'100','2016-04-30',3,13,166,32),(2098,'0','2016-04-30',3,13,166,33),(2099,'0','2016-04-30',3,13,166,34),(2100,'5','2016-04-30',3,13,166,35),(2101,'0','2016-05-31',3,1,1,1),(2102,'0','2016-05-31',3,1,16,2),(2103,'0','2016-05-31',3,1,16,3),(2104,'0','2016-05-31',3,1,16,4),(2105,'-1.51','2016-05-31',3,1,31,5),(2106,'9','2016-05-31',3,1,46,6),(2107,'0','2016-05-31',3,1,46,7),(2108,'1.3','2016-05-31',3,1,61,8),(2109,'26','2016-05-31',3,1,61,9),(2110,'0','2016-05-31',3,1,61,10),(2111,'0','2016-05-31',3,1,61,11),(2112,'12.18','2016-05-31',3,1,76,12),(2113,'3','2016-05-31',3,1,91,13),(2114,'0','2016-05-31',3,1,91,14),(2115,'3.37','2016-05-31',3,1,106,15),(2116,'6.70','2016-05-31',3,1,106,16),(2117,'0','2016-05-31',3,1,106,17),(2118,'-17','2016-05-31',3,1,121,18),(2119,'-55','2016-05-31',3,1,121,19),(2120,'-6','2016-05-31',3,1,121,20),(2121,'-65','2016-05-31',3,1,121,21),(2122,'77','2016-05-31',3,1,136,22),(2123,'0','2016-05-31',3,1,136,23),(2124,'0','2016-05-31',3,1,136,24),(2125,'63','2016-05-31',3,1,136,25),(2126,'0','2016-05-31',3,1,151,26),(2127,'0','2016-05-31',3,1,151,27),(2128,'0','2016-05-31',3,1,151,28),(2129,'0','2016-05-31',3,1,151,29),(2130,'0','2016-05-31',3,1,166,30),(2131,'0','2016-05-31',3,1,166,31),(2132,'75','2016-05-31',3,1,166,32),(2133,'0','2016-05-31',3,1,166,33),(2134,'0','2016-05-31',3,1,166,34),(2135,'4','2016-05-31',3,1,166,35),(2136,'0','2016-05-31',3,2,1,1),(2137,'0','2016-05-31',3,2,16,2),(2138,'0','2016-05-31',3,2,16,3),(2139,'0','2016-05-31',3,2,16,4),(2140,'-1','2016-05-31',3,2,31,5),(2141,'9','2016-05-31',3,2,46,6),(2142,'0','2016-05-31',3,2,46,7),(2143,'1.19','2016-05-31',3,2,61,8),(2144,'26','2016-05-31',3,2,61,9),(2145,'0','2016-05-31',3,2,61,10),(2146,'0','2016-05-31',3,2,61,11),(2147,'22','2016-05-31',3,2,76,12),(2148,'3','2016-05-31',3,2,91,13),(2149,'0','2016-05-31',3,2,91,14),(2150,'3.37','2016-05-31',3,2,106,15),(2151,'6.70','2016-05-31',3,2,106,16),(2152,'0','2016-05-31',3,2,106,17),(2153,'-10','2016-05-31',3,2,121,18),(2154,'-13','2016-05-31',3,2,121,19),(2155,'-10','2016-05-31',3,2,121,20),(2156,'-55','2016-05-31',3,2,121,21),(2157,'95','2016-05-31',3,2,136,22),(2158,'0','2016-05-31',3,2,136,23),(2159,'0','2016-05-31',3,2,136,24),(2160,'63','2016-05-31',3,2,136,25),(2161,'0','2016-05-31',3,2,151,26),(2162,'0','2016-05-31',3,2,151,27),(2163,'0','2016-05-31',3,2,151,28),(2164,'0','2016-05-31',3,2,151,29),(2165,'0','2016-05-31',3,2,166,30),(2166,'0','2016-05-31',3,2,166,31),(2167,'75','2016-05-31',3,2,166,32),(2168,'0','2016-05-31',3,2,166,33),(2169,'0','2016-05-31',3,2,166,34),(2170,'5','2016-05-31',3,2,166,35),(2171,'0','2016-05-31',3,4,1,1),(2172,'0','2016-05-31',3,4,16,2),(2173,'0','2016-05-31',3,4,16,3),(2174,'0','2016-05-31',3,4,16,4),(2175,'0','2016-05-31',3,4,31,5),(2176,'9','2016-05-31',3,4,46,6),(2177,'0','2016-05-31',3,4,46,7),(2178,'1.28','2016-05-31',3,4,61,8),(2179,'26','2016-05-31',3,4,61,9),(2180,'1','2016-05-31',3,4,61,10),(2181,'0','2016-05-31',3,4,61,11),(2182,'4','2016-05-31',3,4,76,12),(2183,'3','2016-05-31',3,4,91,13),(2184,'0','2016-05-31',3,4,91,14),(2185,'3.37','2016-05-31',3,4,106,15),(2186,'6.70','2016-05-31',3,4,106,16),(2187,'0','2016-05-31',3,4,106,17),(2188,'-2','2016-05-31',3,4,121,18),(2189,'20','2016-05-31',3,4,121,19),(2190,'-9','2016-05-31',3,4,121,20),(2191,'-54','2016-05-31',3,4,121,21),(2192,'90','2016-05-31',3,4,136,22),(2193,'0','2016-05-31',3,4,136,23),(2194,'0','2016-05-31',3,4,136,24),(2195,'63','2016-05-31',3,4,136,25),(2196,'0','2016-05-31',3,4,151,26),(2197,'0','2016-05-31',3,4,151,27),(2198,'0','2016-05-31',3,4,151,28),(2199,'0','2016-05-31',3,4,151,29),(2200,'0','2016-05-31',3,4,166,30),(2201,'0','2016-05-31',3,4,166,31),(2202,'75','2016-05-31',3,4,166,32),(2203,'0','2016-05-31',3,4,166,33),(2204,'0','2016-05-31',3,4,166,34),(2205,'4','2016-05-31',3,4,166,35),(2206,'0','2016-05-31',3,3,1,1),(2207,'0','2016-05-31',3,3,16,2),(2208,'0','2016-05-31',3,3,16,3),(2209,'0','2016-05-31',3,3,16,4),(2210,'1','2016-05-31',3,3,31,5),(2211,'9','2016-05-31',3,3,46,6),(2212,'0','2016-05-31',3,3,46,7),(2213,'1.29','2016-05-31',3,3,61,8),(2214,'26','2016-05-31',3,3,61,9),(2215,'0','2016-05-31',3,3,61,10),(2216,'0','2016-05-31',3,3,61,11),(2217,'0.98','2016-05-31',3,3,76,12),(2218,'3','2016-05-31',3,3,91,13),(2219,'0','2016-05-31',3,3,91,14),(2220,'3.37','2016-05-31',3,3,106,15),(2221,'6.70','2016-05-31',3,3,106,16),(2222,'0','2016-05-31',3,3,106,17),(2223,'4','2016-05-31',3,3,121,18),(2224,'17','2016-05-31',3,3,121,19),(2225,'0','2016-05-31',3,3,121,20),(2226,'1','2016-05-31',3,3,121,21),(2227,'86','2016-05-31',3,3,136,22),(2228,'0','2016-05-31',3,3,136,23),(2229,'0','2016-05-31',3,3,136,24),(2230,'63','2016-05-31',3,3,136,25),(2231,'0','2016-05-31',3,3,151,26),(2232,'0','2016-05-31',3,3,151,27),(2233,'0','2016-05-31',3,3,151,28),(2234,'0','2016-05-31',3,3,151,29),(2235,'0','2016-05-31',3,3,166,30),(2236,'0','2016-05-31',3,3,166,31),(2237,'75','2016-05-31',3,3,166,32),(2238,'0','2016-05-31',3,3,166,33),(2239,'0','2016-05-31',3,3,166,34),(2240,'5','2016-05-31',3,3,166,35),(2241,'0','2016-05-31',3,14,1,1),(2242,'0','2016-05-31',3,14,16,2),(2243,'0','2016-05-31',3,14,16,3),(2244,'0','2016-05-31',3,14,16,4),(2245,'0','2016-05-31',3,14,31,5),(2246,'9','2016-05-31',3,14,46,6),(2247,'0','2016-05-31',3,14,46,7),(2248,'0.95','2016-05-31',3,14,61,8),(2249,'26','2016-05-31',3,14,61,9),(2250,'0','2016-05-31',3,14,61,10),(2251,'0','2016-05-31',3,14,61,11),(2252,'4','2016-05-31',3,14,76,12),(2253,'3','2016-05-31',3,14,91,13),(2254,'0','2016-05-31',3,14,91,14),(2255,'3.37','2016-05-31',3,14,106,15),(2256,'6.70','2016-05-31',3,14,106,16),(2257,'0','2016-05-31',3,14,106,17),(2258,'-4','2016-05-31',3,14,121,18),(2259,'-12','2016-05-31',3,14,121,19),(2260,'-3','2016-05-31',3,14,121,20),(2261,'24','2016-05-31',3,14,121,21),(2262,'100','2016-05-31',3,14,136,22),(2263,'0','2016-05-31',3,14,136,23),(2264,'0','2016-05-31',3,14,136,24),(2265,'63','2016-05-31',3,14,136,25),(2266,'0','2016-05-31',3,14,151,26),(2267,'0','2016-05-31',3,14,151,27),(2268,'0','2016-05-31',3,14,151,28),(2269,'0','2016-05-31',3,14,151,29),(2270,'0','2016-05-31',3,14,166,30),(2271,'0','2016-05-31',3,14,166,31),(2272,'75','2016-05-31',3,14,166,32),(2273,'0','2016-05-31',3,14,166,33),(2274,'0','2016-05-31',3,14,166,34),(2275,'5','2016-05-31',3,14,166,35),(2276,'0','2016-05-31',3,5,1,1),(2277,'0','2016-05-31',3,5,16,2),(2278,'0','2016-05-31',3,5,16,3),(2279,'0','2016-05-31',3,5,16,4),(2280,'-1.67','2016-05-31',3,5,31,5),(2281,'9','2016-05-31',3,5,46,6),(2282,'0','2016-05-31',3,5,46,7),(2283,'1.21','2016-05-31',3,5,61,8),(2284,'26','2016-05-31',3,5,61,9),(2285,'1','2016-05-31',3,5,61,10),(2286,'0','2016-05-31',3,5,61,11),(2287,'2','2016-05-31',3,5,76,12),(2288,'3','2016-05-31',3,5,91,13),(2289,'0','2016-05-31',3,5,91,14),(2290,'3.37','2016-05-31',3,5,106,15),(2291,'6.70','2016-05-31',3,5,106,16),(2292,'0','2016-05-31',3,5,106,17),(2293,'-8','2016-05-31',3,5,121,18),(2294,'-9','2016-05-31',3,5,121,19),(2295,'-9','2016-05-31',3,5,121,20),(2296,'-46','2016-05-31',3,5,121,21),(2297,'100','2016-05-31',3,5,136,22),(2298,'0','2016-05-31',3,5,136,23),(2299,'0','2016-05-31',3,5,136,24),(2300,'63','2016-05-31',3,5,136,25),(2301,'0','2016-05-31',3,5,151,26),(2302,'0','2016-05-31',3,5,151,27),(2303,'0','2016-05-31',3,5,151,28),(2304,'0','2016-05-31',3,5,151,29),(2305,'0','2016-05-31',3,5,166,30),(2306,'0','2016-05-31',3,5,166,31),(2307,'75','2016-05-31',3,5,166,32),(2308,'0','2016-05-31',3,5,166,33),(2309,'0','2016-05-31',3,5,166,34),(2310,'4','2016-05-31',3,5,166,35),(2311,'0','2016-05-31',3,6,1,1),(2312,'0','2016-05-31',3,6,16,2),(2313,'0','2016-05-31',3,6,16,3),(2314,'0','2016-05-31',3,6,16,4),(2315,'1','2016-05-31',3,6,31,5),(2316,'9','2016-05-31',3,6,46,6),(2317,'0','2016-05-31',3,6,46,7),(2318,'1.36','2016-05-31',3,6,61,8),(2319,'26','2016-05-31',3,6,61,9),(2320,'0','2016-05-31',3,6,61,10),(2321,'0','2016-05-31',3,6,61,11),(2322,'17','2016-05-31',3,6,76,12),(2323,'3','2016-05-31',3,6,91,13),(2324,'0','2016-05-31',3,6,91,14),(2325,'3.37','2016-05-31',3,6,106,15),(2326,'6.70','2016-05-31',3,6,106,16),(2327,'0','2016-05-31',3,6,106,17),(2328,'-2','2016-05-31',3,6,121,18),(2329,'14','2016-05-31',3,6,121,19),(2330,'-9','2016-05-31',3,6,121,20),(2331,'25','2016-05-31',3,6,121,21),(2332,'84','2016-05-31',3,6,136,22),(2333,'0','2016-05-31',3,6,136,23),(2334,'0','2016-05-31',3,6,136,24),(2335,'63','2016-05-31',3,6,136,25),(2336,'0','2016-05-31',3,6,151,26),(2337,'0','2016-05-31',3,6,151,27),(2338,'0','2016-05-31',3,6,151,28),(2339,'0','2016-05-31',3,6,151,29),(2340,'0','2016-05-31',3,6,166,30),(2341,'0','2016-05-31',3,6,166,31),(2342,'75','2016-05-31',3,6,166,32),(2343,'0','2016-05-31',3,6,166,33),(2344,'0','2016-05-31',3,6,166,34),(2345,'5','2016-05-31',3,6,166,35),(2346,'0','2016-05-31',3,12,1,1),(2347,'0','2016-05-31',3,12,16,2),(2348,'0','2016-05-31',3,12,16,3),(2349,'0','2016-05-31',3,12,16,4),(2350,'0','2016-05-31',3,12,31,5),(2351,'9','2016-05-31',3,12,46,6),(2352,'0','2016-05-31',3,12,46,7),(2353,'1.44','2016-05-31',3,12,61,8),(2354,'26','2016-05-31',3,12,61,9),(2355,'1','2016-05-31',3,12,61,10),(2356,'0','2016-05-31',3,12,61,11),(2357,'28','2016-05-31',3,12,76,12),(2358,'3','2016-05-31',3,12,91,13),(2359,'0','2016-05-31',3,12,91,14),(2360,'3.37','2016-05-31',3,12,106,15),(2361,'6.70','2016-05-31',3,12,106,16),(2362,'0','2016-05-31',3,12,106,17),(2363,'-5','2016-05-31',3,12,121,18),(2364,'-14','2016-05-31',3,12,121,19),(2365,'-3','2016-05-31',3,12,121,20),(2366,'-88','2016-05-31',3,12,121,21),(2367,'90','2016-05-31',3,12,136,22),(2368,'0','2016-05-31',3,12,136,23),(2369,'0','2016-05-31',3,12,136,24),(2370,'63','2016-05-31',3,12,136,25),(2371,'0','2016-05-31',3,12,151,26),(2372,'0','2016-05-31',3,12,151,27),(2373,'0','2016-05-31',3,12,151,28),(2374,'0','2016-05-31',3,12,151,29),(2375,'0','2016-05-31',3,12,166,30),(2376,'0','2016-05-31',3,12,166,31),(2377,'75','2016-05-31',3,12,166,32),(2378,'0','2016-05-31',3,12,166,33),(2379,'0','2016-05-31',3,12,166,34),(2380,'5','2016-05-31',3,12,166,35),(2381,'0','2016-05-31',3,15,1,1),(2382,'0','2016-05-31',3,15,16,2),(2383,'0','2016-05-31',3,15,16,3),(2384,'0','2016-05-31',3,15,16,4),(2385,'-1','2016-05-31',3,15,31,5),(2386,'9','2016-05-31',3,15,46,6),(2387,'0','2016-05-31',3,15,46,7),(2388,'1.05','2016-05-31',3,15,61,8),(2389,'26','2016-05-31',3,15,61,9),(2390,'0','2016-05-31',3,15,61,10),(2391,'0','2016-05-31',3,15,61,11),(2392,'0','2016-05-31',3,15,76,12),(2393,'3','2016-05-31',3,15,91,13),(2394,'0','2016-05-31',3,15,91,14),(2395,'3.37','2016-05-31',3,15,106,15),(2396,'6.70','2016-05-31',3,15,106,16),(2397,'0','2016-05-31',3,15,106,17),(2398,'-1','2016-05-31',3,15,121,18),(2399,'4','2016-05-31',3,15,121,19),(2400,'1','2016-05-31',3,15,121,20),(2401,'49','2016-05-31',3,15,121,21),(2402,'83','2016-05-31',3,15,136,22),(2403,'1','2016-05-31',3,15,136,23),(2404,'0','2016-05-31',3,15,136,24),(2405,'63','2016-05-31',3,15,136,25),(2406,'0','2016-05-31',3,15,151,26),(2407,'0','2016-05-31',3,15,151,27),(2408,'0','2016-05-31',3,15,151,28),(2409,'0','2016-05-31',3,15,151,29),(2410,'0','2016-05-31',3,15,166,30),(2411,'0','2016-05-31',3,15,166,31),(2412,'75','2016-05-31',3,15,166,32),(2413,'0','2016-05-31',3,15,166,33),(2414,'0','2016-05-31',3,15,166,34),(2415,'5','2016-05-31',3,15,166,35),(2416,'0','2016-05-31',3,7,1,1),(2417,'0','2016-05-31',3,7,16,2),(2418,'0','2016-05-31',3,7,16,3),(2419,'0','2016-05-31',3,7,16,4),(2420,'0','2016-05-31',3,7,31,5),(2421,'9','2016-05-31',3,7,46,6),(2422,'0','2016-05-31',3,7,46,7),(2423,'1.46','2016-05-31',3,7,61,8),(2424,'26','2016-05-31',3,7,61,9),(2425,'1','2016-05-31',3,7,61,10),(2426,'0','2016-05-31',3,7,61,11),(2427,'9','2016-05-31',3,7,76,12),(2428,'3','2016-05-31',3,7,91,13),(2429,'0','2016-05-31',3,7,91,14),(2430,'3.37','2016-05-31',3,7,106,15),(2431,'6.70','2016-05-31',3,7,106,16),(2432,'0','2016-05-31',3,7,106,17),(2433,'-14','2016-05-31',3,7,121,18),(2434,'-63','2016-05-31',3,7,121,19),(2435,'1','2016-05-31',3,7,121,20),(2436,'22','2016-05-31',3,7,121,21),(2437,'77','2016-05-31',3,7,136,22),(2438,'0','2016-05-31',3,7,136,23),(2439,'0','2016-05-31',3,7,136,24),(2440,'63','2016-05-31',3,7,136,25),(2441,'0','2016-05-31',3,7,151,26),(2442,'0','2016-05-31',3,7,151,27),(2443,'0','2016-05-31',3,7,151,28),(2444,'0','2016-05-31',3,7,151,29),(2445,'0','2016-05-31',3,7,166,30),(2446,'0','2016-05-31',3,7,166,31),(2447,'75','2016-05-31',3,7,166,32),(2448,'0','2016-05-31',3,7,166,33),(2449,'0','2016-05-31',3,7,166,34),(2450,'5','2016-05-31',3,7,166,35),(2451,'0','2016-05-31',3,8,1,1),(2452,'0','2016-05-31',3,8,16,2),(2453,'0','2016-05-31',3,8,16,3),(2454,'0','2016-05-31',3,8,16,4),(2455,'0','2016-05-31',3,8,31,5),(2456,'9','2016-05-31',3,8,46,6),(2457,'0','2016-05-31',3,8,46,7),(2458,'1.44','2016-05-31',3,8,61,8),(2459,'26','2016-05-31',3,8,61,9),(2460,'0','2016-05-31',3,8,61,10),(2461,'0','2016-05-31',3,8,61,11),(2462,'11','2016-05-31',3,8,76,12),(2463,'3','2016-05-31',3,8,91,13),(2464,'0','2016-05-31',3,8,91,14),(2465,'3.37','2016-05-31',3,8,106,15),(2466,'6.70','2016-05-31',3,8,106,16),(2467,'0','2016-05-31',3,8,106,17),(2468,'-16','2016-05-31',3,8,121,18),(2469,'-40','2016-05-31',3,8,121,19),(2470,'-9','2016-05-31',3,8,121,20),(2471,'-44','2016-05-31',3,8,121,21),(2472,'90','2016-05-31',3,8,136,22),(2473,'0','2016-05-31',3,8,136,23),(2474,'0','2016-05-31',3,8,136,24),(2475,'63','2016-05-31',3,8,136,25),(2476,'0','2016-05-31',3,8,151,26),(2477,'0','2016-05-31',3,8,151,27),(2478,'0','2016-05-31',3,8,151,28),(2479,'0','2016-05-31',3,8,151,29),(2480,'0','2016-05-31',3,8,166,30),(2481,'0','2016-05-31',3,8,166,31),(2482,'75','2016-05-31',3,8,166,32),(2483,'0','2016-05-31',3,8,166,33),(2484,'0','2016-05-31',3,8,166,34),(2485,'5','2016-05-31',3,8,166,35),(2486,'0','2016-05-31',3,9,1,1),(2487,'0','2016-05-31',3,9,16,2),(2488,'0','2016-05-31',3,9,16,3),(2489,'0','2016-05-31',3,9,16,4),(2490,'0','2016-05-31',3,9,31,5),(2491,'9','2016-05-31',3,9,46,6),(2492,'0','2016-05-31',3,9,46,7),(2493,'0.94','2016-05-31',3,9,61,8),(2494,'26','2016-05-31',3,9,61,9),(2495,'0','2016-05-31',3,9,61,10),(2496,'1','2016-05-31',3,9,61,11),(2497,'22','2016-05-31',3,9,76,12),(2498,'3','2016-05-31',3,9,91,13),(2499,'0','2016-05-31',3,9,91,14),(2500,'3.37','2016-05-31',3,9,106,15),(2501,'6.70','2016-05-31',3,9,106,16),(2502,'0','2016-05-31',3,9,106,17),(2503,'-8','2016-05-31',3,9,121,18),(2504,'-5','2016-05-31',3,9,121,19),(2505,'-10','2016-05-31',3,9,121,20),(2506,'-39','2016-05-31',3,9,121,21),(2507,'90','2016-05-31',3,9,136,22),(2508,'0','2016-05-31',3,9,136,23),(2509,'0','2016-05-31',3,9,136,24),(2510,'63','2016-05-31',3,9,136,25),(2511,'0','2016-05-31',3,9,151,26),(2512,'0','2016-05-31',3,9,151,27),(2513,'0','2016-05-31',3,9,151,28),(2514,'0','2016-05-31',3,9,151,29),(2515,'5','2016-05-31',3,9,166,30),(2516,'0','2016-05-31',3,9,166,31),(2517,'75','2016-05-31',3,9,166,32),(2518,'0','2016-05-31',3,9,166,33),(2519,'0','2016-05-31',3,9,166,34),(2520,'4','2016-05-31',3,9,166,35),(2521,'0','2016-05-31',3,10,1,1),(2522,'0','2016-05-31',3,10,16,2),(2523,'0','2016-05-31',3,10,16,3),(2524,'0','2016-05-31',3,10,16,4),(2525,'0','2016-05-31',3,10,31,5),(2526,'9','2016-05-31',3,10,46,6),(2527,'0','2016-05-31',3,10,46,7),(2528,'1.28','2016-05-31',3,10,61,8),(2529,'26','2016-05-31',3,10,61,9),(2530,'0','2016-05-31',3,10,61,10),(2531,'0','2016-05-31',3,10,61,11),(2532,'14','2016-05-31',3,10,76,12),(2533,'3','2016-05-31',3,10,91,13),(2534,'0','2016-05-31',3,10,91,14),(2535,'3.37','2016-05-31',3,10,106,15),(2536,'6.70','2016-05-31',3,10,106,16),(2537,'0','2016-05-31',3,10,106,17),(2538,'-5','2016-05-31',3,10,121,18),(2539,'-20','2016-05-31',3,10,121,19),(2540,'-6','2016-05-31',3,10,121,20),(2541,'-124','2016-05-31',3,10,121,21),(2542,'93','2016-05-31',3,10,136,22),(2543,'0','2016-05-31',3,10,136,23),(2544,'0','2016-05-31',3,10,136,24),(2545,'63','2016-05-31',3,10,136,25),(2546,'0','2016-05-31',3,10,151,26),(2547,'0','2016-05-31',3,10,151,27),(2548,'0','2016-05-31',3,10,151,28),(2549,'0','2016-05-31',3,10,151,29),(2550,'0','2016-05-31',3,10,166,30),(2551,'0','2016-05-31',3,10,166,31),(2552,'75','2016-05-31',3,10,166,32),(2553,'0','2016-05-31',3,10,166,33),(2554,'0','2016-05-31',3,10,166,34),(2555,'5','2016-05-31',3,10,166,35),(2556,'0','2016-05-31',3,11,1,1),(2557,'0','2016-05-31',3,11,16,2),(2558,'0','2016-05-31',3,11,16,3),(2559,'0','2016-05-31',3,11,16,4),(2560,'0','2016-05-31',3,11,31,5),(2561,'9','2016-05-31',3,11,46,6),(2562,'0','2016-05-31',3,11,46,7),(2563,'1.36','2016-05-31',3,11,61,8),(2564,'26','2016-05-31',3,11,61,9),(2565,'0','2016-05-31',3,11,61,10),(2566,'0','2016-05-31',3,11,61,11),(2567,'18','2016-05-31',3,11,76,12),(2568,'3','2016-05-31',3,11,91,13),(2569,'0','2016-05-31',3,11,91,14),(2570,'3.37','2016-05-31',3,11,106,15),(2571,'6.70','2016-05-31',3,11,106,16),(2572,'1500','2016-05-31',3,11,106,17),(2573,'-4','2016-05-31',3,11,121,18),(2574,'5','2016-05-31',3,11,121,19),(2575,'-8','2016-05-31',3,11,121,20),(2576,'22','2016-05-31',3,11,121,21),(2577,'95','2016-05-31',3,11,136,22),(2578,'0','2016-05-31',3,11,136,23),(2579,'0','2016-05-31',3,11,136,24),(2580,'63','2016-05-31',3,11,136,25),(2581,'0','2016-05-31',3,11,151,26),(2582,'0','2016-05-31',3,11,151,27),(2583,'0','2016-05-31',3,11,151,28),(2584,'0','2016-05-31',3,11,151,29),(2585,'0','2016-05-31',3,11,166,30),(2586,'0','2016-05-31',3,11,166,31),(2587,'75','2016-05-31',3,11,166,32),(2588,'0','2016-05-31',3,11,166,33),(2589,'0','2016-05-31',3,11,166,34),(2590,'5','2016-05-31',3,11,166,35),(2591,'0','2016-05-31',3,13,1,1),(2592,'0','2016-05-31',3,13,16,2),(2593,'0','2016-05-31',3,13,16,3),(2594,'0','2016-05-31',3,13,16,4),(2595,'0','2016-05-31',3,13,31,5),(2596,'9','2016-05-31',3,13,46,6),(2597,'0','2016-05-31',3,13,46,7),(2598,'1.24','2016-05-31',3,13,61,8),(2599,'26','2016-05-31',3,13,61,9),(2600,'0','2016-05-31',3,13,61,10),(2601,'0','2016-05-31',3,13,61,11),(2602,'0','2016-05-31',3,13,76,12),(2603,'3','2016-05-31',3,13,91,13),(2604,'0','2016-05-31',3,13,91,14),(2605,'3.37','2016-05-31',3,13,106,15),(2606,'6.70','2016-05-31',3,13,106,16),(2607,'0','2016-05-31',3,13,106,17),(2608,'2','2016-05-31',3,13,121,18),(2609,'12','2016-05-31',3,13,121,19),(2610,'-2','2016-05-31',3,13,121,20),(2611,'11','2016-05-31',3,13,121,21),(2612,'85','2016-05-31',3,13,136,22),(2613,'0','2016-05-31',3,13,136,23),(2614,'0','2016-05-31',3,13,136,24),(2615,'63','2016-05-31',3,13,136,25),(2616,'0','2016-05-31',3,13,151,26),(2617,'0','2016-05-31',3,13,151,27),(2618,'0','2016-05-31',3,13,151,28),(2619,'0','2016-05-31',3,13,151,29),(2620,'2','2016-05-31',3,13,166,30),(2621,'0','2016-05-31',3,13,166,31),(2622,'75','2016-05-31',3,13,166,32),(2623,'0','2016-05-31',3,13,166,33),(2624,'0','2016-05-31',3,13,166,34),(2625,'5','2016-05-31',3,13,166,35),(2626,'0','2016-06-30',1,1,1,1),(2627,'0','2016-06-30',1,1,16,2),(2628,'0','2016-06-30',1,1,16,3),(2629,'0','2016-06-30',1,1,16,4),(2630,'0','2016-06-30',1,1,16,36),(2631,'0','2016-06-30',1,1,16,37),(2632,'0','2016-06-30',1,1,16,38),(2633,'0.51','2016-06-30',1,1,31,5),(2634,'14','2016-06-30',1,1,46,6),(2635,'0','2016-06-30',1,1,46,7),(2636,'1.25','2016-06-30',1,1,61,8),(2637,'26','2016-06-30',1,1,61,9),(2638,'0','2016-06-30',1,1,61,10),(2639,'18','2016-06-30',1,1,61,11),(2640,'4','2016-06-30',1,1,76,12),(2641,'0','2016-06-30',1,1,91,13),(2642,'0','2016-06-30',1,1,91,14),(2643,'2.8','2016-06-30',1,1,106,15),(2644,'6.3','2016-06-30',1,1,106,16),(2645,'30000','2016-06-30',1,1,106,17),(2646,'-26','2016-06-30',1,1,121,18),(2647,'-98.8','2016-06-30',1,1,121,19),(2648,'-5','2016-06-30',1,1,121,20),(2649,'-68','2016-06-30',1,1,121,21),(2650,'79','2016-06-30',1,1,136,22),(2651,'0','2016-06-30',1,1,136,23),(2652,'0','2016-06-30',1,1,136,24),(2653,'60','2016-06-30',1,1,136,25),(2654,'0','2016-06-30',1,1,151,26),(2655,'0','2016-06-30',1,1,151,27),(2656,'0','2016-06-30',1,1,151,28),(2657,'0','2016-06-30',1,1,151,29),(2658,'1','2016-06-30',1,1,166,30),(2659,'0','2016-06-30',1,1,166,31),(2660,'1','2016-06-30',1,1,166,32),(2661,'0','2016-06-30',1,1,166,33),(2662,'0','2016-06-30',1,1,166,34),(2663,'4','2016-06-30',1,1,166,35),(2664,'0','2016-06-30',3,2,1,1),(2665,'0','2016-06-30',3,2,16,2),(2666,'0','2016-06-30',3,2,16,3),(2667,'0','2016-06-30',3,2,16,4),(2668,'0','2016-06-30',3,2,16,36),(2669,'0','2016-06-30',3,2,16,37),(2670,'0','2016-06-30',3,2,16,38),(2671,'3.32','2016-06-30',3,2,31,5),(2672,'14','2016-06-30',3,2,46,6),(2673,'0','2016-06-30',3,2,46,7),(2674,'1.25','2016-06-30',3,2,61,8),(2675,'26','2016-06-30',3,2,61,9),(2676,'0','2016-06-30',3,2,61,10),(2677,'18','2016-06-30',3,2,61,11),(2678,'10.54','2016-06-30',3,2,76,12),(2679,'0','2016-06-30',3,2,91,13),(2680,'0','2016-06-30',3,2,91,14),(2681,'2.8','2016-06-30',3,2,106,15),(2682,'6.3','2016-06-30',3,2,106,16),(2683,'0','2016-06-30',3,2,106,17),(2684,'1','2016-06-30',3,2,121,18),(2685,'-15','2016-06-30',3,2,121,19),(2686,'-8','2016-06-30',3,2,121,20),(2687,'-62','2016-06-30',3,2,121,21),(2688,'79','2016-06-30',3,2,136,22),(2689,'0','2016-06-30',3,2,136,23),(2690,'0','2016-06-30',3,2,136,24),(2691,'60','2016-06-30',3,2,136,25),(2692,'0','2016-06-30',3,2,151,26),(2693,'0','2016-06-30',3,2,151,27),(2694,'0','2016-06-30',3,2,151,28),(2695,'0','2016-06-30',3,2,151,29),(2696,'1','2016-06-30',3,2,166,30),(2697,'0','2016-06-30',3,2,166,31),(2698,'1','2016-06-30',3,2,166,32),(2699,'0','2016-06-30',3,2,166,33),(2700,'0','2016-06-30',3,2,166,34),(2701,'5','2016-06-30',3,2,166,35),(2702,'0','2016-06-30',3,3,1,1),(2703,'0','2016-06-30',3,3,16,2),(2704,'0','2016-06-30',3,3,16,3),(2705,'0','2016-06-30',3,3,16,4),(2706,'0','2016-06-30',3,3,16,36),(2707,'0','2016-06-30',3,3,16,37),(2708,'0','2016-06-30',3,3,16,38),(2709,'0','2016-06-30',3,3,31,5),(2710,'14','2016-06-30',3,3,46,6),(2711,'0','2016-06-30',3,3,46,7),(2712,'1.25','2016-06-30',3,3,61,8),(2713,'26','2016-06-30',3,3,61,9),(2714,'0','2016-06-30',3,3,61,10),(2715,'18','2016-06-30',3,3,61,11),(2716,'0.97','2016-06-30',3,3,76,12),(2717,'0','2016-06-30',3,3,91,13),(2718,'0','2016-06-30',3,3,91,14),(2719,'2.8','2016-06-30',3,3,106,15),(2720,'6.3','2016-06-30',3,3,106,16),(2721,'0','2016-06-30',3,3,106,17),(2722,'5','2016-06-30',3,3,121,18),(2723,'1','2016-06-30',3,3,121,19),(2724,'1','2016-06-30',3,3,121,20),(2725,'6','2016-06-30',3,3,121,21),(2726,'79','2016-06-30',3,3,136,22),(2727,'0','2016-06-30',3,3,136,23),(2728,'0','2016-06-30',3,3,136,24),(2729,'60','2016-06-30',3,3,136,25),(2730,'0','2016-06-30',3,3,151,26),(2731,'0','2016-06-30',3,3,151,27),(2732,'0','2016-06-30',3,3,151,28),(2733,'0','2016-06-30',3,3,151,29),(2734,'0','2016-06-30',3,3,166,30),(2735,'0','2016-06-30',3,3,166,31),(2736,'0','2016-06-30',3,3,166,32),(2737,'0','2016-06-30',3,3,166,33),(2738,'0','2016-06-30',3,3,166,34),(2739,'5','2016-06-30',3,3,166,35),(2740,'0','2016-06-30',3,4,1,1),(2741,'0','2016-06-30',3,4,16,2),(2742,'0','2016-06-30',3,4,16,3),(2743,'0','2016-06-30',3,4,16,4),(2744,'0','2016-06-30',3,4,16,36),(2745,'0','2016-06-30',3,4,16,37),(2746,'0','2016-06-30',3,4,16,38),(2747,'0.14','2016-06-30',3,4,31,5),(2748,'14','2016-06-30',3,4,46,6),(2749,'0','2016-06-30',3,4,46,7),(2750,'1.25','2016-06-30',3,4,61,8),(2751,'26','2016-06-30',3,4,61,9),(2752,'0','2016-06-30',3,4,61,10),(2753,'18','2016-06-30',3,4,61,11),(2754,'5.87','2016-06-30',3,4,76,12),(2755,'0','2016-06-30',3,4,91,13),(2756,'0','2016-06-30',3,4,91,14),(2757,'2.8','2016-06-30',3,4,106,15),(2758,'6.3','2016-06-30',3,4,106,16),(2759,'0','2016-06-30',3,4,106,17),(2760,'-3','2016-06-30',3,4,121,18),(2761,'-4','2016-06-30',3,4,121,19),(2762,'-9','2016-06-30',3,4,121,20),(2763,'-68','2016-06-30',3,4,121,21),(2764,'79','2016-06-30',3,4,136,22),(2765,'0','2016-06-30',3,4,136,23),(2766,'0','2016-06-30',3,4,136,24),(2767,'60','2016-06-30',3,4,136,25),(2768,'0','2016-06-30',3,4,151,26),(2769,'0','2016-06-30',3,4,151,27),(2770,'0','2016-06-30',3,4,151,28),(2771,'0','2016-06-30',3,4,151,29),(2772,'2','2016-06-30',3,4,166,30),(2773,'0','2016-06-30',3,4,166,31),(2774,'0','2016-06-30',3,4,166,32),(2775,'0','2016-06-30',3,4,166,33),(2776,'0','2016-06-30',3,4,166,34),(2777,'4','2016-06-30',3,4,166,35),(2778,'0','2016-06-30',3,5,1,1),(2779,'0','2016-06-30',3,5,16,2),(2780,'0','2016-06-30',3,5,16,3),(2781,'0','2016-06-30',3,5,16,4),(2782,'0','2016-06-30',3,5,16,36),(2783,'0','2016-06-30',3,5,16,37),(2784,'0','2016-06-30',3,5,16,38),(2785,'0.03','2016-06-30',3,5,31,5),(2786,'14','2016-06-30',3,5,46,6),(2787,'0','2016-06-30',3,5,46,7),(2788,'1.25','2016-06-30',3,5,61,8),(2789,'26','2016-06-30',3,5,61,9),(2790,'0','2016-06-30',3,5,61,10),(2791,'18','2016-06-30',3,5,61,11),(2792,'4.49','2016-06-30',3,5,76,12),(2793,'0','2016-06-30',3,5,91,13),(2794,'0','2016-06-30',3,5,91,14),(2795,'2.8','2016-06-30',3,5,106,15),(2796,'6.3','2016-06-30',3,5,106,16),(2797,'0','2016-06-30',3,5,106,17),(2798,'4','2016-06-30',3,5,121,18),(2799,'-26','2016-06-30',3,5,121,19),(2800,'-9','2016-06-30',3,5,121,20),(2801,'-30','2016-06-30',3,5,121,21),(2802,'79','2016-06-30',3,5,136,22),(2803,'0','2016-06-30',3,5,136,23),(2804,'0','2016-06-30',3,5,136,24),(2805,'60','2016-06-30',3,5,136,25),(2806,'0','2016-06-30',3,5,151,26),(2807,'0','2016-06-30',3,5,151,27),(2808,'0','2016-06-30',3,5,151,28),(2809,'0','2016-06-30',3,5,151,29),(2810,'1','2016-06-30',3,5,166,30),(2811,'0','2016-06-30',3,5,166,31),(2812,'0','2016-06-30',3,5,166,32),(2813,'0','2016-06-30',3,5,166,33),(2814,'0','2016-06-30',3,5,166,34),(2815,'4','2016-06-30',3,5,166,35),(2816,'0','2016-06-30',3,6,1,1),(2817,'0','2016-06-30',3,6,16,2),(2818,'0','2016-06-30',3,6,16,3),(2819,'0','2016-06-30',3,6,16,4),(2820,'0','2016-06-30',3,6,16,36),(2821,'0','2016-06-30',3,6,16,37),(2822,'0','2016-06-30',3,6,16,38),(2823,'1.25','2016-06-30',3,6,31,5),(2824,'14','2016-06-30',3,6,46,6),(2825,'0','2016-06-30',3,6,46,7),(2826,'1.25','2016-06-30',3,6,61,8),(2827,'26','2016-06-30',3,6,61,9),(2828,'0','2016-06-30',3,6,61,10),(2829,'18','2016-06-30',3,6,61,11),(2830,'10.26','2016-06-30',3,6,76,12),(2831,'0','2016-06-30',3,6,91,13),(2832,'0','2016-06-30',3,6,91,14),(2833,'2.8','2016-06-30',3,6,106,15),(2834,'6.3','2016-06-30',3,6,106,16),(2835,'0','2016-06-30',3,6,106,17),(2836,'9','2016-06-30',3,6,121,18),(2837,'-3','2016-06-30',3,6,121,19),(2838,'-7','2016-06-30',3,6,121,20),(2839,'42','2016-06-30',3,6,121,21),(2840,'79','2016-06-30',3,6,136,22),(2841,'0','2016-06-30',3,6,136,23),(2842,'0','2016-06-30',3,6,136,24),(2843,'60','2016-06-30',3,6,136,25),(2844,'0','2016-06-30',3,6,151,26),(2845,'0','2016-06-30',3,6,151,27),(2846,'0','2016-06-30',3,6,151,28),(2847,'0','2016-06-30',3,6,151,29),(2848,'0','2016-06-30',3,6,166,30),(2849,'0','2016-06-30',3,6,166,31),(2850,'0','2016-06-30',3,6,166,32),(2851,'0','2016-06-30',3,6,166,33),(2852,'0','2016-06-30',3,6,166,34),(2853,'4','2016-06-30',3,6,166,35),(2854,'1','2016-06-30',3,7,1,1),(2855,'0','2016-06-30',3,7,16,2),(2856,'0','2016-06-30',3,7,16,3),(2857,'0','2016-06-30',3,7,16,4),(2858,'0','2016-06-30',3,7,16,36),(2859,'0','2016-06-30',3,7,16,37),(2860,'0','2016-06-30',3,7,16,38),(2861,'0.01','2016-06-30',3,7,31,5),(2862,'14','2016-06-30',3,7,46,6),(2863,'0','2016-06-30',3,7,46,7),(2864,'1.25','2016-06-30',3,7,61,8),(2865,'26','2016-06-30',3,7,61,9),(2866,'0','2016-06-30',3,7,61,10),(2867,'18','2016-06-30',3,7,61,11),(2868,'6.80','2016-06-30',3,7,76,12),(2869,'1','2016-06-30',3,7,91,13),(2870,'0','2016-06-30',3,7,91,14),(2871,'2.8','2016-06-30',3,7,106,15),(2872,'6.3','2016-06-30',3,7,106,16),(2873,'0','2016-06-30',3,7,106,17),(2874,'1','2016-06-30',3,7,121,18),(2875,'-65','2016-06-30',3,7,121,19),(2876,'1','2016-06-30',3,7,121,20),(2877,'33','2016-06-30',3,7,121,21),(2878,'79','2016-06-30',3,7,136,22),(2879,'0','2016-06-30',3,7,136,23),(2880,'0','2016-06-30',3,7,136,24),(2881,'60','2016-06-30',3,7,136,25),(2882,'0','2016-06-30',3,7,151,26),(2883,'0','2016-06-30',3,7,151,27),(2884,'0','2016-06-30',3,7,151,28),(2885,'0','2016-06-30',3,7,151,29),(2886,'0','2016-06-30',3,7,166,30),(2887,'0','2016-06-30',3,7,166,31),(2888,'0','2016-06-30',3,7,166,32),(2889,'0','2016-06-30',3,7,166,33),(2890,'0','2016-06-30',3,7,166,34),(2891,'5','2016-06-30',3,7,166,35),(2892,'0','2016-06-30',3,8,1,1),(2893,'0','2016-06-30',3,8,16,2),(2894,'0','2016-06-30',3,8,16,3),(2895,'0','2016-06-30',3,8,16,4),(2896,'0','2016-06-30',3,8,16,36),(2897,'0','2016-06-30',3,8,16,37),(2898,'0','2016-06-30',3,8,16,38),(2899,'-1.32','2016-06-30',3,8,31,5),(2900,'14','2016-06-30',3,8,46,6),(2901,'0','2016-06-30',3,8,46,7),(2902,'1.25','2016-06-30',3,8,61,8),(2903,'26','2016-06-30',3,8,61,9),(2904,'0','2016-06-30',3,8,61,10),(2905,'18','2016-06-30',3,8,61,11),(2906,'0','2016-06-30',3,8,76,12),(2907,'0','2016-06-30',3,8,91,13),(2908,'0','2016-06-30',3,8,91,14),(2909,'2.8','2016-06-30',3,8,106,15),(2910,'6.3','2016-06-30',3,8,106,16),(2911,'0','2016-06-30',3,8,106,17),(2912,'-5','2016-06-30',3,8,121,18),(2913,'-55','2016-06-30',3,8,121,19),(2914,'-8','2016-06-30',3,8,121,20),(2915,'-23','2016-06-30',3,8,121,21),(2916,'79','2016-06-30',3,8,136,22),(2917,'0','2016-06-30',3,8,136,23),(2918,'0','2016-06-30',3,8,136,24),(2919,'60','2016-06-30',3,8,136,25),(2920,'0','2016-06-30',3,8,151,26),(2921,'0','2016-06-30',3,8,151,27),(2922,'0','2016-06-30',3,8,151,28),(2923,'0','2016-06-30',3,8,151,29),(2924,'0','2016-06-30',3,8,166,30),(2925,'0','2016-06-30',3,8,166,31),(2926,'0','2016-06-30',3,8,166,32),(2927,'0','2016-06-30',3,8,166,33),(2928,'0','2016-06-30',3,8,166,34),(2929,'5','2016-06-30',3,8,166,35),(2930,'0','2016-06-30',3,9,1,1),(2931,'0','2016-06-30',3,9,16,2),(2932,'0','2016-06-30',3,9,16,3),(2933,'0','2016-06-30',3,9,16,4),(2934,'0','2016-06-30',3,9,16,36),(2935,'0','2016-06-30',3,9,16,37),(2936,'0','2016-06-30',3,9,16,38),(2937,'0.75','2016-06-30',3,9,31,5),(2938,'14','2016-06-30',3,9,46,6),(2939,'0','2016-06-30',3,9,46,7),(2940,'1.25','2016-06-30',3,9,61,8),(2941,'26','2016-06-30',3,9,61,9),(2942,'0','2016-06-30',3,9,61,10),(2943,'18','2016-06-30',3,9,61,11),(2944,'13.76','2016-06-30',3,9,76,12),(2945,'0','2016-06-30',3,9,91,13),(2946,'0','2016-06-30',3,9,91,14),(2947,'2.8','2016-06-30',3,9,106,15),(2948,'6.3','2016-06-30',3,9,106,16),(2949,'0','2016-06-30',3,9,106,17),(2950,'-2','2016-06-30',3,9,121,18),(2951,'-17','2016-06-30',3,9,121,19),(2952,'-9','2016-06-30',3,9,121,20),(2953,'-56','2016-06-30',3,9,121,21),(2954,'79','2016-06-30',3,9,136,22),(2955,'0','2016-06-30',3,9,136,23),(2956,'0','2016-06-30',3,9,136,24),(2957,'60','2016-06-30',3,9,136,25),(2958,'0','2016-06-30',3,9,151,26),(2959,'0','2016-06-30',3,9,151,27),(2960,'0','2016-06-30',3,9,151,28),(2961,'0','2016-06-30',3,9,151,29),(2962,'2','2016-06-30',3,9,166,30),(2963,'0','2016-06-30',3,9,166,31),(2964,'0','2016-06-30',3,9,166,32),(2965,'0','2016-06-30',3,9,166,33),(2966,'0','2016-06-30',3,9,166,34),(2967,'4','2016-06-30',3,9,166,35),(2968,'0','2016-06-30',3,10,1,1),(2969,'0','2016-06-30',3,10,16,2),(2970,'0','2016-06-30',3,10,16,3),(2971,'0','2016-06-30',3,10,16,4),(2972,'0','2016-06-30',3,10,16,36),(2973,'0','2016-06-30',3,10,16,37),(2974,'0','2016-06-30',3,10,16,38),(2975,'-0.61','2016-06-30',3,10,31,5),(2976,'14','2016-06-30',3,10,46,6),(2977,'0','2016-06-30',3,10,46,7),(2978,'1.25','2016-06-30',3,10,61,8),(2979,'26','2016-06-30',3,10,61,9),(2980,'0','2016-06-30',3,10,61,10),(2981,'18','2016-06-30',3,10,61,11),(2982,'2.38','2016-06-30',3,10,76,12),(2983,'0','2016-06-30',3,10,91,13),(2984,'0','2016-06-30',3,10,91,14),(2985,'2.8','2016-06-30',3,10,106,15),(2986,'6.3','2016-06-30',3,10,106,16),(2987,'0','2016-06-30',3,10,106,17),(2988,'-6','2016-06-30',3,10,121,18),(2989,'-7','2016-06-30',3,10,121,19),(2990,'-7','2016-06-30',3,10,121,20),(2991,'-110','2016-06-30',3,10,121,21),(2992,'79','2016-06-30',3,10,136,22),(2993,'0','2016-06-30',3,10,136,23),(2994,'0','2016-06-30',3,10,136,24),(2995,'60','2016-06-30',3,10,136,25),(2996,'0','2016-06-30',3,10,151,26),(2997,'0','2016-06-30',3,10,151,27),(2998,'0','2016-06-30',3,10,151,28),(2999,'0','2016-06-30',3,10,151,29),(3000,'1','2016-06-30',3,10,166,30),(3001,'0','2016-06-30',3,10,166,31),(3002,'0','2016-06-30',3,10,166,32),(3003,'0','2016-06-30',3,10,166,33),(3004,'0','2016-06-30',3,10,166,34),(3005,'5','2016-06-30',3,10,166,35),(3006,'0','2016-06-30',3,11,1,1),(3007,'0','2016-06-30',3,11,16,2),(3008,'0','2016-06-30',3,11,16,3),(3009,'0','2016-06-30',3,11,16,4),(3010,'0','2016-06-30',3,11,16,36),(3011,'0','2016-06-30',3,11,16,37),(3012,'0','2016-06-30',3,11,16,38),(3013,'0.20','2016-06-30',3,11,31,5),(3014,'14','2016-06-30',3,11,46,6),(3015,'0','2016-06-30',3,11,46,7),(3016,'1.25','2016-06-30',3,11,61,8),(3017,'26','2016-06-30',3,11,61,9),(3018,'0','2016-06-30',3,11,61,10),(3019,'18','2016-06-30',3,11,61,11),(3020,'8.18','2016-06-30',3,11,76,12),(3021,'0','2016-06-30',3,11,91,13),(3022,'0','2016-06-30',3,11,91,14),(3023,'2.8','2016-06-30',3,11,106,15),(3024,'6.3','2016-06-30',3,11,106,16),(3025,'0','2016-06-30',3,11,106,17),(3026,'3','2016-06-30',3,11,121,18),(3027,'-55','2016-06-30',3,11,121,19),(3028,'-7','2016-06-30',3,11,121,20),(3029,'-17','2016-06-30',3,11,121,21),(3030,'79','2016-06-30',3,11,136,22),(3031,'0','2016-06-30',3,11,136,23),(3032,'0','2016-06-30',3,11,136,24),(3033,'60','2016-06-30',3,11,136,25),(3034,'0','2016-06-30',3,11,151,26),(3035,'0','2016-06-30',3,11,151,27),(3036,'0','2016-06-30',3,11,151,28),(3037,'0','2016-06-30',3,11,151,29),(3038,'1','2016-06-30',3,11,166,30),(3039,'0','2016-06-30',3,11,166,31),(3040,'0','2016-06-30',3,11,166,32),(3041,'0','2016-06-30',3,11,166,33),(3042,'0','2016-06-30',3,11,166,34),(3043,'5','2016-06-30',3,11,166,35),(3044,'1','2016-06-30',3,12,1,1),(3045,'1','2016-06-30',3,12,16,2),(3046,'0','2016-06-30',3,12,16,3),(3047,'0','2016-06-30',3,12,16,4),(3048,'0','2016-06-30',3,12,16,36),(3049,'0','2016-06-30',3,12,16,37),(3050,'0','2016-06-30',3,12,16,38),(3051,'0.21','2016-06-30',3,12,31,5),(3052,'14','2016-06-30',3,12,46,6),(3053,'0','2016-06-30',3,12,46,7),(3054,'1.25','2016-06-30',3,12,61,8),(3055,'26','2016-06-30',3,12,61,9),(3056,'0','2016-06-30',3,12,61,10),(3057,'18','2016-06-30',3,12,61,11),(3058,'7.97','2016-06-30',3,12,76,12),(3059,'0','2016-06-30',3,12,91,13),(3060,'0','2016-06-30',3,12,91,14),(3061,'2.8','2016-06-30',3,12,106,15),(3062,'6.3','2016-06-30',3,12,106,16),(3063,'0','2016-06-30',3,12,106,17),(3064,'4','2016-06-30',3,12,121,18),(3065,'-39','2016-06-30',3,12,121,19),(3066,'-2','2016-06-30',3,12,121,20),(3067,'-59','2016-06-30',3,12,121,21),(3068,'79','2016-06-30',3,12,136,22),(3069,'0','2016-06-30',3,12,136,23),(3070,'0','2016-06-30',3,12,136,24),(3071,'16','2016-06-30',3,12,136,25),(3072,'0','2016-06-30',3,12,151,26),(3073,'0','2016-06-30',3,12,151,27),(3074,'0','2016-06-30',3,12,151,28),(3075,'0','2016-06-30',3,12,151,29),(3076,'1','2016-06-30',3,12,166,30),(3077,'0','2016-06-30',3,12,166,31),(3078,'0','2016-06-30',3,12,166,32),(3079,'0','2016-06-30',3,12,166,33),(3080,'0','2016-06-30',3,12,166,34),(3081,'5','2016-06-30',3,12,166,35),(3082,'0','2016-06-30',3,13,1,1),(3083,'0','2016-06-30',3,13,16,2),(3084,'0','2016-06-30',3,13,16,3),(3085,'0','2016-06-30',3,13,16,4),(3086,'0','2016-06-30',3,13,16,36),(3087,'0','2016-06-30',3,13,16,37),(3088,'0','2016-06-30',3,13,16,38),(3089,'-0.03','2016-06-30',3,13,31,5),(3090,'14','2016-06-30',3,13,46,6),(3091,'0','2016-06-30',3,13,46,7),(3092,'1.25','2016-06-30',3,13,61,8),(3093,'26','2016-06-30',3,13,61,9),(3094,'0','2016-06-30',3,13,61,10),(3095,'18','2016-06-30',3,13,61,11),(3096,'3.60','2016-06-30',3,13,76,12),(3097,'0','2016-06-30',3,13,91,13),(3098,'0','2016-06-30',3,13,91,14),(3099,'2.8','2016-06-30',3,13,106,15),(3100,'6.3','2016-06-30',3,13,106,16),(3101,'0','2016-06-30',3,13,106,17),(3102,'5','2016-06-30',3,13,121,18),(3103,'-10','2016-06-30',3,13,121,19),(3104,'-1','2016-06-30',3,13,121,20),(3105,'18','2016-06-30',3,13,121,21),(3106,'79','2016-06-30',3,13,136,22),(3107,'0','2016-06-30',3,13,136,23),(3108,'0','2016-06-30',3,13,136,24),(3109,'60','2016-06-30',3,13,136,25),(3110,'0','2016-06-30',3,13,151,26),(3111,'0','2016-06-30',3,13,151,27),(3112,'0','2016-06-30',3,13,151,28),(3113,'0','2016-06-30',3,13,151,29),(3114,'0','2016-06-30',3,13,166,30),(3115,'0','2016-06-30',3,13,166,31),(3116,'0','2016-06-30',3,13,166,32),(3117,'0','2016-06-30',3,13,166,33),(3118,'0','2016-06-30',3,13,166,34),(3119,'5','2016-06-30',3,13,166,35),(3120,'0','2016-06-30',3,14,1,1),(3121,'0','2016-06-30',3,14,16,2),(3122,'0','2016-06-30',3,14,16,3),(3123,'1','2016-06-30',3,14,16,4),(3124,'0','2016-06-30',3,14,16,36),(3125,'0','2016-06-30',3,14,16,37),(3126,'0','2016-06-30',3,14,16,38),(3127,'0.30','2016-06-30',3,14,31,5),(3128,'14','2016-06-30',3,14,46,6),(3129,'0','2016-06-30',3,14,46,7),(3130,'1.25','2016-06-30',3,14,61,8),(3131,'26','2016-06-30',3,14,61,9),(3132,'0','2016-06-30',3,14,61,10),(3133,'18','2016-06-30',3,14,61,11),(3134,'0.41','2016-06-30',3,14,76,12),(3135,'0','2016-06-30',3,14,91,13),(3136,'0','2016-06-30',3,14,91,14),(3137,'2.8','2016-06-30',3,14,106,15),(3138,'6.3','2016-06-30',3,14,106,16),(3139,'0','2016-06-30',3,14,106,17),(3140,'2','2016-06-30',3,14,121,18),(3141,'11','2016-06-30',3,14,121,19),(3142,'-5','2016-06-30',3,14,121,20),(3143,'25','2016-06-30',3,14,121,21),(3144,'79','2016-06-30',3,14,136,22),(3145,'0','2016-06-30',3,14,136,23),(3146,'0','2016-06-30',3,14,136,24),(3147,'60','2016-06-30',3,14,136,25),(3148,'0','2016-06-30',3,14,151,26),(3149,'0','2016-06-30',3,14,151,27),(3150,'0','2016-06-30',3,14,151,28),(3151,'0','2016-06-30',3,14,151,29),(3152,'0','2016-06-30',3,14,166,30),(3153,'0','2016-06-30',3,14,166,31),(3154,'0','2016-06-30',3,14,166,32),(3155,'0','2016-06-30',3,14,166,33),(3156,'0','2016-06-30',3,14,166,34),(3157,'5','2016-06-30',3,14,166,35),(3158,'0','2016-06-30',3,15,1,1),(3159,'0','2016-06-30',3,15,16,2),(3160,'0','2016-06-30',3,15,16,3),(3161,'1','2016-06-30',3,15,16,4),(3162,'0','2016-06-30',3,15,16,36),(3163,'0','2016-06-30',3,15,16,37),(3164,'0','2016-06-30',3,15,16,38),(3165,'0.36','2016-06-30',3,15,31,5),(3166,'14','2016-06-30',3,15,46,6),(3167,'0','2016-06-30',3,15,46,7),(3168,'1.25','2016-06-30',3,15,61,8),(3169,'26','2016-06-30',3,15,61,9),(3170,'0','2016-06-30',3,15,61,10),(3171,'18','2016-06-30',3,15,61,11),(3172,'0','2016-06-30',3,15,76,12),(3173,'0','2016-06-30',3,15,91,13),(3174,'0','2016-06-30',3,15,91,14),(3175,'2.8','2016-06-30',3,15,106,15),(3176,'6.3','2016-06-30',3,15,106,16),(3177,'0','2016-06-30',3,15,106,17),(3178,'6','2016-06-30',3,15,121,18),(3179,'-27','2016-06-30',3,15,121,19),(3180,'-2','2016-06-30',3,15,121,20),(3181,'14','2016-06-30',3,15,121,21),(3182,'79','2016-06-30',3,15,136,22),(3183,'0','2016-06-30',3,15,136,23),(3184,'0','2016-06-30',3,15,136,24),(3185,'60','2016-06-30',3,15,136,25),(3186,'0','2016-06-30',3,15,151,26),(3187,'0','2016-06-30',3,15,151,27),(3188,'0','2016-06-30',3,15,151,28),(3189,'0','2016-06-30',3,15,151,29),(3190,'1','2016-06-30',3,15,166,30),(3191,'0','2016-06-30',3,15,166,31),(3192,'0','2016-06-30',3,15,166,32),(3193,'0','2016-06-30',3,15,166,33),(3194,'0','2016-06-30',3,15,166,34),(3195,'5','2016-06-30',3,15,166,35),(3500,'0','2016-07-31',3,1,1,1),(3501,'0','2016-07-31',3,1,16,2),(3502,'0','2016-07-31',3,1,16,3),(3503,'0','2016-07-31',3,1,16,4),(3504,'0','2016-07-31',3,1,16,36),(3505,'0','2016-07-31',3,1,16,37),(3506,'0','2016-07-31',3,1,16,38),(3507,'-4.9','2016-07-31',3,1,31,5),(3508,'14','2016-07-31',3,1,46,6),(3509,'0','2016-07-31',3,1,46,7),(3510,'1.25','2016-07-31',3,1,61,8),(3511,'21','2016-07-31',3,1,61,9),(3512,'0','2016-07-31',3,1,61,10),(3513,'18','2016-07-31',3,1,61,11),(3514,'6.57','2016-07-31',3,1,76,12),(3515,'306.24','2016-07-31',3,1,91,13),(3516,'0','2016-07-31',3,1,91,14),(3517,'2.8','2016-07-31',3,1,106,15),(3518,'6.3','2016-07-31',3,1,106,16),(3519,'30000','2016-07-31',3,1,106,17),(3520,'-29','2016-07-31',3,1,121,18),(3521,'-115','2016-07-31',3,1,121,19),(3522,'-5','2016-07-31',3,1,121,20),(3523,'-61','2016-07-31',3,1,121,21),(3524,'79','2016-07-31',3,1,136,22),(3525,'0','2016-07-31',3,1,136,23),(3526,'0','2016-07-31',3,1,136,24),(3527,'60','2016-07-31',3,1,136,25),(3528,'0','2016-07-31',3,1,151,26),(3529,'0','2016-07-31',3,1,151,27),(3530,'0','2016-07-31',3,1,151,28),(3531,'0','2016-07-31',3,1,151,29),(3532,'0','2016-07-31',3,1,166,30),(3533,'0','2016-07-31',3,1,166,31),(3534,'1','2016-07-31',3,1,166,32),(3535,'0','2016-07-31',3,1,166,33),(3536,'0','2016-07-31',3,1,166,34),(3537,'4','2016-07-31',3,1,166,35),(3652,'0','2016-07-31',3,2,1,1),(3653,'0','2016-07-31',3,2,16,2),(3654,'0','2016-07-31',3,2,16,3),(3655,'0','2016-07-31',3,2,16,4),(3656,'0','2016-07-31',3,2,16,36),(3657,'0','2016-07-31',3,2,16,37),(3658,'0','2016-07-31',3,2,16,38),(3659,'0','2016-07-31',3,2,31,5),(3660,'14','2016-07-31',3,2,46,6),(3661,'0','2016-07-31',3,2,46,7),(3662,'1.19','2016-07-31',3,2,61,8),(3663,'21','2016-07-31',3,2,61,9),(3664,'0','2016-07-31',3,2,61,10),(3665,'18','2016-07-31',3,2,61,11),(3666,'22','2016-07-31',3,2,76,12),(3667,'0.4','2016-07-31',3,2,91,13),(3668,'0','2016-07-31',3,2,91,14),(3669,'2.8','2016-07-31',3,2,106,15),(3670,'6.3','2016-07-31',3,2,106,16),(3671,'0','2016-07-31',3,2,106,17),(3672,'4','2016-07-31',3,2,121,18),(3673,'-9','2016-07-31',3,2,121,19),(3674,'-7','2016-07-31',3,2,121,20),(3675,'-75','2016-07-31',3,2,121,21),(3676,'96','2016-07-31',3,2,136,22),(3677,'0','2016-07-31',3,2,136,23),(3678,'0','2016-07-31',3,2,136,24),(3679,'60','2016-07-31',3,2,136,25),(3680,'0','2016-07-31',3,2,151,26),(3681,'0','2016-07-31',3,2,151,27),(3682,'0','2016-07-31',3,2,151,28),(3683,'0','2016-07-31',3,2,151,29),(3684,'1','2016-07-31',3,2,166,30),(3685,'0','2016-07-31',3,2,166,31),(3686,'0','2016-07-31',3,2,166,32),(3687,'0','2016-07-31',3,2,166,33),(3688,'0','2016-07-31',3,2,166,34),(3689,'5','2016-07-31',3,2,166,35),(3690,'0','2016-07-31',3,3,1,1),(3691,'0','2016-07-31',3,3,16,2),(3692,'0','2016-07-31',3,3,16,3),(3693,'0','2016-07-31',3,3,16,4),(3694,'0','2016-07-31',3,3,16,36),(3695,'0','2016-07-31',3,3,16,37),(3696,'0','2016-07-31',3,3,16,38),(3697,'0','2016-07-31',3,3,31,5),(3698,'14','2016-07-31',3,3,46,6),(3699,'0','2016-07-31',3,3,46,7),(3700,'1.29','2016-07-31',3,3,61,8),(3701,'21','2016-07-31',3,3,61,9),(3702,'0','2016-07-31',3,3,61,10),(3703,'18','2016-07-31',3,3,61,11),(3704,'1','2016-07-31',3,3,76,12),(3705,'28','2016-07-31',3,3,91,13),(3706,'0','2016-07-31',3,3,91,14),(3707,'2.8','2016-07-31',3,3,106,15),(3708,'6.3','2016-07-31',3,3,106,16),(3709,'8500','2016-07-31',3,3,106,17),(3710,'8','2016-07-31',3,3,121,18),(3711,'7','2016-07-31',3,3,121,19),(3712,'1','2016-07-31',3,3,121,20),(3713,'5','2016-07-31',3,3,121,21),(3714,'85','2016-07-31',3,3,136,22),(3715,'0','2016-07-31',3,3,136,23),(3716,'0','2016-07-31',3,3,136,24),(3717,'60','2016-07-31',3,3,136,25),(3718,'0','2016-07-31',3,3,151,26),(3719,'0','2016-07-31',3,3,151,27),(3720,'0','2016-07-31',3,3,151,28),(3721,'0','2016-07-31',3,3,151,29),(3722,'0','2016-07-31',3,3,166,30),(3723,'0','2016-07-31',3,3,166,31),(3724,'0','2016-07-31',3,3,166,32),(3725,'0','2016-07-31',3,3,166,33),(3726,'5','2016-07-31',3,3,166,34),(3727,'','2016-07-31',3,3,166,35),(3728,'0','2016-07-31',3,4,1,1),(3729,'0','2016-07-31',3,4,16,2),(3730,'0','2016-07-31',3,4,16,3),(3731,'0','2016-07-31',3,4,16,4),(3732,'0','2016-07-31',3,4,16,36),(3733,'0','2016-07-31',3,4,16,37),(3734,'0','2016-07-31',3,4,16,38),(3735,'1','2016-07-31',3,4,31,5),(3736,'14','2016-07-31',3,4,46,6),(3737,'0','2016-07-31',3,4,46,7),(3738,'1.28','2016-07-31',3,4,61,8),(3739,'21','2016-07-31',3,4,61,9),(3740,'0','2016-07-31',3,4,61,10),(3741,'18','2016-07-31',3,4,61,11),(3742,'1','2016-07-31',3,4,76,12),(3743,'2.22','2016-07-31',3,4,91,13),(3744,'0','2016-07-31',3,4,91,14),(3745,'2.8','2016-07-31',3,4,106,15),(3746,'6.3','2016-07-31',3,4,106,16),(3747,'0','2016-07-31',3,4,106,17),(3748,'-5','2016-07-31',3,4,121,18),(3749,'6','2016-07-31',3,4,121,19),(3750,'-8','2016-07-31',3,4,121,20),(3751,'-73','2016-07-31',3,4,121,21),(3752,'84','2016-07-31',3,4,136,22),(3753,'0','2016-07-31',3,4,136,23),(3754,'0','2016-07-31',3,4,136,24),(3755,'60','2016-07-31',3,4,136,25),(3756,'0','2016-07-31',3,4,151,26),(3757,'0','2016-07-31',3,4,151,27),(3758,'0','2016-07-31',3,4,151,28),(3759,'0','2016-07-31',3,4,151,29),(3760,'2','2016-07-31',3,4,166,30),(3761,'0','2016-07-31',3,4,166,31),(3762,'0','2016-07-31',3,4,166,32),(3763,'0','2016-07-31',3,4,166,33),(3764,'0','2016-07-31',3,4,166,34),(3765,'4','2016-07-31',3,4,166,35),(3766,'0','2016-07-31',3,5,1,1),(3767,'0','2016-07-31',3,5,16,2),(3768,'0','2016-07-31',3,5,16,3),(3769,'0','2016-07-31',3,5,16,4),(3770,'0','2016-07-31',3,5,16,36),(3771,'0','2016-07-31',3,5,16,37),(3772,'0','2016-07-31',3,5,16,38),(3773,'0','2016-07-31',3,5,31,5),(3774,'14','2016-07-31',3,5,46,6),(3775,'0','2016-07-31',3,5,46,7),(3776,'1.21','2016-07-31',3,5,61,8),(3777,'21','2016-07-31',3,5,61,9),(3778,'0','2016-07-31',3,5,61,10),(3779,'18','2016-07-31',3,5,61,11),(3780,'10','2016-07-31',3,5,76,12),(3781,'0.72','2016-07-31',3,5,91,13),(3782,'0','2016-07-31',3,5,91,14),(3783,'2.8','2016-07-31',3,5,106,15),(3784,'6.3','2016-07-31',3,5,106,16),(3785,'645','2016-07-31',3,5,106,17),(3786,'5','2016-07-31',3,5,121,18),(3787,'-36','2016-07-31',3,5,121,19),(3788,'-9','2016-07-31',3,5,121,20),(3789,'-119','2016-07-31',3,5,121,21),(3790,'100','2016-07-31',3,5,136,22),(3791,'0','2016-07-31',3,5,136,23),(3792,'0','2016-07-31',3,5,136,24),(3793,'60','2016-07-31',3,5,136,25),(3794,'0','2016-07-31',3,5,151,26),(3795,'0','2016-07-31',3,5,151,27),(3796,'0','2016-07-31',3,5,151,28),(3797,'0','2016-07-31',3,5,151,29),(3798,'1','2016-07-31',3,5,166,30),(3799,'0','2016-07-31',3,5,166,31),(3800,'0','2016-07-31',3,5,166,32),(3801,'0','2016-07-31',3,5,166,33),(3802,'0','2016-07-31',3,5,166,34),(3803,'4','2016-07-31',3,5,166,35),(3804,'0','2016-07-31',3,6,1,1),(3805,'0','2016-07-31',3,6,16,2),(3806,'0','2016-07-31',3,6,16,3),(3807,'0','2016-07-31',3,6,16,4),(3808,'0','2016-07-31',3,6,16,36),(3809,'0','2016-07-31',3,6,16,37),(3810,'0','2016-07-31',3,6,16,38),(3811,'0','2016-07-31',3,6,31,5),(3812,'14','2016-07-31',3,6,46,6),(3813,'0','2016-07-31',3,6,46,7),(3814,'1.36','2016-07-31',3,6,61,8),(3815,'21','2016-07-31',3,6,61,9),(3816,'0','2016-07-31',3,6,61,10),(3817,'18','2016-07-31',3,6,61,11),(3818,'23','2016-07-31',3,6,76,12),(3819,'36.78','2016-07-31',3,6,91,13),(3820,'0','2016-07-31',3,6,91,14),(3821,'2.8','2016-07-31',3,6,106,15),(3822,'6.3','2016-07-31',3,6,106,16),(3823,'6600','2016-07-31',3,6,106,17),(3824,'10','2016-07-31',3,6,121,18),(3825,'-1','2016-07-31',3,6,121,19),(3826,'-6','2016-07-31',3,6,121,20),(3827,'27','2016-07-31',3,6,121,21),(3828,'82','2016-07-31',3,6,136,22),(3829,'0','2016-07-31',3,6,136,23),(3830,'0','2016-07-31',3,6,136,24),(3831,'60','2016-07-31',3,6,136,25),(3832,'0','2016-07-31',3,6,151,26),(3833,'0','2016-07-31',3,6,151,27),(3834,'0','2016-07-31',3,6,151,28),(3835,'0','2016-07-31',3,6,151,29),(3836,'0','2016-07-31',3,6,166,30),(3837,'0','2016-07-31',3,6,166,31),(3838,'0','2016-07-31',3,6,166,32),(3839,'0','2016-07-31',3,6,166,33),(3840,'0','2016-07-31',3,6,166,34),(3841,'2','2016-07-31',3,6,166,35),(3842,'','2016-07-31',3,7,1,1),(3843,'0','2016-07-31',3,7,16,2),(3844,'0','2016-07-31',3,7,16,3),(3845,'0','2016-07-31',3,7,16,4),(3846,'0','2016-07-31',3,7,16,36),(3847,'0','2016-07-31',3,7,16,37),(3848,'0','2016-07-31',3,7,16,38),(3849,'0','2016-07-31',3,7,31,5),(3850,'14','2016-07-31',3,7,46,6),(3851,'0','2016-07-31',3,7,46,7),(3852,'1.38','2016-07-31',3,7,61,8),(3853,'21','2016-07-31',3,7,61,9),(3854,'0','2016-07-31',3,7,61,10),(3855,'18','2016-07-31',3,7,61,11),(3856,'4','2016-07-31',3,7,76,12),(3857,'91.68','2016-07-31',3,7,91,13),(3858,'0','2016-07-31',3,7,91,14),(3859,'2.8','2016-07-31',3,7,106,15),(3860,'6.3','2016-07-31',3,7,106,16),(3861,'0','2016-07-31',3,7,106,17),(3862,'5','2016-07-31',3,7,121,18),(3863,'-80','2016-07-31',3,7,121,19),(3864,'0','2016-07-31',3,7,121,20),(3865,'-6','2016-07-31',3,7,121,21),(3866,'77','2016-07-31',3,7,136,22),(3867,'0','2016-07-31',3,7,136,23),(3868,'0','2016-07-31',3,7,136,24),(3869,'60','2016-07-31',3,7,136,25),(3870,'0','2016-07-31',3,7,151,26),(3871,'0','2016-07-31',3,7,151,27),(3872,'0','2016-07-31',3,7,151,28),(3873,'0','2016-07-31',3,7,151,29),(3874,'0','2016-07-31',3,7,166,30),(3875,'0','2016-07-31',3,7,166,31),(3876,'0','2016-07-31',3,7,166,32),(3877,'0','2016-07-31',3,7,166,33),(3878,'0','2016-07-31',3,7,166,34),(3879,'5','2016-07-31',3,7,166,35),(3880,'0','2016-07-31',3,8,1,1),(3881,'0','2016-07-31',3,8,16,2),(3882,'0','2016-07-31',3,8,16,3),(3883,'0','2016-07-31',3,8,16,4),(3884,'0','2016-07-31',3,8,16,36),(3885,'0','2016-07-31',3,8,16,37),(3886,'0','2016-07-31',3,8,16,38),(3887,'0','2016-07-31',3,8,31,5),(3888,'14','2016-07-31',3,8,46,6),(3889,'0','2016-07-31',3,8,46,7),(3890,'1.44','2016-07-31',3,8,61,8),(3891,'21','2016-07-31',3,8,61,9),(3892,'0','2016-07-31',3,8,61,10),(3893,'18','2016-07-31',3,8,61,11),(3894,'2','2016-07-31',3,8,76,12),(3895,'4.1','2016-07-31',3,8,91,13),(3896,'0','2016-07-31',3,8,91,14),(3897,'2.8','2016-07-31',3,8,106,15),(3898,'6.3','2016-07-31',3,8,106,16),(3899,'0','2016-07-31',3,8,106,17),(3900,'-1','2016-07-31',3,8,121,18),(3901,'66','2016-07-31',3,8,121,19),(3902,'-8','2016-07-31',3,8,121,20),(3903,'-14','2016-07-31',3,8,121,21),(3904,'92','2016-07-31',3,8,136,22),(3905,'0','2016-07-31',3,8,136,23),(3906,'0','2016-07-31',3,8,136,24),(3907,'60','2016-07-31',3,8,136,25),(3908,'0','2016-07-31',3,8,151,26),(3909,'0','2016-07-31',3,8,151,27),(3910,'0','2016-07-31',3,8,151,28),(3911,'0','2016-07-31',3,8,151,29),(3912,'0','2016-07-31',3,8,166,30),(3913,'0','2016-07-31',3,8,166,31),(3914,'0','2016-07-31',3,8,166,32),(3915,'0','2016-07-31',3,8,166,33),(3916,'0','2016-07-31',3,8,166,34),(3917,'5','2016-07-31',3,8,166,35),(3918,'0','2016-07-31',3,9,1,1),(3919,'0','2016-07-31',3,9,16,2),(3920,'0','2016-07-31',3,9,16,3),(3921,'0','2016-07-31',3,9,16,4),(3922,'0','2016-07-31',3,9,16,36),(3923,'0','2016-07-31',3,9,16,37),(3924,'0','2016-07-31',3,9,16,38),(3925,'0','2016-07-31',3,9,31,5),(3926,'14','2016-07-31',3,9,46,6),(3927,'0','2016-07-31',3,9,46,7),(3928,'0.94','2016-07-31',3,9,61,8),(3929,'21','2016-07-31',3,9,61,9),(3930,'0','2016-07-31',3,9,61,10),(3931,'18','2016-07-31',3,9,61,11),(3932,'21','2016-07-31',3,9,76,12),(3933,'9.67','2016-07-31',3,9,91,13),(3934,'0','2016-07-31',3,9,91,14),(3935,'2.8','2016-07-31',3,9,106,15),(3936,'6.3','2016-07-31',3,9,106,16),(3937,'0','2016-07-31',3,9,106,17),(3938,'1','2016-07-31',3,9,121,18),(3939,'-12','2016-07-31',3,9,121,19),(3940,'-8','2016-07-31',3,9,121,20),(3941,'-59','2016-07-31',3,9,121,21),(3942,'94','2016-07-31',3,9,136,22),(3943,'0','2016-07-31',3,9,136,23),(3944,'0','2016-07-31',3,9,136,24),(3945,'60','2016-07-31',3,9,136,25),(3946,'0','2016-07-31',3,9,151,26),(3947,'0','2016-07-31',3,9,151,27),(3948,'0','2016-07-31',3,9,151,28),(3949,'0','2016-07-31',3,9,151,29),(3950,'0','2016-07-31',3,9,166,30),(3951,'0','2016-07-31',3,9,166,31),(3952,'100','2016-07-31',3,9,166,32),(3953,'0','2016-07-31',3,9,166,33),(3954,'0','2016-07-31',3,9,166,34),(3955,'4','2016-07-31',3,9,166,35),(3956,'0','2016-07-31',3,10,1,1),(3957,'0','2016-07-31',3,10,16,2),(3958,'0','2016-07-31',3,10,16,3),(3959,'0','2016-07-31',3,10,16,4),(3960,'0','2016-07-31',3,10,16,36),(3961,'0','2016-07-31',3,10,16,37),(3962,'0','2016-07-31',3,10,16,38),(3963,'0','2016-07-31',3,10,31,5),(3964,'14','2016-07-31',3,10,46,6),(3965,'0','2016-07-31',3,10,46,7),(3966,'1.28','2016-07-31',3,10,61,8),(3967,'21','2016-07-31',3,10,61,9),(3968,'0','2016-07-31',3,10,61,10),(3969,'18','2016-07-31',3,10,61,11),(3970,'1','2016-07-31',3,10,76,12),(3971,'0','2016-07-31',3,10,91,13),(3972,'0','2016-07-31',3,10,91,14),(3973,'2.8','2016-07-31',3,10,106,15),(3974,'6.3','2016-07-31',3,10,106,16),(3975,'0','2016-07-31',3,10,106,17),(3976,'-4','2016-07-31',3,10,121,18),(3977,'3','2016-07-31',3,10,121,19),(3978,'-8','2016-07-31',3,10,121,20),(3979,'-94','2016-07-31',3,10,121,21),(3980,'94','2016-07-31',3,10,136,22),(3981,'0','2016-07-31',3,10,136,23),(3982,'0','2016-07-31',3,10,136,24),(3983,'60','2016-07-31',3,10,136,25),(3984,'0','2016-07-31',3,10,151,26),(3985,'0','2016-07-31',3,10,151,27),(3986,'0','2016-07-31',3,10,151,28),(3987,'0','2016-07-31',3,10,151,29),(3988,'1','2016-07-31',3,10,166,30),(3989,'0','2016-07-31',3,10,166,31),(3990,'0','2016-07-31',3,10,166,32),(3991,'0','2016-07-31',3,10,166,33),(3992,'0','2016-07-31',3,10,166,34),(3993,'5','2016-07-31',3,10,166,35),(3994,'0','2016-07-31',3,11,1,1),(3995,'0','2016-07-31',3,11,16,2),(3996,'0','2016-07-31',3,11,16,3),(3997,'0','2016-07-31',3,11,16,4),(3998,'0','2016-07-31',3,11,16,36),(3999,'0','2016-07-31',3,11,16,37),(4000,'0','2016-07-31',3,11,16,38),(4001,'0','2016-07-31',3,11,31,5),(4002,'14','2016-07-31',3,11,46,6),(4003,'0','2016-07-31',3,11,46,7),(4004,'1.36','2016-07-31',3,11,61,8),(4005,'21','2016-07-31',3,11,61,9),(4006,'1','2016-07-31',3,11,61,10),(4007,'18','2016-07-31',3,11,61,11),(4008,'29','2016-07-31',3,11,76,12),(4009,'2.92','2016-07-31',3,11,91,13),(4010,'0','2016-07-31',3,11,91,14),(4011,'2.8','2016-07-31',3,11,106,15),(4012,'3.6','2016-07-31',3,11,106,16),(4013,'0','2016-07-31',3,11,106,17),(4014,'6','2016-07-31',3,11,121,18),(4015,'-18','2016-07-31',3,11,121,19),(4016,'-5','2016-07-31',3,11,121,20),(4017,'15','2016-07-31',3,11,121,21),(4018,'91','2016-07-31',3,11,136,22),(4019,'0','2016-07-31',3,11,136,23),(4020,'0','2016-07-31',3,11,136,24),(4021,'60','2016-07-31',3,11,136,25),(4022,'0','2016-07-31',3,11,151,26),(4023,'0','2016-07-31',3,11,151,27),(4024,'0','2016-07-31',3,11,151,28),(4025,'0','2016-07-31',3,11,151,29),(4026,'0','2016-07-31',3,11,166,30),(4027,'0','2016-07-31',3,11,166,31),(4028,'0','2016-07-31',3,11,166,32),(4029,'0','2016-07-31',3,11,166,33),(4030,'0','2016-07-31',3,11,166,34),(4031,'5','2016-07-31',3,11,166,35),(4032,'0','2016-07-31',3,12,1,1),(4033,'1','2016-07-31',3,12,16,2),(4034,'0','2016-07-31',3,12,16,3),(4035,'0','2016-07-31',3,12,16,4),(4036,'0','2016-07-31',3,12,16,36),(4037,'0','2016-07-31',3,12,16,37),(4038,'0','2016-07-31',3,12,16,38),(4039,'0','2016-07-31',3,12,31,5),(4040,'14','2016-07-31',3,12,46,6),(4041,'0','2016-07-31',3,12,46,7),(4042,'1.44','2016-07-31',3,12,61,8),(4043,'21','2016-07-31',3,12,61,9),(4044,'1','2016-07-31',3,12,61,10),(4045,'18','2016-07-31',3,12,61,11),(4046,'17','2016-07-31',3,12,76,12),(4047,'79.68','2016-07-31',3,12,91,13),(4048,'0','2016-07-31',3,12,91,14),(4049,'2.8','2016-07-31',3,12,106,15),(4050,'6.3','2016-07-31',3,12,106,16),(4051,'0','2016-07-31',3,12,106,17),(4052,'7','2016-07-31',3,12,121,18),(4053,'-32','2016-07-31',3,12,121,19),(4054,'-1','2016-07-31',3,12,121,20),(4055,'-81','2016-07-31',3,12,121,21),(4056,'92','2016-07-31',3,12,136,22),(4057,'0','2016-07-31',3,12,136,23),(4058,'1','2016-07-31',3,12,136,24),(4059,'60','2016-07-31',3,12,136,25),(4060,'0','2016-07-31',3,12,151,26),(4061,'0','2016-07-31',3,12,151,27),(4062,'0','2016-07-31',3,12,151,28),(4063,'0','2016-07-31',3,12,151,29),(4064,'0','2016-07-31',3,12,166,30),(4065,'0','2016-07-31',3,12,166,31),(4066,'0','2016-07-31',3,12,166,32),(4067,'0','2016-07-31',3,12,166,33),(4068,'0','2016-07-31',3,12,166,34),(4069,'5','2016-07-31',3,12,166,35),(4070,'0','2016-07-31',3,13,1,1),(4071,'0','2016-07-31',3,13,16,2),(4072,'0','2016-07-31',3,13,16,3),(4073,'0','2016-07-31',3,13,16,4),(4074,'0','2016-07-31',3,13,16,36),(4075,'0','2016-07-31',3,13,16,37),(4076,'0','2016-07-31',3,13,16,38),(4077,'1','2016-07-31',3,13,31,5),(4078,'14','2016-07-31',3,13,46,6),(4079,'0','2016-07-31',3,13,46,7),(4080,'1.16','2016-07-31',3,13,61,8),(4081,'21','2016-07-31',3,13,61,9),(4082,'0','2016-07-31',3,13,61,10),(4083,'18','2016-07-31',3,13,61,11),(4084,'13','2016-07-31',3,13,76,12),(4085,'0.72','2016-07-31',3,13,91,13),(4086,'0','2016-07-31',3,13,91,14),(4087,'2.8','2016-07-31',3,13,106,15),(4088,'6.3','2016-07-31',3,13,106,16),(4089,'0','2016-07-31',3,13,106,17),(4090,'7','2016-07-31',3,13,121,18),(4091,'-7','2016-07-31',3,13,121,19),(4092,'0','2016-07-31',3,13,121,20),(4093,'26','2016-07-31',3,13,121,21),(4094,'81','2016-07-31',3,13,136,22),(4095,'0','2016-07-31',3,13,136,23),(4096,'0','2016-07-31',3,13,136,24),(4097,'60','2016-07-31',3,13,136,25),(4098,'0','2016-07-31',3,13,151,26),(4099,'0','2016-07-31',3,13,151,27),(4100,'0','2016-07-31',3,13,151,28),(4101,'0','2016-07-31',3,13,151,29),(4102,'0','2016-07-31',3,13,166,30),(4103,'0','2016-07-31',3,13,166,31),(4104,'0','2016-07-31',3,13,166,32),(4105,'0','2016-07-31',3,13,166,33),(4106,'0','2016-07-31',3,13,166,34),(4107,'5','2016-07-31',3,13,166,35),(4108,'0','2016-07-31',3,14,1,1),(4109,'0','2016-07-31',3,14,16,2),(4110,'0','2016-07-31',3,14,16,3),(4111,'1','2016-07-31',3,14,16,4),(4112,'0','2016-07-31',3,14,16,36),(4113,'0','2016-07-31',3,14,16,37),(4114,'0','2016-07-31',3,14,16,38),(4115,'0','2016-07-31',3,14,31,5),(4116,'14','2016-07-31',3,14,46,6),(4117,'0','2016-07-31',3,14,46,7),(4118,'0.95','2016-07-31',3,14,61,8),(4119,'21','2016-07-31',3,14,61,9),(4120,'0','2016-07-31',3,14,61,10),(4121,'18','2016-07-31',3,14,61,11),(4122,'`5','2016-07-31',3,14,76,12),(4123,'9.68','2016-07-31',3,14,91,13),(4124,'176.5','2016-07-31',3,14,91,14),(4125,'2.8','2016-07-31',3,14,106,15),(4126,'6.3','2016-07-31',3,14,106,16),(4127,'3343','2016-07-31',3,14,106,17),(4128,'2','2016-07-31',3,14,121,18),(4129,'-16','2016-07-31',3,14,121,19),(4130,'-5','2016-07-31',3,14,121,20),(4131,'26','2016-07-31',3,14,121,21),(4132,'80','2016-07-31',3,14,136,22),(4133,'0','2016-07-31',3,14,136,23),(4134,'0','2016-07-31',3,14,136,24),(4135,'60','2016-07-31',3,14,136,25),(4136,'0','2016-07-31',3,14,151,26),(4137,'0','2016-07-31',3,14,151,27),(4138,'0','2016-07-31',3,14,151,28),(4139,'0','2016-07-31',3,14,151,29),(4140,'2','2016-07-31',3,14,166,30),(4141,'0','2016-07-31',3,14,166,31),(4142,'0','2016-07-31',3,14,166,32),(4143,'0','2016-07-31',3,14,166,33),(4144,'0','2016-07-31',3,14,166,34),(4145,'5','2016-07-31',3,14,166,35),(4146,'0','2016-07-31',3,15,1,1),(4147,'0','2016-07-31',3,15,16,2),(4148,'0','2016-07-31',3,15,16,3),(4149,'0','2016-07-31',3,15,16,4),(4150,'0','2016-07-31',3,15,16,36),(4151,'0','2016-07-31',3,15,16,37),(4152,'0','2016-07-31',3,15,16,38),(4153,'0','2016-07-31',3,15,31,5),(4154,'14','2016-07-31',3,15,46,6),(4155,'0','2016-07-31',3,15,46,7),(4156,'0.95','2016-07-31',3,15,61,8),(4157,'21','2016-07-31',3,15,61,9),(4158,'0','2016-07-31',3,15,61,10),(4159,'18','2016-07-31',3,15,61,11),(4160,'3','2016-07-31',3,15,76,12),(4161,'98.28','2016-07-31',3,15,91,13),(4162,'0','2016-07-31',3,15,91,14),(4163,'2.8','2016-07-31',3,15,106,15),(4164,'6.3','2016-07-31',3,15,106,16),(4165,'1044','2016-07-31',3,15,106,17),(4166,'8','2016-07-31',3,15,121,18),(4167,'-79','2016-07-31',3,15,121,19),(4168,'-2','2016-07-31',3,15,121,20),(4169,'20','2016-07-31',3,15,121,21),(4170,'78','2016-07-31',3,15,136,22),(4171,'0','2016-07-31',3,15,136,23),(4172,'0','2016-07-31',3,15,136,24),(4173,'60','2016-07-31',3,15,136,25),(4174,'0','2016-07-31',3,15,151,26),(4175,'0','2016-07-31',3,15,151,27),(4176,'0','2016-07-31',3,15,151,28),(4177,'0','2016-07-31',3,15,151,29),(4178,'1','2016-07-31',3,15,166,30),(4179,'0','2016-07-31',3,15,166,31),(4180,'0','2016-07-31',3,15,166,32),(4181,'0','2016-07-31',3,15,166,33),(4182,'0','2016-07-31',3,15,166,34),(4183,'5','2016-07-31',3,15,166,35),(4420,'1.18','2016-08-31',1,3,1,1),(4421,'-0.77','2016-08-31',1,3,1,40),(4422,'0','2016-08-31',1,3,16,2),(4423,'0','2016-08-31',1,3,16,3),(4424,'0','2016-08-31',1,3,16,4),(4425,'0','2016-08-31',1,3,16,36),(4426,'0','2016-08-31',1,3,16,37),(4427,'0','2016-08-31',1,3,16,38),(4428,'0','2016-08-31',1,3,31,5),(4429,'9.9.2016 ','2016-08-31',1,3,46,6),(4430,'0','2016-08-31',1,3,46,7),(4431,'1.29','2016-08-31',1,3,61,8),(4432,'0','2016-08-31',1,3,61,9),(4433,'0','2016-08-31',1,3,61,10),(4434,'0','2016-08-31',1,3,61,11),(4435,'0','2016-08-31',1,3,76,12),(4436,'0','2016-08-31',1,3,91,13),(4437,'0','2016-08-31',1,3,91,14),(4438,'2.09','2016-08-31',1,3,106,15),(4439,'4.69','2016-08-31',1,3,106,16),(4440,'0','2016-08-31',1,3,106,17),(4441,'1','2016-08-31',1,3,121,18),(4442,'-4','2016-08-31',1,3,121,19),(4443,'3','2016-08-31',1,3,121,20),(4444,'22','2016-08-31',1,3,121,21),(4445,'0','2016-08-31',1,3,121,41),(4446,'86','2016-08-31',1,3,136,22),(4447,'22','2016-08-31',1,3,136,23),(4448,'0','2016-08-31',1,3,136,24),(4449,'60','2016-08-31',1,3,136,25),(4450,'0','2016-08-31',1,3,151,26),(4451,'0','2016-08-31',1,3,151,27),(4452,'0','2016-08-31',1,3,151,28),(4453,'0','2016-08-31',1,3,151,29),(4454,'0','2016-08-31',1,3,166,30),(4455,'0','2016-08-31',1,3,166,31),(4456,'100','2016-08-31',1,3,166,32),(4457,'0','2016-08-31',1,3,166,33),(4458,'0','2016-08-31',1,3,166,34),(4459,'5','2016-08-31',1,3,166,35),(4460,'0','2016-08-31',1,3,196,42),(4461,'0','2016-08-31',1,3,196,43),(4462,'0','2016-08-31',1,3,196,44),(4463,'2','2016-08-31',1,3,196,50),(4464,'0','2016-08-31',1,3,196,46),(4465,'2','2016-08-31',1,3,196,47),(4466,'-8.59','2016-08-31',1,1,1,1),(4467,'-4.31','2016-08-31',1,1,1,40),(4468,'0','2016-08-31',1,1,16,2),(4469,'0','2016-08-31',1,1,16,3),(4470,'0','2016-08-31',1,1,16,4),(4471,'0','2016-08-31',1,1,16,36),(4472,'0','2016-08-31',1,1,16,37),(4473,'0','2016-08-31',1,1,16,38),(4474,'-0.36','2016-08-31',1,1,31,5),(4475,'9.9.2016','2016-08-31',1,1,46,6),(4476,'0','2016-08-31',1,1,46,7),(4477,'1.25','2016-08-31',1,1,61,8),(4478,'0','2016-08-31',1,1,61,9),(4479,'0','2016-08-31',1,1,61,10),(4480,'0','2016-08-31',1,1,61,11),(4481,'0.48','2016-08-31',1,1,76,12),(4482,'0','2016-08-31',1,1,91,13),(4483,'0','2016-08-31',1,1,91,14),(4484,'2.09','2016-08-31',1,1,106,15),(4485,'4.69','2016-08-31',1,1,106,16),(4486,'0','2016-08-31',1,1,106,17),(4487,'-25','2016-08-31',1,1,121,18),(4488,'-95.8','2016-08-31',1,1,121,19),(4489,'-5','2016-08-31',1,1,121,20),(4490,'-43','2016-08-31',1,1,121,21),(4491,'0','2016-08-31',1,1,121,41),(4492,'77','2016-08-31',1,1,136,22),(4493,'22','2016-08-31',1,1,136,23),(4494,'0','2016-08-31',1,1,136,24),(4495,'59','2016-08-31',1,1,136,25),(4496,'0','2016-08-31',1,1,151,26),(4497,'0','2016-08-31',1,1,151,27),(4498,'0','2016-08-31',1,1,151,28),(4499,'0','2016-08-31',1,1,151,29),(4500,'0','2016-08-31',1,1,166,30),(4501,'0','2016-08-31',1,1,166,31),(4502,'100','2016-08-31',1,1,166,32),(4503,'0','2016-08-31',1,1,166,33),(4504,'0','2016-08-31',1,1,166,34),(4505,'4','2016-08-31',1,1,166,35),(4506,'0','2016-08-31',1,1,196,42),(4507,'0','2016-08-31',1,1,196,43),(4508,'0','2016-08-31',1,1,196,44),(4509,'0','2016-08-31',1,1,196,50),(4510,'0','2016-08-31',1,1,196,46),(4511,'0','2016-08-31',1,1,196,47),(4512,'-11.28','2016-08-31',1,2,1,1),(4513,'1.00','2016-08-31',1,2,1,40),(4514,'0','2016-08-31',1,2,16,2),(4515,'0','2016-08-31',1,2,16,3),(4516,'0','2016-08-31',1,2,16,4),(4517,'0','2016-08-31',1,2,16,36),(4518,'0','2016-08-31',1,2,16,37),(4519,'0','2016-08-31',1,2,16,38),(4520,'0','2016-08-31',1,2,31,5),(4521,'9.9.2016','2016-08-31',1,2,46,6),(4522,'0','2016-08-31',1,2,46,7),(4523,'1.19','2016-08-31',1,2,61,8),(4524,'0','2016-08-31',1,2,61,9),(4525,'0','2016-08-31',1,2,61,10),(4526,'0','2016-08-31',1,2,61,11),(4527,'2.5','2016-08-31',1,2,76,12),(4528,'0','2016-08-31',1,2,91,13),(4529,'0','2016-08-31',1,2,91,14),(4530,'2.09','2016-08-31',1,2,106,15),(4531,'4.69','2016-08-31',1,2,106,16),(4532,'0','2016-08-31',1,2,106,17),(4533,'-10','2016-08-31',1,2,121,18),(4534,'-24','2016-08-31',1,2,121,19),(4535,'-6','2016-08-31',1,2,121,20),(4536,'-29','2016-08-31',1,2,121,21),(4537,'0','2016-08-31',1,2,121,41),(4538,'97','2016-08-31',1,2,136,22),(4539,'22','2016-08-31',1,2,136,23),(4540,'0','2016-08-31',1,2,136,24),(4541,'62','2016-08-31',1,2,136,25),(4542,'0','2016-08-31',1,2,151,26),(4543,'0','2016-08-31',1,2,151,27),(4544,'0','2016-08-31',1,2,151,28),(4545,'0','2016-08-31',1,2,151,29),(4546,'0','2016-08-31',1,2,166,30),(4547,'0','2016-08-31',1,2,166,31),(4548,'100','2016-08-31',1,2,166,32),(4549,'0','2016-08-31',1,2,166,33),(4550,'0','2016-08-31',1,2,166,34),(4551,'5','2016-08-31',1,2,166,35),(4552,'0','2016-08-31',1,2,196,42),(4553,'0','2016-08-31',1,2,196,43),(4554,'0','2016-08-31',1,2,196,44),(4555,'1','2016-08-31',1,2,196,50),(4556,'0','2016-08-31',1,2,196,46),(4557,'1','2016-08-31',1,2,196,47),(4558,'-25.29','2016-08-31',1,4,1,1),(4559,'3.58','2016-08-31',1,4,1,40),(4560,'0','2016-08-31',1,4,16,2),(4561,'0','2016-08-31',1,4,16,3),(4562,'0','2016-08-31',1,4,16,4),(4563,'0','2016-08-31',1,4,16,36),(4564,'0','2016-08-31',1,4,16,37),(4565,'0','2016-08-31',1,4,16,38),(4566,'0.22','2016-08-31',1,4,31,5),(4567,'9.9.2016','2016-08-31',1,4,46,6),(4568,'0','2016-08-31',1,4,46,7),(4569,'1.28','2016-08-31',1,4,61,8),(4570,'0','2016-08-31',1,4,61,9),(4571,'0','2016-08-31',1,4,61,10),(4572,'0','2016-08-31',1,4,61,11),(4573,'0.06','2016-08-31',1,4,76,12),(4574,'0','2016-08-31',1,4,91,13),(4575,'0','2016-08-31',1,4,91,14),(4576,'2.09','2016-08-31',1,4,106,15),(4577,'4.69','2016-08-31',1,4,106,16),(4578,'0','2016-08-31',1,4,106,17),(4579,'-3','2016-08-31',1,4,121,18),(4580,'5','2016-08-31',1,4,121,19),(4581,'-6','2016-08-31',1,4,121,20),(4582,'-29','2016-08-31',1,4,121,21),(4583,'0','2016-08-31',1,4,121,41),(4584,'85','2016-08-31',1,4,136,22),(4585,'22','2016-08-31',1,4,136,23),(4586,'0','2016-08-31',1,4,136,24),(4587,'60','2016-08-31',1,4,136,25),(4588,'0','2016-08-31',1,4,151,26),(4589,'0','2016-08-31',1,4,151,27),(4590,'0','2016-08-31',1,4,151,28),(4591,'0','2016-08-31',1,4,151,29),(4592,'0','2016-08-31',1,4,166,30),(4593,'0','2016-08-31',1,4,166,31),(4594,'100','2016-08-31',1,4,166,32),(4595,'0','2016-08-31',1,4,166,33),(4596,'0','2016-08-31',1,4,166,34),(4597,'4','2016-08-31',1,4,166,35),(4598,'0','2016-08-31',1,4,196,42),(4599,'0','2016-08-31',1,4,196,43),(4600,'0','2016-08-31',1,4,196,44),(4601,'0','2016-08-31',1,4,196,50),(4602,'0','2016-08-31',1,4,196,46),(4603,'0','2016-08-31',1,4,196,47),(4604,'-1.71','2016-08-31',1,5,1,1),(4605,'2.77','2016-08-31',1,5,1,40),(4606,'0','2016-08-31',1,5,16,2),(4607,'0','2016-08-31',1,5,16,3),(4608,'0','2016-08-31',1,5,16,4),(4609,'0','2016-08-31',1,5,16,36),(4610,'0','2016-08-31',1,5,16,37),(4611,'0','2016-08-31',1,5,16,38),(4612,'-0.45','2016-08-31',1,5,31,5),(4613,'9.9.2016','2016-08-31',1,5,46,6),(4614,'0','2016-08-31',1,5,46,7),(4615,'1.25','2016-08-31',1,5,61,8),(4616,'0','2016-08-31',1,5,61,9),(4617,'0','2016-08-31',1,5,61,10),(4618,'0','2016-08-31',1,5,61,11),(4619,'0.37','2016-08-31',1,5,76,12),(4620,'0','2016-08-31',1,5,91,13),(4621,'0','2016-08-31',1,5,91,14),(4622,'2.09','2016-08-31',1,5,106,15),(4623,'4.69','2016-08-31',1,5,106,16),(4624,'0','2016-08-31',1,5,106,17),(4625,'-13','2016-08-31',1,5,121,18),(4626,'-33.8','2016-08-31',1,5,121,19),(4627,'-8','2016-08-31',1,5,121,20),(4628,'6','2016-08-31',1,5,121,21),(4629,'0','2016-08-31',1,5,121,41),(4630,'100','2016-08-31',1,5,136,22),(4631,'22','2016-08-31',1,5,136,23),(4632,'0','2016-08-31',1,5,136,24),(4633,'61','2016-08-31',1,5,136,25),(4634,'0','2016-08-31',1,5,151,26),(4635,'0','2016-08-31',1,5,151,27),(4636,'0','2016-08-31',1,5,151,28),(4637,'0','2016-08-31',1,5,151,29),(4638,'0','2016-08-31',1,5,166,30),(4639,'0','2016-08-31',1,5,166,31),(4640,'100','2016-08-31',1,5,166,32),(4641,'0','2016-08-31',1,5,166,33),(4642,'0','2016-08-31',1,5,166,34),(4643,'4','2016-08-31',1,5,166,35),(4644,'0','2016-08-31',1,5,196,42),(4645,'0','2016-08-31',1,5,196,43),(4646,'0','2016-08-31',1,5,196,44),(4647,'0','2016-08-31',1,5,196,50),(4648,'0','2016-08-31',1,5,196,46),(4649,'0','2016-08-31',1,5,196,47),(4650,'-0.60','2016-08-31',1,6,1,1),(4651,'-0.15','2016-08-31',1,6,1,40),(4652,'0','2016-08-31',1,6,16,2),(4653,'0','2016-08-31',1,6,16,3),(4654,'0','2016-08-31',1,6,16,4),(4655,'0','2016-08-31',1,6,16,36),(4656,'0','2016-08-31',1,6,16,37),(4657,'0','2016-08-31',1,6,16,38),(4658,'0.15','2016-08-31',1,6,31,5),(4659,'9.9.2016','2016-08-31',1,6,46,6),(4660,'0','2016-08-31',1,6,46,7),(4661,'1.36','2016-08-31',1,6,61,8),(4662,'0','2016-08-31',1,6,61,9),(4663,'0','2016-08-31',1,6,61,10),(4664,'0','2016-08-31',1,6,61,11),(4665,'0.94','2016-08-31',1,6,76,12),(4666,'0','2016-08-31',1,6,91,13),(4667,'0','2016-08-31',1,6,91,14),(4668,'2.09','2016-08-31',1,6,106,15),(4669,'4.69','2016-08-31',1,6,106,16),(4670,'0','2016-08-31',1,6,106,17),(4671,'-2','2016-08-31',1,6,121,18),(4672,'3','2016-08-31',1,6,121,19),(4673,'-5','2016-08-31',1,6,121,20),(4674,'28','2016-08-31',1,6,121,21),(4675,'0','2016-08-31',1,6,121,41),(4676,'83','2016-08-31',1,6,136,22),(4677,'22','2016-08-31',1,6,136,23),(4678,'0','2016-08-31',1,6,136,24),(4679,'60','2016-08-31',1,6,136,25),(4680,'0','2016-08-31',1,6,151,26),(4681,'0','2016-08-31',1,6,151,27),(4682,'0','2016-08-31',1,6,151,28),(4683,'0','2016-08-31',1,6,151,29),(4684,'0','2016-08-31',1,6,166,30),(4685,'0','2016-08-31',1,6,166,31),(4686,'100','2016-08-31',1,6,166,32),(4687,'0','2016-08-31',1,6,166,33),(4688,'0','2016-08-31',1,6,166,34),(4689,'5','2016-08-31',1,6,166,35),(4690,'0','2016-08-31',1,6,196,42),(4691,'0','2016-08-31',1,6,196,43),(4692,'0','2016-08-31',1,6,196,44),(4693,'0','2016-08-31',1,6,196,50),(4694,'0','2016-08-31',1,6,196,46),(4695,'0','2016-08-31',1,6,196,47),(4696,'-1.72','2016-08-31',1,7,1,1),(4697,'-3.23','2016-08-31',1,7,1,40),(4698,'0','2016-08-31',1,7,16,2),(4699,'0','2016-08-31',1,7,16,3),(4700,'0','2016-08-31',1,7,16,4),(4701,'0','2016-08-31',1,7,16,36),(4702,'0','2016-08-31',1,7,16,37),(4703,'0','2016-08-31',1,7,16,38),(4704,'0.08','2016-08-31',1,7,31,5),(4705,'9.9.2016','2016-08-31',1,7,46,6),(4706,'0','2016-08-31',1,7,46,7),(4707,'1.38','2016-08-31',1,7,61,8),(4708,'0','2016-08-31',1,7,61,9),(4709,'0','2016-08-31',1,7,61,10),(4710,'0','2016-08-31',1,7,61,11),(4711,'0','2016-08-31',1,7,76,12),(4712,'0','2016-08-31',1,7,91,13),(4713,'0','2016-08-31',1,7,91,14),(4714,'2.09','2016-08-31',1,7,106,15),(4715,'4.69','2016-08-31',1,7,106,16),(4716,'0','2016-08-31',1,7,106,17),(4717,'-17','2016-08-31',1,7,121,18),(4718,'-78','2016-08-31',1,7,121,19),(4719,'-4','2016-08-31',1,7,121,20),(4720,'21','2016-08-31',1,7,121,21),(4721,'0','2016-08-31',1,7,121,41),(4722,'78','2016-08-31',1,7,136,22),(4723,'22','2016-08-31',1,7,136,23),(4724,'0','2016-08-31',1,7,136,24),(4725,'58','2016-08-31',1,7,136,25),(4726,'0','2016-08-31',1,7,151,26),(4727,'0','2016-08-31',1,7,151,27),(4728,'0','2016-08-31',1,7,151,28),(4729,'0','2016-08-31',1,7,151,29),(4730,'0','2016-08-31',1,7,166,30),(4731,'0','2016-08-31',1,7,166,31),(4732,'100','2016-08-31',1,7,166,32),(4733,'0','2016-08-31',1,7,166,33),(4734,'0','2016-08-31',1,7,166,34),(4735,'5','2016-08-31',1,7,166,35),(4736,'0','2016-08-31',1,7,196,42),(4737,'0','2016-08-31',1,7,196,43),(4738,'0','2016-08-31',1,7,196,44),(4739,'0','2016-08-31',1,7,196,50),(4740,'0','2016-08-31',1,7,196,46),(4741,'0','2016-08-31',1,7,196,47),(4742,'0.00','2016-08-31',1,8,1,1),(4743,'0.92','2016-08-31',1,8,1,40),(4744,'0','2016-08-31',1,8,16,2),(4745,'0','2016-08-31',1,8,16,3),(4746,'0','2016-08-31',1,8,16,4),(4747,'0','2016-08-31',1,8,16,36),(4748,'0','2016-08-31',1,8,16,37),(4749,'0','2016-08-31',1,8,16,38),(4750,'0.06','2016-08-31',1,8,31,5),(4751,'9.9.2016','2016-08-31',1,8,46,6),(4752,'0','2016-08-31',1,8,46,7),(4753,'1.44','2016-08-31',1,8,61,8),(4754,'0','2016-08-31',1,8,61,9),(4755,'0','2016-08-31',1,8,61,10),(4756,'0','2016-08-31',1,8,61,11),(4757,'0.11','2016-08-31',1,8,76,12),(4758,'0','2016-08-31',1,8,91,13),(4759,'0','2016-08-31',1,8,91,14),(4760,'2.09','2016-08-31',1,8,106,15),(4761,'4.69','2016-08-31',1,8,106,16),(4762,'0','2016-08-31',1,8,106,17),(4763,'-16','2016-08-31',1,8,121,18),(4764,'-43','2016-08-31',1,8,121,19),(4765,'-8','2016-08-31',1,8,121,20),(4766,'17','2016-08-31',1,8,121,21),(4767,'0','2016-08-31',1,8,121,41),(4768,'93','2016-08-31',1,8,136,22),(4769,'22','2016-08-31',1,8,136,23),(4770,'0','2016-08-31',1,8,136,24),(4771,'29','2016-08-31',1,8,136,25),(4772,'0','2016-08-31',1,8,151,26),(4773,'0','2016-08-31',1,8,151,27),(4774,'0','2016-08-31',1,8,151,28),(4775,'0','2016-08-31',1,8,151,29),(4776,'0','2016-08-31',1,8,166,30),(4777,'0','2016-08-31',1,8,166,31),(4778,'100','2016-08-31',1,8,166,32),(4779,'0','2016-08-31',1,8,166,33),(4780,'0','2016-08-31',1,8,166,34),(4781,'5','2016-08-31',1,8,166,35),(4782,'0','2016-08-31',1,8,196,42),(4783,'0','2016-08-31',1,8,196,43),(4784,'0','2016-08-31',1,8,196,44),(4785,'0','2016-08-31',1,8,196,50),(4786,'0','2016-08-31',1,8,196,46),(4787,'0','2016-08-31',1,8,196,47),(4788,'0.03','2016-08-31',1,9,1,1),(4789,'-6.85','2016-08-31',1,9,1,40),(4790,'0','2016-08-31',1,9,16,2),(4791,'0','2016-08-31',1,9,16,3),(4792,'0','2016-08-31',1,9,16,4),(4793,'0','2016-08-31',1,9,16,36),(4794,'0','2016-08-31',1,9,16,37),(4795,'0','2016-08-31',1,9,16,38),(4796,'0','2016-08-31',1,9,31,5),(4797,'9.9.2016','2016-08-31',1,9,46,6),(4798,'0','2016-08-31',1,9,46,7),(4799,'0.94','2016-08-31',1,9,61,8),(4800,'0','2016-08-31',1,9,61,9),(4801,'0','2016-08-31',1,9,61,10),(4802,'0','2016-08-31',1,9,61,11),(4803,'1.45','2016-08-31',1,9,76,12),(4804,'0','2016-08-31',1,9,91,13),(4805,'0','2016-08-31',1,9,91,14),(4806,'2.09','2016-08-31',1,9,106,15),(4807,'4.69','2016-08-31',1,9,106,16),(4808,'0','2016-08-31',1,9,106,17),(4809,'-7','2016-08-31',1,9,121,18),(4810,'-11','2016-08-31',1,9,121,19),(4811,'-8','2016-08-31',1,9,121,20),(4812,'-29','2016-08-31',1,9,121,21),(4813,'0','2016-08-31',1,9,121,41),(4814,'97','2016-08-31',1,9,136,22),(4815,'22','2016-08-31',1,9,136,23),(4816,'0','2016-08-31',1,9,136,24),(4817,'60','2016-08-31',1,9,136,25),(4818,'0','2016-08-31',1,9,151,26),(4819,'0','2016-08-31',1,9,151,27),(4820,'0','2016-08-31',1,9,151,28),(4821,'0','2016-08-31',1,9,151,29),(4822,'0','2016-08-31',1,9,166,30),(4823,'0','2016-08-31',1,9,166,31),(4824,'100','2016-08-31',1,9,166,32),(4825,'0','2016-08-31',1,9,166,33),(4826,'0','2016-08-31',1,9,166,34),(4827,'4','2016-08-31',1,9,166,35),(4828,'0','2016-08-31',1,9,196,42),(4829,'0','2016-08-31',1,9,196,43),(4830,'0','2016-08-31',1,9,196,44),(4831,'1','2016-08-31',1,9,196,50),(4832,'0','2016-08-31',1,9,196,46),(4833,'1','2016-08-31',1,9,196,47),(4834,'-0.04','2016-08-31',1,10,1,1),(4835,'1.25','2016-08-31',1,10,1,40),(4836,'0','2016-08-31',1,10,16,2),(4837,'0','2016-08-31',1,10,16,3),(4838,'0','2016-08-31',1,10,16,4),(4839,'0','2016-08-31',1,10,16,36),(4840,'0','2016-08-31',1,10,16,37),(4841,'0','2016-08-31',1,10,16,38),(4842,'0','2016-08-31',1,10,31,5),(4843,'9.9.2016','2016-08-31',1,10,46,6),(4844,'0','2016-08-31',1,10,46,7),(4845,'1.28','2016-08-31',1,10,61,8),(4846,'0','2016-08-31',1,10,61,9),(4847,'0','2016-08-31',1,10,61,10),(4848,'0','2016-08-31',1,10,61,11),(4849,'0.53','2016-08-31',1,10,76,12),(4850,'4.2','2016-08-31',1,10,91,13),(4851,'0','2016-08-31',1,10,91,14),(4852,'2.09','2016-08-31',1,10,106,15),(4853,'4.69','2016-08-31',1,10,106,16),(4854,'0','2016-08-31',1,10,106,17),(4855,'-8','2016-08-31',1,10,121,18),(4856,'-16','2016-08-31',1,10,121,19),(4857,'-7','2016-08-31',1,10,121,20),(4858,'-59','2016-08-31',1,10,121,21),(4859,'0','2016-08-31',1,10,121,41),(4860,'88','2016-08-31',1,10,136,22),(4861,'22','2016-08-31',1,10,136,23),(4862,'0','2016-08-31',1,10,136,24),(4863,'58','2016-08-31',1,10,136,25),(4864,'0','2016-08-31',1,10,151,26),(4865,'0','2016-08-31',1,10,151,27),(4866,'0','2016-08-31',1,10,151,28),(4867,'0','2016-08-31',1,10,151,29),(4868,'0','2016-08-31',1,10,166,30),(4869,'0','2016-08-31',1,10,166,31),(4870,'100','2016-08-31',1,10,166,32),(4871,'0','2016-08-31',1,10,166,33),(4872,'0','2016-08-31',1,10,166,34),(4873,'5','2016-08-31',1,10,166,35),(4874,'0','2016-08-31',1,10,196,42),(4875,'0','2016-08-31',1,10,196,43),(4876,'0','2016-08-31',1,10,196,44),(4877,'0','2016-08-31',1,10,196,50),(4878,'0','2016-08-31',1,10,196,46),(4879,'0','2016-08-31',1,10,196,47),(4880,'-1.31','2016-08-31',1,11,1,1),(4881,'-2.23','2016-08-31',1,11,1,40),(4882,'0','2016-08-31',1,11,16,2),(4883,'0','2016-08-31',1,11,16,3),(4884,'0','2016-08-31',1,11,16,4),(4885,'0','2016-08-31',1,11,16,36),(4886,'0','2016-08-31',1,11,16,37),(4887,'0','2016-08-31',1,11,16,38),(4888,'0.51','2016-08-31',1,11,31,5),(4889,'9.9.2016','2016-08-31',1,11,46,6),(4890,'0','2016-08-31',1,11,46,7),(4891,'1.36','2016-08-31',1,11,61,8),(4892,'0','2016-08-31',1,11,61,9),(4893,'0','2016-08-31',1,11,61,10),(4894,'0','2016-08-31',1,11,61,11),(4895,'2.01','2016-08-31',1,11,76,12),(4896,'0','2016-08-31',1,11,91,13),(4897,'0','2016-08-31',1,11,91,14),(4898,'2.09','2016-08-31',1,11,106,15),(4899,'4.69','2016-08-31',1,11,106,16),(4900,'0','2016-08-31',1,11,106,17),(4901,'-4','2016-08-31',1,11,121,18),(4902,'-13','2016-08-31',1,11,121,19),(4903,'0','2016-08-31',1,11,121,20),(4904,'22','2016-08-31',1,11,121,21),(4905,'0','2016-08-31',1,11,121,41),(4906,'96','2016-08-31',1,11,136,22),(4907,'22','2016-08-31',1,11,136,23),(4908,'0','2016-08-31',1,11,136,24),(4909,'59','2016-08-31',1,11,136,25),(4910,'0','2016-08-31',1,11,151,26),(4911,'0','2016-08-31',1,11,151,27),(4912,'0','2016-08-31',1,11,151,28),(4913,'0','2016-08-31',1,11,151,29),(4914,'0','2016-08-31',1,11,166,30),(4915,'0','2016-08-31',1,11,166,31),(4916,'100','2016-08-31',1,11,166,32),(4917,'0','2016-08-31',1,11,166,33),(4918,'0','2016-08-31',1,11,166,34),(4919,'5','2016-08-31',1,11,166,35),(4920,'0','2016-08-31',1,11,196,42),(4921,'0','2016-08-31',1,11,196,43),(4922,'0','2016-08-31',1,11,196,44),(4923,'0','2016-08-31',1,11,196,50),(4924,'0','2016-08-31',1,11,196,46),(4925,'0','2016-08-31',1,11,196,47),(4926,'0.11','2016-08-31',1,12,1,1),(4927,'-7.92','2016-08-31',1,12,1,40),(4928,'0','2016-08-31',1,12,16,2),(4929,'0','2016-08-31',1,12,16,3),(4930,'0','2016-08-31',1,12,16,4),(4931,'0','2016-08-31',1,12,16,36),(4932,'0','2016-08-31',1,12,16,37),(4933,'0','2016-08-31',1,12,16,38),(4934,'0','2016-08-31',1,12,31,5),(4935,'9.9.2016','2016-08-31',1,12,46,6),(4936,'0','2016-08-31',1,12,46,7),(4937,'1.44','2016-08-31',1,12,61,8),(4938,'0','2016-08-31',1,12,61,9),(4939,'0','2016-08-31',1,12,61,10),(4940,'0','2016-08-31',1,12,61,11),(4941,'0.42','2016-08-31',1,12,76,12),(4942,'0','2016-08-31',1,12,91,13),(4943,'0','2016-08-31',1,12,91,14),(4944,'2.09','2016-08-31',1,12,106,15),(4945,'4.69','2016-08-31',1,12,106,16),(4946,'0','2016-08-31',1,12,106,17),(4947,'-7','2016-08-31',1,12,121,18),(4948,'-25','2016-08-31',1,12,121,19),(4949,'-2','2016-08-31',1,12,121,20),(4950,'-38','2016-08-31',1,12,121,21),(4951,'0','2016-08-31',1,12,121,41),(4952,'92','2016-08-31',1,12,136,22),(4953,'22','2016-08-31',1,12,136,23),(4954,'0','2016-08-31',1,12,136,24),(4955,'62','2016-08-31',1,12,136,25),(4956,'0','2016-08-31',1,12,151,26),(4957,'0','2016-08-31',1,12,151,27),(4958,'0','2016-08-31',1,12,151,28),(4959,'0','2016-08-31',1,12,151,29),(4960,'0','2016-08-31',1,12,166,30),(4961,'0','2016-08-31',1,12,166,31),(4962,'100','2016-08-31',1,12,166,32),(4963,'0','2016-08-31',1,12,166,33),(4964,'0','2016-08-31',1,12,166,34),(4965,'5','2016-08-31',1,12,166,35),(4966,'0','2016-08-31',1,12,196,42),(4967,'0','2016-08-31',1,12,196,43),(4968,'0','2016-08-31',1,12,196,44),(4969,'0','2016-08-31',1,12,196,50),(4970,'0','2016-08-31',1,12,196,46),(4971,'0','2016-08-31',1,12,196,47),(4972,'-0.63','2016-08-31',1,13,1,1),(4973,'-5.08','2016-08-31',1,13,1,40),(4974,'0','2016-08-31',1,13,16,2),(4975,'0','2016-08-31',1,13,16,3),(4976,'0','2016-08-31',1,13,16,4),(4977,'0','2016-08-31',1,13,16,36),(4978,'0','2016-08-31',1,13,16,37),(4979,'0','2016-08-31',1,13,16,38),(4980,'0.43','2016-08-31',1,13,31,5),(4981,'9.9.2016','2016-08-31',1,13,46,6),(4982,'0','2016-08-31',1,13,46,7),(4983,'1.16','2016-08-31',1,13,61,8),(4984,'0','2016-08-31',1,13,61,9),(4985,'0','2016-08-31',1,13,61,10),(4986,'0','2016-08-31',1,13,61,11),(4987,'0.97','2016-08-31',1,13,76,12),(4988,'0','2016-08-31',1,13,91,13),(4989,'0','2016-08-31',1,13,91,14),(4990,'2.09','2016-08-31',1,13,106,15),(4991,'4.69','2016-08-31',1,13,106,16),(4992,'0','2016-08-31',1,13,106,17),(4993,'-4','2016-08-31',1,13,121,18),(4994,'-13','2016-08-31',1,13,121,19),(4995,'0','2016-08-31',1,13,121,20),(4996,'22','2016-08-31',1,13,121,21),(4997,'0','2016-08-31',1,13,121,41),(4998,'82','2016-08-31',1,13,136,22),(4999,'22','2016-08-31',1,13,136,23),(5000,'0','2016-08-31',1,13,136,24),(5001,'59','2016-08-31',1,13,136,25),(5002,'0','2016-08-31',1,13,151,26),(5003,'0','2016-08-31',1,13,151,27),(5004,'0','2016-08-31',1,13,151,28),(5005,'0','2016-08-31',1,13,151,29),(5006,'0','2016-08-31',1,13,166,30),(5007,'0','2016-08-31',1,13,166,31),(5008,'100','2016-08-31',1,13,166,32),(5009,'0','2016-08-31',1,13,166,33),(5010,'0','2016-08-31',1,13,166,34),(5011,'5','2016-08-31',1,13,166,35),(5012,'0','2016-08-31',1,13,196,42),(5013,'0','2016-08-31',1,13,196,43),(5014,'0','2016-08-31',1,13,196,44),(5015,'0','2016-08-31',1,13,196,50),(5016,'0','2016-08-31',1,13,196,46),(5017,'0','2016-08-31',1,13,196,47),(5018,'-3.68','2016-08-31',1,14,1,1),(5019,'-3.65','2016-08-31',1,14,1,40),(5020,'0','2016-08-31',1,14,16,2),(5021,'0','2016-08-31',1,14,16,3),(5022,'0','2016-08-31',1,14,16,4),(5023,'0','2016-08-31',1,14,16,36),(5024,'0','2016-08-31',1,14,16,37),(5025,'0','2016-08-31',1,14,16,38),(5026,'-0.36','2016-08-31',1,14,31,5),(5027,'9.9.2016','2016-08-31',1,14,46,6),(5028,'0','2016-08-31',1,14,46,7),(5029,'1.25','2016-08-31',1,14,61,8),(5030,'0','2016-08-31',1,14,61,9),(5031,'0','2016-08-31',1,14,61,10),(5032,'0','2016-08-31',1,14,61,11),(5033,'0','2016-08-31',1,14,76,12),(5034,'0','2016-08-31',1,14,91,13),(5035,'0','2016-08-31',1,14,91,14),(5036,'2.09','2016-08-31',1,14,106,15),(5037,'4.69','2016-08-31',1,14,106,16),(5038,'0','2016-08-31',1,14,106,17),(5039,'-11','2016-08-31',1,14,121,18),(5040,'-45','2016-08-31',1,14,121,19),(5041,'-4','2016-08-31',1,14,121,20),(5042,'28','2016-08-31',1,14,121,21),(5043,'0','2016-08-31',1,14,121,41),(5044,'83','2016-08-31',1,14,136,22),(5045,'22','2016-08-31',1,14,136,23),(5046,'0','2016-08-31',1,14,136,24),(5047,'58','2016-08-31',1,14,136,25),(5048,'0','2016-08-31',1,14,151,26),(5049,'0','2016-08-31',1,14,151,27),(5050,'0','2016-08-31',1,14,151,28),(5051,'0','2016-08-31',1,14,151,29),(5052,'0','2016-08-31',1,14,166,30),(5053,'0','2016-08-31',1,14,166,31),(5054,'100','2016-08-31',1,14,166,32),(5055,'0','2016-08-31',1,14,166,33),(5056,'0','2016-08-31',1,14,166,34),(5057,'5','2016-08-31',1,14,166,35),(5058,'0','2016-08-31',1,14,196,42),(5059,'0','2016-08-31',1,14,196,43),(5060,'0','2016-08-31',1,14,196,44),(5061,'0','2016-08-31',1,14,196,50),(5062,'0','2016-08-31',1,14,196,46),(5063,'0','2016-08-31',1,14,196,47),(5064,'0.43','2016-08-31',1,15,1,1),(5065,'-9.67','2016-08-31',1,15,1,40),(5066,'0','2016-08-31',1,15,16,2),(5067,'0','2016-08-31',1,15,16,3),(5068,'0','2016-08-31',1,15,16,4),(5069,'0','2016-08-31',1,15,16,36),(5070,'0','2016-08-31',1,15,16,37),(5071,'0','2016-08-31',1,15,16,38),(5072,'-0.45','2016-08-31',1,15,31,5),(5073,'9.9.2016','2016-08-31',1,15,46,6),(5074,'0','2016-08-31',1,15,46,7),(5075,'0.95','2016-08-31',1,15,61,8),(5076,'0','2016-08-31',1,15,61,9),(5077,'0','2016-08-31',1,15,61,10),(5078,'0','2016-08-31',1,15,61,11),(5079,'0','2016-08-31',1,15,76,12),(5080,'0','2016-08-31',1,15,91,13),(5081,'0','2016-08-31',1,15,91,14),(5082,'2.09','2016-08-31',1,15,106,15),(5083,'4.69','2016-08-31',1,15,106,16),(5084,'0','2016-08-31',1,15,106,17),(5085,'-22','2016-08-31',1,15,121,18),(5086,'-113','2016-08-31',1,15,121,19),(5087,'-1','2016-08-31',1,15,121,20),(5088,'33','2016-08-31',1,15,121,21),(5089,'0','2016-08-31',1,15,121,41),(5090,'82','2016-08-31',1,15,136,22),(5091,'22','2016-08-31',1,15,136,23),(5092,'0','2016-08-31',1,15,136,24),(5093,'57','2016-08-31',1,15,136,25),(5094,'0','2016-08-31',1,15,151,26),(5095,'0','2016-08-31',1,15,151,27),(5096,'0','2016-08-31',1,15,151,28),(5097,'0','2016-08-31',1,15,151,29),(5098,'0','2016-08-31',1,15,166,30),(5099,'0','2016-08-31',1,15,166,31),(5100,'100','2016-08-31',1,15,166,32),(5101,'0','2016-08-31',1,15,166,33),(5102,'0','2016-08-31',1,15,166,34),(5103,'5','2016-08-31',1,15,166,35),(5104,'0','2016-08-31',1,15,196,42),(5105,'0','2016-08-31',1,15,196,43),(5106,'0','2016-08-31',1,15,196,44),(5107,'3','2016-08-31',1,15,196,50),(5108,'0','2016-08-31',1,15,196,46),(5109,'1','2016-08-31',1,15,196,47),(5110,'-0.17','2016-09-30',1,1,1,1),(5111,'0.77','2016-09-30',1,1,1,40),(5112,'0','2016-09-30',1,1,16,2),(5113,'0','2016-09-30',1,1,16,3),(5114,'0','2016-09-30',1,1,16,4),(5115,'0','2016-09-30',1,1,16,36),(5116,'0','2016-09-30',1,1,16,37),(5117,'0','2016-09-30',1,1,16,38),(5118,'-0.21','2016-09-30',1,1,31,5),(5119,'9.10.2016','2016-09-30',1,1,46,6),(5120,'0','2016-09-30',1,1,46,7),(5121,'1.25','2016-09-30',1,1,61,8),(5122,'0','2016-09-30',1,1,61,9),(5123,'0','2016-09-30',1,1,61,10),(5124,'0','2016-09-30',1,1,61,11),(5125,'0.75','2016-09-30',1,1,76,12),(5126,'0','2016-09-30',1,1,91,13),(5127,'5.42','2016-09-30',1,1,91,14),(5128,'1.86','2016-09-30',1,1,106,15),(5129,'4.18','2016-09-30',1,1,106,16),(5130,'0','2016-09-30',1,1,106,17),(5131,'-25','2016-09-30',1,1,121,18),(5132,'-89.8','2016-09-30',1,1,121,19),(5133,'-6','2016-09-30',1,1,121,20),(5134,'-43','2016-09-30',1,1,121,21),(5135,'0.20','2016-09-30',1,1,121,41),(5136,'81','2016-09-30',1,1,136,22),(5137,'22','2016-09-30',1,1,136,23),(5138,'0','2016-09-30',1,1,136,24),(5139,'60','2016-09-30',1,1,136,25),(5140,'0','2016-09-30',1,1,151,26),(5141,'0','2016-09-30',1,1,151,27),(5142,'0','2016-09-30',1,1,151,28),(5143,'0','2016-09-30',1,1,151,29),(5144,'0','2016-09-30',1,1,166,30),(5145,'0','2016-09-30',1,1,166,31),(5146,'100','2016-09-30',1,1,166,32),(5147,'0','2016-09-30',1,1,166,33),(5148,'0','2016-09-30',1,1,166,34),(5149,'4','2016-09-30',1,1,166,35),(5150,'0','2016-09-30',1,1,196,42),(5151,'0','2016-09-30',1,1,196,43),(5152,'0','2016-09-30',1,1,196,44),(5153,'0','2016-09-30',1,1,196,50),(5154,'0','2016-09-30',1,1,196,46),(5155,'0','2016-09-30',1,1,196,47),(5156,'-1.94','2016-09-30',1,2,1,1),(5157,'-1.54','2016-09-30',1,2,1,40),(5158,'0','2016-09-30',1,2,16,2),(5159,'0','2016-09-30',1,2,16,3),(5160,'0','2016-09-30',1,2,16,4),(5161,'0','2016-09-30',1,2,16,36),(5162,'0','2016-09-30',1,2,16,37),(5163,'0','2016-09-30',1,2,16,38),(5164,'0.87','2016-09-30',1,2,31,5),(5165,'9.10.2016','2016-09-30',1,2,46,6),(5166,'0','2016-09-30',1,2,46,7),(5167,'1.19','2016-09-30',1,2,61,8),(5168,'0','2016-09-30',1,2,61,9),(5169,'0','2016-09-30',1,2,61,10),(5170,'0','2016-09-30',1,2,61,11),(5171,'3.08','2016-09-30',1,2,76,12),(5172,'8.48','2016-09-30',1,2,91,13),(5173,'0','2016-09-30',1,2,91,14),(5174,'1.96','2016-09-30',1,2,106,15),(5175,'4.18','2016-09-30',1,2,106,16),(5176,'0','2016-09-30',1,2,106,17),(5177,'-10','2016-09-30',1,2,121,18),(5178,'-24','2016-09-30',1,2,121,19),(5179,'-7','2016-09-30',1,2,121,20),(5180,'-342','2016-09-30',1,2,121,21),(5181,'0','2016-09-30',1,2,121,41),(5182,'94','2016-09-30',1,2,136,22),(5183,'22','2016-09-30',1,2,136,23),(5184,'0','2016-09-30',1,2,136,24),(5185,'60','2016-09-30',1,2,136,25),(5186,'0','2016-09-30',1,2,151,26),(5187,'0','2016-09-30',1,2,151,27),(5188,'0','2016-09-30',1,2,151,28),(5189,'0','2016-09-30',1,2,151,29),(5190,'0','2016-09-30',1,2,166,30),(5191,'0','2016-09-30',1,2,166,31),(5192,'100','2016-09-30',1,2,166,32),(5193,'0','2016-09-30',1,2,166,33),(5194,'0','2016-09-30',1,2,166,34),(5195,'5','2016-09-30',1,2,166,35),(5196,'0','2016-09-30',1,2,196,42),(5197,'0','2016-09-30',1,2,196,43),(5198,'0','2016-09-30',1,2,196,44),(5199,'0','2016-09-30',1,2,196,50),(5200,'0','2016-09-30',1,2,196,46),(5201,'1','2016-09-30',1,2,196,47),(5202,'-5.67','2016-09-30',1,3,1,1),(5203,'0.55','2016-09-30',1,3,1,40),(5204,'0','2016-09-30',1,3,16,2),(5205,'0','2016-09-30',1,3,16,3),(5206,'0','2016-09-30',1,3,16,4),(5207,'0','2016-09-30',1,3,16,36),(5208,'0','2016-09-30',1,3,16,37),(5209,'0','2016-09-30',1,3,16,38),(5210,'0','2016-09-30',1,3,31,5),(5211,'9.10.2016','2016-09-30',1,3,46,6),(5212,'0','2016-09-30',1,3,46,7),(5213,'1.29','2016-09-30',1,3,61,8),(5214,'0','2016-09-30',1,3,61,9),(5215,'0','2016-09-30',1,3,61,10),(5216,'0','2016-09-30',1,3,61,11),(5217,'0','2016-09-30',1,3,76,12),(5218,'0','2016-09-30',1,3,91,13),(5219,'0','2016-09-30',1,3,91,14),(5220,'1.86','2016-09-30',1,3,106,15),(5221,'4.18','2016-09-30',1,3,106,16),(5222,'0','2016-09-30',1,3,106,17),(5223,'1','2016-09-30',1,3,121,18),(5224,'-4','2016-09-30',1,3,121,19),(5225,'2','2016-09-30',1,3,121,20),(5226,'22','2016-09-30',1,3,121,21),(5227,'0','2016-09-30',1,3,121,41),(5228,'94','2016-09-30',1,3,136,22),(5229,'22','2016-09-30',1,3,136,23),(5230,'0','2016-09-30',1,3,136,24),(5231,'60','2016-09-30',1,3,136,25),(5232,'0','2016-09-30',1,3,151,26),(5233,'0','2016-09-30',1,3,151,27),(5234,'0','2016-09-30',1,3,151,28),(5235,'0','2016-09-30',1,3,151,29),(5236,'0','2016-09-30',1,3,166,30),(5237,'0','2016-09-30',1,3,166,31),(5238,'100','2016-09-30',1,3,166,32),(5239,'0','2016-09-30',1,3,166,33),(5240,'0','2016-09-30',1,3,166,34),(5241,'5','2016-09-30',1,3,166,35),(5242,'0','2016-09-30',1,3,196,42),(5243,'0','2016-09-30',1,3,196,43),(5244,'0','2016-09-30',1,3,196,44),(5245,'2','2016-09-30',1,3,196,50),(5246,'0','2016-09-30',1,3,196,46),(5247,'2','2016-09-30',1,3,196,47),(5248,'0.00','2016-09-30',1,4,1,1),(5249,'0.00','2016-09-30',1,4,1,40),(5250,'0','2016-09-30',1,4,16,2),(5251,'0','2016-09-30',1,4,16,3),(5252,'0','2016-09-30',1,4,16,4),(5253,'0','2016-09-30',1,4,16,36),(5254,'0','2016-09-30',1,4,16,37),(5255,'0','2016-09-30',1,4,16,38),(5256,'-0.29','2016-09-30',1,4,31,5),(5257,'9.10.2016','2016-09-30',1,4,46,6),(5258,'0','2016-09-30',1,4,46,7),(5259,'1.28','2016-09-30',1,4,61,8),(5260,'0','2016-09-30',1,4,61,9),(5261,'0','2016-09-30',1,4,61,10),(5262,'0','2016-09-30',1,4,61,11),(5263,'0.36','2016-09-30',1,4,76,12),(5264,'0','2016-09-30',1,4,91,13),(5265,'0','2016-09-30',1,4,91,14),(5266,'1.86','2016-09-30',1,4,106,15),(5267,'4.18','2016-09-30',1,4,106,16),(5268,'0','2016-09-30',1,4,106,17),(5269,'-3','2016-09-30',1,4,121,18),(5270,'5','2016-09-30',1,4,121,19),(5271,'-7','2016-09-30',1,4,121,20),(5272,'-29','2016-09-30',1,4,121,21),(5273,'0','2016-09-30',1,4,121,41),(5274,'79','2016-09-30',1,4,136,22),(5275,'22','2016-09-30',1,4,136,23),(5276,'0','2016-09-30',1,4,136,24),(5277,'57','2016-09-30',1,4,136,25),(5278,'0','2016-09-30',1,4,151,26),(5279,'0','2016-09-30',1,4,151,27),(5280,'0','2016-09-30',1,4,151,28),(5281,'0','2016-09-30',1,4,151,29),(5282,'0','2016-09-30',1,4,166,30),(5283,'0','2016-09-30',1,4,166,31),(5284,'100','2016-09-30',1,4,166,32),(5285,'0','2016-09-30',1,4,166,33),(5286,'0','2016-09-30',1,4,166,34),(5287,'4','2016-09-30',1,4,166,35),(5288,'0','2016-09-30',1,4,196,42),(5289,'0','2016-09-30',1,4,196,43),(5290,'0','2016-09-30',1,4,196,44),(5291,'0','2016-09-30',1,4,196,50),(5292,'0','2016-09-30',1,4,196,46),(5293,'0','2016-09-30',1,4,196,47),(5294,'-11.03','2016-09-30',1,6,1,1),(5295,'-0.77','2016-09-30',1,6,1,40),(5296,'0','2016-09-30',1,6,16,2),(5297,'0','2016-09-30',1,6,16,3),(5298,'0','2016-09-30',1,6,16,4),(5299,'0','2016-09-30',1,6,16,36),(5300,'0','2016-09-30',1,6,16,37),(5301,'0','2016-09-30',1,6,16,38),(5302,'-0.04','2016-09-30',1,6,31,5),(5303,'9.10.2016','2016-09-30',1,6,46,6),(5304,'0','2016-09-30',1,6,46,7),(5305,'1.36','2016-09-30',1,6,61,8),(5306,'0','2016-09-30',1,6,61,9),(5307,'0','2016-09-30',1,6,61,10),(5308,'0','2016-09-30',1,6,61,11),(5309,'2.87','2016-09-30',1,6,76,12),(5310,'0','2016-09-30',1,6,91,13),(5311,'0','2016-09-30',1,6,91,14),(5312,'1.86','2016-09-30',1,6,106,15),(5313,'4.18','2016-09-30',1,6,106,16),(5314,'0','2016-09-30',1,6,106,17),(5315,'-2','2016-09-30',1,6,121,18),(5316,'3','2016-09-30',1,6,121,19),(5317,'-5','2016-09-30',1,6,121,20),(5318,'28','2016-09-30',1,6,121,21),(5319,'0','2016-09-30',1,6,121,41),(5320,'84','2016-09-30',1,6,136,22),(5321,'22','2016-09-30',1,6,136,23),(5322,'0','2016-09-30',1,6,136,24),(5323,'58','2016-09-30',1,6,136,25),(5324,'0','2016-09-30',1,6,151,26),(5325,'0','2016-09-30',1,6,151,27),(5326,'0','2016-09-30',1,6,151,28),(5327,'0','2016-09-30',1,6,151,29),(5328,'0','2016-09-30',1,6,166,30),(5329,'0','2016-09-30',1,6,166,31),(5330,'100','2016-09-30',1,6,166,32),(5331,'0','2016-09-30',1,6,166,33),(5332,'0','2016-09-30',1,6,166,34),(5333,'5','2016-09-30',1,6,166,35),(5334,'0','2016-09-30',1,6,196,42),(5335,'0','2016-09-30',1,6,196,43),(5336,'0','2016-09-30',1,6,196,44),(5337,'0','2016-09-30',1,6,196,50),(5338,'0','2016-09-30',1,6,196,46),(5339,'0','2016-09-30',1,6,196,47),(5340,'-3.52','2016-09-30',1,5,1,1),(5341,'2.58','2016-09-30',1,5,1,40),(5342,'0','2016-09-30',1,5,16,2),(5343,'0','2016-09-30',1,5,16,3),(5344,'0','2016-09-30',1,5,16,4),(5345,'0','2016-09-30',1,5,16,36),(5346,'0','2016-09-30',1,5,16,37),(5347,'0','2016-09-30',1,5,16,38),(5348,'-1.19','2016-09-30',1,5,31,5),(5349,'9.10.2016','2016-09-30',1,5,46,6),(5350,'0','2016-09-30',1,5,46,7),(5351,'1.25','2016-09-30',1,5,61,8),(5352,'100','2016-09-30',1,5,61,9),(5353,'0','2016-09-30',1,5,61,10),(5354,'0','2016-09-30',1,5,61,11),(5355,'0.46','2016-09-30',1,5,76,12),(5356,'0','2016-09-30',1,5,91,13),(5357,'0','2016-09-30',1,5,91,14),(5358,'1.86','2016-09-30',1,5,106,15),(5359,'4.18','2016-09-30',1,5,106,16),(5360,'0','2016-09-30',1,5,106,17),(5361,'-13','2016-09-30',1,5,121,18),(5362,'-34','2016-09-30',1,5,121,19),(5363,'-8','2016-09-30',1,5,121,20),(5364,'6','2016-09-30',1,5,121,21),(5365,'8.74','2016-09-30',1,5,121,41),(5366,'100','2016-09-30',1,5,136,22),(5367,'22','2016-09-30',1,5,136,23),(5368,'0','2016-09-30',1,5,136,24),(5369,'64','2016-09-30',1,5,136,25),(5370,'0','2016-09-30',1,5,151,26),(5371,'0','2016-09-30',1,5,151,27),(5372,'0','2016-09-30',1,5,151,28),(5373,'0','2016-09-30',1,5,151,29),(5374,'0','2016-09-30',1,5,166,30),(5375,'0','2016-09-30',1,5,166,31),(5376,'100','2016-09-30',1,5,166,32),(5377,'0','2016-09-30',1,5,166,33),(5378,'0','2016-09-30',1,5,166,34),(5379,'4','2016-09-30',1,5,166,35),(5380,'0','2016-09-30',1,5,196,42),(5381,'0','2016-09-30',1,5,196,43),(5382,'0','2016-09-30',1,5,196,44),(5383,'0','2016-09-30',1,5,196,50),(5384,'0','2016-09-30',1,5,196,46),(5385,'0','2016-09-30',1,5,196,47),(5386,'-2.24','2016-09-30',1,7,1,1),(5387,'-7.15','2016-09-30',1,7,1,40),(5388,'0','2016-09-30',1,7,16,2),(5389,'0','2016-09-30',1,7,16,3),(5390,'0','2016-09-30',1,7,16,4),(5391,'0','2016-09-30',1,7,16,36),(5392,'0','2016-09-30',1,7,16,37),(5393,'0','2016-09-30',1,7,16,38),(5394,'-0.15','2016-09-30',1,7,31,5),(5395,'9.10.2016','2016-09-30',1,7,46,6),(5396,'0','2016-09-30',1,7,46,7),(5397,'1.38','2016-09-30',1,7,61,8),(5398,'0','2016-09-30',1,7,61,9),(5399,'0','2016-09-30',1,7,61,10),(5400,'0','2016-09-30',1,7,61,11),(5401,'0.35','2016-09-30',1,7,76,12),(5402,'0','2016-09-30',1,7,91,13),(5403,'0','2016-09-30',1,7,91,14),(5404,'1.86','2016-09-30',1,7,106,15),(5405,'4.18','2016-09-30',1,7,106,16),(5406,'0','2016-09-30',1,7,106,17),(5407,'-17','2016-09-30',1,7,121,18),(5408,'-78','2016-09-30',1,7,121,19),(5409,'-1','2016-09-30',1,7,121,20),(5410,'21','2016-09-30',1,7,121,21),(5411,'0','2016-09-30',1,7,121,41),(5412,'73','2016-09-30',1,7,136,22),(5413,'22','2016-09-30',1,7,136,23),(5414,'0','2016-09-30',1,7,136,24),(5415,'60','2016-09-30',1,7,136,25),(5416,'0','2016-09-30',1,7,151,26),(5417,'0','2016-09-30',1,7,151,27),(5418,'0','2016-09-30',1,7,151,28),(5419,'0','2016-09-30',1,7,151,29),(5420,'0','2016-09-30',1,7,166,30),(5421,'0','2016-09-30',1,7,166,31),(5422,'100','2016-09-30',1,7,166,32),(5423,'0','2016-09-30',1,7,166,33),(5424,'0','2016-09-30',1,7,166,34),(5425,'5','2016-09-30',1,7,166,35),(5426,'0','2016-09-30',1,7,196,42),(5427,'0','2016-09-30',1,7,196,43),(5428,'0','2016-09-30',1,7,196,44),(5429,'0','2016-09-30',1,7,196,50),(5430,'0','2016-09-30',1,7,196,46),(5431,'0','2016-09-30',1,7,196,47),(5432,'0.00','2016-09-30',1,8,1,1),(5433,'0.00','2016-09-30',1,8,1,40),(5434,'1','2016-09-30',1,8,16,2),(5435,'0','2016-09-30',1,8,16,3),(5436,'0','2016-09-30',1,8,16,4),(5437,'0','2016-09-30',1,8,16,36),(5438,'0','2016-09-30',1,8,16,37),(5439,'0','2016-09-30',1,8,16,38),(5440,'-0.68','2016-09-30',1,8,31,5),(5441,'9.10.2016','2016-09-30',1,8,46,6),(5442,'0','2016-09-30',1,8,46,7),(5443,'1.44','2016-09-30',1,8,61,8),(5444,'0','2016-09-30',1,8,61,9),(5445,'0','2016-09-30',1,8,61,10),(5446,'0','2016-09-30',1,8,61,11),(5447,'0.49','2016-09-30',1,8,76,12),(5448,'0','2016-09-30',1,8,91,13),(5449,'0','2016-09-30',1,8,91,14),(5450,'1.86','2016-09-30',1,8,106,15),(5451,'4.18','2016-09-30',1,8,106,16),(5452,'0','2016-09-30',1,8,106,17),(5453,'-16','2016-09-30',1,8,121,18),(5454,'-43','2016-09-30',1,8,121,19),(5455,'-9','2016-09-30',1,8,121,20),(5456,'17','2016-09-30',1,8,121,21),(5457,'0','2016-09-30',1,8,121,41),(5458,'90','2016-09-30',1,8,136,22),(5459,'22','2016-09-30',1,8,136,23),(5460,'0','2016-09-30',1,8,136,24),(5461,'60','2016-09-30',1,8,136,25),(5462,'0','2016-09-30',1,8,151,26),(5463,'0','2016-09-30',1,8,151,27),(5464,'0','2016-09-30',1,8,151,28),(5465,'0','2016-09-30',1,8,151,29),(5466,'0','2016-09-30',1,8,166,30),(5467,'0','2016-09-30',1,8,166,31),(5468,'100','2016-09-30',1,8,166,32),(5469,'0','2016-09-30',1,8,166,33),(5470,'0','2016-09-30',1,8,166,34),(5471,'5','2016-09-30',1,8,166,35),(5472,'0','2016-09-30',1,8,196,42),(5473,'0','2016-09-30',1,8,196,43),(5474,'0','2016-09-30',1,8,196,44),(5475,'0','2016-09-30',1,8,196,50),(5476,'0','2016-09-30',1,8,196,46),(5477,'0','2016-09-30',1,8,196,47),(5478,'-1.02','2016-09-30',1,9,1,1),(5479,'0.23','2016-09-30',1,9,1,40),(5480,'0','2016-09-30',1,9,16,2),(5481,'0','2016-09-30',1,9,16,3),(5482,'0','2016-09-30',1,9,16,4),(5483,'0','2016-09-30',1,9,16,36),(5484,'0','2016-09-30',1,9,16,37),(5485,'0','2016-09-30',1,9,16,38),(5486,'-0.33','2016-09-30',1,9,31,5),(5487,'9.10.2016','2016-09-30',1,9,46,6),(5488,'0','2016-09-30',1,9,46,7),(5489,'0.94','2016-09-30',1,9,61,8),(5490,'0','2016-09-30',1,9,61,9),(5491,'0','2016-09-30',1,9,61,10),(5492,'0','2016-09-30',1,9,61,11),(5493,'1.36','2016-09-30',1,9,76,12),(5494,'0','2016-09-30',1,9,91,13),(5495,'0','2016-09-30',1,9,91,14),(5496,'1.86','2016-09-30',1,9,106,15),(5497,'4.18','2016-09-30',1,9,106,16),(5498,'0','2016-09-30',1,9,106,17),(5499,'-7','2016-09-30',1,9,121,18),(5500,'-11','2016-09-30',1,9,121,19),(5501,'-8','2016-09-30',1,9,121,20),(5502,'-29','2016-09-30',1,9,121,21),(5503,'0','2016-09-30',1,9,121,41),(5504,'97','2016-09-30',1,9,136,22),(5505,'22','2016-09-30',1,9,136,23),(5506,'0','2016-09-30',1,9,136,24),(5507,'61','2016-09-30',1,9,136,25),(5508,'0','2016-09-30',1,9,151,26),(5509,'0','2016-09-30',1,9,151,27),(5510,'0','2016-09-30',1,9,151,28),(5511,'0','2016-09-30',1,9,151,29),(5512,'0','2016-09-30',1,9,166,30),(5513,'0','2016-09-30',1,9,166,31),(5514,'100','2016-09-30',1,9,166,32),(5515,'0','2016-09-30',1,9,166,33),(5516,'0','2016-09-30',1,9,166,34),(5517,'4','2016-09-30',1,9,166,35),(5518,'0','2016-09-30',1,9,196,42),(5519,'0','2016-09-30',1,9,196,43),(5520,'0','2016-09-30',1,9,196,44),(5521,'1','2016-09-30',1,9,196,50),(5522,'0','2016-09-30',1,9,196,46),(5523,'1','2016-09-30',1,9,196,47),(5524,'7.03','2016-09-30',1,10,1,1),(5525,'2.00','2016-09-30',1,10,1,40),(5526,'0','2016-09-30',1,10,16,2),(5527,'0','2016-09-30',1,10,16,3),(5528,'0','2016-09-30',1,10,16,4),(5529,'0','2016-09-30',1,10,16,36),(5530,'0','2016-09-30',1,10,16,37),(5531,'0','2016-09-30',1,10,16,38),(5532,'0','2016-09-30',1,10,31,5),(5533,'9.10.2016','2016-09-30',1,10,46,6),(5534,'0','2016-09-30',1,10,46,7),(5535,'1.28','2016-09-30',1,10,61,8),(5536,'0','2016-09-30',1,10,61,9),(5537,'0','2016-09-30',1,10,61,10),(5538,'0','2016-09-30',1,10,61,11),(5539,'2.4','2016-09-30',1,10,76,12),(5540,'0','2016-09-30',1,10,91,13),(5541,'0','2016-09-30',1,10,91,14),(5542,'1.86','2016-09-30',1,10,106,15),(5543,'4.18','2016-09-30',1,10,106,16),(5544,'0','2016-09-30',1,10,106,17),(5545,'-8','2016-09-30',1,10,121,18),(5546,'-16','2016-09-30',1,10,121,19),(5547,'-7','2016-09-30',1,10,121,20),(5548,'-59','2016-09-30',1,10,121,21),(5549,'0','2016-09-30',1,10,121,41),(5550,'91','2016-09-30',1,10,136,22),(5551,'22','2016-09-30',1,10,136,23),(5552,'0','2016-09-30',1,10,136,24),(5553,'60','2016-09-30',1,10,136,25),(5554,'0','2016-09-30',1,10,151,26),(5555,'0','2016-09-30',1,10,151,27),(5556,'0','2016-09-30',1,10,151,28),(5557,'0','2016-09-30',1,10,151,29),(5558,'0','2016-09-30',1,10,166,30),(5559,'0','2016-09-30',1,10,166,31),(5560,'100','2016-09-30',1,10,166,32),(5561,'0','2016-09-30',1,10,166,33),(5562,'0','2016-09-30',1,10,166,34),(5563,'5','2016-09-30',1,10,166,35),(5564,'0','2016-09-30',1,10,196,42),(5565,'0','2016-09-30',1,10,196,43),(5566,'0','2016-09-30',1,10,196,44),(5567,'0','2016-09-30',1,10,196,50),(5568,'0','2016-09-30',1,10,196,46),(5569,'0','2016-09-30',1,10,196,47),(5570,'-10.06','2016-09-30',1,11,1,1),(5571,'5.36','2016-09-30',1,11,1,40),(5572,'0','2016-09-30',1,11,16,2),(5573,'0','2016-09-30',1,11,16,3),(5574,'0','2016-09-30',1,11,16,4),(5575,'0','2016-09-30',1,11,16,36),(5576,'0','2016-09-30',1,11,16,37),(5577,'0','2016-09-30',1,11,16,38),(5578,'-0.64','2016-09-30',1,11,31,5),(5579,'9.10.2016','2016-09-30',1,11,46,6),(5580,'0','2016-09-30',1,11,46,7),(5581,'1.36','2016-09-30',1,11,61,8),(5582,'0','2016-09-30',1,11,61,9),(5583,'0','2016-09-30',1,11,61,10),(5584,'0','2016-09-30',1,11,61,11),(5585,'2.9','2016-09-30',1,11,76,12),(5586,'0','2016-09-30',1,11,91,13),(5587,'0','2016-09-30',1,11,91,14),(5588,'1.86','2016-09-30',1,11,106,15),(5589,'4.18','2016-09-30',1,11,106,16),(5590,'','2016-09-30',1,11,106,17),(5591,'-5','2016-09-30',1,11,121,18),(5592,'-6','2016-09-30',1,11,121,19),(5593,'-5','2016-09-30',1,11,121,20),(5594,'23','2016-09-30',1,11,121,21),(5595,'0','2016-09-30',1,11,121,41),(5596,'96','2016-09-30',1,11,136,22),(5597,'22','2016-09-30',1,11,136,23),(5598,'0','2016-09-30',1,11,136,24),(5599,'60','2016-09-30',1,11,136,25),(5600,'0','2016-09-30',1,11,151,26),(5601,'0','2016-09-30',1,11,151,27),(5602,'0','2016-09-30',1,11,151,28),(5603,'0','2016-09-30',1,11,151,29),(5604,'0','2016-09-30',1,11,166,30),(5605,'0','2016-09-30',1,11,166,31),(5606,'100','2016-09-30',1,11,166,32),(5607,'0','2016-09-30',1,11,166,33),(5608,'0','2016-09-30',1,11,166,34),(5609,'5','2016-09-30',1,11,166,35),(5610,'0','2016-09-30',1,11,196,42),(5611,'0','2016-09-30',1,11,196,43),(5612,'0','2016-09-30',1,11,196,44),(5613,'0','2016-09-30',1,11,196,50),(5614,'0','2016-09-30',1,11,196,46),(5615,'0','2016-09-30',1,11,196,47),(5616,'0.14','2016-09-30',1,12,1,1),(5617,'-7.72','2016-09-30',1,12,1,40),(5618,'0','2016-09-30',1,12,16,2),(5619,'0','2016-09-30',1,12,16,3),(5620,'0','2016-09-30',1,12,16,4),(5621,'0','2016-09-30',1,12,16,36),(5622,'0','2016-09-30',1,12,16,37),(5623,'0','2016-09-30',1,12,16,38),(5624,'0','2016-09-30',1,12,31,5),(5625,'9.10.2016','2016-09-30',1,12,46,6),(5626,'0','2016-09-30',1,12,46,7),(5627,'1.44','2016-09-30',1,12,61,8),(5628,'0','2016-09-30',1,12,61,9),(5629,'0','2016-09-30',1,12,61,10),(5630,'0','2016-09-30',1,12,61,11),(5631,'0.57','2016-09-30',1,12,76,12),(5632,'0','2016-09-30',1,12,91,13),(5633,'0','2016-09-30',1,12,91,14),(5634,'1.86','2016-09-30',1,12,106,15),(5635,'4.18','2016-09-30',1,12,106,16),(5636,'0','2016-09-30',1,12,106,17),(5637,'-7','2016-09-30',1,12,121,18),(5638,'-25','2016-09-30',1,12,121,19),(5639,'-3','2016-09-30',1,12,121,20),(5640,'-38','2016-09-30',1,12,121,21),(5641,'0','2016-09-30',1,12,121,41),(5642,'93','2016-09-30',1,12,136,22),(5643,'22','2016-09-30',1,12,136,23),(5644,'0','2016-09-30',1,12,136,24),(5645,'62','2016-09-30',1,12,136,25),(5646,'0','2016-09-30',1,12,151,26),(5647,'0','2016-09-30',1,12,151,27),(5648,'0','2016-09-30',1,12,151,28),(5649,'0','2016-09-30',1,12,151,29),(5650,'0','2016-09-30',1,12,166,30),(5651,'0','2016-09-30',1,12,166,31),(5652,'100','2016-09-30',1,12,166,32),(5653,'0','2016-09-30',1,12,166,33),(5654,'0','2016-09-30',1,12,166,34),(5655,'5','2016-09-30',1,12,166,35),(5656,'0','2016-09-30',1,12,196,42),(5657,'0','2016-09-30',1,12,196,43),(5658,'0','2016-09-30',1,12,196,44),(5659,'0','2016-09-30',1,12,196,50),(5660,'0','2016-09-30',1,12,196,46),(5661,'0','2016-09-30',1,12,196,47),(5662,'5.00','2016-09-30',1,13,1,1),(5663,'-10.38','2016-09-30',1,13,1,40),(5664,'0','2016-09-30',1,13,16,2),(5665,'0','2016-09-30',1,13,16,3),(5666,'0','2016-09-30',1,13,16,4),(5667,'0','2016-09-30',1,13,16,36),(5668,'0','2016-09-30',1,13,16,37),(5669,'0','2016-09-30',1,13,16,38),(5670,'0','2016-09-30',1,13,31,5),(5671,'9.10.2016','2016-09-30',1,13,46,6),(5672,'0','2016-09-30',1,13,46,7),(5673,'1.16','2016-09-30',1,13,61,8),(5674,'0','2016-09-30',1,13,61,9),(5675,'0','2016-09-30',1,13,61,10),(5676,'0','2016-09-30',1,13,61,11),(5677,'0.87','2016-09-30',1,13,76,12),(5678,'0','2016-09-30',1,13,91,13),(5679,'0','2016-09-30',1,13,91,14),(5680,'1.86','2016-09-30',1,13,106,15),(5681,'4.18','2016-09-30',1,13,106,16),(5682,'0','2016-09-30',1,13,106,17),(5683,'-4','2016-09-30',1,13,121,18),(5684,'-13','2016-09-30',1,13,121,19),(5685,'-1','2016-09-30',1,13,121,20),(5686,'22','2016-09-30',1,13,121,21),(5687,'0','2016-09-30',1,13,121,41),(5688,'82','2016-09-30',1,13,136,22),(5689,'22','2016-09-30',1,13,136,23),(5690,'0','2016-09-30',1,13,136,24),(5691,'60','2016-09-30',1,13,136,25),(5692,'0','2016-09-30',1,13,151,26),(5693,'0','2016-09-30',1,13,151,27),(5694,'0','2016-09-30',1,13,151,28),(5695,'0','2016-09-30',1,13,151,29),(5696,'0','2016-09-30',1,13,166,30),(5697,'0','2016-09-30',1,13,166,31),(5698,'100','2016-09-30',1,13,166,32),(5699,'0','2016-09-30',1,13,166,33),(5700,'0','2016-09-30',1,13,166,34),(5701,'5','2016-09-30',1,13,166,35),(5702,'0','2016-09-30',1,13,196,42),(5703,'0','2016-09-30',1,13,196,43),(5704,'0','2016-09-30',1,13,196,44),(5705,'0','2016-09-30',1,13,196,50),(5706,'0','2016-09-30',1,13,196,46),(5707,'0','2016-09-30',1,13,196,47),(5708,'0.00','2016-09-30',1,15,1,1),(5709,'0.00','2016-09-30',1,15,1,40),(5710,'0','2016-09-30',1,15,16,2),(5711,'0','2016-09-30',1,15,16,3),(5712,'1','2016-09-30',1,15,16,4),(5713,'0','2016-09-30',1,15,16,36),(5714,'0','2016-09-30',1,15,16,37),(5715,'0','2016-09-30',1,15,16,38),(5716,'0','2016-09-30',1,15,31,5),(5717,'9.10.2016','2016-09-30',1,15,46,6),(5718,'0','2016-09-30',1,15,46,7),(5719,'0.95','2016-09-30',1,15,61,8),(5720,'1','2016-09-30',1,15,61,9),(5721,'0','2016-09-30',1,15,61,10),(5722,'0','2016-09-30',1,15,61,11),(5723,'0.18','2016-09-30',1,15,76,12),(5724,'0','2016-09-30',1,15,91,13),(5725,'0','2016-09-30',1,15,91,14),(5726,'1.86','2016-09-30',1,15,106,15),(5727,'4.18','2016-09-30',1,15,106,16),(5728,'1','2016-09-30',1,15,106,17),(5729,'-22','2016-09-30',1,15,121,18),(5730,'-113','2016-09-30',1,15,121,19),(5731,'-2','2016-09-30',1,15,121,20),(5732,'33','2016-09-30',1,15,121,21),(5733,'16.2','2016-09-30',1,15,121,41),(5734,'86','2016-09-30',1,15,136,22),(5735,'22','2016-09-30',1,15,136,23),(5736,'0','2016-09-30',1,15,136,24),(5737,'59','2016-09-30',1,15,136,25),(5738,'0','2016-09-30',1,15,151,26),(5739,'0','2016-09-30',1,15,151,27),(5740,'0','2016-09-30',1,15,151,28),(5741,'0','2016-09-30',1,15,151,29),(5742,'0','2016-09-30',1,15,166,30),(5743,'0','2016-09-30',1,15,166,31),(5744,'100','2016-09-30',1,15,166,32),(5745,'0','2016-09-30',1,15,166,33),(5746,'0','2016-09-30',1,15,166,34),(5747,'5','2016-09-30',1,15,166,35),(5748,'0','2016-09-30',1,15,196,42),(5749,'0','2016-09-30',1,15,196,43),(5750,'0','2016-09-30',1,15,196,44),(5751,'1','2016-09-30',1,15,196,50),(5752,'0','2016-09-30',1,15,196,46),(5753,'1','2016-09-30',1,15,196,47),(5754,'-0.54','2016-09-30',1,14,1,1),(5755,'-3.15','2016-09-30',1,14,1,40),(5756,'0','2016-09-30',1,14,16,2),(5757,'0','2016-09-30',1,14,16,3),(5758,'0','2016-09-30',1,14,16,4),(5759,'0','2016-09-30',1,14,16,36),(5760,'0','2016-09-30',1,14,16,37),(5761,'0','2016-09-30',1,14,16,38),(5762,'-1.00','2016-09-30',1,14,31,5),(5763,'9.10.2016','2016-09-30',1,14,46,6),(5764,'0','2016-09-30',1,14,46,7),(5765,'1.25','2016-09-30',1,14,61,8),(5766,'0','2016-09-30',1,14,61,9),(5767,'0','2016-09-30',1,14,61,10),(5768,'0','2016-09-30',1,14,61,11),(5769,'0.61','2016-09-30',1,14,76,12),(5770,'0','2016-09-30',1,14,91,13),(5771,'0','2016-09-30',1,14,91,14),(5772,'1.86','2016-09-30',1,14,106,15),(5773,'4.18','2016-09-30',1,14,106,16),(5774,'0','2016-09-30',1,14,106,17),(5775,'-11','2016-09-30',1,14,121,18),(5776,'-45','2016-09-30',1,14,121,19),(5777,'-5','2016-09-30',1,14,121,20),(5778,'28','2016-09-30',1,14,121,21),(5779,'0','2016-09-30',1,14,121,41),(5780,'85','2016-09-30',1,14,136,22),(5781,'22','2016-09-30',1,14,136,23),(5782,'0','2016-09-30',1,14,136,24),(5783,'59','2016-09-30',1,14,136,25),(5784,'0','2016-09-30',1,14,151,26),(5785,'0','2016-09-30',1,14,151,27),(5786,'0','2016-09-30',1,14,151,28),(5787,'0','2016-09-30',1,14,151,29),(5788,'0','2016-09-30',1,14,166,30),(5789,'0','2016-09-30',1,14,166,31),(5790,'100','2016-09-30',1,14,166,32),(5791,'0','2016-09-30',1,14,166,33),(5792,'0','2016-09-30',1,14,166,34),(5793,'5','2016-09-30',1,14,166,35),(5794,'0','2016-09-30',1,14,196,42),(5795,'0','2016-09-30',1,14,196,43),(5796,'0','2016-09-30',1,14,196,44),(5797,'0','2016-09-30',1,14,196,50),(5798,'0','2016-09-30',1,14,196,46),(5799,'0','2016-09-30',1,14,196,47),(5800,'-8.59','2016-10-31',5,1,1,1),(5801,'-6.62','2016-10-31',5,1,1,40),(5802,'0','2016-10-31',5,1,16,2),(5803,'0','2016-10-31',5,1,16,3),(5804,'0','2016-10-31',5,1,16,4),(5805,'0','2016-10-31',5,1,16,36),(5806,'0','2016-10-31',5,1,16,37),(5807,'0','2016-10-31',5,1,16,38),(5808,'-0.1','2016-10-31',5,1,31,5),(5809,'11.11.2016','2016-10-31',5,1,46,6),(5810,'0','2016-10-31',5,1,46,7),(5811,'1.25','2016-10-31',5,1,61,8),(5812,'0','2016-10-31',5,1,61,9),(5813,'0','2016-10-31',5,1,61,10),(5814,'100','2016-10-31',5,1,61,11),(5815,'0.87','2016-10-31',5,1,76,12),(5816,'0','2016-10-31',5,1,91,13),(5817,'41','2016-10-31',5,1,91,14),(5818,'1.67','2016-10-31',5,1,106,15),(5819,'3.75','2016-10-31',5,1,106,16),(5820,'0','2016-10-31',5,1,106,17),(5821,'-23','2016-10-31',5,1,121,18),(5822,'-85.28','2016-10-31',5,1,121,19),(5823,'-5','2016-10-31',5,1,121,20),(5824,'-23','2016-10-31',5,1,121,21),(5825,'0.01','2016-10-31',5,1,121,41),(5826,'90','2016-10-31',5,1,136,22),(5827,'22','2016-10-31',5,1,136,23),(5828,'0','2016-10-31',5,1,136,24),(5829,'50','2016-10-31',5,1,136,25),(5830,'0','2016-10-31',5,1,151,26),(5831,'0','2016-10-31',5,1,151,27),(5832,'0','2016-10-31',5,1,151,28),(5833,'0','2016-10-31',5,1,151,29),(5834,'0','2016-10-31',5,1,166,30),(5835,'0','2016-10-31',5,1,166,31),(5836,'100','2016-10-31',5,1,166,32),(5837,'0','2016-10-31',5,1,166,33),(5838,'0','2016-10-31',5,1,166,34),(5839,'4','2016-10-31',5,1,166,35),(5840,'0','2016-10-31',5,1,196,42),(5841,'0','2016-10-31',5,1,196,43),(5842,'0','2016-10-31',5,1,196,44),(5843,'0','2016-10-31',5,1,196,50),(5844,'0','2016-10-31',5,1,196,46),(5845,'0','2016-10-31',5,1,196,47),(5846,'-11.28','2016-10-31',5,2,1,1),(5847,'1.38','2016-10-31',5,2,1,40),(5848,'0','2016-10-31',5,2,16,2),(5849,'0','2016-10-31',5,2,16,3),(5850,'0','2016-10-31',5,2,16,4),(5851,'0','2016-10-31',5,2,16,36),(5852,'0','2016-10-31',5,2,16,37),(5853,'0','2016-10-31',5,2,16,38),(5854,'0','2016-10-31',5,2,31,5),(5855,'11.11.2016','2016-10-31',5,2,46,6),(5856,'0','2016-10-31',5,2,46,7),(5857,'1.19','2016-10-31',5,2,61,8),(5858,'0','2016-10-31',5,2,61,9),(5859,'0','2016-10-31',5,2,61,10),(5860,'0','2016-10-31',5,2,61,11),(5861,'5.25','2016-10-31',5,2,76,12),(5862,'2','2016-10-31',5,2,91,13),(5863,'0','2016-10-31',5,2,91,14),(5864,'1.67','2016-10-31',5,2,106,15),(5865,'3.75','2016-10-31',5,2,106,16),(5866,'0','2016-10-31',5,2,106,17),(5867,'-23','2016-10-31',5,2,121,18),(5868,'-20.63','2016-10-31',5,2,121,19),(5869,'-8','2016-10-31',5,2,121,20),(5870,'-23','2016-10-31',5,2,121,21),(5871,'0','2016-10-31',5,2,121,41),(5872,'94','2016-10-31',5,2,136,22),(5873,'22','2016-10-31',5,2,136,23),(5874,'0','2016-10-31',5,2,136,24),(5875,'50','2016-10-31',5,2,136,25),(5876,'0','2016-10-31',5,2,151,26),(5877,'0','2016-10-31',5,2,151,27),(5878,'0','2016-10-31',5,2,151,28),(5879,'0','2016-10-31',5,2,151,29),(5880,'0','2016-10-31',5,2,166,30),(5881,'0','2016-10-31',5,2,166,31),(5882,'100','2016-10-31',5,2,166,32),(5883,'0','2016-10-31',5,2,166,33),(5884,'0','2016-10-31',5,2,166,34),(5885,'5','2016-10-31',5,2,166,35),(5886,'0','2016-10-31',5,2,196,42),(5887,'0','2016-10-31',5,2,196,43),(5888,'0','2016-10-31',5,2,196,44),(5889,'2','2016-10-31',5,2,196,50),(5890,'0','2016-10-31',5,2,196,46),(5891,'0','2016-10-31',5,2,196,47),(5892,'1.18','2016-10-31',5,3,1,1),(5893,'-3.85','2016-10-31',5,3,1,40),(5894,'0','2016-10-31',5,3,16,2),(5895,'0','2016-10-31',5,3,16,3),(5896,'0','2016-10-31',5,3,16,4),(5897,'0','2016-10-31',5,3,16,36),(5898,'0','2016-10-31',5,3,16,37),(5899,'0','2016-10-31',5,3,16,38),(5900,'0','2016-10-31',5,3,31,5),(5901,'11.11.2016','2016-10-31',5,3,46,6),(5902,'0','2016-10-31',5,3,46,7),(5903,'1.29','2016-10-31',5,3,61,8),(5904,'100','2016-10-31',5,3,61,9),(5905,'0','2016-10-31',5,3,61,10),(5906,'0','2016-10-31',5,3,61,11),(5907,'0.08','2016-10-31',5,3,76,12),(5908,'0','2016-10-31',5,3,91,13),(5909,'0','2016-10-31',5,3,91,14),(5910,'1.67','2016-10-31',5,3,106,15),(5911,'3.75','2016-10-31',5,3,106,16),(5912,'0','2016-10-31',5,3,106,17),(5913,'3','2016-10-31',5,3,121,18),(5914,'3.39','2016-10-31',5,3,121,19),(5915,'3','2016-10-31',5,3,121,20),(5916,'29','2016-10-31',5,3,121,21),(5917,'0','2016-10-31',5,3,121,41),(5918,'97','2016-10-31',5,3,136,22),(5919,'22','2016-10-31',5,3,136,23),(5920,'0','2016-10-31',5,3,136,24),(5921,'52','2016-10-31',5,3,136,25),(5922,'0','2016-10-31',5,3,151,26),(5923,'0','2016-10-31',5,3,151,27),(5924,'0','2016-10-31',5,3,151,28),(5925,'0','2016-10-31',5,3,151,29),(5926,'0','2016-10-31',5,3,166,30),(5927,'0','2016-10-31',5,3,166,31),(5928,'100','2016-10-31',5,3,166,32),(5929,'0','2016-10-31',5,3,166,33),(5930,'0','2016-10-31',5,3,166,34),(5931,'5','2016-10-31',5,3,166,35),(5932,'0','2016-10-31',5,3,196,42),(5933,'0','2016-10-31',5,3,196,43),(5934,'0','2016-10-31',5,3,196,44),(5935,'3','2016-10-31',5,3,196,50),(5936,'0','2016-10-31',5,3,196,46),(5937,'0','2016-10-31',5,3,196,47),(5938,'0.11','2016-10-31',5,12,1,1),(5939,'-8.38','2016-10-31',5,12,1,40),(5940,'0','2016-10-31',5,12,16,2),(5941,'0','2016-10-31',5,12,16,3),(5942,'0','2016-10-31',5,12,16,4),(5943,'0','2016-10-31',5,12,16,36),(5944,'0','2016-10-31',5,12,16,37),(5945,'0','2016-10-31',5,12,16,38),(5946,'0','2016-10-31',5,12,31,5),(5947,'11.11.2016','2016-10-31',5,12,46,6),(5948,'0','2016-10-31',5,12,46,7),(5949,'1.44','2016-10-31',5,12,61,8),(5950,'0','2016-10-31',5,12,61,9),(5951,'0','2016-10-31',5,12,61,10),(5952,'0','2016-10-31',5,12,61,11),(5953,'1.09','2016-10-31',5,12,76,12),(5954,'0','2016-10-31',5,12,91,13),(5955,'0','2016-10-31',5,12,91,14),(5956,'1.67','2016-10-31',5,12,106,15),(5957,'3.75','2016-10-31',5,12,106,16),(5958,'0','2016-10-31',5,12,106,17),(5959,'-6','2016-10-31',5,12,121,18),(5960,'19.58','2016-10-31',5,12,121,19),(5961,'-8','2016-10-31',5,12,121,20),(5962,'23','2016-10-31',5,12,121,21),(5963,'0','2016-10-31',5,12,121,41),(5964,'86','2016-10-31',5,12,136,22),(5965,'22','2016-10-31',5,12,136,23),(5966,'0','2016-10-31',5,12,136,24),(5967,'49','2016-10-31',5,12,136,25),(5968,'0','2016-10-31',5,12,151,26),(5969,'0','2016-10-31',5,12,151,27),(5970,'0','2016-10-31',5,12,151,28),(5971,'0','2016-10-31',5,12,151,29),(5972,'0','2016-10-31',5,12,166,30),(5973,'0','2016-10-31',5,12,166,31),(5974,'100','2016-10-31',5,12,166,32),(5975,'0','2016-10-31',5,12,166,33),(5976,'0','2016-10-31',5,12,166,34),(5977,'5','2016-10-31',5,12,166,35),(5978,'0','2016-10-31',5,12,196,42),(5979,'0','2016-10-31',5,12,196,43),(5980,'0','2016-10-31',5,12,196,44),(5981,'0','2016-10-31',5,12,196,50),(5982,'0','2016-10-31',5,12,196,46),(5983,'0','2016-10-31',5,12,196,47),(5984,'0','2016-11-30',1,2,1,1),(5985,'-4','2016-11-30',1,2,1,40),(5986,'0','2016-11-30',1,2,16,2),(5987,'0','2016-11-30',1,2,16,3),(5988,'0','2016-11-30',1,2,16,4),(5989,'0','2016-11-30',1,2,16,36),(5990,'0','2016-11-30',1,2,16,37),(5991,'0','2016-11-30',1,2,16,38),(5992,'','2016-11-30',1,2,31,5),(5993,'','2016-11-30',1,2,46,6),(5994,'','2016-11-30',1,2,46,7),(5995,'','2016-11-30',1,2,61,8),(5996,'0','2016-11-30',1,2,61,9),(5997,'0','2016-11-30',1,2,61,10),(5998,'0','2016-11-30',1,2,61,11),(5999,'','2016-11-30',1,2,76,12),(6000,'','2016-11-30',1,2,91,13),(6001,'','2016-11-30',1,2,91,14),(6002,'1.49','2016-11-30',1,2,106,15),(6003,'3.34','2016-11-30',1,2,106,16),(6004,'0','2016-11-30',1,2,106,17),(6005,'','2016-11-30',1,2,121,18),(6006,'','2016-11-30',1,2,121,19),(6007,'','2016-11-30',1,2,121,20),(6008,'','2016-11-30',1,2,121,21),(6009,'','2016-11-30',1,2,121,41),(6010,'91','2016-11-30',1,2,136,22),(6011,'','2016-11-30',1,2,136,23),(6012,'','2016-11-30',1,2,136,24),(6013,'59','2016-11-30',1,2,136,25),(6014,'','2016-11-30',1,2,151,26),(6015,'','2016-11-30',1,2,151,27),(6016,'','2016-11-30',1,2,151,28),(6017,'','2016-11-30',1,2,151,29),(6018,'0','2016-11-30',1,2,166,30),(6019,'0','2016-11-30',1,2,166,31),(6020,'0','2016-11-30',1,2,166,32),(6021,'0','2016-11-30',1,2,166,33),(6022,'0','2016-11-30',1,2,166,34),(6023,'5','2016-11-30',1,2,166,35),(6024,'','2016-11-30',1,2,196,42),(6025,'','2016-11-30',1,2,196,43),(6026,'','2016-11-30',1,2,196,44),(6027,'','2016-11-30',1,2,196,50),(6028,'','2016-11-30',1,2,196,46),(6029,'','2016-11-30',1,2,196,47),(6030,'-25.29','2016-10-31',5,4,1,1),(6031,'3.42','2016-10-31',5,4,1,40),(6032,'0','2016-10-31',5,4,16,2),(6033,'0','2016-10-31',5,4,16,3),(6034,'0','2016-10-31',5,4,16,4),(6035,'0','2016-10-31',5,4,16,36),(6036,'0','2016-10-31',5,4,16,37),(6037,'0','2016-10-31',5,4,16,38),(6038,'2.4','2016-10-31',5,4,31,5),(6039,'11.11.2016','2016-10-31',5,4,46,6),(6040,'0','2016-10-31',5,4,46,7),(6041,'1.28','2016-10-31',5,4,61,8),(6042,'0','2016-10-31',5,4,61,9),(6043,'0','2016-10-31',5,4,61,10),(6044,'0','2016-10-31',5,4,61,11),(6045,'0.35','2016-10-31',5,4,76,12),(6046,'0','2016-10-31',5,4,91,13),(6047,'0','2016-10-31',5,4,91,14),(6048,'1.67','2016-10-31',5,4,106,15),(6049,'3.75','2016-10-31',5,4,106,16),(6050,'0','2016-10-31',5,4,106,17),(6051,'-3','2016-10-31',5,4,121,18),(6052,'5.9','2016-10-31',5,4,121,19),(6053,'-6','2016-10-31',5,4,121,20),(6054,'-18','2016-10-31',5,4,121,21),(6055,'0','2016-10-31',5,4,121,41),(6056,'88','2016-10-31',5,4,136,22),(6057,'22','2016-10-31',5,4,136,23),(6058,'0','2016-10-31',5,4,136,24),(6059,'48','2016-10-31',5,4,136,25),(6060,'0','2016-10-31',5,4,151,26),(6061,'0','2016-10-31',5,4,151,27),(6062,'0','2016-10-31',5,4,151,28),(6063,'0','2016-10-31',5,4,151,29),(6064,'0','2016-10-31',5,4,166,30),(6065,'0','2016-10-31',5,4,166,31),(6066,'100','2016-10-31',5,4,166,32),(6067,'0','2016-10-31',5,4,166,33),(6068,'0','2016-10-31',5,4,166,34),(6069,'4','2016-10-31',5,4,166,35),(6070,'0','2016-10-31',5,4,196,42),(6071,'0','2016-10-31',5,4,196,43),(6072,'0','2016-10-31',5,4,196,44),(6073,'0','2016-10-31',5,4,196,50),(6074,'0','2016-10-31',5,4,196,46),(6075,'0','2016-10-31',5,4,196,47),(6076,'-1.71','2016-10-31',5,5,1,1),(6077,'1.69','2016-10-31',5,5,1,40),(6078,'0','2016-10-31',5,5,16,2),(6079,'0','2016-10-31',5,5,16,3),(6080,'0','2016-10-31',5,5,16,4),(6081,'0','2016-10-31',5,5,16,36),(6082,'0','2016-10-31',5,5,16,37),(6083,'0','2016-10-31',5,5,16,38),(6084,'0.1','2016-10-31',5,5,31,5),(6085,'11.11.2016','2016-10-31',5,5,46,6),(6086,'0','2016-10-31',5,5,46,7),(6087,'1.25','2016-10-31',5,5,61,8),(6088,'0','2016-10-31',5,5,61,9),(6089,'0','2016-10-31',5,5,61,10),(6090,'0','2016-10-31',5,5,61,11),(6091,'1.87','2016-10-31',5,5,76,12),(6092,'0','2016-10-31',5,5,91,13),(6093,'0','2016-10-31',5,5,91,14),(6094,'1.67','2016-10-31',5,5,106,15),(6095,'3.75','2016-10-31',5,5,106,16),(6096,'0','2016-10-31',5,5,106,17),(6097,'-11','2016-10-31',5,5,121,18),(6098,'-27.68','2016-10-31',5,5,121,19),(6099,'-7','2016-10-31',5,5,121,20),(6100,'29','2016-10-31',5,5,121,21),(6101,'0','2016-10-31',5,5,121,41),(6102,'97','2016-10-31',5,5,136,22),(6103,'22','2016-10-31',5,5,136,23),(6104,'0','2016-10-31',5,5,136,24),(6105,'52','2016-10-31',5,5,136,25),(6106,'0','2016-10-31',5,5,151,26),(6107,'0','2016-10-31',5,5,151,27),(6108,'0','2016-10-31',5,5,151,28),(6109,'0','2016-10-31',5,5,151,29),(6110,'0','2016-10-31',5,5,166,30),(6111,'0','2016-10-31',5,5,166,31),(6112,'100','2016-10-31',5,5,166,32),(6113,'0','2016-10-31',5,5,166,33),(6114,'0','2016-10-31',5,5,166,34),(6115,'4','2016-10-31',5,5,166,35),(6116,'0','2016-10-31',5,5,196,42),(6117,'0','2016-10-31',5,5,196,43),(6118,'0','2016-10-31',5,5,196,44),(6119,'0','2016-10-31',5,5,196,50),(6120,'0','2016-10-31',5,5,196,46),(6121,'0','2016-10-31',5,5,196,47),(6122,'-0.60','2016-10-31',5,6,1,1),(6123,'1.92','2016-10-31',5,6,1,40),(6124,'0','2016-10-31',5,6,16,2),(6125,'0','2016-10-31',5,6,16,3),(6126,'0','2016-10-31',5,6,16,4),(6127,'0','2016-10-31',5,6,16,36),(6128,'0','2016-10-31',5,6,16,37),(6129,'0','2016-10-31',5,6,16,38),(6130,'0','2016-10-31',5,6,31,5),(6131,'11.11.2016','2016-10-31',5,6,46,6),(6132,'0','2016-10-31',5,6,46,7),(6133,'1.36','2016-10-31',5,6,61,8),(6134,'100','2016-10-31',5,6,61,9),(6135,'0','2016-10-31',5,6,61,10),(6136,'100','2016-10-31',5,6,61,11),(6137,'3.03','2016-10-31',5,6,76,12),(6138,'15.6','2016-10-31',5,6,91,13),(6139,'0','2016-10-31',5,6,91,14),(6140,'1.67','2016-10-31',5,6,106,15),(6141,'3.75','2016-10-31',5,6,106,16),(6142,'0','2016-10-31',5,6,106,17),(6143,'-2','2016-10-31',5,6,121,18),(6144,'2.03','2016-10-31',5,6,121,19),(6145,'-4','2016-10-31',5,6,121,20),(6146,'23','2016-10-31',5,6,121,21),(6147,'0','2016-10-31',5,6,121,41),(6148,'85','2016-10-31',5,6,136,22),(6149,'22','2016-10-31',5,6,136,23),(6150,'0','2016-10-31',5,6,136,24),(6151,'48','2016-10-31',5,6,136,25),(6152,'0','2016-10-31',5,6,151,26),(6153,'0','2016-10-31',5,6,151,27),(6154,'0','2016-10-31',5,6,151,28),(6155,'0','2016-10-31',5,6,151,29),(6156,'0','2016-10-31',5,6,166,30),(6157,'0','2016-10-31',5,6,166,31),(6158,'100','2016-10-31',5,6,166,32),(6159,'0','2016-10-31',5,6,166,33),(6160,'0','2016-10-31',5,6,166,34),(6161,'5','2016-10-31',5,6,166,35),(6162,'0','2016-10-31',5,6,196,42),(6163,'0','2016-10-31',5,6,196,43),(6164,'0','2016-10-31',5,6,196,44),(6165,'0','2016-10-31',5,6,196,50),(6166,'0','2016-10-31',5,6,196,46),(6167,'0','2016-10-31',5,6,196,47),(6168,'-1.72','2016-10-31',5,7,1,1),(6169,'-7.69','2016-10-31',5,7,1,40),(6170,'0','2016-10-31',5,7,16,2),(6171,'0','2016-10-31',5,7,16,3),(6172,'0','2016-10-31',5,7,16,4),(6173,'0','2016-10-31',5,7,16,36),(6174,'0','2016-10-31',5,7,16,37),(6175,'0','2016-10-31',5,7,16,38),(6176,'-0.05','2016-10-31',5,7,31,5),(6177,'11.11.2016','2016-10-31',5,7,46,6),(6178,'0','2016-10-31',5,7,46,7),(6179,'1.38','2016-10-31',5,7,61,8),(6180,'0','2016-10-31',5,7,61,9),(6181,'0','2016-10-31',5,7,61,10),(6182,'0','2016-10-31',5,7,61,11),(6183,'0.21','2016-10-31',5,7,76,12),(6184,'1.40','2016-10-31',5,7,91,13),(6185,'0','2016-10-31',5,7,91,14),(6186,'1.67','2016-10-31',5,7,106,15),(6187,'3.75','2016-10-31',5,7,106,16),(6188,'0','2016-10-31',5,7,106,17),(6189,'-13','2016-10-31',5,7,121,18),(6190,'-66.95','2016-10-31',5,7,121,19),(6191,'2','2016-10-31',5,7,121,20),(6192,'29','2016-10-31',5,7,121,21),(6193,'0','2016-10-31',5,7,121,41),(6194,'88','2016-10-31',5,7,136,22),(6195,'22','2016-10-31',5,7,136,23),(6196,'0','2016-10-31',5,7,136,24),(6197,'48','2016-10-31',5,7,136,25),(6198,'0','2016-10-31',5,7,151,26),(6199,'0','2016-10-31',5,7,151,27),(6200,'0','2016-10-31',5,7,151,28),(6201,'0','2016-10-31',5,7,151,29),(6202,'1','2016-10-31',5,7,166,30),(6203,'0','2016-10-31',5,7,166,31),(6204,'0','2016-10-31',5,7,166,32),(6205,'0','2016-10-31',5,7,166,33),(6206,'0','2016-10-31',5,7,166,34),(6207,'5','2016-10-31',5,7,166,35),(6208,'0','2016-10-31',5,7,196,42),(6209,'0','2016-10-31',5,7,196,43),(6210,'0','2016-10-31',5,7,196,44),(6211,'1','2016-10-31',5,7,196,50),(6212,'0','2016-10-31',5,7,196,46),(6213,'0','2016-10-31',5,7,196,47),(6214,'0','2016-10-31',5,8,1,1),(6215,'-1.08','2016-10-31',5,8,1,40),(6216,'0','2016-10-31',5,8,16,2),(6217,'0','2016-10-31',5,8,16,3),(6218,'0','2016-10-31',5,8,16,4),(6219,'0','2016-10-31',5,8,16,36),(6220,'0','2016-10-31',5,8,16,37),(6221,'0','2016-10-31',5,8,16,38),(6222,'0.1','2016-10-31',5,8,31,5),(6223,'11.11.2016','2016-10-31',5,8,46,6),(6224,'0','2016-10-31',5,8,46,7),(6225,'1.44','2016-10-31',5,8,61,8),(6226,'0','2016-10-31',5,8,61,9),(6227,'0','2016-10-31',5,8,61,10),(6228,'0','2016-10-31',5,8,61,11),(6229,'0.19','2016-10-31',5,8,76,12),(6230,'0','2016-10-31',5,8,91,13),(6231,'0','2016-10-31',5,8,91,14),(6232,'1.67','2016-10-31',5,8,106,15),(6233,'3.75','2016-10-31',5,8,106,16),(6234,'0','2016-10-31',5,8,106,17),(6235,'-13','2016-10-31',5,8,121,18),(6236,'-34.07','2016-10-31',5,8,121,19),(6237,'-8','2016-10-31',5,8,121,20),(6238,'23','2016-10-31',5,8,121,21),(6239,'0','2016-10-31',5,8,121,41),(6240,'88','2016-10-31',5,8,136,22),(6241,'22','2016-10-31',5,8,136,23),(6242,'0','2016-10-31',5,8,136,24),(6243,'48','2016-10-31',5,8,136,25),(6244,'0','2016-10-31',5,8,151,26),(6245,'0','2016-10-31',5,8,151,27),(6246,'0','2016-10-31',5,8,151,28),(6247,'0','2016-10-31',5,8,151,29),(6248,'0','2016-10-31',5,8,166,30),(6249,'0','2016-10-31',5,8,166,31),(6250,'100','2016-10-31',5,8,166,32),(6251,'0','2016-10-31',5,8,166,33),(6252,'0','2016-10-31',5,8,166,34),(6253,'5','2016-10-31',5,8,166,35),(6254,'0','2016-10-31',5,8,196,42),(6255,'0','2016-10-31',5,8,196,43),(6256,'0','2016-10-31',5,8,196,44),(6257,'0','2016-10-31',5,8,196,50),(6258,'0','2016-10-31',5,8,196,46),(6259,'0','2016-10-31',5,8,196,47),(6260,'0.03','2016-10-31',5,9,1,1),(6261,'-6.38','2016-10-31',5,9,1,40),(6262,'0','2016-10-31',5,9,16,2),(6263,'0','2016-10-31',5,9,16,3),(6264,'0','2016-10-31',5,9,16,4),(6265,'0','2016-10-31',5,9,16,36),(6266,'0','2016-10-31',5,9,16,37),(6267,'0','2016-10-31',5,9,16,38),(6268,'0','2016-10-31',5,9,31,5),(6269,'11.11.2016','2016-10-31',5,9,46,6),(6270,'0','2016-10-31',5,9,46,7),(6271,'0.94','2016-10-31',5,9,61,8),(6272,'0','2016-10-31',5,9,61,9),(6273,'0','2016-10-31',5,9,61,10),(6274,'0','2016-10-31',5,9,61,11),(6275,'1.26','2016-10-31',5,9,76,12),(6276,'22.50','2016-10-31',5,9,91,13),(6277,'0','2016-10-31',5,9,91,14),(6278,'1.67','2016-10-31',5,9,106,15),(6279,'3.75','2016-10-31',5,9,106,16),(6280,'0','2016-10-31',5,9,106,17),(6281,'-5','2016-10-31',5,9,121,18),(6282,'-0.79','2016-10-31',5,9,121,19),(6283,'-8','2016-10-31',5,9,121,20),(6284,'-36','2016-10-31',5,9,121,21),(6285,'0','2016-10-31',5,9,121,41),(6286,'97','2016-10-31',5,9,136,22),(6287,'22','2016-10-31',5,9,136,23),(6288,'0','2016-10-31',5,9,136,24),(6289,'50','2016-10-31',5,9,136,25),(6290,'0','2016-10-31',5,9,151,26),(6291,'0','2016-10-31',5,9,151,27),(6292,'0','2016-10-31',5,9,151,28),(6293,'0','2016-10-31',5,9,151,29),(6294,'0','2016-10-31',5,9,166,30),(6295,'0','2016-10-31',5,9,166,31),(6296,'100','2016-10-31',5,9,166,32),(6297,'0','2016-10-31',5,9,166,33),(6298,'0','2016-10-31',5,9,166,34),(6299,'4','2016-10-31',5,9,166,35),(6300,'0','2016-10-31',5,9,196,42),(6301,'0','2016-10-31',5,9,196,43),(6302,'0','2016-10-31',5,9,196,44),(6303,'2','2016-10-31',5,9,196,50),(6304,'0','2016-10-31',5,9,196,46),(6305,'0','2016-10-31',5,9,196,47),(6306,'-0.04','2016-10-31',5,10,1,1),(6307,'-7.92','2016-10-31',5,10,1,40),(6308,'0','2016-10-31',5,10,16,2),(6309,'0','2016-10-31',5,10,16,3),(6310,'0','2016-10-31',5,10,16,4),(6311,'0','2016-10-31',5,10,16,36),(6312,'0','2016-10-31',5,10,16,37),(6313,'0','2016-10-31',5,10,16,38),(6314,'0','2016-10-31',5,10,31,5),(6315,'11.11.2016','2016-10-31',5,10,46,6),(6316,'0','2016-10-31',5,10,46,7),(6317,'1.28','2016-10-31',5,10,61,8),(6318,'0','2016-10-31',5,10,61,9),(6319,'1','2016-10-31',5,10,61,10),(6320,'0','2016-10-31',5,10,61,11),(6321,'2.26','2016-10-31',5,10,76,12),(6322,'1.30','2016-10-31',5,10,91,13),(6323,'0','2016-10-31',5,10,91,14),(6324,'1.67','2016-10-31',5,10,106,15),(6325,'3.75','2016-10-31',5,10,106,16),(6326,'0','2016-10-31',5,10,106,17),(6327,'-6','2016-10-31',5,10,121,18),(6328,'-7.83','2016-10-31',5,10,121,19),(6329,'-7','2016-10-31',5,10,121,20),(6330,'-52','2016-10-31',5,10,121,21),(6331,'0','2016-10-31',5,10,121,41),(6332,'91','2016-10-31',5,10,136,22),(6333,'22','2016-10-31',5,10,136,23),(6334,'0','2016-10-31',5,10,136,24),(6335,'50','2016-10-31',5,10,136,25),(6336,'0','2016-10-31',5,10,151,26),(6337,'0','2016-10-31',5,10,151,27),(6338,'0','2016-10-31',5,10,151,28),(6339,'0','2016-10-31',5,10,151,29),(6340,'0','2016-10-31',5,10,166,30),(6341,'0','2016-10-31',5,10,166,31),(6342,'100','2016-10-31',5,10,166,32),(6343,'0','2016-10-31',5,10,166,33),(6344,'0','2016-10-31',5,10,166,34),(6345,'5','2016-10-31',5,10,166,35),(6346,'0','2016-10-31',5,10,196,42),(6347,'0','2016-10-31',5,10,196,43),(6348,'0','2016-10-31',5,10,196,44),(6349,'0','2016-10-31',5,10,196,50),(6350,'0','2016-10-31',5,10,196,46),(6351,'0','2016-10-31',5,10,196,47),(6352,'-1.31','2016-10-31',5,11,1,1),(6353,'-5.15','2016-10-31',5,11,1,40),(6354,'0','2016-10-31',5,11,16,2),(6355,'0','2016-10-31',5,11,16,3),(6356,'0','2016-10-31',5,11,16,4),(6357,'0','2016-10-31',5,11,16,36),(6358,'0','2016-10-31',5,11,16,37),(6359,'0','2016-10-31',5,11,16,38),(6360,'0.19','2016-10-31',5,11,31,5),(6361,'11.11.2016','2016-10-31',5,11,46,6),(6362,'0','2016-10-31',5,11,46,7),(6363,'1.36','2016-10-31',5,11,61,8),(6364,'0','2016-10-31',5,11,61,9),(6365,'0','2016-10-31',5,11,61,10),(6366,'0','2016-10-31',5,11,61,11),(6367,'2.38','2016-10-31',5,11,76,12),(6368,'0','2016-10-31',5,11,91,13),(6369,'0','2016-10-31',5,11,91,14),(6370,'1.67','2016-10-31',5,11,106,15),(6371,'3.75','2016-10-31',5,11,106,16),(6372,'0','2016-10-31',5,11,106,17),(6373,'-3','2016-10-31',5,11,121,18),(6374,'-0.32','2016-10-31',5,11,121,19),(6375,'-5','2016-10-31',5,11,121,20),(6376,'27','2016-10-31',5,11,121,21),(6377,'0','2016-10-31',5,11,121,41),(6378,'97','2016-10-31',5,11,136,22),(6379,'22','2016-10-31',5,11,136,23),(6380,'0','2016-10-31',5,11,136,24),(6381,'50','2016-10-31',5,11,136,25),(6382,'0','2016-10-31',5,11,151,26),(6383,'0','2016-10-31',5,11,151,27),(6384,'0','2016-10-31',5,11,151,28),(6385,'0','2016-10-31',5,11,151,29),(6386,'0','2016-10-31',5,11,166,30),(6387,'0','2016-10-31',5,11,166,31),(6388,'100','2016-10-31',5,11,166,32),(6389,'0','2016-10-31',5,11,166,33),(6390,'0','2016-10-31',5,11,166,34),(6391,'5','2016-10-31',5,11,166,35),(6392,'0','2016-10-31',5,11,196,42),(6393,'0','2016-10-31',5,11,196,43),(6394,'0','2016-10-31',5,11,196,44),(6395,'0','2016-10-31',5,11,196,50),(6396,'0','2016-10-31',5,11,196,46),(6397,'0','2016-10-31',5,11,196,47),(6398,'-0.63','2016-10-31',5,13,1,1),(6399,'-6.92','2016-10-31',5,13,1,40),(6400,'0','2016-10-31',5,13,16,2),(6401,'0','2016-10-31',5,13,16,3),(6402,'0','2016-10-31',5,13,16,4),(6403,'0','2016-10-31',5,13,16,36),(6404,'0','2016-10-31',5,13,16,37),(6405,'0','2016-10-31',5,13,16,38),(6406,'0','2016-10-31',5,13,31,5),(6407,'11.11.2016','2016-10-31',5,13,46,6),(6408,'0','2016-10-31',5,13,46,7),(6409,'1.16','2016-10-31',5,13,61,8),(6410,'0','2016-10-31',5,13,61,9),(6411,'0','2016-10-31',5,13,61,10),(6412,'0','2016-10-31',5,13,61,11),(6413,'0.71','2016-10-31',5,13,76,12),(6414,'','2016-10-31',5,13,91,13),(6415,'','2016-10-31',5,13,91,14),(6416,'1.67','2016-10-31',5,13,106,15),(6417,'3.75','2016-10-31',5,13,106,16),(6418,'','2016-10-31',5,13,106,17),(6419,'-2','2016-10-31',5,13,121,18),(6420,'-8.79','2016-10-31',5,13,121,19),(6421,'-1','2016-10-31',5,13,121,20),(6422,'30','2016-10-31',5,13,121,21),(6423,'','2016-10-31',5,13,121,41),(6424,'89','2016-10-31',5,13,136,22),(6425,'22','2016-10-31',5,13,136,23),(6426,'0','2016-10-31',5,13,136,24),(6427,'50','2016-10-31',5,13,136,25),(6428,'0','2016-10-31',5,13,151,26),(6429,'0','2016-10-31',5,13,151,27),(6430,'0','2016-10-31',5,13,151,28),(6431,'0','2016-10-31',5,13,151,29),(6432,'0','2016-10-31',5,13,166,30),(6433,'0','2016-10-31',5,13,166,31),(6434,'100','2016-10-31',5,13,166,32),(6435,'0','2016-10-31',5,13,166,33),(6436,'0','2016-10-31',5,13,166,34),(6437,'','2016-10-31',5,13,166,35),(6438,'0','2016-10-31',5,13,196,42),(6439,'0','2016-10-31',5,13,196,43),(6440,'0','2016-10-31',5,13,196,44),(6441,'','2016-10-31',5,13,196,50),(6442,'','2016-10-31',5,13,196,46),(6443,'','2016-10-31',5,13,196,47),(6444,'-3.68','2016-10-31',5,14,1,1),(6445,'-3.53','2016-10-31',5,14,1,40),(6446,'0','2016-10-31',5,14,16,2),(6447,'0','2016-10-31',5,14,16,3),(6448,'0','2016-10-31',5,14,16,4),(6449,'0','2016-10-31',5,14,16,36),(6450,'0','2016-10-31',5,14,16,37),(6451,'0','2016-10-31',5,14,16,38),(6452,'0','2016-10-31',5,14,31,5),(6453,'11.11.2016','2016-10-31',5,14,46,6),(6454,'0','2016-10-31',5,14,46,7),(6455,'1.25','2016-10-31',5,14,61,8),(6456,'0','2016-10-31',5,14,61,9),(6457,'0','2016-10-31',5,14,61,10),(6458,'0','2016-10-31',5,14,61,11),(6459,'1.24','2016-10-31',5,14,76,12),(6460,'0','2016-10-31',5,14,91,13),(6461,'0','2016-10-31',5,14,91,14),(6462,'1.67','2016-10-31',5,14,106,15),(6463,'3.75','2016-10-31',5,14,106,16),(6464,'0','2016-10-31',5,14,106,17),(6465,'-10','2016-10-31',5,14,121,18),(6466,'-39.76','2016-10-31',5,14,121,19),(6467,'-3','2016-10-31',5,14,121,20),(6468,'25','2016-10-31',5,14,121,21),(6469,'0.001','2016-10-31',5,14,121,41),(6470,'91','2016-10-31',5,14,136,22),(6471,'22','2016-10-31',5,14,136,23),(6472,'0','2016-10-31',5,14,136,24),(6473,'52','2016-10-31',5,14,136,25),(6474,'0','2016-10-31',5,14,151,26),(6475,'0','2016-10-31',5,14,151,27),(6476,'0','2016-10-31',5,14,151,28),(6477,'0','2016-10-31',5,14,151,29),(6478,'0','2016-10-31',5,14,166,30),(6479,'0','2016-10-31',5,14,166,31),(6480,'100','2016-10-31',5,14,166,32),(6481,'0','2016-10-31',5,14,166,33),(6482,'0','2016-10-31',5,14,166,34),(6483,'5','2016-10-31',5,14,166,35),(6484,'0','2016-10-31',5,14,196,42),(6485,'0','2016-10-31',5,14,196,43),(6486,'0','2016-10-31',5,14,196,44),(6487,'0','2016-10-31',5,14,196,50),(6488,'0','2016-10-31',5,14,196,46),(6489,'2038.34','2016-10-31',5,14,196,47),(6490,'0.43','2016-10-31',5,15,1,1),(6491,'-9.67','2016-10-31',5,15,1,40),(6492,'0','2016-10-31',5,15,16,2),(6493,'0','2016-10-31',5,15,16,3),(6494,'0','2016-10-31',5,15,16,4),(6495,'0','2016-10-31',5,15,16,36),(6496,'0','2016-10-31',5,15,16,37),(6497,'0','2016-10-31',5,15,16,38),(6498,'16','2016-10-31',5,15,31,5),(6499,'11.11.2016','2016-10-31',5,15,46,6),(6500,'0','2016-10-31',5,15,46,7),(6501,'0.95','2016-10-31',5,15,61,8),(6502,'0','2016-10-31',5,15,61,9),(6503,'1','2016-10-31',5,15,61,10),(6504,'0','2016-10-31',5,15,61,11),(6505,'0.21','2016-10-31',5,15,76,12),(6506,'0','2016-10-31',5,15,91,13),(6507,'20.24','2016-10-31',5,15,91,14),(6508,'1.67','2016-10-31',5,15,106,15),(6509,'3.75','2016-10-31',5,15,106,16),(6510,'0','2016-10-31',5,15,106,17),(6511,'-21','2016-10-31',5,15,121,18),(6512,'-109.76','2016-10-31',5,15,121,19),(6513,'-2','2016-10-31',5,15,121,20),(6514,'36','2016-10-31',5,15,121,21),(6515,'0.2','2016-10-31',5,15,121,41),(6516,'81','2016-10-31',5,15,136,22),(6517,'22','2016-10-31',5,15,136,23),(6518,'0','2016-10-31',5,15,136,24),(6519,'52','2016-10-31',5,15,136,25),(6520,'0','2016-10-31',5,15,151,26),(6521,'0','2016-10-31',5,15,151,27),(6522,'0','2016-10-31',5,15,151,28),(6523,'0','2016-10-31',5,15,151,29),(6524,'0','2016-10-31',5,15,166,30),(6525,'0','2016-10-31',5,15,166,31),(6526,'100','2016-10-31',5,15,166,32),(6527,'0','2016-10-31',5,15,166,33),(6528,'0','2016-10-31',5,15,166,34),(6529,'5','2016-10-31',5,15,166,35),(6530,'0','2016-10-31',5,15,196,42),(6531,'0','2016-10-31',5,15,196,43),(6532,'0','2016-10-31',5,15,196,44),(6533,'3','2016-10-31',5,15,196,50),(6534,'0','2016-10-31',5,15,196,46),(6535,'27250','2016-10-31',5,15,196,47),(6536,'0','2016-10-31',5,16,1,1),(6537,'0','2016-10-31',5,16,1,40),(6538,'0','2016-10-31',5,16,16,2),(6539,'0','2016-10-31',5,16,16,3),(6540,'0','2016-10-31',5,16,16,4),(6541,'0','2016-10-31',5,16,16,36),(6542,'0','2016-10-31',5,16,16,37),(6543,'0','2016-10-31',5,16,16,38),(6544,'0','2016-10-31',5,16,31,5),(6545,'0','2016-10-31',5,16,46,6),(6546,'0','2016-10-31',5,16,46,7),(6547,'0','2016-10-31',5,16,61,8),(6548,'0','2016-10-31',5,16,61,9),(6549,'0','2016-10-31',5,16,61,10),(6550,'0','2016-10-31',5,16,61,11),(6551,'0','2016-10-31',5,16,76,12),(6552,'0','2016-10-31',5,16,91,13),(6553,'0','2016-10-31',5,16,91,14),(6554,'0','2016-10-31',5,16,106,15),(6555,'0','2016-10-31',5,16,106,16),(6556,'0','2016-10-31',5,16,106,17),(6557,'0','2016-10-31',5,16,121,18),(6558,'0','2016-10-31',5,16,121,19),(6559,'0','2016-10-31',5,16,121,20),(6560,'0','2016-10-31',5,16,121,21),(6561,'0','2016-10-31',5,16,121,41),(6562,'0','2016-10-31',5,16,136,22),(6563,'0','2016-10-31',5,16,136,23),(6564,'0','2016-10-31',5,16,136,24),(6565,'0','2016-10-31',5,16,136,25),(6566,'0','2016-10-31',5,16,151,26),(6567,'0','2016-10-31',5,16,151,27),(6568,'0','2016-10-31',5,16,151,28),(6569,'0','2016-10-31',5,16,151,29),(6570,'0','2016-10-31',5,16,166,30),(6571,'0','2016-10-31',5,16,166,31),(6572,'0','2016-10-31',5,16,166,32),(6573,'0','2016-10-31',5,16,166,33),(6574,'0','2016-10-31',5,16,166,34),(6575,'0','2016-10-31',5,16,166,35),(6576,'0','2016-10-31',5,16,196,42),(6577,'0','2016-10-31',5,16,196,43),(6578,'0','2016-10-31',5,16,196,44),(6579,'0','2016-10-31',5,16,196,50),(6580,'0','2016-10-31',5,16,196,46),(6581,'0','2016-10-31',5,16,196,47),(6582,'0','2016-08-31',1,16,1,1),(6583,'0','2016-08-31',1,16,1,40),(6584,'0','2016-08-31',1,16,16,2),(6585,'0','2016-08-31',1,16,16,3),(6586,'0','2016-08-31',1,16,16,4),(6587,'0','2016-08-31',1,16,16,36),(6588,'0','2016-08-31',1,16,16,37),(6589,'0','2016-08-31',1,16,16,38),(6590,'0','2016-08-31',1,16,31,5),(6591,'0','2016-08-31',1,16,46,6),(6592,'0','2016-08-31',1,16,46,7),(6593,'0','2016-08-31',1,16,61,8),(6594,'0','2016-08-31',1,16,61,9),(6595,'0','2016-08-31',1,16,61,10),(6596,'0','2016-08-31',1,16,61,11),(6597,'0','2016-08-31',1,16,76,12),(6598,'0','2016-08-31',1,16,91,13),(6599,'0','2016-08-31',1,16,91,14),(6600,'0','2016-08-31',1,16,106,15),(6601,'0','2016-08-31',1,16,106,16),(6602,'0','2016-08-31',1,16,106,17),(6603,'0','2016-08-31',1,16,121,18),(6604,'0','2016-08-31',1,16,121,19),(6605,'0','2016-08-31',1,16,121,20),(6606,'0','2016-08-31',1,16,121,21),(6607,'0','2016-08-31',1,16,121,41),(6608,'0','2016-08-31',1,16,136,22),(6609,'0','2016-08-31',1,16,136,23),(6610,'0','2016-08-31',1,16,136,24),(6611,'0','2016-08-31',1,16,136,25),(6612,'0','2016-08-31',1,16,151,26),(6613,'0','2016-08-31',1,16,151,27),(6614,'0','2016-08-31',1,16,151,28),(6615,'0','2016-08-31',1,16,151,29),(6616,'0','2016-08-31',1,16,166,30),(6617,'0','2016-08-31',1,16,166,31),(6618,'0','2016-08-31',1,16,166,32),(6619,'0','2016-08-31',1,16,166,33),(6620,'0','2016-08-31',1,16,166,34),(6621,'0','2016-08-31',1,16,166,35),(6622,'0','2016-08-31',1,16,196,42),(6623,'0','2016-08-31',1,16,196,43),(6624,'0','2016-08-31',1,16,196,44),(6625,'0','2016-08-31',1,16,196,50),(6626,'0','2016-08-31',1,16,196,46),(6627,'0','2016-08-31',1,16,196,47),(6628,'0','2016-08-31',1,17,1,1),(6629,'0','2016-08-31',1,17,1,40),(6630,'0','2016-08-31',1,17,16,2),(6631,'0','2016-08-31',1,17,16,3),(6632,'0','2016-08-31',1,17,16,4),(6633,'0','2016-08-31',1,17,16,36),(6634,'0','2016-08-31',1,17,16,37),(6635,'0','2016-08-31',1,17,16,38),(6636,'0','2016-08-31',1,17,31,5),(6637,'0','2016-08-31',1,17,46,6),(6638,'0','2016-08-31',1,17,46,7),(6639,'0','2016-08-31',1,17,61,8),(6640,'0','2016-08-31',1,17,61,9),(6641,'0','2016-08-31',1,17,61,10),(6642,'0','2016-08-31',1,17,61,11),(6643,'0','2016-08-31',1,17,76,12),(6644,'0','2016-08-31',1,17,91,13),(6645,'0','2016-08-31',1,17,91,14),(6646,'0','2016-08-31',1,17,106,15),(6647,'0','2016-08-31',1,17,106,16),(6648,'0','2016-08-31',1,17,106,17),(6649,'0','2016-08-31',1,17,121,18),(6650,'0','2016-08-31',1,17,121,19),(6651,'0','2016-08-31',1,17,121,20),(6652,'0','2016-08-31',1,17,121,21),(6653,'0','2016-08-31',1,17,121,41),(6654,'0','2016-08-31',1,17,136,22),(6655,'0','2016-08-31',1,17,136,23),(6656,'0','2016-08-31',1,17,136,24),(6657,'0','2016-08-31',1,17,136,25),(6658,'0','2016-08-31',1,17,151,26),(6659,'0','2016-08-31',1,17,151,27),(6660,'0','2016-08-31',1,17,151,28),(6661,'0','2016-08-31',1,17,151,29),(6662,'0','2016-08-31',1,17,166,30),(6663,'0','2016-08-31',1,17,166,31),(6664,'0','2016-08-31',1,17,166,32),(6665,'0','2016-08-31',1,17,166,33),(6666,'0','2016-08-31',1,17,166,34),(6667,'0','2016-08-31',1,17,166,35),(6668,'0','2016-08-31',1,17,196,42),(6669,'0','2016-08-31',1,17,196,43),(6670,'0','2016-08-31',1,17,196,44),(6671,'0','2016-08-31',1,17,196,50),(6672,'0','2016-08-31',1,17,196,46),(6673,'0','2016-08-31',1,17,196,47),(6674,'0','2016-09-30',1,16,1,1),(6675,'0','2016-09-30',1,16,1,40),(6676,'0','2016-09-30',1,16,16,2),(6677,'0','2016-09-30',1,16,16,3),(6678,'0','2016-09-30',1,16,16,4),(6679,'0','2016-09-30',1,16,16,36),(6680,'0','2016-09-30',1,16,16,37),(6681,'0','2016-09-30',1,16,16,38),(6682,'0','2016-09-30',1,16,31,5),(6683,'0','2016-09-30',1,16,46,6),(6684,'0','2016-09-30',1,16,46,7),(6685,'0','2016-09-30',1,16,61,8),(6686,'0','2016-09-30',1,16,61,9),(6687,'0','2016-09-30',1,16,61,10),(6688,'0','2016-09-30',1,16,61,11),(6689,'0','2016-09-30',1,16,76,12),(6690,'0','2016-09-30',1,16,91,13),(6691,'0','2016-09-30',1,16,91,14),(6692,'0','2016-09-30',1,16,106,15),(6693,'0','2016-09-30',1,16,106,16),(6694,'0','2016-09-30',1,16,106,17),(6695,'0','2016-09-30',1,16,121,18),(6696,'0','2016-09-30',1,16,121,19),(6697,'0','2016-09-30',1,16,121,20),(6698,'0','2016-09-30',1,16,121,21),(6699,'0','2016-09-30',1,16,121,41),(6700,'0','2016-09-30',1,16,136,22),(6701,'0','2016-09-30',1,16,136,23),(6702,'0','2016-09-30',1,16,136,24),(6703,'0','2016-09-30',1,16,136,25),(6704,'0','2016-09-30',1,16,151,26),(6705,'0','2016-09-30',1,16,151,27),(6706,'0','2016-09-30',1,16,151,28),(6707,'0','2016-09-30',1,16,151,29),(6708,'0','2016-09-30',1,16,166,30),(6709,'0','2016-09-30',1,16,166,31),(6710,'0','2016-09-30',1,16,166,32),(6711,'0','2016-09-30',1,16,166,33),(6712,'0','2016-09-30',1,16,166,34),(6713,'0','2016-09-30',1,16,166,35),(6714,'0','2016-09-30',1,16,196,42),(6715,'0','2016-09-30',1,16,196,43),(6716,'0','2016-09-30',1,16,196,44),(6717,'0','2016-09-30',1,16,196,50),(6718,'0','2016-09-30',1,16,196,46),(6719,'0','2016-09-30',1,16,196,47),(6720,'0','2016-09-30',1,17,1,1),(6721,'0','2016-09-30',1,17,1,40),(6722,'0','2016-09-30',1,17,16,2),(6723,'0','2016-09-30',1,17,16,3),(6724,'0','2016-09-30',1,17,16,4),(6725,'0','2016-09-30',1,17,16,36),(6726,'0','2016-09-30',1,17,16,37),(6727,'0','2016-09-30',1,17,16,38),(6728,'0','2016-09-30',1,17,31,5),(6729,'0','2016-09-30',1,17,46,6),(6730,'0','2016-09-30',1,17,46,7),(6731,'0','2016-09-30',1,17,61,8),(6732,'0','2016-09-30',1,17,61,9),(6733,'0','2016-09-30',1,17,61,10),(6734,'0','2016-09-30',1,17,61,11),(6735,'0','2016-09-30',1,17,76,12),(6736,'0','2016-09-30',1,17,91,13),(6737,'0','2016-09-30',1,17,91,14),(6738,'0','2016-09-30',1,17,106,15),(6739,'0','2016-09-30',1,17,106,16),(6740,'0','2016-09-30',1,17,106,17),(6741,'0','2016-09-30',1,17,121,18),(6742,'0','2016-09-30',1,17,121,19),(6743,'0','2016-09-30',1,17,121,20),(6744,'0','2016-09-30',1,17,121,21),(6745,'0','2016-09-30',1,17,121,41),(6746,'0','2016-09-30',1,17,136,22),(6747,'0','2016-09-30',1,17,136,23),(6748,'0','2016-09-30',1,17,136,24),(6749,'0','2016-09-30',1,17,136,25),(6750,'0','2016-09-30',1,17,151,26),(6751,'0','2016-09-30',1,17,151,27),(6752,'0','2016-09-30',1,17,151,28),(6753,'0','2016-09-30',1,17,151,29),(6754,'0','2016-09-30',1,17,166,30),(6755,'0','2016-09-30',1,17,166,31),(6756,'0','2016-09-30',1,17,166,32),(6757,'0','2016-09-30',1,17,166,33),(6758,'0','2016-09-30',1,17,166,34),(6759,'0','2016-09-30',1,17,166,35),(6760,'0','2016-09-30',1,17,196,42),(6761,'0','2016-09-30',1,17,196,43),(6762,'0','2016-09-30',1,17,196,44),(6763,'0','2016-09-30',1,17,196,50),(6764,'0','2016-09-30',1,17,196,46),(6765,'0','2016-09-30',1,17,196,47),(6766,'0','2016-10-31',5,17,1,1),(6767,'0','2016-10-31',5,17,1,40),(6768,'0','2016-10-31',5,17,16,2),(6769,'0','2016-10-31',5,17,16,3),(6770,'0','2016-10-31',5,17,16,4),(6771,'0','2016-10-31',5,17,16,36),(6772,'0','2016-10-31',5,17,16,37),(6773,'0','2016-10-31',5,17,16,38),(6774,'0','2016-10-31',5,17,31,5),(6775,'0','2016-10-31',5,17,46,6),(6776,'0','2016-10-31',5,17,46,7),(6777,'0','2016-10-31',5,17,61,8),(6778,'0','2016-10-31',5,17,61,9),(6779,'0','2016-10-31',5,17,61,10),(6780,'0','2016-10-31',5,17,61,11),(6781,'0','2016-10-31',5,17,76,12),(6782,'0','2016-10-31',5,17,91,13),(6783,'0','2016-10-31',5,17,91,14),(6784,'0','2016-10-31',5,17,106,15),(6785,'0','2016-10-31',5,17,106,16),(6786,'0','2016-10-31',5,17,106,17),(6787,'0','2016-10-31',5,17,121,18),(6788,'0','2016-10-31',5,17,121,19),(6789,'0','2016-10-31',5,17,121,20),(6790,'0','2016-10-31',5,17,121,21),(6791,'0','2016-10-31',5,17,121,41),(6792,'0','2016-10-31',5,17,136,22),(6793,'0','2016-10-31',5,17,136,23),(6794,'0','2016-10-31',5,17,136,24),(6795,'0','2016-10-31',5,17,136,25),(6796,'0','2016-10-31',5,17,151,26),(6797,'0','2016-10-31',5,17,151,27),(6798,'0','2016-10-31',5,17,151,28),(6799,'0','2016-10-31',5,17,151,29),(6800,'0','2016-10-31',5,17,166,30),(6801,'0','2016-10-31',5,17,166,31),(6802,'0','2016-10-31',5,17,166,32),(6803,'0','2016-10-31',5,17,166,33),(6804,'0','2016-10-31',5,17,166,34),(6805,'0','2016-10-31',5,17,166,35),(6806,'0','2016-10-31',5,17,196,42),(6807,'0','2016-10-31',5,17,196,43),(6808,'0','2016-10-31',5,17,196,44),(6809,'0','2016-10-31',5,17,196,50),(6810,'0','2016-10-31',5,17,196,46),(6811,'0','2016-10-31',5,17,196,47),(6812,'0','2016-08-31',1,1,1,1),(6813,'0','2016-08-31',1,1,1,40),(6814,'','2016-08-31',1,1,16,2),(6815,'','2016-08-31',1,1,16,3),(6816,'','2016-08-31',1,1,16,4),(6817,'','2016-08-31',1,1,16,36),(6818,'','2016-08-31',1,1,16,37),(6819,'','2016-08-31',1,1,16,38),(6820,'','2016-08-31',1,1,31,5),(6821,'','2016-08-31',1,1,46,6),(6822,'','2016-08-31',1,1,46,7),(6823,'','2016-08-31',1,1,61,8),(6824,'','2016-08-31',1,1,61,9),(6825,'','2016-08-31',1,1,61,10),(6826,'','2016-08-31',1,1,61,11),(6827,'','2016-08-31',1,1,76,12),(6828,'','2016-08-31',1,1,91,13),(6829,'','2016-08-31',1,1,91,14),(6830,'','2016-08-31',1,1,106,15),(6831,'','2016-08-31',1,1,106,16),(6832,'','2016-08-31',1,1,106,17),(6833,'','2016-08-31',1,1,121,18),(6834,'','2016-08-31',1,1,121,19),(6835,'','2016-08-31',1,1,121,20),(6836,'','2016-08-31',1,1,121,21),(6837,'','2016-08-31',1,1,121,41),(6838,'','2016-08-31',1,1,136,22),(6839,'','2016-08-31',1,1,136,23),(6840,'','2016-08-31',1,1,136,24),(6841,'','2016-08-31',1,1,136,25),(6842,'','2016-08-31',1,1,151,26),(6843,'','2016-08-31',1,1,151,27),(6844,'','2016-08-31',1,1,151,28),(6845,'','2016-08-31',1,1,151,29),(6846,'','2016-08-31',1,1,166,30),(6847,'','2016-08-31',1,1,166,31),(6848,'','2016-08-31',1,1,166,32),(6849,'','2016-08-31',1,1,166,33),(6850,'','2016-08-31',1,1,166,34),(6851,'','2016-08-31',1,1,166,35),(6852,'','2016-08-31',1,1,196,42),(6853,'','2016-08-31',1,1,196,43),(6854,'','2016-08-31',1,1,196,44),(6855,'','2016-08-31',1,1,196,50),(6856,'','2016-08-31',1,1,196,46),(6857,'','2016-08-31',1,1,196,47),(6858,'0','2016-09-30',1,1,1,1),(6859,'0','2016-09-30',1,1,1,40),(6860,'','2016-09-30',1,1,16,2),(6861,'','2016-09-30',1,1,16,3),(6862,'','2016-09-30',1,1,16,4),(6863,'','2016-09-30',1,1,16,36),(6864,'','2016-09-30',1,1,16,37),(6865,'','2016-09-30',1,1,16,38),(6866,'','2016-09-30',1,1,31,5),(6867,'','2016-09-30',1,1,46,6),(6868,'','2016-09-30',1,1,46,7),(6869,'','2016-09-30',1,1,61,8),(6870,'','2016-09-30',1,1,61,9),(6871,'','2016-09-30',1,1,61,10),(6872,'','2016-09-30',1,1,61,11),(6873,'','2016-09-30',1,1,76,12),(6874,'','2016-09-30',1,1,91,13),(6875,'','2016-09-30',1,1,91,14),(6876,'','2016-09-30',1,1,106,15),(6877,'','2016-09-30',1,1,106,16),(6878,'','2016-09-30',1,1,106,17),(6879,'','2016-09-30',1,1,121,18),(6880,'','2016-09-30',1,1,121,19),(6881,'','2016-09-30',1,1,121,20),(6882,'','2016-09-30',1,1,121,21),(6883,'','2016-09-30',1,1,121,41),(6884,'','2016-09-30',1,1,136,22),(6885,'','2016-09-30',1,1,136,23),(6886,'','2016-09-30',1,1,136,24),(6887,'','2016-09-30',1,1,136,25),(6888,'','2016-09-30',1,1,151,26),(6889,'','2016-09-30',1,1,151,27),(6890,'','2016-09-30',1,1,151,28),(6891,'','2016-09-30',1,1,151,29),(6892,'','2016-09-30',1,1,166,30),(6893,'','2016-09-30',1,1,166,31),(6894,'','2016-09-30',1,1,166,32),(6895,'','2016-09-30',1,1,166,33),(6896,'','2016-09-30',1,1,166,34),(6897,'','2016-09-30',1,1,166,35),(6898,'','2016-09-30',1,1,196,42),(6899,'','2016-09-30',1,1,196,43),(6900,'','2016-09-30',1,1,196,44),(6901,'','2016-09-30',1,1,196,50),(6902,'','2016-09-30',1,1,196,46),(6903,'','2016-09-30',1,1,196,47),(6904,'-0.17%','2016-09-30',1,1,1,1),(6905,'0.77%','2016-09-30',1,1,1,40),(6906,'','2016-09-30',1,1,16,2),(6907,'','2016-09-30',1,1,16,3),(6908,'','2016-09-30',1,1,16,4),(6909,'','2016-09-30',1,1,16,36),(6910,'','2016-09-30',1,1,16,37),(6911,'','2016-09-30',1,1,16,38),(6912,'','2016-09-30',1,1,31,5),(6913,'','2016-09-30',1,1,46,6),(6914,'','2016-09-30',1,1,46,7),(6915,'','2016-09-30',1,1,61,8),(6916,'','2016-09-30',1,1,61,9),(6917,'','2016-09-30',1,1,61,10),(6918,'','2016-09-30',1,1,61,11),(6919,'','2016-09-30',1,1,76,12),(6920,'','2016-09-30',1,1,91,13),(6921,'','2016-09-30',1,1,91,14),(6922,'','2016-09-30',1,1,106,15),(6923,'','2016-09-30',1,1,106,16),(6924,'','2016-09-30',1,1,106,17),(6925,'','2016-09-30',1,1,121,18),(6926,'','2016-09-30',1,1,121,19),(6927,'','2016-09-30',1,1,121,20),(6928,'','2016-09-30',1,1,121,21),(6929,'','2016-09-30',1,1,121,41),(6930,'','2016-09-30',1,1,136,22),(6931,'','2016-09-30',1,1,136,23),(6932,'','2016-09-30',1,1,136,24),(6933,'','2016-09-30',1,1,136,25),(6934,'','2016-09-30',1,1,151,26),(6935,'','2016-09-30',1,1,151,27),(6936,'','2016-09-30',1,1,151,28),(6937,'','2016-09-30',1,1,151,29),(6938,'','2016-09-30',1,1,166,30),(6939,'','2016-09-30',1,1,166,31),(6940,'','2016-09-30',1,1,166,32),(6941,'','2016-09-30',1,1,166,33),(6942,'','2016-09-30',1,1,166,34),(6943,'','2016-09-30',1,1,166,35),(6944,'','2016-09-30',1,1,196,42),(6945,'','2016-09-30',1,1,196,43),(6946,'','2016-09-30',1,1,196,44),(6947,'','2016-09-30',1,1,196,50),(6948,'','2016-09-30',1,1,196,46),(6949,'','2016-09-30',1,1,196,47),(6950,'-0.17','2016-12-31',1,1,1,1),(6951,'0.77','2016-12-31',1,1,1,40),(6952,'0','2016-12-31',1,1,16,2),(6953,'0','2016-12-31',1,1,16,3),(6954,'0','2016-12-31',1,1,16,4),(6955,'0','2016-12-31',1,1,16,36),(6956,'0','2016-12-31',1,1,16,37),(6957,'0','2016-12-31',1,1,16,38),(6958,'-0.21','2016-12-31',1,1,31,5),(6959,'9.10.2016','2016-12-31',1,1,46,6),(6960,'0','2016-12-31',1,1,46,7),(6961,'1.25','2016-12-31',1,1,61,8),(6962,'0','2016-12-31',1,1,61,9),(6963,'0','2016-12-31',1,1,61,10),(6964,'0','2016-12-31',1,1,61,11),(6965,'0.75','2016-12-31',1,1,76,12),(6966,'0','2016-12-31',1,1,91,13),(6967,'5.42','2016-12-31',1,1,91,14),(6968,'1.86','2016-12-31',1,1,106,15),(6969,'4.18','2016-12-31',1,1,106,16),(6970,'0','2016-12-31',1,1,106,17),(6971,'-25','2016-12-31',1,1,121,18),(6972,'-89.8','2016-12-31',1,1,121,19),(6973,'-6','2016-12-31',1,1,121,20),(6974,'-43','2016-12-31',1,1,121,21),(6975,'0.02','2016-12-31',1,1,121,41),(6976,'81','2016-12-31',1,1,136,22),(6977,'22','2016-12-31',1,1,136,23),(6978,'0','2016-12-31',1,1,136,24),(6979,'60','2016-12-31',1,1,136,25),(6980,'0','2016-12-31',1,1,151,26),(6981,'0','2016-12-31',1,1,151,27),(6982,'0','2016-12-31',1,1,151,28),(6983,'0','2016-12-31',1,1,151,29),(6984,'0','2016-12-31',1,1,166,30),(6985,'0','2016-12-31',1,1,166,31),(6986,'100','2016-12-31',1,1,166,32),(6987,'0','2016-12-31',1,1,166,33),(6988,'0','2016-12-31',1,1,166,34),(6989,'4','2016-12-31',1,1,166,35),(6990,'0','2016-12-31',1,1,196,42),(6991,'0','2016-12-31',1,1,196,43),(6992,'0','2016-12-31',1,1,196,44),(6993,'0','2016-12-31',1,1,196,46),(6994,'0','2016-12-31',1,1,196,47),(6995,'0','2016-12-31',1,1,196,48),(6996,'0','2016-12-31',1,1,196,49),(6997,'0','2016-12-31',1,1,196,50),(6998,'','2016-12-31',1,1,1,1),(6999,'','2016-12-31',1,1,1,40),(7000,'','2016-12-31',1,1,16,2),(7001,'','2016-12-31',1,1,16,3),(7002,'','2016-12-31',1,1,16,4),(7003,'','2016-12-31',1,1,16,36),(7004,'','2016-12-31',1,1,16,37),(7005,'','2016-12-31',1,1,16,38),(7006,'','2016-12-31',1,1,31,5),(7007,'','2016-12-31',1,1,46,6),(7008,'','2016-12-31',1,1,46,7),(7009,'','2016-12-31',1,1,61,8),(7010,'50','2016-12-31',1,1,61,9),(7011,'50','2016-12-31',1,1,61,10),(7012,'','2016-12-31',1,1,61,11),(7013,'','2016-12-31',1,1,76,12),(7014,'','2016-12-31',1,1,91,13),(7015,'','2016-12-31',1,1,91,14),(7016,'','2016-12-31',1,1,106,15),(7017,'','2016-12-31',1,1,106,16),(7018,'','2016-12-31',1,1,106,17),(7019,'','2016-12-31',1,1,121,18),(7020,'','2016-12-31',1,1,121,19),(7021,'','2016-12-31',1,1,121,20),(7022,'','2016-12-31',1,1,121,21),(7023,'','2016-12-31',1,1,121,41),(7024,'','2016-12-31',1,1,136,22),(7025,'','2016-12-31',1,1,136,23),(7026,'','2016-12-31',1,1,136,24),(7027,'','2016-12-31',1,1,136,25),(7028,'','2016-12-31',1,1,151,26),(7029,'','2016-12-31',1,1,151,27),(7030,'','2016-12-31',1,1,151,28),(7031,'','2016-12-31',1,1,151,29),(7032,'','2016-12-31',1,1,166,30),(7033,'','2016-12-31',1,1,166,31),(7034,'','2016-12-31',1,1,166,32),(7035,'','2016-12-31',1,1,166,33),(7036,'','2016-12-31',1,1,166,34),(7037,'','2016-12-31',1,1,166,35),(7038,'','2016-12-31',1,1,196,42),(7039,'','2016-12-31',1,1,196,43),(7040,'','2016-12-31',1,1,196,44),(7041,'','2016-12-31',1,1,196,46),(7042,'','2016-12-31',1,1,196,47),(7043,'','2016-12-31',1,1,196,48),(7044,'','2016-12-31',1,1,196,49),(7045,'','2016-12-31',1,1,196,50),(7046,'','2016-12-31',1,1,1,1),(7047,'','2016-12-31',1,1,1,40),(7048,'','2016-12-31',1,1,16,2),(7049,'','2016-12-31',1,1,16,3),(7050,'','2016-12-31',1,1,16,4),(7051,'','2016-12-31',1,1,16,36),(7052,'','2016-12-31',1,1,16,37),(7053,'','2016-12-31',1,1,16,38),(7054,'','2016-12-31',1,1,31,5),(7055,'','2016-12-31',1,1,46,6),(7056,'','2016-12-31',1,1,46,7),(7057,'','2016-12-31',1,1,61,8),(7058,'50','2016-12-31',1,1,61,9),(7059,'50','2016-12-31',1,1,61,10),(7060,'','2016-12-31',1,1,61,11),(7061,'','2016-12-31',1,1,76,12),(7062,'','2016-12-31',1,1,91,13),(7063,'','2016-12-31',1,1,91,14),(7064,'','2016-12-31',1,1,106,15),(7065,'','2016-12-31',1,1,106,16),(7066,'','2016-12-31',1,1,106,17),(7067,'','2016-12-31',1,1,121,18),(7068,'','2016-12-31',1,1,121,19),(7069,'','2016-12-31',1,1,121,20),(7070,'','2016-12-31',1,1,121,21),(7071,'','2016-12-31',1,1,121,41),(7072,'','2016-12-31',1,1,136,22),(7073,'','2016-12-31',1,1,136,23),(7074,'','2016-12-31',1,1,136,24),(7075,'','2016-12-31',1,1,136,25),(7076,'','2016-12-31',1,1,151,26),(7077,'','2016-12-31',1,1,151,27),(7078,'','2016-12-31',1,1,151,28),(7079,'','2016-12-31',1,1,151,29),(7080,'','2016-12-31',1,1,166,30),(7081,'','2016-12-31',1,1,166,31),(7082,'','2016-12-31',1,1,166,32),(7083,'','2016-12-31',1,1,166,33),(7084,'','2016-12-31',1,1,166,34),(7085,'','2016-12-31',1,1,166,35),(7086,'','2016-12-31',1,1,196,42),(7087,'','2016-12-31',1,1,196,43),(7088,'','2016-12-31',1,1,196,44),(7089,'','2016-12-31',1,1,196,46),(7090,'','2016-12-31',1,1,196,47),(7091,'','2016-12-31',1,1,196,48),(7092,'','2016-12-31',1,1,196,49),(7093,'','2016-12-31',1,1,196,50),(7094,'','2016-12-31',1,1,1,1),(7095,'','2016-12-31',1,1,1,40),(7096,'','2016-12-31',1,1,16,2),(7097,'','2016-12-31',1,1,16,3),(7098,'','2016-12-31',1,1,16,4),(7099,'','2016-12-31',1,1,16,36),(7100,'','2016-12-31',1,1,16,37),(7101,'','2016-12-31',1,1,16,38),(7102,'','2016-12-31',1,1,31,5),(7103,'','2016-12-31',1,1,46,6),(7104,'','2016-12-31',1,1,46,7),(7105,'','2016-12-31',1,1,61,8),(7106,'50','2016-12-31',1,1,61,9),(7107,'50','2016-12-31',1,1,61,10),(7108,'','2016-12-31',1,1,61,11),(7109,'','2016-12-31',1,1,76,12),(7110,'','2016-12-31',1,1,91,13),(7111,'','2016-12-31',1,1,91,14),(7112,'','2016-12-31',1,1,106,15),(7113,'','2016-12-31',1,1,106,16),(7114,'','2016-12-31',1,1,106,17),(7115,'','2016-12-31',1,1,121,18),(7116,'','2016-12-31',1,1,121,19),(7117,'','2016-12-31',1,1,121,20),(7118,'','2016-12-31',1,1,121,21),(7119,'','2016-12-31',1,1,121,41),(7120,'','2016-12-31',1,1,136,22),(7121,'','2016-12-31',1,1,136,23),(7122,'','2016-12-31',1,1,136,24),(7123,'','2016-12-31',1,1,136,25),(7124,'','2016-12-31',1,1,151,26),(7125,'','2016-12-31',1,1,151,27),(7126,'','2016-12-31',1,1,151,28),(7127,'','2016-12-31',1,1,151,29),(7128,'','2016-12-31',1,1,166,30),(7129,'','2016-12-31',1,1,166,31),(7130,'','2016-12-31',1,1,166,32),(7131,'','2016-12-31',1,1,166,33),(7132,'','2016-12-31',1,1,166,34),(7133,'','2016-12-31',1,1,166,35),(7134,'','2016-12-31',1,1,196,42),(7135,'','2016-12-31',1,1,196,43),(7136,'','2016-12-31',1,1,196,44),(7137,'','2016-12-31',1,1,196,46),(7138,'','2016-12-31',1,1,196,47),(7139,'','2016-12-31',1,1,196,48),(7140,'','2016-12-31',1,1,196,49),(7141,'','2016-12-31',1,1,196,50),(7142,'1','2016-12-31',1,1,1,1),(7143,'','2016-12-31',1,1,1,40),(7144,'','2016-12-31',1,1,16,2),(7145,'','2016-12-31',1,1,16,3),(7146,'','2016-12-31',1,1,16,4),(7147,'','2016-12-31',1,1,16,36),(7148,'','2016-12-31',1,1,16,37),(7149,'','2016-12-31',1,1,16,38),(7150,'','2016-12-31',1,1,31,5),(7151,'','2016-12-31',1,1,46,6),(7152,'','2016-12-31',1,1,46,7),(7153,'','2016-12-31',1,1,61,8),(7154,'','2016-12-31',1,1,61,9),(7155,'','2016-12-31',1,1,61,10),(7156,'','2016-12-31',1,1,61,11),(7157,'','2016-12-31',1,1,76,12),(7158,'','2016-12-31',1,1,91,13),(7159,'','2016-12-31',1,1,91,14),(7160,'','2016-12-31',1,1,106,15),(7161,'','2016-12-31',1,1,106,16),(7162,'','2016-12-31',1,1,106,17),(7163,'','2016-12-31',1,1,121,18),(7164,'','2016-12-31',1,1,121,19),(7165,'','2016-12-31',1,1,121,20),(7166,'','2016-12-31',1,1,121,21),(7167,'','2016-12-31',1,1,121,41),(7168,'','2016-12-31',1,1,136,22),(7169,'','2016-12-31',1,1,136,23),(7170,'','2016-12-31',1,1,136,24),(7171,'','2016-12-31',1,1,136,25),(7172,'','2016-12-31',1,1,151,26),(7173,'','2016-12-31',1,1,151,27),(7174,'','2016-12-31',1,1,151,28),(7175,'','2016-12-31',1,1,151,29),(7176,'','2016-12-31',1,1,166,30),(7177,'','2016-12-31',1,1,166,31),(7178,'','2016-12-31',1,1,166,32),(7179,'','2016-12-31',1,1,166,33),(7180,'','2016-12-31',1,1,166,34),(7181,'','2016-12-31',1,1,166,35),(7182,'','2016-12-31',1,1,196,42),(7183,'','2016-12-31',1,1,196,43),(7184,'','2016-12-31',1,1,196,44),(7185,'','2016-12-31',1,1,196,46),(7186,'','2016-12-31',1,1,196,47),(7187,'','2016-12-31',1,1,196,48),(7188,'','2016-12-31',1,1,196,49),(7189,'','2016-12-31',1,1,196,50),(7190,'1','2016-12-31',1,1,1,1),(7191,'','2016-12-31',1,1,1,40),(7192,'','2016-12-31',1,1,16,2),(7193,'','2016-12-31',1,1,16,3),(7194,'','2016-12-31',1,1,16,4),(7195,'','2016-12-31',1,1,16,36),(7196,'','2016-12-31',1,1,16,37),(7197,'','2016-12-31',1,1,16,38),(7198,'','2016-12-31',1,1,31,5),(7199,'','2016-12-31',1,1,46,6),(7200,'','2016-12-31',1,1,46,7),(7201,'','2016-12-31',1,1,61,8),(7202,'','2016-12-31',1,1,61,9),(7203,'','2016-12-31',1,1,61,10),(7204,'','2016-12-31',1,1,61,11),(7205,'','2016-12-31',1,1,76,12),(7206,'','2016-12-31',1,1,91,13),(7207,'','2016-12-31',1,1,91,14),(7208,'','2016-12-31',1,1,106,15),(7209,'','2016-12-31',1,1,106,16),(7210,'','2016-12-31',1,1,106,17),(7211,'','2016-12-31',1,1,121,18),(7212,'','2016-12-31',1,1,121,19),(7213,'','2016-12-31',1,1,121,20),(7214,'','2016-12-31',1,1,121,21),(7215,'','2016-12-31',1,1,121,41),(7216,'','2016-12-31',1,1,136,22),(7217,'','2016-12-31',1,1,136,23),(7218,'','2016-12-31',1,1,136,24),(7219,'','2016-12-31',1,1,136,25),(7220,'','2016-12-31',1,1,151,26),(7221,'','2016-12-31',1,1,151,27),(7222,'','2016-12-31',1,1,151,28),(7223,'','2016-12-31',1,1,151,29),(7224,'','2016-12-31',1,1,166,30),(7225,'','2016-12-31',1,1,166,31),(7226,'','2016-12-31',1,1,166,32),(7227,'','2016-12-31',1,1,166,33),(7228,'','2016-12-31',1,1,166,34),(7229,'','2016-12-31',1,1,166,35),(7230,'','2016-12-31',1,1,196,42),(7231,'','2016-12-31',1,1,196,43),(7232,'','2016-12-31',1,1,196,44),(7233,'','2016-12-31',1,1,196,46),(7234,'','2016-12-31',1,1,196,47),(7235,'','2016-12-31',1,1,196,48),(7236,'','2016-12-31',1,1,196,49),(7237,'','2016-12-31',1,1,196,50),(7238,'1','2016-12-31',1,1,1,1),(7239,'','2016-12-31',1,1,1,40),(7240,'','2016-12-31',1,1,16,2),(7241,'','2016-12-31',1,1,16,3),(7242,'','2016-12-31',1,1,16,4),(7243,'','2016-12-31',1,1,16,36),(7244,'','2016-12-31',1,1,16,37),(7245,'','2016-12-31',1,1,16,38),(7246,'','2016-12-31',1,1,31,5),(7247,'','2016-12-31',1,1,46,6),(7248,'','2016-12-31',1,1,46,7),(7249,'','2016-12-31',1,1,61,8),(7250,'','2016-12-31',1,1,61,9),(7251,'','2016-12-31',1,1,61,10),(7252,'','2016-12-31',1,1,61,11),(7253,'','2016-12-31',1,1,76,12),(7254,'','2016-12-31',1,1,91,13),(7255,'','2016-12-31',1,1,91,14),(7256,'','2016-12-31',1,1,106,15),(7257,'','2016-12-31',1,1,106,16),(7258,'','2016-12-31',1,1,106,17),(7259,'','2016-12-31',1,1,121,18),(7260,'','2016-12-31',1,1,121,19),(7261,'','2016-12-31',1,1,121,20),(7262,'','2016-12-31',1,1,121,21),(7263,'','2016-12-31',1,1,121,41),(7264,'','2016-12-31',1,1,136,22),(7265,'','2016-12-31',1,1,136,23),(7266,'','2016-12-31',1,1,136,24),(7267,'','2016-12-31',1,1,136,25),(7268,'','2016-12-31',1,1,151,26),(7269,'','2016-12-31',1,1,151,27),(7270,'','2016-12-31',1,1,151,28),(7271,'','2016-12-31',1,1,151,29),(7272,'','2016-12-31',1,1,166,30),(7273,'','2016-12-31',1,1,166,31),(7274,'','2016-12-31',1,1,166,32),(7275,'','2016-12-31',1,1,166,33),(7276,'','2016-12-31',1,1,166,34),(7277,'','2016-12-31',1,1,166,35),(7278,'','2016-12-31',1,1,196,42),(7279,'','2016-12-31',1,1,196,43),(7280,'','2016-12-31',1,1,196,44),(7281,'','2016-12-31',1,1,196,46),(7282,'','2016-12-31',1,1,196,47),(7283,'','2016-12-31',1,1,196,48),(7284,'','2016-12-31',1,1,196,49),(7285,'','2016-12-31',1,1,196,50),(7286,'0','2016-12-31',1,2,1,1),(7287,'0','2016-12-31',1,2,1,40),(7288,'0','2016-12-31',1,2,16,2),(7289,'0','2016-12-31',1,2,16,3),(7290,'0','2016-12-31',1,2,16,4),(7291,'0','2016-12-31',1,2,16,36),(7292,'0','2016-12-31',1,2,16,37),(7293,'0','2016-12-31',1,2,16,38),(7294,'0','2016-12-31',1,2,31,5),(7295,'0','2016-12-31',1,2,46,6),(7296,'0','2016-12-31',1,2,46,7),(7297,'0','2016-12-31',1,2,61,8),(7298,'0','2016-12-31',1,2,61,9),(7299,'0','2016-12-31',1,2,61,10),(7300,'0','2016-12-31',1,2,61,11),(7301,'0','2016-12-31',1,2,76,12),(7302,'0','2016-12-31',1,2,91,13),(7303,'0','2016-12-31',1,2,91,14),(7304,'0','2016-12-31',1,2,106,15),(7305,'0','2016-12-31',1,2,106,16),(7306,'0','2016-12-31',1,2,106,17),(7307,'0','2016-12-31',1,2,121,18),(7308,'0','2016-12-31',1,2,121,19),(7309,'0','2016-12-31',1,2,121,20),(7310,'0','2016-12-31',1,2,121,21),(7311,'0','2016-12-31',1,2,121,41),(7312,'0','2016-12-31',1,2,136,22),(7313,'','2016-12-31',1,2,136,23),(7314,'00','2016-12-31',1,2,136,24),(7315,'0','2016-12-31',1,2,136,25),(7316,'0','2016-12-31',1,2,151,26),(7317,'0','2016-12-31',1,2,151,27),(7318,'0','2016-12-31',1,2,151,28),(7319,'0','2016-12-31',1,2,151,29),(7320,'0','2016-12-31',1,2,166,30),(7321,'','2016-12-31',1,2,166,31),(7322,'','2016-12-31',1,2,166,32),(7323,'','2016-12-31',1,2,166,33),(7324,'','2016-12-31',1,2,166,34),(7325,'','2016-12-31',1,2,166,35),(7326,'0','2016-12-31',1,2,196,42),(7327,'0','2016-12-31',1,2,196,43),(7328,'0','2016-12-31',1,2,196,44),(7329,'0','2016-12-31',1,2,196,46),(7330,'0','2016-12-31',1,2,196,47),(7331,'0','2016-12-31',1,2,196,48),(7332,'0','2016-12-31',1,2,196,49),(7333,'0','2016-12-31',1,2,196,50),(7334,'-7','2016-11-30',1,1,1,1),(7335,'-3','2016-11-30',1,1,1,40),(7336,'0','2016-11-30',1,1,16,2),(7337,'0','2016-11-30',1,1,16,3),(7338,'0','2016-11-30',1,1,16,4),(7339,'0','2016-11-30',1,1,16,36),(7340,'0','2016-11-30',1,1,16,37),(7341,'0','2016-11-30',1,1,16,38),(7342,'','2016-11-30',1,1,31,5),(7343,'','2016-11-30',1,1,46,6),(7344,'','2016-11-30',1,1,46,7),(7345,'','2016-11-30',1,1,61,8),(7346,'50','2016-11-30',1,1,61,9),(7347,'50','2016-11-30',1,1,61,10),(7348,'0','2016-11-30',1,1,61,11),(7349,'','2016-11-30',1,1,76,12),(7350,'','2016-11-30',1,1,91,13),(7351,'','2016-11-30',1,1,91,14),(7352,'1.49','2016-11-30',1,1,106,15),(7353,'3.34','2016-11-30',1,1,106,16),(7354,'0','2016-11-30',1,1,106,17),(7355,'','2016-11-30',1,1,121,18),(7356,'','2016-11-30',1,1,121,19),(7357,'','2016-11-30',1,1,121,20),(7358,'','2016-11-30',1,1,121,21),(7359,'','2016-11-30',1,1,121,41),(7360,'81','2016-11-30',1,1,136,22),(7361,'','2016-11-30',1,1,136,23),(7362,'','2016-11-30',1,1,136,24),(7363,'59','2016-11-30',1,1,136,25),(7364,'','2016-11-30',1,1,151,26),(7365,'','2016-11-30',1,1,151,27),(7366,'','2016-11-30',1,1,151,28),(7367,'','2016-11-30',1,1,151,29),(7368,'0','2016-11-30',1,1,166,30),(7369,'0','2016-11-30',1,1,166,31),(7370,'0','2016-11-30',1,1,166,32),(7371,'0','2016-11-30',1,1,166,33),(7372,'0','2016-11-30',1,1,166,34),(7373,'4','2016-11-30',1,1,166,35),(7374,'','2016-11-30',1,1,196,42),(7375,'','2016-11-30',1,1,196,43),(7376,'','2016-11-30',1,1,196,44),(7377,'','2016-11-30',1,1,196,46),(7378,'','2016-11-30',1,1,196,47),(7379,'0','2016-11-30',1,1,196,48),(7380,'0','2016-11-30',1,1,196,49),(7381,'0','2016-11-30',1,1,196,50),(7382,'6','2016-11-30',1,6,1,1),(7383,'0.4','2016-11-30',1,6,1,40),(7384,'0','2016-11-30',1,6,16,2),(7385,'0','2016-11-30',1,6,16,3),(7386,'0','2016-11-30',1,6,16,4),(7387,'0','2016-11-30',1,6,16,36),(7388,'0','2016-11-30',1,6,16,37),(7389,'0','2016-11-30',1,6,16,38),(7390,'','2016-11-30',1,6,31,5),(7391,'','2016-11-30',1,6,46,6),(7392,'','2016-11-30',1,6,46,7),(7393,'','2016-11-30',1,6,61,8),(7394,'0','2016-11-30',1,6,61,9),(7395,'0','2016-11-30',1,6,61,10),(7396,'50','2016-11-30',1,6,61,11),(7397,'','2016-11-30',1,6,76,12),(7398,'','2016-11-30',1,6,91,13),(7399,'','2016-11-30',1,6,91,14),(7400,'1.49','2016-11-30',1,6,106,15),(7401,'3.34','2016-11-30',1,6,106,16),(7402,'0','2016-11-30',1,6,106,17),(7403,'','2016-11-30',1,6,121,18),(7404,'','2016-11-30',1,6,121,19),(7405,'','2016-11-30',1,6,121,20),(7406,'','2016-11-30',1,6,121,21),(7407,'','2016-11-30',1,6,121,41),(7408,'74','2016-11-30',1,6,136,22),(7409,'','2016-11-30',1,6,136,23),(7410,'','2016-11-30',1,6,136,24),(7411,'59','2016-11-30',1,6,136,25),(7412,'','2016-11-30',1,6,151,26),(7413,'','2016-11-30',1,6,151,27),(7414,'','2016-11-30',1,6,151,28),(7415,'','2016-11-30',1,6,151,29),(7416,'0','2016-11-30',1,6,166,30),(7417,'0','2016-11-30',1,6,166,31),(7418,'0','2016-11-30',1,6,166,32),(7419,'0','2016-11-30',1,6,166,33),(7420,'0','2016-11-30',1,6,166,34),(7421,'5','2016-11-30',1,6,166,35),(7422,'','2016-11-30',1,6,196,42),(7423,'','2016-11-30',1,6,196,43),(7424,'','2016-11-30',1,6,196,44),(7425,'','2016-11-30',1,6,196,46),(7426,'','2016-11-30',1,6,196,47),(7429,'','2016-11-30',1,6,196,50),(7430,'','2016-12-31',1,3,1,1),(7431,'','2016-12-31',1,3,1,40),(7432,'','2016-12-31',1,3,16,2),(7433,'','2016-12-31',1,3,16,3),(7434,'','2016-12-31',1,3,16,4),(7435,'','2016-12-31',1,3,16,36),(7436,'','2016-12-31',1,3,16,37),(7437,'','2016-12-31',1,3,16,38),(7438,'','2016-12-31',1,3,31,5),(7439,'','2016-12-31',1,3,46,6),(7440,'','2016-12-31',1,3,46,7),(7441,'','2016-12-31',1,3,61,8),(7442,'','2016-12-31',1,3,61,9),(7443,'','2016-12-31',1,3,61,10),(7444,'','2016-12-31',1,3,61,11),(7445,'','2016-12-31',1,3,76,12),(7446,'','2016-12-31',1,3,91,13),(7447,'','2016-12-31',1,3,91,14),(7448,'','2016-12-31',1,3,106,15),(7449,'','2016-12-31',1,3,106,16),(7450,'','2016-12-31',1,3,106,17),(7451,'','2016-12-31',1,3,121,18),(7452,'','2016-12-31',1,3,121,19),(7453,'','2016-12-31',1,3,121,20),(7454,'','2016-12-31',1,3,121,21),(7455,'','2016-12-31',1,3,121,41),(7456,'','2016-12-31',1,3,136,22),(7457,'','2016-12-31',1,3,136,23),(7458,'','2016-12-31',1,3,136,24),(7459,'','2016-12-31',1,3,136,25),(7460,'','2016-12-31',1,3,151,26),(7461,'','2016-12-31',1,3,151,27),(7462,'','2016-12-31',1,3,151,28),(7463,'','2016-12-31',1,3,151,29),(7464,'','2016-12-31',1,3,166,30),(7465,'','2016-12-31',1,3,166,31),(7466,'','2016-12-31',1,3,166,32),(7467,'','2016-12-31',1,3,166,33),(7468,'','2016-12-31',1,3,166,34),(7469,'','2016-12-31',1,3,166,35),(7470,'','2016-12-31',1,3,196,42),(7471,'','2016-12-31',1,3,196,43),(7472,'','2016-12-31',1,3,196,44),(7473,'','2016-12-31',1,3,196,46),(7474,'','2016-12-31',1,3,196,47),(7475,'','2016-12-31',1,3,196,48),(7476,'','2016-12-31',1,3,196,49),(7477,'','2016-12-31',1,3,196,50),(7478,'0','2016-11-30',1,4,1,1),(7479,'-10','2016-11-30',1,4,1,40),(7480,'0','2016-11-30',1,4,16,2),(7481,'0','2016-11-30',1,4,16,3),(7482,'0','2016-11-30',1,4,16,4),(7483,'0','2016-11-30',1,4,16,36),(7484,'0','2016-11-30',1,4,16,37),(7485,'0','2016-11-30',1,4,16,38),(7486,'','2016-11-30',1,4,31,5),(7487,'','2016-11-30',1,4,46,6),(7488,'','2016-11-30',1,4,46,7),(7489,'','2016-11-30',1,4,61,8),(7490,'0','2016-11-30',1,4,61,9),(7491,'0','2016-11-30',1,4,61,10),(7492,'0','2016-11-30',1,4,61,11),(7493,'','2016-11-30',1,4,76,12),(7494,'','2016-11-30',1,4,91,13),(7495,'','2016-11-30',1,4,91,14),(7496,'1.49','2016-11-30',1,4,106,15),(7497,'3.34','2016-11-30',1,4,106,16),(7498,'0','2016-11-30',1,4,106,17),(7499,'','2016-11-30',1,4,121,18),(7500,'','2016-11-30',1,4,121,19),(7501,'','2016-11-30',1,4,121,20),(7502,'','2016-11-30',1,4,121,21),(7503,'','2016-11-30',1,4,121,41),(7504,'76','2016-11-30',1,4,136,22),(7505,'','2016-11-30',1,4,136,23),(7506,'','2016-11-30',1,4,136,24),(7507,'59','2016-11-30',1,4,136,25),(7508,'','2016-11-30',1,4,151,26),(7509,'','2016-11-30',1,4,151,27),(7510,'','2016-11-30',1,4,151,28),(7511,'','2016-11-30',1,4,151,29),(7512,'0','2016-11-30',1,4,166,30),(7513,'0','2016-11-30',1,4,166,31),(7514,'0','2016-11-30',1,4,166,32),(7515,'0','2016-11-30',1,4,166,33),(7516,'0','2016-11-30',1,4,166,34),(7517,'4','2016-11-30',1,4,166,35),(7518,'','2016-11-30',1,4,196,42),(7519,'','2016-11-30',1,4,196,43),(7520,'','2016-11-30',1,4,196,44),(7521,'','2016-11-30',1,4,196,46),(7522,'','2016-11-30',1,4,196,47),(7525,'','2016-11-30',1,4,196,50),(7526,'0','2016-11-30',1,3,1,1),(7527,'-9','2016-11-30',1,3,1,40),(7528,'0','2016-11-30',1,3,16,2),(7529,'0','2016-11-30',1,3,16,3),(7530,'0','2016-11-30',1,3,16,4),(7531,'0','2016-11-30',1,3,16,36),(7532,'0','2016-11-30',1,3,16,37),(7533,'0','2016-11-30',1,3,16,38),(7534,'','2016-11-30',1,3,31,5),(7535,'','2016-11-30',1,3,46,6),(7536,'','2016-11-30',1,3,46,7),(7537,'','2016-11-30',1,3,61,8),(7538,'0','2016-11-30',1,3,61,9),(7539,'0','2016-11-30',1,3,61,10),(7540,'0','2016-11-30',1,3,61,11),(7541,'','2016-11-30',1,3,76,12),(7542,'','2016-11-30',1,3,91,13),(7543,'','2016-11-30',1,3,91,14),(7544,'1.49','2016-11-30',1,3,106,15),(7545,'3.34','2016-11-30',1,3,106,16),(7546,'0','2016-11-30',1,3,106,17),(7547,'','2016-11-30',1,3,121,18),(7548,'','2016-11-30',1,3,121,19),(7549,'','2016-11-30',1,3,121,20),(7550,'','2016-11-30',1,3,121,21),(7551,'','2016-11-30',1,3,121,41),(7552,'97','2016-11-30',1,3,136,22),(7553,'','2016-11-30',1,3,136,23),(7554,'','2016-11-30',1,3,136,24),(7555,'73','2016-11-30',1,3,136,25),(7556,'','2016-11-30',1,3,151,26),(7557,'','2016-11-30',1,3,151,27),(7558,'','2016-11-30',1,3,151,28),(7559,'','2016-11-30',1,3,151,29),(7560,'0','2016-11-30',1,3,166,30),(7561,'0','2016-11-30',1,3,166,31),(7562,'0','2016-11-30',1,3,166,32),(7563,'0','2016-11-30',1,3,166,33),(7564,'0','2016-11-30',1,3,166,34),(7565,'5','2016-11-30',1,3,166,35),(7566,'','2016-11-30',1,3,196,42),(7567,'','2016-11-30',1,3,196,43),(7568,'','2016-11-30',1,3,196,44),(7569,'','2016-11-30',1,3,196,46),(7570,'','2016-11-30',1,3,196,47),(7573,'','2016-11-30',1,3,196,50),(7574,'-1','2016-11-30',1,14,1,1),(7575,'-5','2016-11-30',1,14,1,40),(7576,'0','2016-11-30',1,14,16,2),(7577,'0','2016-11-30',1,14,16,3),(7578,'0','2016-11-30',1,14,16,4),(7579,'0','2016-11-30',1,14,16,36),(7580,'0','2016-11-30',1,14,16,37),(7581,'0','2016-11-30',1,14,16,38),(7582,'','2016-11-30',1,14,31,5),(7583,'','2016-11-30',1,14,46,6),(7584,'','2016-11-30',1,14,46,7),(7585,'','2016-11-30',1,14,61,8),(7586,'0','2016-11-30',1,14,61,9),(7587,'0','2016-11-30',1,14,61,10),(7588,'0','2016-11-30',1,14,61,11),(7589,'','2016-11-30',1,14,76,12),(7590,'','2016-11-30',1,14,91,13),(7591,'','2016-11-30',1,14,91,14),(7592,'1.49','2016-11-30',1,14,106,15),(7593,'3.34','2016-11-30',1,14,106,16),(7594,'0','2016-11-30',1,14,106,17),(7595,'','2016-11-30',1,14,121,18),(7596,'','2016-11-30',1,14,121,19),(7597,'','2016-11-30',1,14,121,20),(7598,'','2016-11-30',1,14,121,21),(7599,'','2016-11-30',1,14,121,41),(7600,'92','2016-11-30',1,14,136,22),(7601,'','2016-11-30',1,14,136,23),(7602,'','2016-11-30',1,14,136,24),(7603,'59','2016-11-30',1,14,136,25),(7604,'','2016-11-30',1,14,151,26),(7605,'','2016-11-30',1,14,151,27),(7606,'','2016-11-30',1,14,151,28),(7607,'','2016-11-30',1,14,151,29),(7608,'0','2016-11-30',1,14,166,30),(7609,'0','2016-11-30',1,14,166,31),(7610,'100','2016-11-30',1,14,166,32),(7611,'0','2016-11-30',1,14,166,33),(7612,'0','2016-11-30',1,14,166,34),(7613,'5','2016-11-30',1,14,166,35),(7614,'','2016-11-30',1,14,196,42),(7615,'','2016-11-30',1,14,196,43),(7616,'','2016-11-30',1,14,196,44),(7617,'','2016-11-30',1,14,196,46),(7618,'','2016-11-30',1,14,196,47),(7619,'','2016-11-30',1,14,196,48),(7620,'','2016-11-30',1,14,196,49),(7621,'','2016-11-30',1,14,196,50),(7622,'-9','2016-11-30',1,5,1,1),(7623,'6','2016-11-30',1,5,1,40),(7624,'0','2016-11-30',1,5,16,2),(7625,'0','2016-11-30',1,5,16,3),(7626,'0','2016-11-30',1,5,16,4),(7627,'0','2016-11-30',1,5,16,36),(7628,'0','2016-11-30',1,5,16,37),(7629,'0','2016-11-30',1,5,16,38),(7630,'','2016-11-30',1,5,31,5),(7631,'','2016-11-30',1,5,46,6),(7632,'','2016-11-30',1,5,46,7),(7633,'','2016-11-30',1,5,61,8),(7634,'0','2016-11-30',1,5,61,9),(7635,'0','2016-11-30',1,5,61,10),(7636,'0','2016-11-30',1,5,61,11),(7637,'','2016-11-30',1,5,76,12),(7638,'','2016-11-30',1,5,91,13),(7639,'','2016-11-30',1,5,91,14),(7640,'1.49','2016-11-30',1,5,106,15),(7641,'3.34','2016-11-30',1,5,106,16),(7642,'0','2016-11-30',1,5,106,17),(7643,'','2016-11-30',1,5,121,18),(7644,'','2016-11-30',1,5,121,19),(7645,'','2016-11-30',1,5,121,20),(7646,'','2016-11-30',1,5,121,21),(7647,'','2016-11-30',1,5,121,41),(7648,'100','2016-11-30',1,5,136,22),(7649,'','2016-11-30',1,5,136,23),(7650,'','2016-11-30',1,5,136,24),(7651,'59','2016-11-30',1,5,136,25),(7652,'','2016-11-30',1,5,151,26),(7653,'','2016-11-30',1,5,151,27),(7654,'','2016-11-30',1,5,151,28),(7655,'','2016-11-30',1,5,151,29),(7656,'1','2016-11-30',1,5,166,30),(7657,'0','2016-11-30',1,5,166,31),(7658,'50','2016-11-30',1,5,166,32),(7659,'0','2016-11-30',1,5,166,33),(7660,'0','2016-11-30',1,5,166,34),(7661,'4','2016-11-30',1,5,166,35),(7662,'','2016-11-30',1,5,196,42),(7663,'','2016-11-30',1,5,196,43),(7664,'','2016-11-30',1,5,196,44),(7665,'','2016-11-30',1,5,196,46),(7666,'','2016-11-30',1,5,196,47),(7669,'','2016-11-30',1,5,196,50),(7670,'-5','2016-11-30',1,7,1,1),(7671,'0.0','2016-11-30',1,7,1,40),(7672,'0','2016-11-30',1,7,16,2),(7673,'0','2016-11-30',1,7,16,3),(7674,'0','2016-11-30',1,7,16,4),(7675,'0','2016-11-30',1,7,16,36),(7676,'0','2016-11-30',1,7,16,37),(7677,'0','2016-11-30',1,7,16,38),(7678,'','2016-11-30',1,7,31,5),(7679,'','2016-11-30',1,7,46,6),(7680,'','2016-11-30',1,7,46,7),(7681,'','2016-11-30',1,7,61,8),(7682,'0','2016-11-30',1,7,61,9),(7683,'0','2016-11-30',1,7,61,10),(7684,'0','2016-11-30',1,7,61,11),(7685,'','2016-11-30',1,7,76,12),(7686,'','2016-11-30',1,7,91,13),(7687,'','2016-11-30',1,7,91,14),(7688,'1.49','2016-11-30',1,7,106,15),(7689,'3.34','2016-11-30',1,7,106,16),(7690,'0','2016-11-30',1,7,106,17),(7691,'','2016-11-30',1,7,121,18),(7692,'','2016-11-30',1,7,121,19),(7693,'','2016-11-30',1,7,121,20),(7694,'','2016-11-30',1,7,121,21),(7695,'','2016-11-30',1,7,121,41),(7696,'69','2016-11-30',1,7,136,22),(7697,'','2016-11-30',1,7,136,23),(7698,'','2016-11-30',1,7,136,24),(7699,'73','2016-11-30',1,7,136,25),(7700,'','2016-11-30',1,7,151,26),(7701,'','2016-11-30',1,7,151,27),(7702,'','2016-11-30',1,7,151,28),(7703,'','2016-11-30',1,7,151,29),(7704,'0','2016-11-30',1,7,166,30),(7705,'0','2016-11-30',1,7,166,31),(7706,'100','2016-11-30',1,7,166,32),(7707,'0','2016-11-30',1,7,166,33),(7708,'0','2016-11-30',1,7,166,34),(7709,'5','2016-11-30',1,7,166,35),(7710,'','2016-11-30',1,7,196,42),(7711,'','2016-11-30',1,7,196,43),(7712,'','2016-11-30',1,7,196,44),(7713,'','2016-11-30',1,7,196,46),(7714,'','2016-11-30',1,7,196,47),(7717,'','2016-11-30',1,7,196,50),(7718,'-2','2016-11-30',1,12,1,1),(7719,'-4','2016-11-30',1,12,1,40),(7720,'0','2016-11-30',1,12,16,2),(7721,'0','2016-11-30',1,12,16,3),(7722,'0','2016-11-30',1,12,16,4),(7723,'0','2016-11-30',1,12,16,36),(7724,'0','2016-11-30',1,12,16,37),(7725,'0','2016-11-30',1,12,16,38),(7726,'','2016-11-30',1,12,31,5),(7727,'','2016-11-30',1,12,46,6),(7728,'','2016-11-30',1,12,46,7),(7729,'','2016-11-30',1,12,61,8),(7730,'0','2016-11-30',1,12,61,9),(7731,'0','2016-11-30',1,12,61,10),(7732,'0','2016-11-30',1,12,61,11),(7733,'','2016-11-30',1,12,76,12),(7734,'','2016-11-30',1,12,91,13),(7735,'','2016-11-30',1,12,91,14),(7736,'1.49','2016-11-30',1,12,106,15),(7737,'3.34','2016-11-30',1,12,106,16),(7738,'0','2016-11-30',1,12,106,17),(7739,'','2016-11-30',1,12,121,18),(7740,'','2016-11-30',1,12,121,19),(7741,'','2016-11-30',1,12,121,20),(7742,'','2016-11-30',1,12,121,21),(7743,'','2016-11-30',1,12,121,41),(7744,'87','2016-11-30',1,12,136,22),(7745,'','2016-11-30',1,12,136,23),(7746,'','2016-11-30',1,12,136,24),(7747,'73','2016-11-30',1,12,136,25),(7748,'','2016-11-30',1,12,151,26),(7749,'','2016-11-30',1,12,151,27),(7750,'','2016-11-30',1,12,151,28),(7751,'','2016-11-30',1,12,151,29),(7752,'0','2016-11-30',1,12,166,30),(7753,'0','2016-11-30',1,12,166,31),(7754,'0','2016-11-30',1,12,166,32),(7755,'0','2016-11-30',1,12,166,33),(7756,'0','2016-11-30',1,12,166,34),(7757,'5','2016-11-30',1,12,166,35),(7758,'','2016-11-30',1,12,196,42),(7759,'','2016-11-30',1,12,196,43),(7760,'','2016-11-30',1,12,196,44),(7761,'','2016-11-30',1,12,196,46),(7762,'','2016-11-30',1,12,196,47),(7763,'','2016-11-30',1,12,196,48),(7764,'','2016-11-30',1,12,196,49),(7765,'','2016-11-30',1,12,196,50),(7766,'0','2016-11-30',1,15,1,1),(7767,'-2','2016-11-30',1,15,1,40),(7768,'0','2016-11-30',1,15,16,2),(7769,'0','2016-11-30',1,15,16,3),(7770,'1','2016-11-30',1,15,16,4),(7771,'0','2016-11-30',1,15,16,36),(7772,'0','2016-11-30',1,15,16,37),(7773,'0','2016-11-30',1,15,16,38),(7774,'','2016-11-30',1,15,31,5),(7775,'','2016-11-30',1,15,46,6),(7776,'','2016-11-30',1,15,46,7),(7777,'','2016-11-30',1,15,61,8),(7778,'0','2016-11-30',1,15,61,9),(7779,'0','2016-11-30',1,15,61,10),(7780,'0','2016-11-30',1,15,61,11),(7781,'','2016-11-30',1,15,76,12),(7782,'','2016-11-30',1,15,91,13),(7783,'','2016-11-30',1,15,91,14),(7784,'1.49','2016-11-30',1,15,106,15),(7785,'3.34','2016-11-30',1,15,106,16),(7786,'0','2016-11-30',1,15,106,17),(7787,'','2016-11-30',1,15,121,18),(7788,'','2016-11-30',1,15,121,19),(7789,'','2016-11-30',1,15,121,20),(7790,'','2016-11-30',1,15,121,21),(7791,'','2016-11-30',1,15,121,41),(7792,'83','2016-11-30',1,15,136,22),(7793,'','2016-11-30',1,15,136,23),(7794,'','2016-11-30',1,15,136,24),(7795,'59','2016-11-30',1,15,136,25),(7796,'','2016-11-30',1,15,151,26),(7797,'','2016-11-30',1,15,151,27),(7798,'','2016-11-30',1,15,151,28),(7799,'','2016-11-30',1,15,151,29),(7800,'0','2016-11-30',1,15,166,30),(7801,'0','2016-11-30',1,15,166,31),(7802,'100','2016-11-30',1,15,166,32),(7803,'0','2016-11-30',1,15,166,33),(7804,'0','2016-11-30',1,15,166,34),(7805,'5','2016-11-30',1,15,166,35),(7806,'','2016-11-30',1,15,196,42),(7807,'','2016-11-30',1,15,196,43),(7808,'','2016-11-30',1,15,196,44),(7809,'','2016-11-30',1,15,196,46),(7810,'','2016-11-30',1,15,196,47),(7811,'','2016-11-30',1,15,196,48),(7812,'','2016-11-30',1,15,196,49),(7813,'','2016-11-30',1,15,196,50),(7814,'0','2016-11-30',1,8,1,1),(7815,'-14','2016-11-30',1,8,1,40),(7816,'0','2016-11-30',1,8,16,2),(7817,'0','2016-11-30',1,8,16,3),(7818,'0','2016-11-30',1,8,16,4),(7819,'0','2016-11-30',1,8,16,36),(7820,'0','2016-11-30',1,8,16,37),(7821,'0','2016-11-30',1,8,16,38),(7822,'','2016-11-30',1,8,31,5),(7823,'','2016-11-30',1,8,46,6),(7824,'','2016-11-30',1,8,46,7),(7825,'','2016-11-30',1,8,61,8),(7826,'0','2016-11-30',1,8,61,9),(7827,'0','2016-11-30',1,8,61,10),(7828,'0','2016-11-30',1,8,61,11),(7829,'','2016-11-30',1,8,76,12),(7830,'','2016-11-30',1,8,91,13),(7831,'','2016-11-30',1,8,91,14),(7832,'1.49','2016-11-30',1,8,106,15),(7833,'3.34','2016-11-30',1,8,106,16),(7834,'0','2016-11-30',1,8,106,17),(7835,'','2016-11-30',1,8,121,18),(7836,'','2016-11-30',1,8,121,19),(7837,'','2016-11-30',1,8,121,20),(7838,'','2016-11-30',1,8,121,21),(7839,'','2016-11-30',1,8,121,41),(7840,'88','2016-11-30',1,8,136,22),(7841,'','2016-11-30',1,8,136,23),(7842,'','2016-11-30',1,8,136,24),(7843,'73','2016-11-30',1,8,136,25),(7844,'','2016-11-30',1,8,151,26),(7845,'','2016-11-30',1,8,151,27),(7846,'','2016-11-30',1,8,151,28),(7847,'','2016-11-30',1,8,151,29),(7848,'0','2016-11-30',1,8,166,30),(7849,'0','2016-11-30',1,8,166,31),(7850,'0','2016-11-30',1,8,166,32),(7851,'0','2016-11-30',1,8,166,33),(7852,'0','2016-11-30',1,8,166,34),(7853,'5','2016-11-30',1,8,166,35),(7854,'','2016-11-30',1,8,196,42),(7855,'','2016-11-30',1,8,196,43),(7856,'','2016-11-30',1,8,196,44),(7857,'','2016-11-30',1,8,196,46),(7858,'','2016-11-30',1,8,196,47),(7861,'','2016-11-30',1,8,196,50),(7862,'-3','2016-11-30',1,9,1,1),(7863,'-13','2016-11-30',1,9,1,40),(7864,'0','2016-11-30',1,9,16,2),(7865,'0','2016-11-30',1,9,16,3),(7866,'0','2016-11-30',1,9,16,4),(7867,'0','2016-11-30',1,9,16,36),(7868,'0','2016-11-30',1,9,16,37),(7869,'0','2016-11-30',1,9,16,38),(7870,'','2016-11-30',1,9,31,5),(7871,'','2016-11-30',1,9,46,6),(7872,'','2016-11-30',1,9,46,7),(7873,'','2016-11-30',1,9,61,8),(7874,'0','2016-11-30',1,9,61,9),(7875,'0','2016-11-30',1,9,61,10),(7876,'0','2016-11-30',1,9,61,11),(7877,'','2016-11-30',1,9,76,12),(7878,'','2016-11-30',1,9,91,13),(7879,'','2016-11-30',1,9,91,14),(7880,'1.49','2016-11-30',1,9,106,15),(7881,'3.34','2016-11-30',1,9,106,16),(7882,'0','2016-11-30',1,9,106,17),(7883,'','2016-11-30',1,9,121,18),(7884,'','2016-11-30',1,9,121,19),(7885,'','2016-11-30',1,9,121,20),(7886,'','2016-11-30',1,9,121,21),(7887,'','2016-11-30',1,9,121,41),(7888,'94','2016-11-30',1,9,136,22),(7889,'','2016-11-30',1,9,136,23),(7890,'','2016-11-30',1,9,136,24),(7891,'59','2016-11-30',1,9,136,25),(7892,'','2016-11-30',1,9,151,26),(7893,'','2016-11-30',1,9,151,27),(7894,'','2016-11-30',1,9,151,28),(7895,'','2016-11-30',1,9,151,29),(7896,'0','2016-11-30',1,9,166,30),(7897,'0','2016-11-30',1,9,166,31),(7898,'0','2016-11-30',1,9,166,32),(7899,'0','2016-11-30',1,9,166,33),(7900,'0','2016-11-30',1,9,166,34),(7901,'4','2016-11-30',1,9,166,35),(7902,'','2016-11-30',1,9,196,42),(7903,'','2016-11-30',1,9,196,43),(7904,'','2016-11-30',1,9,196,44),(7905,'','2016-11-30',1,9,196,46),(7906,'','2016-11-30',1,9,196,47),(7909,'','2016-11-30',1,9,196,50),(7910,'5','2016-11-30',1,16,1,1),(7911,'-6','2016-11-30',1,16,1,40),(7912,'0','2016-11-30',1,16,16,2),(7913,'0','2016-11-30',1,16,16,3),(7914,'0','2016-11-30',1,16,16,4),(7915,'0','2016-11-30',1,16,16,36),(7916,'0','2016-11-30',1,16,16,37),(7917,'0','2016-11-30',1,16,16,38),(7918,'','2016-11-30',1,16,31,5),(7919,'','2016-11-30',1,16,46,6),(7920,'','2016-11-30',1,16,46,7),(7921,'','2016-11-30',1,16,61,8),(7922,'0','2016-11-30',1,16,61,9),(7923,'0','2016-11-30',1,16,61,10),(7924,'0','2016-11-30',1,16,61,11),(7925,'','2016-11-30',1,16,76,12),(7926,'','2016-11-30',1,16,91,13),(7927,'','2016-11-30',1,16,91,14),(7928,'1.49','2016-11-30',1,16,106,15),(7929,'3.34','2016-11-30',1,16,106,16),(7930,'0','2016-11-30',1,16,106,17),(7931,'','2016-11-30',1,16,121,18),(7932,'','2016-11-30',1,16,121,19),(7933,'','2016-11-30',1,16,121,20),(7934,'','2016-11-30',1,16,121,21),(7935,'','2016-11-30',1,16,121,41),(7936,'0','2016-11-30',1,16,136,22),(7937,'','2016-11-30',1,16,136,23),(7938,'','2016-11-30',1,16,136,24),(7939,'0','2016-11-30',1,16,136,25),(7940,'','2016-11-30',1,16,151,26),(7941,'','2016-11-30',1,16,151,27),(7942,'','2016-11-30',1,16,151,28),(7943,'','2016-11-30',1,16,151,29),(7944,'0','2016-11-30',1,16,166,30),(7945,'0','2016-11-30',1,16,166,31),(7946,'0','2016-11-30',1,16,166,32),(7947,'0','2016-11-30',1,16,166,33),(7948,'0','2016-11-30',1,16,166,34),(7949,'5','2016-11-30',1,16,166,35),(7950,'','2016-11-30',1,16,196,42),(7951,'','2016-11-30',1,16,196,43),(7952,'','2016-11-30',1,16,196,44),(7953,'','2016-11-30',1,16,196,46),(7954,'','2016-11-30',1,16,196,47),(7955,'','2016-11-30',1,16,196,48),(7956,'','2016-11-30',1,16,196,49),(7957,'','2016-11-30',1,16,196,50),(7958,'-2','2016-11-30',1,10,1,1),(7959,'-5','2016-11-30',1,10,1,40),(7960,'0','2016-11-30',1,10,16,2),(7961,'0','2016-11-30',1,10,16,3),(7962,'0','2016-11-30',1,10,16,4),(7963,'0','2016-11-30',1,10,16,36),(7964,'0','2016-11-30',1,10,16,37),(7965,'0','2016-11-30',1,10,16,38),(7966,'','2016-11-30',1,10,31,5),(7967,'','2016-11-30',1,10,46,6),(7968,'','2016-11-30',1,10,46,7),(7969,'','2016-11-30',1,10,61,8),(7970,'0','2016-11-30',1,10,61,9),(7971,'0','2016-11-30',1,10,61,10),(7972,'0','2016-11-30',1,10,61,11),(7973,'','2016-11-30',1,10,76,12),(7974,'','2016-11-30',1,10,91,13),(7975,'','2016-11-30',1,10,91,14),(7976,'1.49','2016-11-30',1,10,106,15),(7977,'3.34','2016-11-30',1,10,106,16),(7978,'0','2016-11-30',1,10,106,17),(7979,'','2016-11-30',1,10,121,18),(7980,'','2016-11-30',1,10,121,19),(7981,'','2016-11-30',1,10,121,20),(7982,'','2016-11-30',1,10,121,21),(7983,'','2016-11-30',1,10,121,41),(7984,'91','2016-11-30',1,10,136,22),(7985,'','2016-11-30',1,10,136,23),(7986,'','2016-11-30',1,10,136,24),(7987,'59','2016-11-30',1,10,136,25),(7988,'','2016-11-30',1,10,151,26),(7989,'','2016-11-30',1,10,151,27),(7990,'','2016-11-30',1,10,151,28),(7991,'','2016-11-30',1,10,151,29),(7992,'0','2016-11-30',1,10,166,30),(7993,'0','2016-11-30',1,10,166,31),(7994,'0','2016-11-30',1,10,166,32),(7995,'0','2016-11-30',1,10,166,33),(7996,'0','2016-11-30',1,10,166,34),(7997,'5','2016-11-30',1,10,166,35),(7998,'','2016-11-30',1,10,196,42),(7999,'','2016-11-30',1,10,196,43),(8000,'','2016-11-30',1,10,196,44),(8001,'','2016-11-30',1,10,196,46),(8002,'','2016-11-30',1,10,196,47),(8005,'','2016-11-30',1,10,196,50),(8006,'10','2016-11-30',1,11,1,1),(8007,'-8','2016-11-30',1,11,1,40),(8008,'0','2016-11-30',1,11,16,2),(8009,'0','2016-11-30',1,11,16,3),(8010,'0','2016-11-30',1,11,16,4),(8011,'0','2016-11-30',1,11,16,36),(8012,'0','2016-11-30',1,11,16,37),(8013,'0','2016-11-30',1,11,16,38),(8014,'','2016-11-30',1,11,31,5),(8015,'','2016-11-30',1,11,46,6),(8016,'','2016-11-30',1,11,46,7),(8017,'','2016-11-30',1,11,61,8),(8018,'0','2016-11-30',1,11,61,9),(8019,'0','2016-11-30',1,11,61,10),(8020,'0','2016-11-30',1,11,61,11),(8021,'','2016-11-30',1,11,76,12),(8022,'','2016-11-30',1,11,91,13),(8023,'','2016-11-30',1,11,91,14),(8024,'1.49','2016-11-30',1,11,106,15),(8025,'3.34','2016-11-30',1,11,106,16),(8026,'0','2016-11-30',1,11,106,17),(8027,'','2016-11-30',1,11,121,18),(8028,'','2016-11-30',1,11,121,19),(8029,'','2016-11-30',1,11,121,20),(8030,'','2016-11-30',1,11,121,21),(8031,'','2016-11-30',1,11,121,41),(8032,'97','2016-11-30',1,11,136,22),(8033,'','2016-11-30',1,11,136,23),(8034,'','2016-11-30',1,11,136,24),(8035,'59','2016-11-30',1,11,136,25),(8036,'','2016-11-30',1,11,151,26),(8037,'','2016-11-30',1,11,151,27),(8038,'','2016-11-30',1,11,151,28),(8039,'','2016-11-30',1,11,151,29),(8040,'0','2016-11-30',1,11,166,30),(8041,'0','2016-11-30',1,11,166,31),(8042,'0','2016-11-30',1,11,166,32),(8043,'0','2016-11-30',1,11,166,33),(8044,'0','2016-11-30',1,11,166,34),(8045,'5','2016-11-30',1,11,166,35),(8046,'','2016-11-30',1,11,196,42),(8047,'','2016-11-30',1,11,196,43),(8048,'','2016-11-30',1,11,196,44),(8049,'','2016-11-30',1,11,196,46),(8050,'','2016-11-30',1,11,196,47),(8051,'','2016-11-30',1,11,196,48),(8052,'','2016-11-30',1,11,196,49),(8053,'','2016-11-30',1,11,196,50),(8054,'0','2016-11-30',1,17,1,1),(8055,'-20','2016-11-30',1,17,1,40),(8056,'0','2016-11-30',1,17,16,2),(8057,'0','2016-11-30',1,17,16,3),(8058,'0','2016-11-30',1,17,16,4),(8059,'0','2016-11-30',1,17,16,36),(8060,'0','2016-11-30',1,17,16,37),(8061,'0','2016-11-30',1,17,16,38),(8062,'','2016-11-30',1,17,31,5),(8063,'','2016-11-30',1,17,46,6),(8064,'','2016-11-30',1,17,46,7),(8065,'','2016-11-30',1,17,61,8),(8066,'0','2016-11-30',1,17,61,9),(8067,'0','2016-11-30',1,17,61,10),(8068,'0','2016-11-30',1,17,61,11),(8069,'','2016-11-30',1,17,76,12),(8070,'','2016-11-30',1,17,91,13),(8071,'','2016-11-30',1,17,91,14),(8072,'1.49','2016-11-30',1,17,106,15),(8073,'3.34','2016-11-30',1,17,106,16),(8074,'0','2016-11-30',1,17,106,17),(8075,'','2016-11-30',1,17,121,18),(8076,'','2016-11-30',1,17,121,19),(8077,'','2016-11-30',1,17,121,20),(8078,'','2016-11-30',1,17,121,21),(8079,'','2016-11-30',1,17,121,41),(8080,'0','2016-11-30',1,17,136,22),(8081,'','2016-11-30',1,17,136,23),(8082,'','2016-11-30',1,17,136,24),(8083,'0','2016-11-30',1,17,136,25),(8084,'','2016-11-30',1,17,151,26),(8085,'','2016-11-30',1,17,151,27),(8086,'','2016-11-30',1,17,151,28),(8087,'','2016-11-30',1,17,151,29),(8088,'0','2016-11-30',1,17,166,30),(8089,'0','2016-11-30',1,17,166,31),(8090,'0','2016-11-30',1,17,166,32),(8091,'0','2016-11-30',1,17,166,33),(8092,'0','2016-11-30',1,17,166,34),(8093,'4','2016-11-30',1,17,166,35),(8094,'','2016-11-30',1,17,196,42),(8095,'','2016-11-30',1,17,196,43),(8096,'','2016-11-30',1,17,196,44),(8097,'','2016-11-30',1,17,196,46),(8098,'','2016-11-30',1,17,196,47),(8099,'','2016-11-30',1,17,196,48),(8100,'','2016-11-30',1,17,196,49),(8101,'','2016-11-30',1,17,196,50),(8102,'5','2016-11-30',1,13,1,1),(8103,'-15','2016-11-30',1,13,1,40),(8104,'0','2016-11-30',1,13,16,2),(8105,'0','2016-11-30',1,13,16,3),(8106,'0','2016-11-30',1,13,16,4),(8107,'0','2016-11-30',1,13,16,36),(8108,'0','2016-11-30',1,13,16,37),(8109,'0','2016-11-30',1,13,16,38),(8110,'','2016-11-30',1,13,31,5),(8111,'','2016-11-30',1,13,46,6),(8112,'','2016-11-30',1,13,46,7),(8113,'','2016-11-30',1,13,61,8),(8114,'0','2016-11-30',1,13,61,9),(8115,'0','2016-11-30',1,13,61,10),(8116,'0','2016-11-30',1,13,61,11),(8117,'','2016-11-30',1,13,76,12),(8118,'','2016-11-30',1,13,91,13),(8119,'','2016-11-30',1,13,91,14),(8120,'1.49','2016-11-30',1,13,106,15),(8121,'3.34','2016-11-30',1,13,106,16),(8122,'','2016-11-30',1,13,106,17),(8123,'','2016-11-30',1,13,121,18),(8124,'','2016-11-30',1,13,121,19),(8125,'','2016-11-30',1,13,121,20),(8126,'','2016-11-30',1,13,121,21),(8127,'','2016-11-30',1,13,121,41),(8128,'81','2016-11-30',1,13,136,22),(8129,'','2016-11-30',1,13,136,23),(8130,'','2016-11-30',1,13,136,24),(8131,'73','2016-11-30',1,13,136,25),(8132,'','2016-11-30',1,13,151,26),(8133,'','2016-11-30',1,13,151,27),(8134,'','2016-11-30',1,13,151,28),(8135,'','2016-11-30',1,13,151,29),(8136,'0','2016-11-30',1,13,166,30),(8137,'0','2016-11-30',1,13,166,31),(8138,'0','2016-11-30',1,13,166,32),(8139,'0','2016-11-30',1,13,166,33),(8140,'0','2016-11-30',1,13,166,34),(8141,'5','2016-11-30',1,13,166,35),(8142,'','2016-11-30',1,13,196,42),(8143,'','2016-11-30',1,13,196,43),(8144,'','2016-11-30',1,13,196,44),(8145,'','2016-11-30',1,13,196,46),(8146,'','2016-11-30',1,13,196,47),(8147,'','2016-11-30',1,13,196,48),(8148,'','2016-11-30',1,13,196,49),(8149,'','2016-11-30',1,13,196,50),(8150,'','2016-12-31',1,13,1,1),(8151,'','2016-12-31',1,13,1,40),(8152,'','2016-12-31',1,13,16,2),(8153,'','2016-12-31',1,13,16,3),(8154,'','2016-12-31',1,13,16,4),(8155,'','2016-12-31',1,13,16,36),(8156,'','2016-12-31',1,13,16,37),(8157,'','2016-12-31',1,13,16,38),(8158,'','2016-12-31',1,13,31,5),(8159,'','2016-12-31',1,13,46,6),(8160,'','2016-12-31',1,13,46,7),(8161,'','2016-12-31',1,13,61,8),(8162,'0','2016-12-31',1,13,61,9),(8163,'','2016-12-31',1,13,61,10),(8164,'0','2016-12-31',1,13,61,11),(8165,'','2016-12-31',1,13,76,12),(8166,'','2016-12-31',1,13,91,13),(8167,'','2016-12-31',1,13,91,14),(8168,'','2016-12-31',1,13,106,15),(8169,'','2016-12-31',1,13,106,16),(8170,'','2016-12-31',1,13,106,17),(8171,'','2016-12-31',1,13,121,18),(8172,'','2016-12-31',1,13,121,19),(8173,'','2016-12-31',1,13,121,20),(8174,'','2016-12-31',1,13,121,21),(8175,'','2016-12-31',1,13,121,41),(8176,'','2016-12-31',1,13,136,22),(8177,'','2016-12-31',1,13,136,23),(8178,'','2016-12-31',1,13,136,24),(8179,'','2016-12-31',1,13,136,25),(8180,'','2016-12-31',1,13,151,26),(8181,'','2016-12-31',1,13,151,27),(8182,'','2016-12-31',1,13,151,28),(8183,'','2016-12-31',1,13,151,29),(8184,'','2016-12-31',1,13,166,30),(8185,'','2016-12-31',1,13,166,31),(8186,'','2016-12-31',1,13,166,32),(8187,'','2016-12-31',1,13,166,33),(8188,'','2016-12-31',1,13,166,34),(8189,'','2016-12-31',1,13,166,35),(8190,'','2016-12-31',1,13,196,42),(8191,'','2016-12-31',1,13,196,43),(8192,'','2016-12-31',1,13,196,44),(8193,'','2016-12-31',1,13,196,46),(8194,'','2016-12-31',1,13,196,47),(8195,'','2016-12-31',1,13,196,48),(8196,'','2016-12-31',1,13,196,49),(8197,'','2016-12-31',1,13,196,50),(8198,'','2016-12-31',1,17,1,1),(8199,'','2016-12-31',1,17,1,40),(8200,'','2016-12-31',1,17,16,2),(8201,'','2016-12-31',1,17,16,3),(8202,'','2016-12-31',1,17,16,4),(8203,'','2016-12-31',1,17,16,36),(8204,'','2016-12-31',1,17,16,37),(8205,'','2016-12-31',1,17,16,38),(8206,'','2016-12-31',1,17,31,5),(8207,'','2016-12-31',1,17,46,6),(8208,'','2016-12-31',1,17,46,7),(8209,'','2016-12-31',1,17,61,8),(8210,'50','2016-12-31',1,17,61,9),(8211,'50','2016-12-31',1,17,61,10),(8212,'50','2016-12-31',1,17,61,11),(8213,'','2016-12-31',1,17,76,12),(8214,'','2016-12-31',1,17,91,13),(8215,'','2016-12-31',1,17,91,14),(8216,'','2016-12-31',1,17,106,15),(8217,'','2016-12-31',1,17,106,16),(8218,'','2016-12-31',1,17,106,17),(8219,'','2016-12-31',1,17,121,18),(8220,'','2016-12-31',1,17,121,19),(8221,'','2016-12-31',1,17,121,20),(8222,'','2016-12-31',1,17,121,21),(8223,'','2016-12-31',1,17,121,41),(8224,'','2016-12-31',1,17,136,22),(8225,'','2016-12-31',1,17,136,23),(8226,'','2016-12-31',1,17,136,24),(8227,'','2016-12-31',1,17,136,25),(8228,'','2016-12-31',1,17,151,26),(8229,'','2016-12-31',1,17,151,27),(8230,'','2016-12-31',1,17,151,28),(8231,'','2016-12-31',1,17,151,29),(8232,'','2016-12-31',1,17,166,30),(8233,'','2016-12-31',1,17,166,31),(8234,'','2016-12-31',1,17,166,32),(8235,'','2016-12-31',1,17,166,33),(8236,'','2016-12-31',1,17,166,34),(8237,'','2016-12-31',1,17,166,35),(8238,'','2016-12-31',1,17,196,42),(8239,'','2016-12-31',1,17,196,43),(8240,'','2016-12-31',1,17,196,44),(8241,'','2016-12-31',1,17,196,46),(8242,'','2016-12-31',1,17,196,47),(8243,'','2016-12-31',1,17,196,48),(8244,'','2016-12-31',1,17,196,49),(8245,'','2016-12-31',1,17,196,50),(8246,'','2016-12-31',1,11,1,1),(8247,'','2016-12-31',1,11,1,40),(8248,'','2016-12-31',1,11,16,2),(8249,'','2016-12-31',1,11,16,3),(8250,'','2016-12-31',1,11,16,4),(8251,'','2016-12-31',1,11,16,36),(8252,'','2016-12-31',1,11,16,37),(8253,'','2016-12-31',1,11,16,38),(8254,'','2016-12-31',1,11,31,5),(8255,'','2016-12-31',1,11,46,6),(8256,'','2016-12-31',1,11,46,7),(8257,'','2016-12-31',1,11,61,8),(8258,'50','2016-12-31',1,11,61,9),(8259,'','2016-12-31',1,11,61,10),(8260,'0','2016-12-31',1,11,61,11),(8261,'','2016-12-31',1,11,76,12),(8262,'','2016-12-31',1,11,91,13),(8263,'','2016-12-31',1,11,91,14),(8264,'','2016-12-31',1,11,106,15),(8265,'','2016-12-31',1,11,106,16),(8266,'','2016-12-31',1,11,106,17),(8267,'','2016-12-31',1,11,121,18),(8268,'','2016-12-31',1,11,121,19),(8269,'','2016-12-31',1,11,121,20),(8270,'','2016-12-31',1,11,121,21),(8271,'','2016-12-31',1,11,121,41),(8272,'','2016-12-31',1,11,136,22),(8273,'','2016-12-31',1,11,136,23),(8274,'','2016-12-31',1,11,136,24),(8275,'','2016-12-31',1,11,136,25),(8276,'','2016-12-31',1,11,151,26),(8277,'','2016-12-31',1,11,151,27),(8278,'','2016-12-31',1,11,151,28),(8279,'','2016-12-31',1,11,151,29),(8280,'','2016-12-31',1,11,166,30),(8281,'','2016-12-31',1,11,166,31),(8282,'','2016-12-31',1,11,166,32),(8283,'','2016-12-31',1,11,166,33),(8284,'','2016-12-31',1,11,166,34),(8285,'','2016-12-31',1,11,166,35),(8286,'','2016-12-31',1,11,196,42),(8287,'','2016-12-31',1,11,196,43),(8288,'','2016-12-31',1,11,196,44),(8289,'','2016-12-31',1,11,196,46),(8290,'','2016-12-31',1,11,196,47),(8291,'','2016-12-31',1,11,196,48),(8292,'','2016-12-31',1,11,196,49),(8293,'','2016-12-31',1,11,196,50),(8294,'','2016-12-31',1,16,1,1),(8295,'','2016-12-31',1,16,1,40),(8296,'','2016-12-31',1,16,16,2),(8297,'','2016-12-31',1,16,16,3),(8298,'','2016-12-31',1,16,16,4),(8299,'','2016-12-31',1,16,16,36),(8300,'','2016-12-31',1,16,16,37),(8301,'','2016-12-31',1,16,16,38),(8302,'','2016-12-31',1,16,31,5),(8303,'','2016-12-31',1,16,46,6),(8304,'','2016-12-31',1,16,46,7),(8305,'','2016-12-31',1,16,61,8),(8306,'0','2016-12-31',1,16,61,9),(8307,'0','2016-12-31',1,16,61,10),(8308,'0','2016-12-31',1,16,61,11),(8309,'','2016-12-31',1,16,76,12),(8310,'','2016-12-31',1,16,91,13),(8311,'','2016-12-31',1,16,91,14),(8312,'','2016-12-31',1,16,106,15),(8313,'','2016-12-31',1,16,106,16),(8314,'','2016-12-31',1,16,106,17),(8315,'','2016-12-31',1,16,121,18),(8316,'','2016-12-31',1,16,121,19),(8317,'','2016-12-31',1,16,121,20),(8318,'','2016-12-31',1,16,121,21),(8319,'','2016-12-31',1,16,121,41),(8320,'','2016-12-31',1,16,136,22),(8321,'','2016-12-31',1,16,136,23),(8322,'','2016-12-31',1,16,136,24),(8323,'','2016-12-31',1,16,136,25),(8324,'','2016-12-31',1,16,151,26),(8325,'','2016-12-31',1,16,151,27),(8326,'','2016-12-31',1,16,151,28),(8327,'','2016-12-31',1,16,151,29),(8328,'','2016-12-31',1,16,166,30),(8329,'','2016-12-31',1,16,166,31),(8330,'','2016-12-31',1,16,166,32),(8331,'','2016-12-31',1,16,166,33),(8332,'','2016-12-31',1,16,166,34),(8333,'','2016-12-31',1,16,166,35),(8334,'','2016-12-31',1,16,196,42),(8335,'','2016-12-31',1,16,196,43),(8336,'','2016-12-31',1,16,196,44),(8337,'','2016-12-31',1,16,196,46),(8338,'','2016-12-31',1,16,196,47),(8339,'','2016-12-31',1,16,196,48),(8340,'','2016-12-31',1,16,196,49),(8341,'','2016-12-31',1,16,196,50),(8342,'','2016-12-31',1,9,1,1),(8343,'','2016-12-31',1,9,1,40),(8344,'','2016-12-31',1,9,16,2),(8345,'','2016-12-31',1,9,16,3),(8346,'','2016-12-31',1,9,16,4),(8347,'','2016-12-31',1,9,16,36),(8348,'','2016-12-31',1,9,16,37),(8349,'','2016-12-31',1,9,16,38),(8350,'','2016-12-31',1,9,31,5),(8351,'','2016-12-31',1,9,46,6),(8352,'','2016-12-31',1,9,46,7),(8353,'','2016-12-31',1,9,61,8),(8354,'0','2016-12-31',1,9,61,9),(8355,'0','2016-12-31',1,9,61,10),(8356,'0','2016-12-31',1,9,61,11),(8357,'','2016-12-31',1,9,76,12),(8358,'','2016-12-31',1,9,91,13),(8359,'','2016-12-31',1,9,91,14),(8360,'','2016-12-31',1,9,106,15),(8361,'','2016-12-31',1,9,106,16),(8362,'','2016-12-31',1,9,106,17),(8363,'','2016-12-31',1,9,121,18),(8364,'','2016-12-31',1,9,121,19),(8365,'','2016-12-31',1,9,121,20),(8366,'','2016-12-31',1,9,121,21),(8367,'','2016-12-31',1,9,121,41),(8368,'','2016-12-31',1,9,136,22),(8369,'','2016-12-31',1,9,136,23),(8370,'','2016-12-31',1,9,136,24),(8371,'','2016-12-31',1,9,136,25),(8372,'','2016-12-31',1,9,151,26),(8373,'','2016-12-31',1,9,151,27),(8374,'','2016-12-31',1,9,151,28),(8375,'','2016-12-31',1,9,151,29),(8376,'','2016-12-31',1,9,166,30),(8377,'','2016-12-31',1,9,166,31),(8378,'','2016-12-31',1,9,166,32),(8379,'','2016-12-31',1,9,166,33),(8380,'','2016-12-31',1,9,166,34),(8381,'','2016-12-31',1,9,166,35),(8382,'','2016-12-31',1,9,196,42),(8383,'','2016-12-31',1,9,196,43),(8384,'','2016-12-31',1,9,196,44),(8385,'','2016-12-31',1,9,196,46),(8386,'','2016-12-31',1,9,196,47),(8387,'','2016-12-31',1,9,196,48),(8388,'','2016-12-31',1,9,196,49),(8389,'','2016-12-31',1,9,196,50),(8390,'','2016-12-31',1,8,1,1),(8391,'','2016-12-31',1,8,1,40),(8392,'','2016-12-31',1,8,16,2),(8393,'','2016-12-31',1,8,16,3),(8394,'','2016-12-31',1,8,16,4),(8395,'','2016-12-31',1,8,16,36),(8396,'','2016-12-31',1,8,16,37),(8397,'','2016-12-31',1,8,16,38),(8398,'','2016-12-31',1,8,31,5),(8399,'','2016-12-31',1,8,46,6),(8400,'','2016-12-31',1,8,46,7),(8401,'','2016-12-31',1,8,61,8),(8402,'0','2016-12-31',1,8,61,9),(8403,'','2016-12-31',1,8,61,10),(8404,'0','2016-12-31',1,8,61,11),(8405,'','2016-12-31',1,8,76,12),(8406,'','2016-12-31',1,8,91,13),(8407,'','2016-12-31',1,8,91,14),(8408,'','2016-12-31',1,8,106,15),(8409,'','2016-12-31',1,8,106,16),(8410,'','2016-12-31',1,8,106,17),(8411,'','2016-12-31',1,8,121,18),(8412,'','2016-12-31',1,8,121,19),(8413,'','2016-12-31',1,8,121,20),(8414,'','2016-12-31',1,8,121,21),(8415,'','2016-12-31',1,8,121,41),(8416,'','2016-12-31',1,8,136,22),(8417,'','2016-12-31',1,8,136,23),(8418,'','2016-12-31',1,8,136,24),(8419,'','2016-12-31',1,8,136,25),(8420,'','2016-12-31',1,8,151,26),(8421,'','2016-12-31',1,8,151,27),(8422,'','2016-12-31',1,8,151,28),(8423,'','2016-12-31',1,8,151,29),(8424,'','2016-12-31',1,8,166,30),(8425,'','2016-12-31',1,8,166,31),(8426,'','2016-12-31',1,8,166,32),(8427,'','2016-12-31',1,8,166,33),(8428,'','2016-12-31',1,8,166,34),(8429,'','2016-12-31',1,8,166,35),(8430,'','2016-12-31',1,8,196,42),(8431,'','2016-12-31',1,8,196,43),(8432,'','2016-12-31',1,8,196,44),(8433,'','2016-12-31',1,8,196,46),(8434,'','2016-12-31',1,8,196,47),(8435,'','2016-12-31',1,8,196,48),(8436,'','2016-12-31',1,8,196,49),(8437,'','2016-12-31',1,8,196,50),(8438,'','2016-12-31',1,12,1,1),(8439,'','2016-12-31',1,12,1,40),(8440,'','2016-12-31',1,12,16,2),(8441,'','2016-12-31',1,12,16,3),(8442,'','2016-12-31',1,12,16,4),(8443,'','2016-12-31',1,12,16,36),(8444,'','2016-12-31',1,12,16,37),(8445,'','2016-12-31',1,12,16,38),(8446,'','2016-12-31',1,12,31,5),(8447,'','2016-12-31',1,12,46,6),(8448,'','2016-12-31',1,12,46,7),(8449,'','2016-12-31',1,12,61,8),(8450,'0','2016-12-31',1,12,61,9),(8451,'','2016-12-31',1,12,61,10),(8452,'0','2016-12-31',1,12,61,11),(8453,'','2016-12-31',1,12,76,12),(8454,'','2016-12-31',1,12,91,13),(8455,'','2016-12-31',1,12,91,14),(8456,'','2016-12-31',1,12,106,15),(8457,'','2016-12-31',1,12,106,16),(8458,'','2016-12-31',1,12,106,17),(8459,'','2016-12-31',1,12,121,18),(8460,'','2016-12-31',1,12,121,19),(8461,'','2016-12-31',1,12,121,20),(8462,'','2016-12-31',1,12,121,21),(8463,'','2016-12-31',1,12,121,41),(8464,'','2016-12-31',1,12,136,22),(8465,'','2016-12-31',1,12,136,23),(8466,'','2016-12-31',1,12,136,24),(8467,'','2016-12-31',1,12,136,25),(8468,'','2016-12-31',1,12,151,26),(8469,'','2016-12-31',1,12,151,27),(8470,'','2016-12-31',1,12,151,28),(8471,'','2016-12-31',1,12,151,29),(8472,'','2016-12-31',1,12,166,30),(8473,'','2016-12-31',1,12,166,31),(8474,'','2016-12-31',1,12,166,32),(8475,'','2016-12-31',1,12,166,33),(8476,'','2016-12-31',1,12,166,34),(8477,'','2016-12-31',1,12,166,35),(8478,'','2016-12-31',1,12,196,42),(8479,'','2016-12-31',1,12,196,43),(8480,'','2016-12-31',1,12,196,44),(8481,'','2016-12-31',1,12,196,46),(8482,'','2016-12-31',1,12,196,47),(8483,'','2016-12-31',1,12,196,48),(8484,'','2016-12-31',1,12,196,49),(8485,'','2016-12-31',1,12,196,50),(8486,'0','2016-12-31',1,4,1,1),(8487,'0','2016-12-31',1,4,1,40),(8488,'0','2016-12-31',1,4,16,2),(8489,'','2016-12-31',1,4,16,3),(8490,'','2016-12-31',1,4,16,4),(8491,'','2016-12-31',1,4,16,36),(8492,'','2016-12-31',1,4,16,37),(8493,'','2016-12-31',1,4,16,38),(8494,'','2016-12-31',1,4,31,5),(8495,'','2016-12-31',1,4,46,6),(8496,'','2016-12-31',1,4,46,7),(8497,'','2016-12-31',1,4,61,8),(8498,'','2016-12-31',1,4,61,9),(8499,'','2016-12-31',1,4,61,10),(8500,'','2016-12-31',1,4,61,11),(8501,'','2016-12-31',1,4,76,12),(8502,'','2016-12-31',1,4,91,13),(8503,'','2016-12-31',1,4,91,14),(8504,'','2016-12-31',1,4,106,15),(8505,'','2016-12-31',1,4,106,16),(8506,'','2016-12-31',1,4,106,17),(8507,'','2016-12-31',1,4,121,18),(8508,'','2016-12-31',1,4,121,19),(8509,'','2016-12-31',1,4,121,20),(8510,'','2016-12-31',1,4,121,21),(8511,'','2016-12-31',1,4,121,41),(8512,'','2016-12-31',1,4,136,22),(8513,'','2016-12-31',1,4,136,23),(8514,'','2016-12-31',1,4,136,24),(8515,'','2016-12-31',1,4,136,25),(8516,'','2016-12-31',1,4,151,26),(8517,'','2016-12-31',1,4,151,27),(8518,'','2016-12-31',1,4,151,28),(8519,'','2016-12-31',1,4,151,29),(8520,'','2016-12-31',1,4,166,30),(8521,'','2016-12-31',1,4,166,31),(8522,'','2016-12-31',1,4,166,32),(8523,'','2016-12-31',1,4,166,33),(8524,'','2016-12-31',1,4,166,34),(8525,'','2016-12-31',1,4,166,35),(8526,'','2016-12-31',1,4,196,42),(8527,'','2016-12-31',1,4,196,43),(8528,'','2016-12-31',1,4,196,44),(8529,'','2016-12-31',1,4,196,46),(8530,'','2016-12-31',1,4,196,47),(8531,'0','2016-12-31',1,4,196,48),(8532,'0','2016-12-31',1,4,196,49),(8533,'0','2016-12-31',1,4,196,50),(8534,'0','2016-08-31',1,2,196,48),(8535,'0','2016-08-31',1,2,196,49),(8536,'0','2016-08-31',1,3,196,49),(8537,'0','2016-08-31',1,3,196,48),(8538,'0','2016-08-31',1,4,196,48),(8539,'0','2016-08-31',1,4,196,49),(8540,'0','2016-08-31',1,5,196,49),(8541,'0','2016-08-31',1,5,196,48),(8542,'0','2016-08-31',1,6,196,48),(8543,'0','2016-08-31',1,6,196,49),(8544,'0','2016-08-31',1,7,196,49),(8545,'0','2016-08-31',1,7,196,48),(8546,'0','2016-08-31',1,8,196,48),(8547,'0','2016-08-31',1,8,196,49),(8548,'0','2016-08-31',1,9,196,49),(8549,'0','2016-08-31',1,9,196,48),(8550,'0','2016-08-31',1,10,196,48),(8551,'0','2016-08-31',1,10,196,49),(8552,'0','2016-08-31',1,11,196,49),(8553,'0','2016-08-31',1,11,196,48),(8554,'0','2016-08-31',1,12,196,48),(8555,'0','2016-08-31',1,12,196,49),(8556,'0','2016-08-31',1,13,196,49),(8557,'0','2016-08-31',1,13,196,48),(8558,'0','2016-08-31',1,14,196,48),(8559,'0','2016-08-31',1,14,196,49),(8560,'1','2016-08-31',1,15,196,49),(8561,'1','2016-08-31',1,15,196,48),(8562,'0','2016-08-31',1,16,196,48),(8563,'0','2016-08-31',1,16,196,49),(8564,'0','2016-08-31',1,17,196,49),(8565,'0','2016-08-31',1,17,196,48),(8566,'0','2016-09-30',1,2,196,49),(8567,'0','2016-09-30',1,2,196,48),(8568,'0','2016-09-30',1,3,196,48),(8569,'0','2016-09-30',1,3,196,49),(8570,'0','2016-09-30',1,4,196,49),(8571,'0','2016-09-30',1,4,196,48),(8572,'0','2016-09-30',1,5,196,48),(8573,'0','2016-09-30',1,5,196,49),(8574,'0','2016-09-30',1,6,196,49),(8575,'0','2016-09-30',1,6,196,48),(8576,'0','2016-09-30',1,7,196,48),(8577,'0','2016-09-30',1,7,196,49),(8578,'0','2016-09-30',1,8,196,49),(8579,'0','2016-09-30',1,8,196,48),(8580,'0','2016-09-30',1,9,196,48),(8581,'0','2016-09-30',1,9,196,49),(8582,'0','2016-09-30',1,10,196,49),(8583,'0','2016-09-30',1,10,196,48),(8584,'0','2016-09-30',1,11,196,48),(8585,'0','2016-09-30',1,11,196,49),(8586,'0','2016-09-30',1,12,196,49),(8587,'0','2016-09-30',1,12,196,48),(8588,'0','2016-09-30',1,13,196,48),(8589,'0','2016-09-30',1,13,196,49),(8590,'0','2016-09-30',1,14,196,49),(8591,'0','2016-09-30',1,14,196,48),(8592,'1','2016-09-30',1,15,196,48),(8593,'1','2016-09-30',1,15,196,49),(8594,'0','2016-09-30',1,16,196,49),(8595,'0','2016-09-30',1,16,196,48),(8596,'0','2016-09-30',1,17,196,48),(8597,'0','2016-09-30',1,17,196,49),(8598,'0','2016-10-31',5,1,196,48),(8599,'0','2016-10-31',5,1,196,49),(8600,'0','2016-10-31',5,2,196,49),(8601,'0','2016-10-31',5,2,196,48),(8602,'0','2016-10-31',5,3,196,48),(8603,'0','2016-10-31',5,3,196,49),(8604,'0','2016-10-31',5,4,196,49),(8605,'0','2016-10-31',5,4,196,48),(8606,'0','2016-10-31',5,5,196,48),(8607,'0','2016-10-31',5,5,196,49),(8608,'0','2016-10-31',5,6,196,49),(8609,'0','2016-10-31',5,6,196,48),(8610,'0','2016-10-31',5,7,196,48),(8611,'0','2016-10-31',5,7,196,49),(8612,'0','2016-10-31',5,8,196,49),(8613,'0','2016-10-31',5,8,196,48),(8614,'0','2016-10-31',5,9,196,48),(8615,'0','2016-10-31',5,9,196,49),(8616,'0','2016-10-31',5,10,196,49),(8617,'0','2016-10-31',5,10,196,48),(8618,'0','2016-10-31',5,11,196,48),(8619,'0','2016-10-31',5,11,196,49),(8620,'0','2016-10-31',5,12,196,49),(8621,'0','2016-10-31',5,12,196,48),(8622,'0','2016-10-31',5,13,196,48),(8623,'0','2016-10-31',5,13,196,49),(8624,'0','2016-10-31',5,14,196,49),(8625,'0','2016-10-31',5,14,196,48),(8626,'0','2016-10-31',5,15,196,48),(8627,'0','2016-10-31',5,15,196,49),(8628,'0','2016-10-31',5,16,196,49),(8629,'0','2016-10-31',5,16,196,48),(8630,'0','2016-10-31',5,17,196,48),(8631,'0','2016-10-31',5,17,196,49),(8634,'0','2016-11-30',1,2,196,49),(8635,'0','2016-11-30',1,2,196,48),(8636,'1','2016-11-30',1,3,196,48),(8637,'1','2016-11-30',1,3,196,49),(8638,'0','2016-11-30',1,4,196,49),(8639,'0','2016-11-30',1,4,196,48),(8640,'0','2016-11-30',1,5,196,48),(8641,'0','2016-11-30',1,5,196,49),(8642,'0','2016-11-30',1,6,196,49),(8643,'0','2016-11-30',1,6,196,48),(8644,'0','2016-11-30',1,7,196,48),(8645,'0','2016-11-30',1,7,196,49),(8646,'0','2016-11-30',1,8,196,49),(8647,'0','2016-11-30',1,8,196,48),(8648,'0','2016-11-30',1,9,196,48),(8649,'0','2016-11-30',1,9,196,49),(8650,'0','2016-11-30',1,10,196,49),(8651,'0','2016-11-30',1,10,196,48),(8652,'0','2016-11-30',1,11,196,48),(8653,'0','2016-11-30',1,11,196,49),(8654,'0','2016-11-30',1,12,196,49),(8655,'0','2016-11-30',1,12,196,48),(8656,'0','2016-11-30',1,13,196,48),(8657,'0','2016-11-30',1,13,196,49),(8658,'0','2016-11-30',1,14,196,49),(8659,'0','2016-11-30',1,14,196,48),(8660,'0','2016-11-30',1,15,196,48),(8661,'0','2016-11-30',1,15,196,49),(8662,'0','2016-11-30',1,16,196,49),(8663,'0','2016-11-30',1,16,196,48),(8664,'0','2016-11-30',1,17,196,48),(8665,'0','2016-11-30',1,17,196,49);
/*!40000 ALTER TABLE `reading_kpi_values` ENABLE KEYS */;
UNLOCK TABLES;

--
-- Table structure for table `rules`
--

DROP TABLE IF EXISTS `rules`;
/*!40101 SET @saved_cs_client     = @@character_set_client */;
/*!40101 SET character_set_client = utf8 */;
CREATE TABLE `rules` (
  `id` int(11) NOT NULL AUTO_INCREMENT,
  `Rules` varchar(255) COLLATE utf8_unicode_ci NOT NULL,
  `KpiDetailsId` int(11) DEFAULT NULL,
  `ElementDetailsId` int(11) DEFAULT NULL,
  PRIMARY KEY (`id`),
  KEY `IDX_899A993CF10FA648` (`KpiDetailsId`),
  KEY `IDX_899A993CABFC5A8E` (`ElementDetailsId`),
  CONSTRAINT `FK_899A993CABFC5A8E` FOREIGN KEY (`ElementDetailsId`) REFERENCES `element_details` (`id`),
  CONSTRAINT `FK_899A993CF10FA648` FOREIGN KEY (`KpiDetailsId`) REFERENCES `kpi_details` (`id`)
) ENGINE=InnoDB AUTO_INCREMENT=141 DEFAULT CHARSET=utf8 COLLATE=utf8_unicode_ci;
/*!40101 SET character_set_client = @saved_cs_client */;

--
-- Dumping data for table `rules`
--

LOCK TABLES `rules` WRITE;
/*!40000 ALTER TABLE `rules` DISABLE KEYS */;
INSERT INTO `rules` VALUES (1,'{\"operators\":{},\"actions\":{\"name\":\"action-select\",\"value\":\"Green\"},\"conditions\":{\"all\":[{\"name\":\"ageField\",\"operator\":\"equalTo\",\"value\":\"0\"}]}}',1,1),(2,'{\"operators\":{},\"actions\":{\"name\":\"action-select\",\"value\":\"Yellow\"},\"conditions\":{\"all\":[{\"name\":\"ageField\",\"operator\":\"greaterThanEqual\",\"value\":\"-0.5\"},{\"name\":\"ageField\",\"operator\":\"lessThanEqual\",\"value\":\"0.5\"}]}}',1,1),(3,'{\"operators\":{},\"actions\":{\"name\":\"action-select\",\"value\":\"Red\"},\"conditions\":{\"all\":[{\"name\":\"ageField\",\"operator\":\"lessThan\",\"value\":\"-0.5\"},{\"name\":\"ageField\",\"operator\":\"greaterThan\",\"value\":\"0.5\"}]}}',1,1),(4,'{\"operators\":{},\"actions\":{\"name\":\"action-select\",\"value\":\"Green\"},\"conditions\":{\"all\":[{\"name\":\"ageField\",\"operator\":\"equalTo\",\"value\":\"0\"}]}}',16,2),(5,'{\"operators\":{},\"actions\":{\"name\":\"action-select\",\"value\":\"Yellow\"},\"conditions\":{\"all\":[{\"name\":\"ageField\",\"operator\":\"equalTo\",\"value\":\"1\"}]}}',16,2),(6,'{\"operators\":{},\"actions\":{\"name\":\"action-select\",\"value\":\"Red\"},\"conditions\":{\"all\":[{\"name\":\"ageField\",\"operator\":\"equalTo\",\"value\":\"2\"}]}}',16,2),(7,'{\"operators\":{},\"actions\":{\"name\":\"action-select\",\"value\":\"Green\"},\"conditions\":{\"all\":[{\"name\":\"ageField\",\"operator\":\"equalTo\",\"value\":\"0\"}]}}',16,3),(8,'{\"operators\":{},\"actions\":{\"name\":\"action-select\",\"value\":\"Yellow\"},\"conditions\":{\"all\":[{\"name\":\"ageField\",\"operator\":\"equalTo\",\"value\":\"1\"}]}}',16,3),(9,'{\"operators\":{},\"actions\":{\"name\":\"action-select\",\"value\":\"Red\"},\"conditions\":{\"all\":[{\"name\":\"ageField\",\"operator\":\"equalTo\",\"value\":\"2\"}]}}',16,3),(10,'{\"operators\":{},\"actions\":{\"name\":\"action-select\",\"value\":\"Green\"},\"conditions\":{\"all\":[{\"name\":\"ageField\",\"operator\":\"equalTo\",\"value\":\"0\"}]}}',16,4),(11,'{\"operators\":{},\"actions\":{\"name\":\"action-select\",\"value\":\"Yellow\"},\"conditions\":{\"all\":[{\"name\":\"ageField\",\"operator\":\"equalTo\",\"value\":\"1\"}]}}',16,4),(12,'{\"operators\":{},\"actions\":{\"name\":\"action-select\",\"value\":\"Red\"},\"conditions\":{\"all\":[{\"name\":\"ageField\",\"operator\":\"equalTo\",\"value\":\"2\"}]}}',16,4),(13,'{\"operators\":{},\"actions\":{\"name\":\"action-select\",\"value\":\"Green\"},\"conditions\":{\"all\":[{\"name\":\"ageField\",\"operator\":\"greaterThanEqual\",\"value\":\"-2\"},{\"name\":\"ageField\",\"operator\":\"lessThanEqual\",\"value\":\"2\"}]}}',31,5),(14,'{\"operators\":{},\"actions\":{\"name\":\"action-select\",\"value\":\"Yellow\"},\"conditions\":{\"all\":[{\"name\":\"ageField\",\"operator\":\"greaterThanEqual\",\"value\":\"-3\"},{\"name\":\"ageField\",\"operator\":\"lessThanEqual\",\"value\":\"3\"}]}}',31,5),(15,'{\"operators\":{},\"actions\":{\"name\":\"action-select\",\"value\":\"Red\"},\"conditions\":{\"all\":[{\"name\":\"ageField\",\"operator\":\"lessThan\",\"value\":\"-3\"},{\"name\":\"ageField\",\"operator\":\"greaterThan\",\"value\":\"3\"}]}}',31,5),(16,'{\"operators\":{},\"actions\":{\"name\":\"action-select\",\"value\":\"Green\"},\"conditions\":{\"all\":[{\"name\":\"ageField\",\"operator\":\"lessThanEqual\",\"value\":\"9\"}]}}',46,6),(17,'{\"operators\":{},\"actions\":{\"name\":\"action-select\",\"value\":\"Yellow\"},\"conditions\":{\"all\":[{\"name\":\"ageField\",\"operator\":\"lessThanEqual\",\"value\":\"10\"}]}}',46,6),(18,'{\"operators\":{},\"actions\":{\"name\":\"action-select\",\"value\":\"Red\"},\"conditions\":{\"all\":[{\"name\":\"ageField\",\"operator\":\"greaterThan\",\"value\":\"10\"}]}}',46,6),(19,'{\"operators\":{},\"actions\":{\"name\":\"action-select\",\"value\":\"Green\"},\"conditions\":{\"all\":[{\"name\":\"ageField\",\"operator\":\"lessThanEqual\",\"value\":\"5\"}]}}',46,7),(20,'{\"operators\":{},\"actions\":{\"name\":\"action-select\",\"value\":\"Yellow\"},\"conditions\":{\"all\":[{\"operator\":\"lessThanEqual\",\"value\":\"7\"}]}}',46,7),(21,'{\"operators\":{},\"actions\":{\"name\":\"action-select\",\"value\":\"Red\"},\"conditions\":{\"all\":[{\"name\":\"ageField\",\"operator\":\"greaterThan\",\"value\":\"7\"}]}}',46,7),(22,'{\"operators\":{},\"actions\":{\"name\":\"action-select\",\"value\":\"Green\"},\"conditions\":{\"all\":[{\"name\":\"ageField\",\"operator\":\"lessThanEqual\",\"value\":\"1.35\"}]}}',61,8),(23,'{\"operators\":{},\"actions\":{\"name\":\"action-select\",\"value\":\"Yellow\"},\"conditions\":{\"all\":[{\"name\":\"ageField\",\"operator\":\"lessThanEqual\",\"value\":\"1.5\"}]}}',61,8),(24,'{\"operators\":{},\"actions\":{\"name\":\"action-select\",\"value\":\"Red\"},\"conditions\":{\"all\":[{\"name\":\"ageField\",\"operator\":\"greaterThan\",\"value\":\"1.5\"}]}}',61,8),(25,'{\"operators\":{},\"actions\":{\"name\":\"action-select\",\"value\":\"Green\"},\"conditions\":{\"all\":[{\"name\":\"ageField\",\"operator\":\"greaterThanEqual\",\"value\":\"80\"}]}}',61,9),(26,'{\"operators\":{},\"actions\":{\"name\":\"action-select\",\"value\":\"Yellow\"},\"conditions\":{\"all\":[{\"name\":\"ageField\",\"operator\":\"greaterThanEqual\",\"value\":\"70\"}]}}',61,9),(27,'{\"operators\":{},\"actions\":{\"name\":\"action-select\",\"value\":\"Red\"},\"conditions\":{\"all\":[{\"name\":\"ageField\",\"operator\":\"lessThan\",\"value\":\"70\"}]}}',61,9),(28,'{\"operators\":{},\"actions\":{\"name\":\"action-select\",\"value\":\"Green\"},\"conditions\":{\"all\":[{\"name\":\"ageField\",\"operator\":\"lessThanEqual\",\"value\":\"1\"}]}}',61,10),(29,'{\"operators\":{},\"actions\":{\"name\":\"action-select\",\"value\":\"Yellow\"},\"conditions\":{\"all\":[{\"name\":\"ageField\",\"operator\":\"lessThanEqual\",\"value\":\"3\"}]}}',61,10),(30,'{\"operators\":{},\"actions\":{\"name\":\"action-select\",\"value\":\"Red\"},\"conditions\":{\"all\":[{\"name\":\"ageField\",\"operator\":\"greaterThan\",\"value\":\"3\"}]}}',61,10),(31,'{\"operators\":{},\"actions\":{\"name\":\"action-select\",\"value\":\"Green\"},\"conditions\":{\"all\":[{\"name\":\"ageField\",\"operator\":\"greaterThanEqual\",\"value\":\"80\"}]}}',61,11),(32,'{\"operators\":{},\"actions\":{\"name\":\"action-select\",\"value\":\"Yellow\"},\"conditions\":{\"all\":[{\"operator\":\"greaterThanEqual\",\"value\":\"70\"}]}}',61,11),(33,'{\"operators\":{},\"actions\":{\"name\":\"action-select\",\"value\":\"Red\"},\"conditions\":{\"all\":[{\"name\":\"ageField\",\"operator\":\"lessThan\",\"value\":\"70\"}]}}',61,11),(34,'{\"operators\":{},\"actions\":{\"name\":\"action-select\",\"value\":\"Green\"},\"conditions\":{\"all\":[{\"name\":\"ageField\",\"operator\":\"lessThanEqual\",\"value\":\"3\"}]}}',76,12),(35,'{\"operators\":{},\"actions\":{\"name\":\"action-select\",\"value\":\"Yellow\"},\"conditions\":{\"all\":[{\"name\":\"ageField\",\"operator\":\"lessThanEqual\",\"value\":\"5\"}]}}',76,12),(36,'{\"operators\":{},\"actions\":{\"name\":\"action-select\",\"value\":\"Red\"},\"conditions\":{\"all\":[{\"name\":\"ageField\",\"operator\":\"greaterThan\",\"value\":\"5\"}]}}',76,12),(37,'{\"operators\":{},\"actions\":{\"name\":\"action-select\",\"value\":\"Green\"},\"conditions\":{\"all\":[{\"name\":\"ageField\",\"operator\":\"lessThanEqual\",\"value\":408}]}}',91,13),(38,'{\"operators\":{},\"actions\":{\"name\":\"action-select\",\"value\":\"Yellow\"},\"conditions\":{\"all\":[{\"name\":\"ageField\",\"operator\":\"lessThanEqual\",\"value\":510}]}}',91,13),(39,'{\"operators\":{},\"actions\":{\"name\":\"action-select\",\"value\":\"Red\"},\"conditions\":{\"all\":[{\"name\":\"ageField\",\"operator\":\"greaterThan\",\"value\":510}]}}',91,13),(40,'{\"operators\":{},\"actions\":{\"name\":\"action-select\",\"value\":\"Green\"},\"conditions\":{\"all\":[{\"name\":\"ageField\",\"operator\":\"lessThanEqual\",\"value\":408}]}}',91,14),(41,'{\"operators\":{},\"actions\":{\"name\":\"action-select\",\"value\":\"Yellow\"},\"conditions\":{\"all\":[{\"name\":\"ageField\",\"operator\":\"equalTo\",\"value\":510}]}}',91,14),(42,'{\"operators\":{},\"actions\":{\"name\":\"action-select\",\"value\":\"Red\"},\"conditions\":{\"all\":[{\"name\":\"ageField\",\"operator\":\"equalTo\",\"value\":510}]}}',91,14),(43,'{\"operators\":{},\"actions\":{\"name\":\"action-select\",\"value\":\"Green\"},\"conditions\":{\"all\":[{\"name\":\"ageField\",\"operator\":\"lessThanEqual\",\"value\":\"0.61\"}]}}',106,15),(44,'{\"operators\":{},\"actions\":{\"name\":\"action-select\",\"value\":\"Yellow\"},\"conditions\":{\"all\":[{\"name\":\"ageField\",\"operator\":\"lessThanEqual\",\"value\":\"1\"}]}}',106,15),(45,'{\"operators\":{},\"actions\":{\"name\":\"action-select\",\"value\":\"Red\"},\"conditions\":{\"all\":[{\"name\":\"ageField\",\"operator\":\"greaterThan\",\"value\":\"1\"}]}}',106,15),(46,'{\"operators\":{},\"actions\":{\"name\":\"action-select\",\"value\":\"Green\"},\"conditions\":{\"all\":[{\"name\":\"ageField\",\"operator\":\"lessThanEqual\",\"value\":\"2\"}]}}',106,16),(47,'{\"operators\":{},\"actions\":{\"name\":\"action-select\",\"value\":\"Yellow\"},\"conditions\":{\"all\":[{\"name\":\"ageField\",\"operator\":\"lessThanEqual\",\"value\":\"2.1\"}]}}',106,16),(48,'{\"operators\":{},\"actions\":{\"name\":\"action-select\",\"value\":\"Red\"},\"conditions\":{\"all\":[{\"name\":\"ageField\",\"operator\":\"greaterThan\",\"value\":\"2.1\"}]}}',106,16),(49,'{\"operators\":{},\"actions\":{\"name\":\"action-select\",\"value\":\"Green\"},\"conditions\":{\"all\":[{\"name\":\"ageField\",\"operator\":\"equalTo\",\"value\":\"0\"}]}}',106,17),(50,'{\"operators\":{},\"actions\":{\"name\":\"action-select\",\"value\":\"Yellow\"},\"conditions\":{\"all\":[{\"name\":\"ageField\",\"operator\":\"lessThanEqual\",\"value\":\"1\"}]}}',106,17),(51,'{\"operators\":{},\"actions\":{\"name\":\"action-select\",\"value\":\"Red\"},\"conditions\":{\"all\":[{\"name\":\"ageField\",\"operator\":\"greaterThan\",\"value\":\"1\"}]}}',106,17),(52,'{\"operators\":{},\"actions\":{\"name\":\"action-select\",\"value\":\"Green\"},\"conditions\":{\"all\":[{\"name\":\"ageField\",\"operator\":\"greaterThanEqual\",\"value\":\"0\"}]}}',121,18),(53,'{\"operators\":{},\"actions\":{\"name\":\"action-select\",\"value\":\"Yellow\"},\"conditions\":{\"all\":[{\"name\":\"ageField\",\"operator\":\"lessThan\",\"value\":\"0\"},{\"name\":\"ageField\",\"operator\":\"greaterThanEqual\",\"value\":\"-5\"}]}}',121,18),(54,'{\"operators\":{},\"actions\":{\"name\":\"action-select\",\"value\":\"Red\"},\"conditions\":{\"all\":[{\"name\":\"ageField\",\"operator\":\"lessThan\",\"value\":\"-5\"}]}}',121,18),(55,'{\"operators\":{},\"actions\":{\"name\":\"action-select\",\"value\":\"Green\"},\"conditions\":{\"all\":[{\"name\":\"ageField\",\"operator\":\"greaterThanEqual\",\"value\":\"0\"}]}}',121,19),(56,'{\"operators\":{},\"actions\":{\"name\":\"action-select\",\"value\":\"Yellow\"},\"conditions\":{\"all\":[{\"name\":\"ageField\",\"operator\":\"lessThan\",\"value\":\"0\"},{\"name\":\"ageField\",\"operator\":\"greaterThanEqual\",\"value\":\"-5\"}]}}',121,19),(57,'{\"operators\":{},\"actions\":{\"name\":\"action-select\",\"value\":\"Red\"},\"conditions\":{\"all\":[{\"name\":\"ageField\",\"operator\":\"lessThan\",\"value\":\"-5\"}]}}',121,19),(58,'{\"operators\":{},\"actions\":{\"name\":\"action-select\",\"value\":\"Green\"},\"conditions\":{\"all\":[{\"name\":\"ageField\",\"operator\":\"greaterThanEqual\",\"value\":\"0\"}]}}',121,20),(59,'{\"operators\":{},\"actions\":{\"name\":\"action-select\",\"value\":\"Yellow\"},\"conditions\":{\"all\":[{\"name\":\"ageField\",\"operator\":\"lessThan\",\"value\":\"0\"},{\"name\":\"ageField\",\"operator\":\"greaterThanEqual\",\"value\":\"-5\"}]}}',121,20),(60,'{\"operators\":{},\"actions\":{\"name\":\"action-select\",\"value\":\"Red\"},\"conditions\":{\"all\":[{\"name\":\"ageField\",\"operator\":\"lessThan\",\"value\":\"-5\"}]}}',121,20),(61,'{\"operators\":{},\"actions\":{\"name\":\"action-select\",\"value\":\"Green\"},\"conditions\":{\"all\":[{\"name\":\"ageField\",\"operator\":\"greaterThanEqual\",\"value\":\"0\"}]}}',121,21),(62,'{\"operators\":{},\"actions\":{\"name\":\"action-select\",\"value\":\"Yellow\"},\"conditions\":{\"all\":[{\"name\":\"ageField\",\"operator\":\"lessThan\",\"value\":\"0\"},{\"name\":\"ageField\",\"operator\":\"greaterThanEqual\",\"value\":\"-5\"}]}}',121,21),(63,'{\"operators\":{},\"actions\":{\"name\":\"action-select\",\"value\":\"Red\"},\"conditions\":{\"all\":[{\"name\":\"ageField\",\"operator\":\"lessThan\",\"value\":\"-5\"}]}}',121,21),(64,'{\"operators\":{},\"actions\":{\"name\":\"action-select\",\"value\":\"Green\"},\"conditions\":{\"all\":[{\"name\":\"ageField\",\"operator\":\"greaterThanEqual\",\"value\":\"80\"}]}}',136,22),(65,'{\"operators\":{},\"actions\":{\"name\":\"action-select\",\"value\":\"Yellow\"},\"conditions\":{\"all\":[{\"name\":\"ageField\",\"operator\":\"lessThan\",\"value\":\"80\"},{\"name\":\"ageField\",\"operator\":\"greaterThanEqual\",\"value\":\"75\"}]}}',136,22),(66,'{\"operators\":{},\"actions\":{\"name\":\"action-select\",\"value\":\"Red\"},\"conditions\":{\"all\":[{\"name\":\"ageField\",\"operator\":\"lessThan\",\"value\":\"75\"}]}}',136,22),(67,'{\"operators\":{},\"actions\":{\"name\":\"action-select\",\"value\":\"Green\"},\"conditions\":{\"all\":[{\"name\":\"ageField\",\"operator\":\"lessThanEqual\",\"value\":\"1\"}]}}',136,23),(68,'{\"operators\":{},\"actions\":{\"name\":\"action-select\",\"value\":\"Yellow\"},\"conditions\":{\"all\":[{\"name\":\"ageField\",\"operator\":\"lessThanEqual\",\"value\":\"2\"}]}}',136,23),(69,'{\"operators\":{},\"actions\":{\"name\":\"action-select\",\"value\":\"Red\"},\"conditions\":{\"all\":[{\"name\":\"ageField\",\"operator\":\"greaterThan\",\"value\":\"2\"}]}}',136,23),(70,'{\"operators\":{},\"actions\":{\"name\":\"action-select\",\"value\":\"Green\"},\"conditions\":{\"all\":[{\"name\":\"ageField\",\"operator\":\"lessThanEqual\",\"value\":\"0\"}]}}',136,24),(71,'{\"operators\":{},\"actions\":{\"name\":\"action-select\",\"value\":\"Yellow\"},\"conditions\":{\"all\":[{\"name\":\"ageField\",\"operator\":\"lessThanEqual\",\"value\":\"1.25\"}]}}',136,24),(72,'{\"operators\":{},\"actions\":{\"name\":\"action-select\",\"value\":\"Red\"},\"conditions\":{\"all\":[{\"name\":\"ageField\",\"operator\":\"greaterThan\",\"value\":\"1.25\"}]}}',136,24),(73,'{\"operators\":{},\"actions\":{\"name\":\"action-select\",\"value\":\"Green\"},\"conditions\":{\"all\":[{\"name\":\"ageField\",\"operator\":\"greaterThanEqual\",\"value\":\"80\"}]}}',136,25),(74,'{\"operators\":{},\"actions\":{\"name\":\"action-select\",\"value\":\"Yellow\"},\"conditions\":{\"all\":[{\"name\":\"ageField\",\"operator\":\"lessThan\",\"value\":\"80\"},{\"name\":\"ageField\",\"operator\":\"greaterThanEqual\",\"value\":\"70\"}]}}',136,25),(75,'{\"operators\":{},\"actions\":{\"name\":\"action-select\",\"value\":\"Red\"},\"conditions\":{\"all\":[{\"name\":\"ageField\",\"operator\":\"lessThan\",\"value\":\"70\"}]}}',136,25),(76,'{\"operators\":{},\"actions\":{\"name\":\"action-select\",\"value\":\"Green\"},\"conditions\":{\"all\":[{\"name\":\"ageField\",\"operator\":\"lessThanEqual\",\"value\":\"0\"}]}}',151,26),(77,'{\"operators\":{},\"actions\":{\"name\":\"action-select\",\"value\":\"Yellow\"},\"conditions\":{\"all\":[{\"name\":\"ageField\",\"operator\":\"greaterThanEqual\",\"value\":\"-2\"}]}}',151,26),(78,'{\"operators\":{},\"actions\":{\"name\":\"action-select\",\"value\":\"Red\"},\"conditions\":{\"all\":[{\"name\":\"ageField\",\"operator\":\"lessThan\",\"value\":\"-2\"}]}}',151,26),(79,'{\"operators\":{},\"actions\":{\"name\":\"action-select\",\"value\":\"Green\"},\"conditions\":{\"all\":[{\"name\":\"ageField\",\"operator\":\"lessThanEqual\",\"value\":\"0\"}]}}',151,27),(80,'{\"operators\":{},\"actions\":{\"name\":\"action-select\",\"value\":\"Yellow\"},\"conditions\":{\"all\":[{\"name\":\"ageField\",\"operator\":\"lessThanEqual\",\"value\":\"2\"}]}}',151,27),(81,'{\"operators\":{},\"actions\":{\"name\":\"action-select\",\"value\":\"Red\"},\"conditions\":{\"all\":[{\"name\":\"ageField\",\"operator\":\"greaterThan\",\"value\":\"2\"}]}}',151,27),(82,'{\"operators\":{},\"actions\":{\"name\":\"action-select\",\"value\":\"Green\"},\"conditions\":{\"all\":[{\"name\":\"ageField\",\"operator\":\"lessThanEqual\",\"value\":\"30\"}]}}',151,28),(83,'{\"operators\":{},\"actions\":{\"name\":\"action-select\",\"value\":\"Yellow\"},\"conditions\":{\"all\":[{\"name\":\"ageField\",\"operator\":\"lessThanEqual\",\"value\":\"32\"}]}}',151,28),(84,'{\"operators\":{},\"actions\":{\"name\":\"action-select\",\"value\":\"Red\"},\"conditions\":{\"all\":[{\"name\":\"ageField\",\"operator\":\"greaterThan\",\"value\":\"32\"}]}}',151,28),(85,'{\"operators\":{},\"actions\":{\"name\":\"action-select\",\"value\":\"Green\"},\"conditions\":{\"all\":[{\"name\":\"ageField\",\"operator\":\"lessThanEqual\",\"value\":\"0\"}]}}',151,29),(86,'{\"operators\":{},\"actions\":{\"name\":\"action-select\",\"value\":\"Yellow\"},\"conditions\":{\"all\":[{\"name\":\"ageField\",\"operator\":\"lessThanEqual\",\"value\":\"1\"}]}}',151,29),(87,'{\"operators\":{},\"actions\":{\"name\":\"action-select\",\"value\":\"Red\"},\"conditions\":{\"all\":[{\"name\":\"ageField\",\"operator\":\"greaterThan\",\"value\":\"1\"}]}}',151,29),(88,'{\"operators\":{},\"actions\":{\"name\":\"action-select\",\"value\":\"Green\"},\"conditions\":{\"all\":[{\"name\":\"ageField\",\"operator\":\"lessThanEqual\",\"value\":\"0.8\"}]}}',166,30),(89,'{\"operators\":{},\"actions\":{\"name\":\"action-select\",\"value\":\"Yellow\"},\"conditions\":{\"all\":[{\"name\":\"ageField\",\"operator\":\"lessThanEqual\",\"value\":\"1\"}]}}',166,30),(90,'{\"operators\":{},\"actions\":{\"name\":\"action-select\",\"value\":\"Red\"},\"conditions\":{\"all\":[{\"name\":\"ageField\",\"operator\":\"greaterThan\",\"value\":\"1\"}]}}',166,30),(91,'{\"operators\":{},\"actions\":{\"name\":\"action-select\",\"value\":\"Green\"},\"conditions\":{\"all\":[{\"name\":\"ageField\",\"name\":\"ageField\",\"operator\":\"lessThanEqual\",\"value\":\"0\"}]}}',166,31),(92,'{\"operators\":{},\"actions\":{\"name\":\"action-select\",\"value\":\"Yellow\"},\"conditions\":{\"all\":[{\"name\":\"ageField\",\"operator\":\"lessThanEqual\",\"value\":\"1\"}]}}',166,31),(93,'{\"operators\":{},\"actions\":{\"name\":\"action-select\",\"value\":\"Red\"},\"conditions\":{\"all\":[{\"name\":\"ageField\",\"operator\":\"greaterThan\",\"value\":\"1\"}]}}',166,31),(94,'{\"operators\":{},\"actions\":{\"name\":\"action-select\",\"value\":\"Green\"},\"conditions\":{\"all\":[{\"name\":\"ageField\",\"operator\":\"greaterThanEqual\",\"value\":\"60\"}]}}',166,32),(95,'{\"operators\":{},\"actions\":{\"name\":\"action-select\",\"value\":\"Yellow\"},\"conditions\":{\"all\":[{\"name\":\"ageField\",\"operator\":\"greaterThanEqual\",\"value\":\"50\"}]}}',166,32),(96,'{\"operators\":{},\"actions\":{\"name\":\"action-select\",\"value\":\"Red\"},\"conditions\":{\"all\":[{\"name\":\"ageField\",\"operator\":\"lessThan\",\"value\":\"50\"}]}}',166,32),(97,'{\"operators\":{},\"actions\":{\"name\":\"action-select\",\"value\":\"Green\"},\"conditions\":{\"all\":[{\"name\":\"ageField\",\"operator\":\"lessThanEqual\",\"value\":\"0\"}]}}',166,33),(98,'{\"operators\":{},\"actions\":{\"name\":\"action-select\",\"value\":\"Yellow\"},\"conditions\":{\"all\":[{\"name\":\"ageField\",\"operator\":\"lessThanEqual\",\"value\":\"1\"}]}}',166,33),(99,'{\"operators\":{},\"actions\":{\"name\":\"action-select\",\"value\":\"Red\"},\"conditions\":{\"all\":[{\"name\":\"ageField\",\"operator\":\"greaterThan\",\"value\":\"1\"}]}}',166,33),(100,'{\"operators\":{},\"actions\":{\"name\":\"action-select\",\"value\":\"Green\"},\"conditions\":{\"all\":[{\"name\":\"ageField\",\"operator\":\"lessThanEqual\",\"value\":\"0\"}]}}',166,34),(101,'{\"operators\":{},\"actions\":{\"name\":\"action-select\",\"value\":\"Yellow\"},\"conditions\":{\"all\":[{\"name\":\"ageField\",\"operator\":\"lessThanEqual\",\"value\":\"1\"}]}}',166,34),(102,'{\"operators\":{},\"actions\":{\"name\":\"action-select\",\"value\":\"Red\"},\"conditions\":{\"all\":[{\"name\":\"ageField\",\"operator\":\"greaterThan\",\"value\":\"1\"}]}}',166,34),(103,'{\"operators\":{},\"actions\":{\"name\":\"action-select\",\"value\":\"Green\"},\"conditions\":{\"all\":[{\"name\":\"ageField\",\"operator\":\"greaterThanEqual\",\"value\":\"4\"}]}}',166,35),(104,'{\"operators\":{},\"actions\":{\"name\":\"action-select\",\"value\":\"Yellow\"},\"conditions\":{\"all\":[{\"name\":\"ageField\",\"operator\":\"greaterThanEqual\",\"value\":\"3\"}]}}',166,35),(105,'{\"operators\":{},\"actions\":{\"name\":\"action-select\",\"value\":\"Red\"},\"conditions\":{\"all\":[{\"name\":\"ageField\",\"operator\":\"lessThan\",\"value\":\"3\"}]}}',166,35),(109,'{\"operators\":{},\"actions\":{\"name\":\"action-select\",\"value\":\"Green\"},\"conditions\":{\"all\":[{\"name\":\"ageField\",\"operator\":\"equalTo\",\"value\":\"0\"}]}}',1,40),(110,'{\"operators\":{},\"actions\":{\"name\":\"action-select\",\"value\":\"Yellow\"},\"conditions\":{\"all\":[{\"name\":\"ageField\",\"operator\":\"greaterThanEqual\",\"value\":\"-0.5\"},{\"name\":\"ageField\",\"operator\":\"lessThanEqual\",\"value\":\"0.5\"}]}}',1,40),(111,'{\"operators\":{},\"actions\":{\"name\":\"action-select\",\"value\":\"Red\"},\"conditions\":{\"all\":[{\"name\":\"ageField\",\"operator\":\"lessThan\",\"value\":\"-0.5\"},{\"name\":\"ageField\",\"operator\":\"greaterThan\",\"value\":\"0.5\"}]}}',1,40),(112,'{\"operators\":{},\"actions\":{\"name\":\"action-select\",\"value\":\"Green\"},\"conditions\":{\"all\":[{\"name\":\"ageField\",\"operator\":\"lessThanEqual\",\"value\":\"5\"}]}}',121,41),(113,'{\"operators\":{},\"actions\":{\"name\":\"action-select\",\"value\":\"Yellow\"},\"conditions\":{\"all\":[{\"name\":\"ageField\",\"operator\":\"greaterThan\",\"value\":\"5\"},{\"name\":\"ageField\",\"operator\":\"lessThanEqual\",\"value\":\"8\"}]}}',121,41),(114,'{\"operators\":{},\"actions\":{\"name\":\"action-select\",\"value\":\"Red\"},\"conditions\":{\"all\":[{\"name\":\"ageField\",\"operator\":\"greaterThan\",\"value\":\"8\"}]}}',121,41),(115,'{\"operators\":{},\"actions\":{\"name\":\"action-select\",\"value\":\"Green\"},\"conditions\":{\"all\":[{\"name\":\"ageField\",\"operator\":\"lessThanEqual\",\"value\":\"2\"}]}}',196,42),(116,'{\"operators\":{},\"actions\":{\"name\":\"action-select\",\"value\":\"Yellow\"},\"conditions\":{\"all\":[{\"name\":\"ageField\",\"operator\":\"lessThanEqual\",\"value\":\"5\"}]}}',196,42),(117,'{\"operators\":{},\"actions\":{\"name\":\"action-select\",\"value\":\"Red\"},\"conditions\":{\"all\":[{\"name\":\"ageField\",\"operator\":\"greaterThan\",\"value\":\"5\"}]}}',196,42),(118,'{\"operators\":{},\"actions\":{\"name\":\"action-select\",\"value\":\"Green\"},\"conditions\":{\"all\":[{\"name\":\"ageField\",\"operator\":\"lessThanEqual\",\"value\":\"5\"}]}}',196,43),(119,'{\"operators\":{},\"actions\":{\"name\":\"action-select\",\"value\":\"Yellow\"},\"conditions\":{\"all\":[{\"name\":\"ageField\",\"operator\":\"lessThanEqual\",\"value\":\"8\"}]}}',196,43),(120,'{\"operators\":{},\"actions\":{\"name\":\"action-select\",\"value\":\"Red\"},\"conditions\":{\"all\":[{\"name\":\"ageField\",\"operator\":\"greaterThan\",\"value\":\"8\"}]}}',196,43),(121,'{\"operators\":{},\"actions\":{\"name\":\"action-select\",\"value\":\"Green\"},\"conditions\":{\"all\":[{\"name\":\"ageField\",\"operator\":\"equalTo\",\"value\":\"0\"}]}}',196,44),(122,'{\"operators\":{},\"actions\":{\"name\":\"action-select\",\"value\":\"Yellow\"},\"conditions\":{\"all\":[{\"name\":\"ageField\",\"operator\":\"lessThanEqual\",\"value\":\"1\"}]}}',196,44),(123,'{\"operators\":{},\"actions\":{\"name\":\"action-select\",\"value\":\"Red\"},\"conditions\":{\"all\":[{\"name\":\"ageField\",\"operator\":\"greaterThan\",\"value\":\"1\"}]}}',196,44),(124,'{\"operators\":{},\"actions\":{\"name\":\"action-select\",\"value\":\"Green\"},\"conditions\":{\"all\":[{\"name\":\"ageField\",\"operator\":\"lessThanEqual\",\"value\":\"1\"}]}}',196,50),(125,'{\"operators\":{},\"actions\":{\"name\":\"action-select\",\"value\":\"Yellow\"},\"conditions\":{\"all\":[{\"name\":\"ageField\",\"operator\":\"lessThanEqual\",\"value\":\"2\"}]}}',196,50),(126,'{\"operators\":{},\"actions\":{\"name\":\"action-select\",\"value\":\"Red\"},\"conditions\":{\"all\":[{\"name\":\"ageField\",\"operator\":\"greaterThan\",\"value\":\"2\"}]}}',196,50),(127,'{\"operators\":{},\"actions\":{\"name\":\"action-select\",\"value\":\"Green\"},\"conditions\":{\"all\":[{\"name\":\"ageField\",\"operator\":\"equalTo\",\"value\":\"0\"}]}}',196,46),(128,'{\"operators\":{},\"actions\":{\"name\":\"action-select\",\"value\":\"Yellow\"},\"conditions\":{\"all\":[{\"name\":\"ageField\",\"operator\":\"lessThanEqual\",\"value\":\"0.5\"}]}}',196,46),(129,'{\"operators\":{},\"actions\":{\"name\":\"action-select\",\"value\":\"Red\"},\"conditions\":{\"all\":[{\"name\":\"ageField\",\"operator\":\"greaterThan\",\"value\":\"0.5\"}]}}',196,46),(130,'{\"operators\":{},\"actions\":{\"name\":\"action-select\",\"value\":\"Green\"},\"conditions\":{\"all\":[{\"name\":\"ageField\",\"operator\":\"equalTo\",\"value\":\"0\"}]}}',196,47),(131,'{\"operators\":{},\"actions\":{\"name\":\"action-select\",\"value\":\"Yellow\"},\"conditions\":{\"all\":[{\"name\":\"ageField\",\"operator\":\"lessThanEqual\",\"value\":\"10000\"}]}}',196,47),(132,'{\"operators\":{},\"actions\":{\"name\":\"action-select\",\"value\":\"Red\"},\"conditions\":{\"all\":[{\"name\":\"ageField\",\"operator\":\"greaterThan\",\"value\":\"10000\"}]}}',196,47),(133,'{\"operators\":{},\"actions\":{\"name\":\"action-select\",\"value\":\"\"},\"conditions\":{\"all\":[{\"name\":\"ageField\",\"operator\":\"lessThanEqual\",\"value\":\"1\"}]}}',196,48),(134,'{\"operators\":{},\"actions\":{\"name\":\"action-select\",\"value\":\"Green\"},\"conditions\":{\"all\":[{\"name\":\"ageField\",\"operator\":\"lessThanEqual\",\"value\":\"1\"}]}}',196,48),(135,'{\"operators\":{},\"actions\":{\"name\":\"action-select\",\"value\":\"Yellow\"},\"conditions\":{\"all\":[{\"name\":\"ageField\",\"operator\":\"lessThanEqual\",\"value\":\"2\"}]}}',196,48),(136,'{\"operators\":{},\"actions\":{\"name\":\"action-select\",\"value\":\"Red\"},\"conditions\":{\"all\":[{\"name\":\"ageField\",\"operator\":\"greaterThan\",\"value\":\"2\"}]}}',196,48),(137,'{\"operators\":{},\"actions\":{\"name\":\"action-select\",\"value\":\"Green\"},\"conditions\":{\"all\":[{\"name\":\"ageField\",\"operator\":\"lessThanEqual\",\"value\":\"0\"}]}}',196,49),(138,'{\"operators\":{},\"actions\":{\"name\":\"action-select\",\"value\":\"\"},\"conditions\":{\"all\":[]}}',196,49),(139,'{\"operators\":{},\"actions\":{\"name\":\"action-select\",\"value\":\"Yellow\"},\"conditions\":{\"all\":[{\"name\":\"ageField\",\"operator\":\"equalTo\",\"value\":\"1\"}]}}',196,49),(140,'{\"operators\":{},\"actions\":{\"name\":\"action-select\",\"value\":\"Red\"},\"conditions\":{\"all\":[{\"name\":\"ageField\",\"operator\":\"greaterThan\",\"value\":\"1\"}]}}',196,49);
/*!40000 ALTER TABLE `rules` ENABLE KEYS */;
UNLOCK TABLES;

--
-- Table structure for table `scorecard__lookup_data`
--

DROP TABLE IF EXISTS `scorecard__lookup_data`;
/*!40101 SET @saved_cs_client     = @@character_set_client */;
/*!40101 SET character_set_client = utf8 */;
CREATE TABLE `scorecard__lookup_data` (
  `id` int(11) NOT NULL AUTO_INCREMENT,
  `individualKpiAverageScore` varchar(255) COLLATE utf8_unicode_ci NOT NULL,
  `elementcolor` varchar(255) COLLATE utf8_unicode_ci NOT NULL,
  `kpiColor` varchar(255) COLLATE utf8_unicode_ci NOT NULL,
  `monthdetail` date NOT NULL,
  `shipDetailsId` varchar(255) COLLATE utf8_unicode_ci NOT NULL,
  `KpiDetailsId` int(11) DEFAULT NULL,
  `ElementDetailsId` int(11) DEFAULT NULL,
  PRIMARY KEY (`id`),
  KEY `IDX_2587F07BF10FA648` (`KpiDetailsId`),
  KEY `IDX_2587F07BABFC5A8E` (`ElementDetailsId`),
  CONSTRAINT `FK_2587F07BABFC5A8E` FOREIGN KEY (`ElementDetailsId`) REFERENCES `element_details` (`id`),
  CONSTRAINT `FK_2587F07BF10FA648` FOREIGN KEY (`KpiDetailsId`) REFERENCES `kpi_details` (`id`)
) ENGINE=InnoDB AUTO_INCREMENT=5166 DEFAULT CHARSET=utf8 COLLATE=utf8_unicode_ci;
/*!40101 SET character_set_client = @saved_cs_client */;

--
-- Dumping data for table `scorecard__lookup_data`
--

LOCK TABLES `scorecard__lookup_data` WRITE;
/*!40000 ALTER TABLE `scorecard__lookup_data` DISABLE KEYS */;
INSERT INTO `scorecard__lookup_data` VALUES (1576,'3','Green','Green','2016-01-31','1,2,3,4,5,6,7,8,9,10,11,12,13,14,15',121,18),(1577,'3','Green','Green','2016-01-31','1,2,3,4,5,6,7,8,9,10,11,12,13,14,15',121,19),(1578,'3','Green','Green','2016-01-31','1,2,3,4,5,6,7,8,9,10,11,12,13,14,15',121,20),(1579,'3','Green','Green','2016-01-31','1,2,3,4,5,6,7,8,9,10,11,12,13,14,15',121,21),(1580,'2','Yellow','Yellow','2016-01-31','1,2,3,4,5,6,7,8,9,10,11,12,13,14,15',31,5),(1581,'2.6','Green','Green','2016-01-31','1,2,3,4,5,6,7,8,9,10,11,12,13,14,15',136,22),(1582,'2.6','Green','Green','2016-01-31','1,2,3,4,5,6,7,8,9,10,11,12,13,14,15',136,23),(1583,'2.6','Green','Green','2016-01-31','1,2,3,4,5,6,7,8,9,10,11,12,13,14,15',136,24),(1584,'2.6','Red','Green','2016-01-31','1,2,3,4,5,6,7,8,9,10,11,12,13,14,15',136,25),(1585,'3','Green','Green','2016-01-31','1,2,3,4,5,6,7,8,9,10,11,12,13,14,15',151,26),(1586,'3','Green','Green','2016-01-31','1,2,3,4,5,6,7,8,9,10,11,12,13,14,15',151,27),(1587,'3','Green','Green','2016-01-31','1,2,3,4,5,6,7,8,9,10,11,12,13,14,15',151,28),(1588,'3','Green','Green','2016-01-31','1,2,3,4,5,6,7,8,9,10,11,12,13,14,15',151,29),(1589,'1.4','Red','Red','2016-01-31','1,2,3,4,5,6,7,8,9,10,11,12,13,14,15',106,15),(1590,'1.4','Red','Red','2016-01-31','1,2,3,4,5,6,7,8,9,10,11,12,13,14,15',106,16),(1591,'1.4','Yellow','Red','2016-01-31','1,2,3,4,5,6,7,8,9,10,11,12,13,14,15',106,17),(1592,'3','Green','Green','2016-01-31','1,2,3,4,5,6,7,8,9,10,11,12,13,14,15',166,30),(1593,'3','Green','Green','2016-01-31','1,2,3,4,5,6,7,8,9,10,11,12,13,14,15',166,31),(1594,'3','Green','Green','2016-01-31','1,2,3,4,5,6,7,8,9,10,11,12,13,14,15',166,32),(1595,'3','Green','Green','2016-01-31','1,2,3,4,5,6,7,8,9,10,11,12,13,14,15',166,33),(1596,'3','Green','Green','2016-01-31','1,2,3,4,5,6,7,8,9,10,11,12,13,14,15',166,34),(1597,'3','Green','Green','2016-01-31','1,2,3,4,5,6,7,8,9,10,11,12,13,14,15',166,35),(1598,'1.55','Yellow','Yellow','2016-01-31','1,2,3,4,5,6,7,8,9,10,11,12,13,14,15',61,8),(1599,'1.55','Red','Yellow','2016-01-31','1,2,3,4,5,6,7,8,9,10,11,12,13,14,15',61,9),(1600,'1.55','Green','Yellow','2016-01-31','1,2,3,4,5,6,7,8,9,10,11,12,13,14,15',61,10),(1601,'1.55','Red','Yellow','2016-01-31','1,2,3,4,5,6,7,8,9,10,11,12,13,14,15',61,11),(1602,'1','Red','Red','2016-01-31','1,2,3,4,5,6,7,8,9,10,11,12,13,14,15',76,12),(1603,'2','Red','Yellow','2016-01-31','1,2,3,4,5,6,7,8,9,10,11,12,13,14,15',46,6),(1604,'2','Green','Yellow','2016-01-31','1,2,3,4,5,6,7,8,9,10,11,12,13,14,15',46,7),(1605,'1.4','Red','Red','2016-01-31','1,2,3,4,5,6,7,8,9,10,11,12,13,14,15',91,13),(1606,'1.4','Green','Red','2016-01-31','1,2,3,4,5,6,7,8,9,10,11,12,13,14,15',91,14),(1607,'3','Green','Green','2016-01-31','1,2,3,4,5,6,7,8,9,10,11,12,13,14,15',1,1),(1608,'0','false','Red','2016-01-31','1,2,3,4,5,6,7,8,9,10,11,12,13,14,15',16,2),(1609,'0','false','Red','2016-01-31','1,2,3,4,5,6,7,8,9,10,11,12,13,14,15',16,3),(1610,'0','false','Red','2016-01-31','1,2,3,4,5,6,7,8,9,10,11,12,13,14,15',16,4),(2101,'1.35','Red','Red','2016-02-29','1,2,3,4,5,6,7,8,9,10,11,12,13,14,15',121,18),(2102,'1.35','Yellow','Red','2016-02-29','1,2,3,4,5,6,7,8,9,10,11,12,13,14,15',121,19),(2103,'1.35','Red','Red','2016-02-29','1,2,3,4,5,6,7,8,9,10,11,12,13,14,15',121,20),(2104,'1.35','Green','Red','2016-02-29','1,2,3,4,5,6,7,8,9,10,11,12,13,14,15',121,21),(2105,'0','false','Red','2016-02-29','1,2,3,4,5,6,7,8,9,10,11,12,13,14,15',31,5),(2106,'2.35','Green','Yellow','2016-02-29','1,2,3,4,5,6,7,8,9,10,11,12,13,14,15',136,22),(2107,'2.35','Green','Yellow','2016-02-29','1,2,3,4,5,6,7,8,9,10,11,12,13,14,15',136,23),(2108,'2.35','Yellow','Yellow','2016-02-29','1,2,3,4,5,6,7,8,9,10,11,12,13,14,15',136,24),(2109,'2.35','Red','Yellow','2016-02-29','1,2,3,4,5,6,7,8,9,10,11,12,13,14,15',136,25),(2110,'3','Green','Green','2016-02-29','1,2,3,4,5,6,7,8,9,10,11,12,13,14,15',151,26),(2111,'3','Green','Green','2016-02-29','1,2,3,4,5,6,7,8,9,10,11,12,13,14,15',151,27),(2112,'3','Green','Green','2016-02-29','1,2,3,4,5,6,7,8,9,10,11,12,13,14,15',151,28),(2113,'3','Green','Green','2016-02-29','1,2,3,4,5,6,7,8,9,10,11,12,13,14,15',151,29),(2114,'1.4','Red','Red','2016-02-29','1,2,3,4,5,6,7,8,9,10,11,12,13,14,15',106,15),(2115,'1.4','Red','Red','2016-02-29','1,2,3,4,5,6,7,8,9,10,11,12,13,14,15',106,16),(2116,'1.4','Yellow','Red','2016-02-29','1,2,3,4,5,6,7,8,9,10,11,12,13,14,15',106,17),(2117,'3','Green','Green','2016-02-29','1,2,3,4,5,6,7,8,9,10,11,12,13,14,15',166,30),(2118,'3','Green','Green','2016-02-29','1,2,3,4,5,6,7,8,9,10,11,12,13,14,15',166,31),(2119,'3','Green','Green','2016-02-29','1,2,3,4,5,6,7,8,9,10,11,12,13,14,15',166,32),(2120,'3','Green','Green','2016-02-29','1,2,3,4,5,6,7,8,9,10,11,12,13,14,15',166,33),(2121,'3','Green','Green','2016-02-29','1,2,3,4,5,6,7,8,9,10,11,12,13,14,15',166,34),(2122,'3','Green','Green','2016-02-29','1,2,3,4,5,6,7,8,9,10,11,12,13,14,15',166,35),(2123,'1.55','Yellow','Yellow','2016-02-29','1,2,3,4,5,6,7,8,9,10,11,12,13,14,15',61,8),(2124,'1.55','Red','Yellow','2016-02-29','1,2,3,4,5,6,7,8,9,10,11,12,13,14,15',61,9),(2125,'1.55','Green','Yellow','2016-02-29','1,2,3,4,5,6,7,8,9,10,11,12,13,14,15',61,10),(2126,'1.55','Red','Yellow','2016-02-29','1,2,3,4,5,6,7,8,9,10,11,12,13,14,15',61,11),(2127,'2','Yellow','Yellow','2016-02-29','1,2,3,4,5,6,7,8,9,10,11,12,13,14,15',76,12),(2128,'2','Red','Yellow','2016-02-29','1,2,3,4,5,6,7,8,9,10,11,12,13,14,15',46,6),(2129,'2','Green','Yellow','2016-02-29','1,2,3,4,5,6,7,8,9,10,11,12,13,14,15',46,7),(2130,'1.4','Red','Red','2016-02-29','1,2,3,4,5,6,7,8,9,10,11,12,13,14,15',91,13),(2131,'1.4','Green','Red','2016-02-29','1,2,3,4,5,6,7,8,9,10,11,12,13,14,15',91,14),(2132,'2','Yellow','Yellow','2016-02-29','1,2,3,4,5,6,7,8,9,10,11,12,13,14,15',1,1),(2133,'1.8','Green','Yellow','2016-02-29','1,2,3,4,5,6,7,8,9,10,11,12,13,14,15',16,2),(2134,'1.8','Green','Yellow','2016-02-29','1,2,3,4,5,6,7,8,9,10,11,12,13,14,15',16,3),(2135,'1.8','false','Yellow','2016-02-29','1,2,3,4,5,6,7,8,9,10,11,12,13,14,15',16,4),(2661,'1','Red','Red','2016-03-31','1,2,3,4,5,6,7,8,9,10,11,12,13,14,15',121,18),(2662,'1','Red','Red','2016-03-31','1,2,3,4,5,6,7,8,9,10,11,12,13,14,15',121,19),(2663,'1','Red','Red','2016-03-31','1,2,3,4,5,6,7,8,9,10,11,12,13,14,15',121,20),(2664,'1','Red','Red','2016-03-31','1,2,3,4,5,6,7,8,9,10,11,12,13,14,15',121,21),(2665,'3','Green','Green','2016-03-31','1,2,3,4,5,6,7,8,9,10,11,12,13,14,15',31,5),(2666,'2.55','Green','Green','2016-03-31','1,2,3,4,5,6,7,8,9,10,11,12,13,14,15',136,22),(2667,'2.55','Green','Green','2016-03-31','1,2,3,4,5,6,7,8,9,10,11,12,13,14,15',136,23),(2668,'2.55','Yellow','Green','2016-03-31','1,2,3,4,5,6,7,8,9,10,11,12,13,14,15',136,24),(2669,'2.55','Yellow','Green','2016-03-31','1,2,3,4,5,6,7,8,9,10,11,12,13,14,15',136,25),(2670,'3','Green','Green','2016-03-31','1,2,3,4,5,6,7,8,9,10,11,12,13,14,15',151,26),(2671,'3','Green','Green','2016-03-31','1,2,3,4,5,6,7,8,9,10,11,12,13,14,15',151,27),(2672,'3','Green','Green','2016-03-31','1,2,3,4,5,6,7,8,9,10,11,12,13,14,15',151,28),(2673,'3','Green','Green','2016-03-31','1,2,3,4,5,6,7,8,9,10,11,12,13,14,15',151,29),(2674,'1.4','Red','Red','2016-03-31','1,2,3,4,5,6,7,8,9,10,11,12,13,14,15',106,15),(2675,'1.4','Red','Red','2016-03-31','1,2,3,4,5,6,7,8,9,10,11,12,13,14,15',106,16),(2676,'1.4','Yellow','Red','2016-03-31','1,2,3,4,5,6,7,8,9,10,11,12,13,14,15',106,17),(2677,'2.4','Red','Yellow','2016-03-31','1,2,3,4,5,6,7,8,9,10,11,12,13,14,15',166,30),(2678,'2.4','Green','Yellow','2016-03-31','1,2,3,4,5,6,7,8,9,10,11,12,13,14,15',166,31),(2679,'2.4','Red','Yellow','2016-03-31','1,2,3,4,5,6,7,8,9,10,11,12,13,14,15',166,32),(2680,'2.4','Green','Yellow','2016-03-31','1,2,3,4,5,6,7,8,9,10,11,12,13,14,15',166,33),(2681,'2.4','Green','Yellow','2016-03-31','1,2,3,4,5,6,7,8,9,10,11,12,13,14,15',166,34),(2682,'2.4','Green','Yellow','2016-03-31','1,2,3,4,5,6,7,8,9,10,11,12,13,14,15',166,35),(2683,'1.55','Yellow','Yellow','2016-03-31','1,2,3,4,5,6,7,8,9,10,11,12,13,14,15',61,8),(2684,'1.55','Red','Yellow','2016-03-31','1,2,3,4,5,6,7,8,9,10,11,12,13,14,15',61,9),(2685,'1.55','Green','Yellow','2016-03-31','1,2,3,4,5,6,7,8,9,10,11,12,13,14,15',61,10),(2686,'1.55','Red','Yellow','2016-03-31','1,2,3,4,5,6,7,8,9,10,11,12,13,14,15',61,11),(2687,'1','Red','Red','2016-03-31','1,2,3,4,5,6,7,8,9,10,11,12,13,14,15',76,12),(2688,'3','Green','Green','2016-03-31','1,2,3,4,5,6,7,8,9,10,11,12,13,14,15',46,6),(2689,'3','Green','Green','2016-03-31','1,2,3,4,5,6,7,8,9,10,11,12,13,14,15',46,7),(2690,'1.4','Red','Red','2016-03-31','1,2,3,4,5,6,7,8,9,10,11,12,13,14,15',91,13),(2691,'1.4','Green','Red','2016-03-31','1,2,3,4,5,6,7,8,9,10,11,12,13,14,15',91,14),(2692,'3','Green','Green','2016-03-31','1,2,3,4,5,6,7,8,9,10,11,12,13,14,15',1,1),(2693,'3','Green','Green','2016-03-31','1,2,3,4,5,6,7,8,9,10,11,12,13,14,15',16,2),(2694,'3','Green','Green','2016-03-31','1,2,3,4,5,6,7,8,9,10,11,12,13,14,15',16,3),(2695,'3','Green','Green','2016-03-31','1,2,3,4,5,6,7,8,9,10,11,12,13,14,15',16,4),(3221,'1','Red','Red','2016-04-30','1,2,3,4,5,6,7,8,9,10,11,12,13,14,15',121,18),(3222,'1','Red','Red','2016-04-30','1,2,3,4,5,6,7,8,9,10,11,12,13,14,15',121,19),(3223,'1','Red','Red','2016-04-30','1,2,3,4,5,6,7,8,9,10,11,12,13,14,15',121,20),(3224,'1','Red','Red','2016-04-30','1,2,3,4,5,6,7,8,9,10,11,12,13,14,15',121,21),(3225,'3','Green','Green','2016-04-30','1,2,3,4,5,6,7,8,9,10,11,12,13,14,15',31,5),(3226,'2.35','Green','Yellow','2016-04-30','1,2,3,4,5,6,7,8,9,10,11,12,13,14,15',136,22),(3227,'2.35','Green','Yellow','2016-04-30','1,2,3,4,5,6,7,8,9,10,11,12,13,14,15',136,23),(3228,'2.35','Yellow','Yellow','2016-04-30','1,2,3,4,5,6,7,8,9,10,11,12,13,14,15',136,24),(3229,'2.35','Red','Yellow','2016-04-30','1,2,3,4,5,6,7,8,9,10,11,12,13,14,15',136,25),(3230,'3','Green','Green','2016-04-30','1,2,3,4,5,6,7,8,9,10,11,12,13,14,15',151,26),(3231,'3','Green','Green','2016-04-30','1,2,3,4,5,6,7,8,9,10,11,12,13,14,15',151,27),(3232,'3','Green','Green','2016-04-30','1,2,3,4,5,6,7,8,9,10,11,12,13,14,15',151,28),(3233,'3','Green','Green','2016-04-30','1,2,3,4,5,6,7,8,9,10,11,12,13,14,15',151,29),(3234,'1.4','Red','Red','2016-04-30','1,2,3,4,5,6,7,8,9,10,11,12,13,14,15',106,15),(3235,'1.4','Red','Red','2016-04-30','1,2,3,4,5,6,7,8,9,10,11,12,13,14,15',106,16),(3236,'1.4','Yellow','Red','2016-04-30','1,2,3,4,5,6,7,8,9,10,11,12,13,14,15',106,17),(3237,'3','Green','Green','2016-04-30','1,2,3,4,5,6,7,8,9,10,11,12,13,14,15',166,30),(3238,'3','Green','Green','2016-04-30','1,2,3,4,5,6,7,8,9,10,11,12,13,14,15',166,31),(3239,'3','Green','Green','2016-04-30','1,2,3,4,5,6,7,8,9,10,11,12,13,14,15',166,32),(3240,'3','Green','Green','2016-04-30','1,2,3,4,5,6,7,8,9,10,11,12,13,14,15',166,33),(3241,'3','Green','Green','2016-04-30','1,2,3,4,5,6,7,8,9,10,11,12,13,14,15',166,34),(3242,'3','Green','Green','2016-04-30','1,2,3,4,5,6,7,8,9,10,11,12,13,14,15',166,35),(3243,'1.8','Green','Yellow','2016-04-30','1,2,3,4,5,6,7,8,9,10,11,12,13,14,15',61,8),(3244,'1.8','Red','Yellow','2016-04-30','1,2,3,4,5,6,7,8,9,10,11,12,13,14,15',61,9),(3245,'1.8','Green','Yellow','2016-04-30','1,2,3,4,5,6,7,8,9,10,11,12,13,14,15',61,10),(3246,'1.8','Red','Yellow','2016-04-30','1,2,3,4,5,6,7,8,9,10,11,12,13,14,15',61,11),(3247,'1','Red','Red','2016-04-30','1,2,3,4,5,6,7,8,9,10,11,12,13,14,15',76,12),(3248,'2.5','Yellow','Green','2016-04-30','1,2,3,4,5,6,7,8,9,10,11,12,13,14,15',46,6),(3249,'2.5','Green','Green','2016-04-30','1,2,3,4,5,6,7,8,9,10,11,12,13,14,15',46,7),(3250,'1.4','Red','Red','2016-04-30','1,2,3,4,5,6,7,8,9,10,11,12,13,14,15',91,13),(3251,'1.4','Green','Red','2016-04-30','1,2,3,4,5,6,7,8,9,10,11,12,13,14,15',91,14),(3252,'3','Green','Green','2016-04-30','1,2,3,4,5,6,7,8,9,10,11,12,13,14,15',1,1),(3253,'3','Green','Green','2016-04-30','1,2,3,4,5,6,7,8,9,10,11,12,13,14,15',16,2),(3254,'3','Green','Green','2016-04-30','1,2,3,4,5,6,7,8,9,10,11,12,13,14,15',16,3),(3255,'3','Green','Green','2016-04-30','1,2,3,4,5,6,7,8,9,10,11,12,13,14,15',16,4),(3711,'1','Red','Red','2016-05-31','1,2,3,4,5,6,7,8,9,10,11,12,13,14,15',121,18),(3712,'1','Red','Red','2016-05-31','1,2,3,4,5,6,7,8,9,10,11,12,13,14,15',121,19),(3713,'1','Red','Red','2016-05-31','1,2,3,4,5,6,7,8,9,10,11,12,13,14,15',121,20),(3714,'1','Red','Red','2016-05-31','1,2,3,4,5,6,7,8,9,10,11,12,13,14,15',121,21),(3715,'3','Green','Green','2016-05-31','1,2,3,4,5,6,7,8,9,10,11,12,13,14,15',31,5),(3716,'2.6','Green','Green','2016-05-31','1,2,3,4,5,6,7,8,9,10,11,12,13,14,15',136,22),(3717,'2.6','Green','Green','2016-05-31','1,2,3,4,5,6,7,8,9,10,11,12,13,14,15',136,23),(3718,'2.6','Green','Green','2016-05-31','1,2,3,4,5,6,7,8,9,10,11,12,13,14,15',136,24),(3719,'2.6','Red','Green','2016-05-31','1,2,3,4,5,6,7,8,9,10,11,12,13,14,15',136,25),(3720,'3','Green','Green','2016-05-31','1,2,3,4,5,6,7,8,9,10,11,12,13,14,15',151,26),(3721,'3','Green','Green','2016-05-31','1,2,3,4,5,6,7,8,9,10,11,12,13,14,15',151,27),(3722,'3','Green','Green','2016-05-31','1,2,3,4,5,6,7,8,9,10,11,12,13,14,15',151,28),(3723,'3','Green','Green','2016-05-31','1,2,3,4,5,6,7,8,9,10,11,12,13,14,15',151,29),(3724,'1.4','Red','Red','2016-05-31','1,2,3,4,5,6,7,8,9,10,11,12,13,14,15',106,15),(3725,'1.4','Red','Red','2016-05-31','1,2,3,4,5,6,7,8,9,10,11,12,13,14,15',106,16),(3726,'1.4','Yellow','Red','2016-05-31','1,2,3,4,5,6,7,8,9,10,11,12,13,14,15',106,17),(3727,'3','Green','Green','2016-05-31','1,2,3,4,5,6,7,8,9,10,11,12,13,14,15',166,30),(3728,'3','Green','Green','2016-05-31','1,2,3,4,5,6,7,8,9,10,11,12,13,14,15',166,31),(3729,'3','Green','Green','2016-05-31','1,2,3,4,5,6,7,8,9,10,11,12,13,14,15',166,32),(3730,'3','Green','Green','2016-05-31','1,2,3,4,5,6,7,8,9,10,11,12,13,14,15',166,33),(3731,'3','Green','Green','2016-05-31','1,2,3,4,5,6,7,8,9,10,11,12,13,14,15',166,34),(3732,'3','Green','Green','2016-05-31','1,2,3,4,5,6,7,8,9,10,11,12,13,14,15',166,35),(3733,'1.8','Green','Yellow','2016-05-31','1,2,3,4,5,6,7,8,9,10,11,12,13,14,15',61,8),(3734,'1.8','Red','Yellow','2016-05-31','1,2,3,4,5,6,7,8,9,10,11,12,13,14,15',61,9),(3735,'1.8','Green','Yellow','2016-05-31','1,2,3,4,5,6,7,8,9,10,11,12,13,14,15',61,10),(3736,'1.8','Red','Yellow','2016-05-31','1,2,3,4,5,6,7,8,9,10,11,12,13,14,15',61,11),(3737,'1','Red','Red','2016-05-31','1,2,3,4,5,6,7,8,9,10,11,12,13,14,15',76,12),(3738,'3','Green','Green','2016-05-31','1,2,3,4,5,6,7,8,9,10,11,12,13,14,15',46,6),(3739,'3','Green','Green','2016-05-31','1,2,3,4,5,6,7,8,9,10,11,12,13,14,15',46,7),(3740,'1.4','Red','Red','2016-05-31','1,2,3,4,5,6,7,8,9,10,11,12,13,14,15',91,13),(3741,'1.4','Green','Red','2016-05-31','1,2,3,4,5,6,7,8,9,10,11,12,13,14,15',91,14),(3742,'3','Green','Green','2016-05-31','1,2,3,4,5,6,7,8,9,10,11,12,13,14,15',1,1),(3743,'3','Green','Green','2016-05-31','1,2,3,4,5,6,7,8,9,10,11,12,13,14,15',16,2),(3744,'3','Green','Green','2016-05-31','1,2,3,4,5,6,7,8,9,10,11,12,13,14,15',16,3),(3745,'3','Green','Green','2016-05-31','1,2,3,4,5,6,7,8,9,10,11,12,13,14,15',16,4),(4862,'1.3','Yellow','Red','2016-06-30','1,2,3,4,5,6,7,8,9,10,11,12,13,14,15',121,18),(4863,'1.3','Red','Red','2016-06-30','1,2,3,4,5,6,7,8,9,10,11,12,13,14,15',121,19),(4864,'1.3','Red','Red','2016-06-30','1,2,3,4,5,6,7,8,9,10,11,12,13,14,15',121,20),(4865,'1.3','Red','Red','2016-06-30','1,2,3,4,5,6,7,8,9,10,11,12,13,14,15',121,21),(4866,'3','Green','Green','2016-06-30','1,2,3,4,5,6,7,8,9,10,11,12,13,14,15',31,5),(4867,'2.4','Yellow','Yellow','2016-06-30','1,2,3,4,5,6,7,8,9,10,11,12,13,14,15',136,22),(4868,'2.4','Green','Yellow','2016-06-30','1,2,3,4,5,6,7,8,9,10,11,12,13,14,15',136,23),(4869,'2.4','Green','Yellow','2016-06-30','1,2,3,4,5,6,7,8,9,10,11,12,13,14,15',136,24),(4870,'2.4','Red','Yellow','2016-06-30','1,2,3,4,5,6,7,8,9,10,11,12,13,14,15',136,25),(4871,'3','Green','Green','2016-06-30','1,2,3,4,5,6,7,8,9,10,11,12,13,14,15',151,26),(4872,'3','Green','Green','2016-06-30','1,2,3,4,5,6,7,8,9,10,11,12,13,14,15',151,27),(4873,'3','Green','Green','2016-06-30','1,2,3,4,5,6,7,8,9,10,11,12,13,14,15',151,28),(4874,'3','Green','Green','2016-06-30','1,2,3,4,5,6,7,8,9,10,11,12,13,14,15',151,29),(4875,'1.4','Red','Red','2016-06-30','1,2,3,4,5,6,7,8,9,10,11,12,13,14,15',106,15),(4876,'1.4','Red','Red','2016-06-30','1,2,3,4,5,6,7,8,9,10,11,12,13,14,15',106,16),(4877,'1.4','Yellow','Red','2016-06-30','1,2,3,4,5,6,7,8,9,10,11,12,13,14,15',106,17),(4878,'2.7','Green','Green','2016-06-30','1,2,3,4,5,6,7,8,9,10,11,12,13,14,15',166,30),(4879,'2.7','Green','Green','2016-06-30','1,2,3,4,5,6,7,8,9,10,11,12,13,14,15',166,31),(4880,'2.7','Red','Green','2016-06-30','1,2,3,4,5,6,7,8,9,10,11,12,13,14,15',166,32),(4881,'2.7','Green','Green','2016-06-30','1,2,3,4,5,6,7,8,9,10,11,12,13,14,15',166,33),(4882,'2.7','Green','Green','2016-06-30','1,2,3,4,5,6,7,8,9,10,11,12,13,14,15',166,34),(4883,'2.7','Green','Green','2016-06-30','1,2,3,4,5,6,7,8,9,10,11,12,13,14,15',166,35),(4884,'1.8','Green','Yellow','2016-06-30','1,2,3,4,5,6,7,8,9,10,11,12,13,14,15',61,8),(4885,'1.8','Red','Yellow','2016-06-30','1,2,3,4,5,6,7,8,9,10,11,12,13,14,15',61,9),(4886,'1.8','Green','Yellow','2016-06-30','1,2,3,4,5,6,7,8,9,10,11,12,13,14,15',61,10),(4887,'1.8','Red','Yellow','2016-06-30','1,2,3,4,5,6,7,8,9,10,11,12,13,14,15',61,11),(4888,'1','Red','Red','2016-06-30','1,2,3,4,5,6,7,8,9,10,11,12,13,14,15',76,12),(4889,'2','Red','Yellow','2016-06-30','1,2,3,4,5,6,7,8,9,10,11,12,13,14,15',46,6),(4890,'2','Green','Yellow','2016-06-30','1,2,3,4,5,6,7,8,9,10,11,12,13,14,15',46,7),(4891,'0.6','false','Red','2016-06-30','1,2,3,4,5,6,7,8,9,10,11,12,13,14,15',91,13),(4892,'0.6','Green','Red','2016-06-30','1,2,3,4,5,6,7,8,9,10,11,12,13,14,15',91,14),(4893,'2','Yellow','Yellow','2016-06-30','1,2,3,4,5,6,7,8,9,10,11,12,13,14,15',1,1),(4894,'0.6','','Red','2016-06-30','1,2,3,4,5,6,7,8,9,10,11,12,13,14,15',16,2),(4895,'0.6','Green','Red','2016-06-30','1,2,3,4,5,6,7,8,9,10,11,12,13,14,15',16,3),(4896,'0.6','','Red','2016-06-30','1,2,3,4,5,6,7,8,9,10,11,12,13,14,15',16,4),(4897,'0.6','','Red','2016-06-30','1,2,3,4,5,6,7,8,9,10,11,12,13,14,15',16,36),(4898,'0.6','','Red','2016-06-30','1,2,3,4,5,6,7,8,9,10,11,12,13,14,15',16,37),(4899,'0.6','','Red','2016-06-30','1,2,3,4,5,6,7,8,9,10,11,12,13,14,15',16,38),(5128,'2','Green','Yellow','2016-07-31','1,2,3,4,5,6,7,8,9,10,11,12,13,14,15',121,18),(5129,'2','Red','Yellow','2016-07-31','1,2,3,4,5,6,7,8,9,10,11,12,13,14,15',121,19),(5130,'2','Yellow','Yellow','2016-07-31','1,2,3,4,5,6,7,8,9,10,11,12,13,14,15',121,20),(5131,'2','Red','Yellow','2016-07-31','1,2,3,4,5,6,7,8,9,10,11,12,13,14,15',121,21),(5132,'3','Green','Green','2016-07-31','1,2,3,4,5,6,7,8,9,10,11,12,13,14,15',31,5),(5133,'2.35','Green','Yellow','2016-07-31','1,2,3,4,5,6,7,8,9,10,11,12,13,14,15',136,22),(5134,'2.35','Green','Yellow','2016-07-31','1,2,3,4,5,6,7,8,9,10,11,12,13,14,15',136,23),(5135,'2.35','Yellow','Yellow','2016-07-31','1,2,3,4,5,6,7,8,9,10,11,12,13,14,15',136,24),(5136,'2.35','Red','Yellow','2016-07-31','1,2,3,4,5,6,7,8,9,10,11,12,13,14,15',136,25),(5137,'3','Green','Green','2016-07-31','1,2,3,4,5,6,7,8,9,10,11,12,13,14,15',151,26),(5138,'3','Green','Green','2016-07-31','1,2,3,4,5,6,7,8,9,10,11,12,13,14,15',151,27),(5139,'3','Green','Green','2016-07-31','1,2,3,4,5,6,7,8,9,10,11,12,13,14,15',151,28),(5140,'3','Green','Green','2016-07-31','1,2,3,4,5,6,7,8,9,10,11,12,13,14,15',151,29),(5141,'1.4','Red','Red','2016-07-31','1,2,3,4,5,6,7,8,9,10,11,12,13,14,15',106,15),(5142,'1.4','Red','Red','2016-07-31','1,2,3,4,5,6,7,8,9,10,11,12,13,14,15',106,16),(5143,'1.4','Yellow','Red','2016-07-31','1,2,3,4,5,6,7,8,9,10,11,12,13,14,15',106,17),(5144,'2.5','Green','Green','2016-07-31','1,2,3,4,5,6,7,8,9,10,11,12,13,14,15',166,30),(5145,'2.5','Green','Green','2016-07-31','1,2,3,4,5,6,7,8,9,10,11,12,13,14,15',166,31),(5146,'2.5','Red','Green','2016-07-31','1,2,3,4,5,6,7,8,9,10,11,12,13,14,15',166,32),(5147,'2.5','Green','Green','2016-07-31','1,2,3,4,5,6,7,8,9,10,11,12,13,14,15',166,33),(5148,'2.5','Yellow','Green','2016-07-31','1,2,3,4,5,6,7,8,9,10,11,12,13,14,15',166,34),(5149,'2.5','Green','Green','2016-07-31','1,2,3,4,5,6,7,8,9,10,11,12,13,14,15',166,35),(5150,'1.65','Green','Yellow','2016-07-31','1,2,3,4,5,6,7,8,9,10,11,12,13,14,15',61,8),(5151,'1.65','Red','Yellow','2016-07-31','1,2,3,4,5,6,7,8,9,10,11,12,13,14,15',61,9),(5152,'1.65','Yellow','Yellow','2016-07-31','1,2,3,4,5,6,7,8,9,10,11,12,13,14,15',61,10),(5153,'1.65','Red','Yellow','2016-07-31','1,2,3,4,5,6,7,8,9,10,11,12,13,14,15',61,11),(5154,'1','Red','Red','2016-07-31','1,2,3,4,5,6,7,8,9,10,11,12,13,14,15',76,12),(5155,'2','Red','Yellow','2016-07-31','1,2,3,4,5,6,7,8,9,10,11,12,13,14,15',46,6),(5156,'2','Green','Yellow','2016-07-31','1,2,3,4,5,6,7,8,9,10,11,12,13,14,15',46,7),(5157,'3','Green','Green','2016-07-31','1,2,3,4,5,6,7,8,9,10,11,12,13,14,15',91,13),(5158,'3','Green','Green','2016-07-31','1,2,3,4,5,6,7,8,9,10,11,12,13,14,15',91,14),(5159,'3','Green','Green','2016-07-31','1,2,3,4,5,6,7,8,9,10,11,12,13,14,15',1,1),(5160,'0.6','','Red','2016-07-31','1,2,3,4,5,6,7,8,9,10,11,12,13,14,15',16,2),(5161,'0.6','Green','Red','2016-07-31','1,2,3,4,5,6,7,8,9,10,11,12,13,14,15',16,3),(5162,'0.6','','Red','2016-07-31','1,2,3,4,5,6,7,8,9,10,11,12,13,14,15',16,4),(5163,'0.6','','Red','2016-07-31','1,2,3,4,5,6,7,8,9,10,11,12,13,14,15',16,36),(5164,'0.6','','Red','2016-07-31','1,2,3,4,5,6,7,8,9,10,11,12,13,14,15',16,37),(5165,'0.6','','Red','2016-07-31','1,2,3,4,5,6,7,8,9,10,11,12,13,14,15',16,38);
/*!40000 ALTER TABLE `scorecard__lookup_data` ENABLE KEYS */;
UNLOCK TABLES;

--
-- Table structure for table `scorecard__lookup_status`
--

DROP TABLE IF EXISTS `scorecard__lookup_status`;
/*!40101 SET @saved_cs_client     = @@character_set_client */;
/*!40101 SET character_set_client = utf8 */;
CREATE TABLE `scorecard__lookup_status` (
  `id` int(11) NOT NULL AUTO_INCREMENT,
  `shipid` varchar(255) COLLATE utf8_unicode_ci NOT NULL,
  `status` int(11) NOT NULL,
  `dataofmonth` date NOT NULL,
  `datetime` datetime NOT NULL,
  `userid` varchar(255) COLLATE utf8_unicode_ci NOT NULL,
  `rejections` varchar(255) COLLATE utf8_unicode_ci DEFAULT NULL,
  PRIMARY KEY (`id`)
) ENGINE=InnoDB AUTO_INCREMENT=22 DEFAULT CHARSET=utf8 COLLATE=utf8_unicode_ci;
/*!40101 SET character_set_client = @saved_cs_client */;

--
-- Dumping data for table `scorecard__lookup_status`
--

LOCK TABLES `scorecard__lookup_status` WRITE;
/*!40000 ALTER TABLE `scorecard__lookup_status` DISABLE KEYS */;
INSERT INTO `scorecard__lookup_status` VALUES (1,'1,2,3,4,5,6,7,8,9,10,11,12,13,14,15',4,'2016-01-31','2016-06-22 16:44:20','10',NULL),(2,'1,2,3,4,5,6,7,8,9,10,11,12,13,14,15',4,'2016-02-29','2016-06-22 16:52:55','10',NULL),(3,'1,2,3,4,5,6,7,8,9,10,11,12,13,14,15',4,'2016-03-31','2016-06-24 20:40:38','10',NULL),(4,'1,2,3,4,5,6,7,8,9,10,11,12,13,14,15',4,'2016-04-30','2016-06-25 10:10:53','10',NULL),(5,'1,2,3,4,5,6,7,8,9,10,11,12,13,14,15',4,'2016-05-31','2016-06-25 10:15:07','10',NULL),(6,'1',1,'2016-06-30','2016-12-21 19:11:06','10',NULL),(11,'1,2,3,4,5,6,7,8,9,10,11,12,13,14,15',4,'2016-07-31','2016-09-01 12:21:37','10',NULL),(17,'1,2,3,4,5,6,7,8,9,10,11,12,13,14,15,16,17',1,'2016-08-31','2016-12-22 16:36:52','10','{\"1\":[\"1\",\"31\",\"61\",\"196\"]}'),(18,'1,2,3,4,5,6,7,8,9,10,11,12,13,14,15,16,17',1,'2016-09-30','2016-12-22 16:35:40','10','{\"1\":[\"1\",\"31\",\"61\",\"121\",\"196\"]}'),(19,'1,2,3,4,5,6,7,8,9,10,11,12,13,14,15,16,17',5,'2016-10-31','2016-11-14 10:30:21','10',NULL),(20,'1,2,3,4,5,6,7,8,9,10,11,12,13,14,15,16,17',1,'2016-11-30','2016-12-22 17:24:19','10',NULL),(21,'1,2,3,4,8,9,11,12,13,16,17',1,'2016-12-31','2016-12-21 19:07:52','10',NULL);
/*!40000 ALTER TABLE `scorecard__lookup_status` ENABLE KEYS */;
UNLOCK TABLES;

--
-- Table structure for table `scorecard_data_import`
--

DROP TABLE IF EXISTS `scorecard_data_import`;
/*!40101 SET @saved_cs_client     = @@character_set_client */;
/*!40101 SET character_set_client = utf8 */;
CREATE TABLE `scorecard_data_import` (
  `id` int(11) NOT NULL AUTO_INCREMENT,
  `fileName` varchar(255) COLLATE utf8_unicode_ci NOT NULL,
  `monthDetail` date NOT NULL,
  `dateTime` datetime NOT NULL,
  `userId` int(11) DEFAULT NULL,
  `folderId` int(11) DEFAULT NULL,
  `kpiDetailsId` int(11) DEFAULT NULL,
  `elementDetailsId` int(11) DEFAULT NULL,
  `vesselId` varchar(255) COLLATE utf8_unicode_ci DEFAULT NULL,
  PRIMARY KEY (`id`),
  KEY `IDX_741230A64B64DCC` (`userId`),
  KEY `IDX_741230A2D35BEF7` (`folderId`),
  CONSTRAINT `FK_741230A2D35BEF7` FOREIGN KEY (`folderId`) REFERENCES `scorecard_folder` (`id`),
  CONSTRAINT `FK_741230A64B64DCC` FOREIGN KEY (`userId`) REFERENCES `fos_user` (`id`)
) ENGINE=InnoDB AUTO_INCREMENT=4 DEFAULT CHARSET=utf8 COLLATE=utf8_unicode_ci;
/*!40101 SET character_set_client = @saved_cs_client */;

--
-- Dumping data for table `scorecard_data_import`
--

LOCK TABLES `scorecard_data_import` WRITE;
/*!40000 ALTER TABLE `scorecard_data_import` DISABLE KEYS */;
INSERT INTO `scorecard_data_import` VALUES (1,'Bud vs Act Report - July \'16 (15vsl)(2016-09-08 10-53-46).xlsx','2016-08-31','2016-09-08 10:53:46',10,1,NULL,NULL,NULL),(2,'Monthly performance sheet Nov (2016-09-08 13-32-20).xls','2016-09-30','2016-09-08 13:32:20',10,2,NULL,NULL,NULL),(3,'KPI SHEET Sept 2015(2016-09-08 13-41-46).xlsx','2016-09-30','2016-09-08 13:41:46',10,2,NULL,NULL,NULL);
/*!40000 ALTER TABLE `scorecard_data_import` ENABLE KEYS */;
UNLOCK TABLES;

--
-- Table structure for table `scorecard_folder`
--

DROP TABLE IF EXISTS `scorecard_folder`;
/*!40101 SET @saved_cs_client     = @@character_set_client */;
/*!40101 SET character_set_client = utf8 */;
CREATE TABLE `scorecard_folder` (
  `id` int(11) NOT NULL AUTO_INCREMENT,
  `folderName` varchar(255) COLLATE utf8_unicode_ci NOT NULL,
  PRIMARY KEY (`id`)
) ENGINE=InnoDB AUTO_INCREMENT=3 DEFAULT CHARSET=utf8 COLLATE=utf8_unicode_ci;
/*!40101 SET character_set_client = @saved_cs_client */;

--
-- Dumping data for table `scorecard_folder`
--

LOCK TABLES `scorecard_folder` WRITE;
/*!40000 ALTER TABLE `scorecard_folder` DISABLE KEYS */;
INSERT INTO `scorecard_folder` VALUES (1,'August-2016'),(2,'September-2016');
/*!40000 ALTER TABLE `scorecard_folder` ENABLE KEYS */;
UNLOCK TABLES;

--
-- Table structure for table `send_command`
--

DROP TABLE IF EXISTS `send_command`;
/*!40101 SET @saved_cs_client     = @@character_set_client */;
/*!40101 SET character_set_client = utf8 */;
CREATE TABLE `send_command` (
  `id` int(11) NOT NULL AUTO_INCREMENT,
  `comment` varchar(35) COLLATE utf8_unicode_ci NOT NULL,
  `filename` varchar(35) COLLATE utf8_unicode_ci DEFAULT NULL,
  `clientemail` varchar(35) COLLATE utf8_unicode_ci DEFAULT NULL,
  `useremialid` varchar(35) COLLATE utf8_unicode_ci DEFAULT NULL,
  `datetime` datetime DEFAULT NULL,
  `kpiid` int(11) DEFAULT NULL,
  `shipid` int(11) DEFAULT NULL,
  PRIMARY KEY (`id`)
) ENGINE=InnoDB AUTO_INCREMENT=10 DEFAULT CHARSET=utf8 COLLATE=utf8_unicode_ci;
/*!40101 SET character_set_client = @saved_cs_client */;

--
-- Dumping data for table `send_command`
--

LOCK TABLES `send_command` WRITE;
/*!40000 ALTER TABLE `send_command` DISABLE KEYS */;
INSERT INTO `send_command` VALUES (1,'scorecard one','chart_2016-08-23 10-58-43.pdf','admin@pioneer.com',NULL,'2016-08-23 10:58:26',136,NULL),(2,' scorecard comment 1',NULL,NULL,'hariprakashsambath@gmail.com','2016-08-23 12:46:06',136,NULL),(3,' scorecard comment2',NULL,NULL,'hariprakashsambath@gmail.com','2016-08-23 12:46:25',136,NULL),(4,' scorecard comment 3',NULL,NULL,'hariprakashsambath@gmail.com','2016-08-23 12:46:46',136,NULL),(5,' scorecard comment 4',NULL,NULL,'hariprakashsambath@gmail.com','2016-08-23 12:47:17',136,NULL),(6,' comment report','chart_2016-08-23 13-00-59.pdf','admin@pioneer.com','hariprakashsambath@gmail.com','2016-08-23 13:00:41',106,NULL),(7,' cooment 1',NULL,NULL,'hariprakashsambath@gmail.com','2016-08-23 13:02:00',166,NULL),(8,' comment 2','chart_2016-08-23 13-28-50.pdf','admin@pioneer.com','hariprakashsambath@gmail.com','2016-08-23 13:02:12',166,NULL),(9,' scorecard kpi','chart_2016-08-23 14-11-45.pdf','admin@pioneer.com','hariprakashsambath@gmail.com','2016-08-23 14:11:15',106,NULL);
/*!40000 ALTER TABLE `send_command` ENABLE KEYS */;
UNLOCK TABLES;

--
-- Table structure for table `send_command_ranking`
--

DROP TABLE IF EXISTS `send_command_ranking`;
/*!40101 SET @saved_cs_client     = @@character_set_client */;
/*!40101 SET character_set_client = utf8 */;
CREATE TABLE `send_command_ranking` (
  `id` int(11) NOT NULL AUTO_INCREMENT,
  `comment` varchar(35) COLLATE utf8_unicode_ci NOT NULL,
  `filename` varchar(35) COLLATE utf8_unicode_ci DEFAULT NULL,
  `clientemail` varchar(35) COLLATE utf8_unicode_ci DEFAULT NULL,
  `useremialid` varchar(35) COLLATE utf8_unicode_ci DEFAULT NULL,
  `datetime` datetime DEFAULT NULL,
  `kpiid` int(11) DEFAULT NULL,
  `shipid` int(11) DEFAULT NULL,
  PRIMARY KEY (`id`)
) ENGINE=InnoDB AUTO_INCREMENT=10 DEFAULT CHARSET=utf8 COLLATE=utf8_unicode_ci;
/*!40101 SET character_set_client = @saved_cs_client */;

--
-- Dumping data for table `send_command_ranking`
--

LOCK TABLES `send_command_ranking` WRITE;
/*!40000 ALTER TABLE `send_command_ranking` DISABLE KEYS */;
INSERT INTO `send_command_ranking` VALUES (1,'Text Comment One','chart_2016-08-23 10-40-22.pdf','admin@pioneer.com',NULL,'2016-08-23 10:39:59',NULL,3),(2,'Text Comment Two',NULL,'hariprakashsambath@gmail.com',NULL,'2016-08-23 10:43:02',NULL,3),(3,' Text Comment one',NULL,'hariprakashsambath@gmail.com',NULL,'2016-08-23 10:43:17',NULL,3),(4,' Text Comment Three','chart_2016-08-23 10-44-02.pdf','admin@pioneer.com',NULL,'2016-08-23 10:43:34',NULL,3),(5,'Ranking comment1',NULL,NULL,'hariprakashsambath@gmail.com','2016-08-23 12:51:33',NULL,1),(6,' Ranking comment 2',NULL,NULL,'hariprakashsambath@gmail.com','2016-08-23 12:51:50',NULL,1),(7,' ranking comment 3','chart_2016-08-23 12-52-29.pdf','admin@pioneer.com','hariprakashsambath@gmail.com','2016-08-23 12:52:02',NULL,1),(8,'sample','chart_2016-08-23 13-37-43.pdf','admin@pioneer.com','hariprakashsambath@gmail.com','2016-08-23 13:24:30',NULL,2),(9,' Ranking kpi','chart_2016-08-23 13-42-34.pdf','admin@pioneer.com','hariprakashsambath@gmail.com','2016-08-23 13:42:12',2,NULL);
/*!40000 ALTER TABLE `send_command_ranking` ENABLE KEYS */;
UNLOCK TABLES;

--
-- Table structure for table `ship_details`
--

DROP TABLE IF EXISTS `ship_details`;
/*!40101 SET @saved_cs_client     = @@character_set_client */;
/*!40101 SET character_set_client = utf8 */;
CREATE TABLE `ship_details` (
  `id` int(11) NOT NULL AUTO_INCREMENT,
  `country` int(11) DEFAULT NULL,
  `ShipName` varchar(100) COLLATE utf8_unicode_ci NOT NULL,
  `imoNumber` varchar(125) COLLATE utf8_unicode_ci NOT NULL,
  `description` varchar(125) COLLATE utf8_unicode_ci DEFAULT NULL,
  `location` varchar(125) COLLATE utf8_unicode_ci NOT NULL,
  `manufacturingYear` varchar(125) COLLATE utf8_unicode_ci NOT NULL,
  `built` varchar(125) COLLATE utf8_unicode_ci NOT NULL,
  `size` varchar(125) COLLATE utf8_unicode_ci NOT NULL,
  `gt` varchar(125) COLLATE utf8_unicode_ci NOT NULL,
  `shipType` int(11) DEFAULT NULL,
  `companyDetailsId` int(11) DEFAULT NULL,
  PRIMARY KEY (`id`),
  UNIQUE KEY `UNIQ_7C0B3BE7FAE99B7` (`ShipName`),
  KEY `IDX_7C0B3BE72425D2CE` (`shipType`),
  KEY `IDX_7C0B3BE75373C966` (`country`),
  KEY `IDX_7C0B3BE7C8A54A33` (`companyDetailsId`),
  CONSTRAINT `FK_7C0B3BE72425D2CE` FOREIGN KEY (`shipType`) REFERENCES `ship_types` (`id`),
  CONSTRAINT `FK_7C0B3BE75373C966` FOREIGN KEY (`country`) REFERENCES `apps_countries` (`id`),
  CONSTRAINT `FK_7C0B3BE7C8A54A33` FOREIGN KEY (`companyDetailsId`) REFERENCES `company_details` (`id`)
) ENGINE=InnoDB AUTO_INCREMENT=18 DEFAULT CHARSET=utf8 COLLATE=utf8_unicode_ci;
/*!40101 SET character_set_client = @saved_cs_client */;

--
-- Dumping data for table `ship_details`
--

LOCK TABLES `ship_details` WRITE;
/*!40000 ALTER TABLE `ship_details` DISABLE KEYS */;
INSERT INTO `ship_details` VALUES (1,100,'Azure Bay','9302918','Bulk Lumber Carrier','World Wide ','2005 March','Saiki Heavy Idustries','172m','19799',1,1),(2,100,'Calm Bay','9317705','General Cargo','World Wide ','2006 May','Saiki Heavy Idustries','177.85m','22698',1,1),(3,100,'Emerald Bay','9385075','General Cargo','World Wide web','2008 July','Kanda Ship Building','177.13m','20242',1,1),(4,100,'Eden Bay','9445203','Bulk Lumber Carrier','World Wide ','2008 April','Shimanami Shipyard','169.37m','17018',1,1),(5,100,'Fortune Bay','9296327','Bulk Lumber Carrier','World Wide ','2006 February','Shin Kochijyuko','176.63m','17660',1,1),(6,100,'Halong Bay','9343625','General Cargo','World Wide ','2006 March','Kanda Ship Building','177.13m','20236',1,1),(7,100,'Mykonos Bay','9517549','Bulk Lumber Carrier','World Wide ','2009 January','Jinse Ship Building ','180.34m','21497',1,1),(8,100,'Orion Bay','9414474','Bulk Lumber Carrier','World Wide ','2012 September','Tsuji Ship Building','178.7m','19999',1,1),(9,100,'Paradise Bay','9263241','Bulk Carrier','World Wide ','2003 August','Oshima Ship Building','183m','25557',1,1),(10,100,'Reunion Bay','93338137','General Cargo','World Wide ','2006 September','Kanda Ship Building','177.13m','20236',1,1),(11,100,'Teal Bay','9343637','General Cargo','World Wide ','2007 November','Kanda Ship Building','177.13m','20236',1,1),(12,100,'Jupiter Bay','9414448','Bulk Lumber Carrier','World Wide Web','2012 June','Tsuji Ship Building','178.7m','19999',1,1),(13,100,'Venus Bay','9414450','Bulk Lumber Carrier','World Wide ','2012 July','Tsuji Ship Building','178.7m','19999',1,1),(14,100,'Falcon Bay','9741724','Bulk Carrier','World Wide ','2015 August','Guoyu Ship Building','179.95m','25598',1,1),(15,100,'Kite Bay','9741736','Bulk Carrier','World Wide ','2016 January','Guoyu Ship Building','179.95m','25598',1,1),(16,100,'Resolute Bay','9626314','Bulk Carrier','World Wide','2012 April','Hyundai Vinashin Shipyard Co Ltd','186.4 m','22664',1,1),(17,100,'Tenacity Bay','9408281','Bulk Carrier','World Wide','2008 November','Jiangsu Hantong Ship Heavy Industry Co., Ltd','189.99','32957',1,1);
/*!40000 ALTER TABLE `ship_details` ENABLE KEYS */;
UNLOCK TABLES;

--
-- Table structure for table `ship_status_details`
--

DROP TABLE IF EXISTS `ship_status_details`;
/*!40101 SET @saved_cs_client     = @@character_set_client */;
/*!40101 SET character_set_client = utf8 */;
CREATE TABLE `ship_status_details` (
  `id` int(11) NOT NULL AUTO_INCREMENT,
  `ActiveDate` datetime DEFAULT NULL,
  `EndDate` datetime DEFAULT NULL,
  `status` varchar(125) COLLATE utf8_unicode_ci NOT NULL,
  `ShipDetailsId` int(11) DEFAULT NULL,
  PRIMARY KEY (`id`),
  KEY `IDX_4D63CA015041247E` (`ShipDetailsId`),
  CONSTRAINT `FK_4D63CA015041247E` FOREIGN KEY (`ShipDetailsId`) REFERENCES `ship_details` (`id`)
) ENGINE=InnoDB AUTO_INCREMENT=24 DEFAULT CHARSET=utf8 COLLATE=utf8_unicode_ci;
/*!40101 SET character_set_client = @saved_cs_client */;

--
-- Dumping data for table `ship_status_details`
--

LOCK TABLES `ship_status_details` WRITE;
/*!40000 ALTER TABLE `ship_status_details` DISABLE KEYS */;
INSERT INTO `ship_status_details` VALUES (1,'2016-06-21 15:50:49',NULL,'1',1),(2,NULL,'2016-06-21 15:51:07','0',1),(3,'2016-06-21 15:51:11',NULL,'1',1),(4,'2016-06-21 15:52:23',NULL,'1',2),(5,'2016-06-21 15:54:39',NULL,'1',3),(6,'2016-06-21 15:56:03',NULL,'1',4),(7,'2016-06-21 15:57:13',NULL,'1',5),(8,'2016-06-21 15:59:07',NULL,'1',6),(9,'2016-06-21 16:01:44',NULL,'1',7),(10,'2016-06-21 16:02:56',NULL,'1',8),(11,'2016-06-21 16:03:55',NULL,'1',9),(12,'2016-06-21 16:05:10',NULL,'1',10),(13,'2016-06-21 16:06:03',NULL,'1',11),(14,'2016-06-21 16:06:59',NULL,'1',12),(15,'2016-06-21 16:07:51',NULL,'1',13),(16,'2016-06-21 16:08:51',NULL,'1',14),(17,'2016-06-21 16:09:48',NULL,'1',15),(18,NULL,'2016-11-08 04:56:16','0',1),(19,'2016-11-08 04:56:24',NULL,'1',1),(20,'2016-11-09 12:54:47',NULL,'1',16),(21,'2016-11-09 13:05:28',NULL,'1',17),(22,NULL,'2016-11-10 05:58:35','0',16),(23,'2016-11-10 05:58:38',NULL,'1',16);
/*!40000 ALTER TABLE `ship_status_details` ENABLE KEYS */;
UNLOCK TABLES;

--
-- Table structure for table `ship_types`
--

DROP TABLE IF EXISTS `ship_types`;
/*!40101 SET @saved_cs_client     = @@character_set_client */;
/*!40101 SET character_set_client = utf8 */;
CREATE TABLE `ship_types` (
  `id` int(11) NOT NULL AUTO_INCREMENT,
  `ShipType` varchar(255) COLLATE utf8_unicode_ci NOT NULL,
  PRIMARY KEY (`id`)
) ENGINE=InnoDB AUTO_INCREMENT=7 DEFAULT CHARSET=utf8 COLLATE=utf8_unicode_ci;
/*!40101 SET character_set_client = @saved_cs_client */;

--
-- Dumping data for table `ship_types`
--

LOCK TABLES `ship_types` WRITE;
/*!40000 ALTER TABLE `ship_types` DISABLE KEYS */;
INSERT INTO `ship_types` VALUES (1,'Cargo Ships'),(2,'Fishing Ships'),(3,'Passenger/Cruise ships'),(4,'Tankers'),(5,'High speed crafts'),(6,'Military ships');
/*!40000 ALTER TABLE `ship_types` ENABLE KEYS */;
UNLOCK TABLES;

--
-- Table structure for table `sub_element_details`
--

DROP TABLE IF EXISTS `sub_element_details`;
/*!40101 SET @saved_cs_client     = @@character_set_client */;
/*!40101 SET character_set_client = utf8 */;
CREATE TABLE `sub_element_details` (
  `id` int(11) NOT NULL AUTO_INCREMENT,
  `SubElementName` varchar(120) COLLATE utf8_unicode_ci NOT NULL,
  `Description` varchar(120) COLLATE utf8_unicode_ci NOT NULL,
  `CellName` varchar(30) COLLATE utf8_unicode_ci NOT NULL,
  `CellDetails` varchar(120) COLLATE utf8_unicode_ci NOT NULL,
  `ActivatedDate` date NOT NULL,
  `EndDate` date NOT NULL,
  `Weightage` varchar(50) COLLATE utf8_unicode_ci NOT NULL,
  `ElementDetailsId` int(11) DEFAULT NULL,
  PRIMARY KEY (`id`),
  KEY `IDX_9F763BF1ABFC5A8E` (`ElementDetailsId`),
  CONSTRAINT `FK_9F763BF1ABFC5A8E` FOREIGN KEY (`ElementDetailsId`) REFERENCES `element_details` (`id`)
) ENGINE=InnoDB DEFAULT CHARSET=utf8 COLLATE=utf8_unicode_ci;
/*!40101 SET character_set_client = @saved_cs_client */;

--
-- Dumping data for table `sub_element_details`
--

LOCK TABLES `sub_element_details` WRITE;
/*!40000 ALTER TABLE `sub_element_details` DISABLE KEYS */;
/*!40000 ALTER TABLE `sub_element_details` ENABLE KEYS */;
UNLOCK TABLES;

--
-- Table structure for table `user_role`
--

DROP TABLE IF EXISTS `user_role`;
/*!40101 SET @saved_cs_client     = @@character_set_client */;
/*!40101 SET character_set_client = utf8 */;
CREATE TABLE `user_role` (
  `id` int(11) NOT NULL AUTO_INCREMENT,
  `RoleName` varchar(75) COLLATE utf8_unicode_ci NOT NULL,
  PRIMARY KEY (`id`),
  UNIQUE KEY `UNIQ_2DE8C6A3FE6E2EE6` (`RoleName`)
) ENGINE=InnoDB DEFAULT CHARSET=utf8 COLLATE=utf8_unicode_ci;
/*!40101 SET character_set_client = @saved_cs_client */;

--
-- Dumping data for table `user_role`
--

LOCK TABLES `user_role` WRITE;
/*!40000 ALTER TABLE `user_role` DISABLE KEYS */;
/*!40000 ALTER TABLE `user_role` ENABLE KEYS */;
UNLOCK TABLES;
/*!40103 SET TIME_ZONE=@OLD_TIME_ZONE */;

/*!40101 SET SQL_MODE=@OLD_SQL_MODE */;
/*!40014 SET FOREIGN_KEY_CHECKS=@OLD_FOREIGN_KEY_CHECKS */;
/*!40014 SET UNIQUE_CHECKS=@OLD_UNIQUE_CHECKS */;
/*!40101 SET CHARACTER_SET_CLIENT=@OLD_CHARACTER_SET_CLIENT */;
/*!40101 SET CHARACTER_SET_RESULTS=@OLD_CHARACTER_SET_RESULTS */;
/*!40101 SET COLLATION_CONNECTION=@OLD_COLLATION_CONNECTION */;
/*!40111 SET SQL_NOTES=@OLD_SQL_NOTES */;

-- Dump completed on 2016-12-22 10:08:27
