-- MySQL dump 10.13  Distrib 5.5.49, for debian-linux-gnu (x86_64)
--
-- Host: localhost    Database: new_shipreports
-- ------------------------------------------------------
-- Server version	5.5.49-0ubuntu0.14.04.1

/*!40101 SET @OLD_CHARACTER_SET_CLIENT=@@CHARACTER_SET_CLIENT */;
/*!40101 SET @OLD_CHARACTER_SET_RESULTS=@@CHARACTER_SET_RESULTS */;
/*!40101 SET @OLD_COLLATION_CONNECTION=@@COLLATION_CONNECTION */;
/*!40101 SET NAMES utf8 */;
/*!40103 SET @OLD_TIME_ZONE=@@TIME_ZONE */;
/*!40103 SET TIME_ZONE='+00:00' */;
/*!40014 SET @OLD_UNIQUE_CHECKS=@@UNIQUE_CHECKS, UNIQUE_CHECKS=0 */;
/*!40014 SET @OLD_FOREIGN_KEY_CHECKS=@@FOREIGN_KEY_CHECKS, FOREIGN_KEY_CHECKS=0 */;
/*!40101 SET @OLD_SQL_MODE=@@SQL_MODE, SQL_MODE='NO_AUTO_VALUE_ON_ZERO' */;
/*!40111 SET @OLD_SQL_NOTES=@@SQL_NOTES, SQL_NOTES=0 */;

--
-- Table structure for table `acl_classes`
--

DROP TABLE IF EXISTS `acl_classes`;
/*!40101 SET @saved_cs_client     = @@character_set_client */;
/*!40101 SET character_set_client = utf8 */;
CREATE TABLE `acl_classes` (
  `id` int(10) unsigned NOT NULL AUTO_INCREMENT,
  `class_type` varchar(200) COLLATE utf8_unicode_ci NOT NULL,
  PRIMARY KEY (`id`),
  UNIQUE KEY `UNIQ_69DD750638A36066` (`class_type`)
) ENGINE=InnoDB DEFAULT CHARSET=utf8 COLLATE=utf8_unicode_ci;
/*!40101 SET character_set_client = @saved_cs_client */;

--
-- Dumping data for table `acl_classes`
--

LOCK TABLES `acl_classes` WRITE;
/*!40000 ALTER TABLE `acl_classes` DISABLE KEYS */;
/*!40000 ALTER TABLE `acl_classes` ENABLE KEYS */;
UNLOCK TABLES;

--
-- Table structure for table `acl_entries`
--

DROP TABLE IF EXISTS `acl_entries`;
/*!40101 SET @saved_cs_client     = @@character_set_client */;
/*!40101 SET character_set_client = utf8 */;
CREATE TABLE `acl_entries` (
  `id` int(10) unsigned NOT NULL AUTO_INCREMENT,
  `class_id` int(10) unsigned NOT NULL,
  `object_identity_id` int(10) unsigned DEFAULT NULL,
  `security_identity_id` int(10) unsigned NOT NULL,
  `field_name` varchar(50) COLLATE utf8_unicode_ci DEFAULT NULL,
  `ace_order` smallint(5) unsigned NOT NULL,
  `mask` int(11) NOT NULL,
  `granting` tinyint(1) NOT NULL,
  `granting_strategy` varchar(30) COLLATE utf8_unicode_ci NOT NULL,
  `audit_success` tinyint(1) NOT NULL,
  `audit_failure` tinyint(1) NOT NULL,
  PRIMARY KEY (`id`),
  UNIQUE KEY `UNIQ_46C8B806EA000B103D9AB4A64DEF17BCE4289BF4` (`class_id`,`object_identity_id`,`field_name`,`ace_order`),
  KEY `IDX_46C8B806EA000B103D9AB4A6DF9183C9` (`class_id`,`object_identity_id`,`security_identity_id`),
  KEY `IDX_46C8B806EA000B10` (`class_id`),
  KEY `IDX_46C8B8063D9AB4A6` (`object_identity_id`),
  KEY `IDX_46C8B806DF9183C9` (`security_identity_id`),
  CONSTRAINT `FK_46C8B8063D9AB4A6` FOREIGN KEY (`object_identity_id`) REFERENCES `acl_object_identities` (`id`) ON DELETE CASCADE ON UPDATE CASCADE,
  CONSTRAINT `FK_46C8B806DF9183C9` FOREIGN KEY (`security_identity_id`) REFERENCES `acl_security_identities` (`id`) ON DELETE CASCADE ON UPDATE CASCADE,
  CONSTRAINT `FK_46C8B806EA000B10` FOREIGN KEY (`class_id`) REFERENCES `acl_classes` (`id`) ON DELETE CASCADE ON UPDATE CASCADE
) ENGINE=InnoDB DEFAULT CHARSET=utf8 COLLATE=utf8_unicode_ci;
/*!40101 SET character_set_client = @saved_cs_client */;

--
-- Dumping data for table `acl_entries`
--

LOCK TABLES `acl_entries` WRITE;
/*!40000 ALTER TABLE `acl_entries` DISABLE KEYS */;
/*!40000 ALTER TABLE `acl_entries` ENABLE KEYS */;
UNLOCK TABLES;

--
-- Table structure for table `acl_object_identities`
--

DROP TABLE IF EXISTS `acl_object_identities`;
/*!40101 SET @saved_cs_client     = @@character_set_client */;
/*!40101 SET character_set_client = utf8 */;
CREATE TABLE `acl_object_identities` (
  `id` int(10) unsigned NOT NULL AUTO_INCREMENT,
  `parent_object_identity_id` int(10) unsigned DEFAULT NULL,
  `class_id` int(10) unsigned NOT NULL,
  `object_identifier` varchar(100) COLLATE utf8_unicode_ci NOT NULL,
  `entries_inheriting` tinyint(1) NOT NULL,
  PRIMARY KEY (`id`),
  UNIQUE KEY `UNIQ_9407E5494B12AD6EA000B10` (`object_identifier`,`class_id`),
  KEY `IDX_9407E54977FA751A` (`parent_object_identity_id`),
  CONSTRAINT `FK_9407E54977FA751A` FOREIGN KEY (`parent_object_identity_id`) REFERENCES `acl_object_identities` (`id`)
) ENGINE=InnoDB DEFAULT CHARSET=utf8 COLLATE=utf8_unicode_ci;
/*!40101 SET character_set_client = @saved_cs_client */;

--
-- Dumping data for table `acl_object_identities`
--

LOCK TABLES `acl_object_identities` WRITE;
/*!40000 ALTER TABLE `acl_object_identities` DISABLE KEYS */;
/*!40000 ALTER TABLE `acl_object_identities` ENABLE KEYS */;
UNLOCK TABLES;

--
-- Table structure for table `acl_object_identity_ancestors`
--

DROP TABLE IF EXISTS `acl_object_identity_ancestors`;
/*!40101 SET @saved_cs_client     = @@character_set_client */;
/*!40101 SET character_set_client = utf8 */;
CREATE TABLE `acl_object_identity_ancestors` (
  `object_identity_id` int(10) unsigned NOT NULL,
  `ancestor_id` int(10) unsigned NOT NULL,
  PRIMARY KEY (`object_identity_id`,`ancestor_id`),
  KEY `IDX_825DE2993D9AB4A6` (`object_identity_id`),
  KEY `IDX_825DE299C671CEA1` (`ancestor_id`),
  CONSTRAINT `FK_825DE2993D9AB4A6` FOREIGN KEY (`object_identity_id`) REFERENCES `acl_object_identities` (`id`) ON DELETE CASCADE ON UPDATE CASCADE,
  CONSTRAINT `FK_825DE299C671CEA1` FOREIGN KEY (`ancestor_id`) REFERENCES `acl_object_identities` (`id`) ON DELETE CASCADE ON UPDATE CASCADE
) ENGINE=InnoDB DEFAULT CHARSET=utf8 COLLATE=utf8_unicode_ci;
/*!40101 SET character_set_client = @saved_cs_client */;

--
-- Dumping data for table `acl_object_identity_ancestors`
--

LOCK TABLES `acl_object_identity_ancestors` WRITE;
/*!40000 ALTER TABLE `acl_object_identity_ancestors` DISABLE KEYS */;
/*!40000 ALTER TABLE `acl_object_identity_ancestors` ENABLE KEYS */;
UNLOCK TABLES;

--
-- Table structure for table `acl_security_identities`
--

DROP TABLE IF EXISTS `acl_security_identities`;
/*!40101 SET @saved_cs_client     = @@character_set_client */;
/*!40101 SET character_set_client = utf8 */;
CREATE TABLE `acl_security_identities` (
  `id` int(10) unsigned NOT NULL AUTO_INCREMENT,
  `identifier` varchar(200) COLLATE utf8_unicode_ci NOT NULL,
  `username` tinyint(1) NOT NULL,
  PRIMARY KEY (`id`),
  UNIQUE KEY `UNIQ_8835EE78772E836AF85E0677` (`identifier`,`username`)
) ENGINE=InnoDB DEFAULT CHARSET=utf8 COLLATE=utf8_unicode_ci;
/*!40101 SET character_set_client = @saved_cs_client */;

--
-- Dumping data for table `acl_security_identities`
--

LOCK TABLES `acl_security_identities` WRITE;
/*!40000 ALTER TABLE `acl_security_identities` DISABLE KEYS */;
/*!40000 ALTER TABLE `acl_security_identities` ENABLE KEYS */;
UNLOCK TABLES;

--
-- Table structure for table `apps_countries`
--

DROP TABLE IF EXISTS `apps_countries`;
/*!40101 SET @saved_cs_client     = @@character_set_client */;
/*!40101 SET character_set_client = utf8 */;
CREATE TABLE `apps_countries` (
  `id` int(11) NOT NULL AUTO_INCREMENT,
  `CountryCode` varchar(4) COLLATE utf8_unicode_ci NOT NULL,
  `CountryName` varchar(255) COLLATE utf8_unicode_ci NOT NULL,
  PRIMARY KEY (`id`)
) ENGINE=InnoDB AUTO_INCREMENT=247 DEFAULT CHARSET=utf8 COLLATE=utf8_unicode_ci;
/*!40101 SET character_set_client = @saved_cs_client */;

--
-- Dumping data for table `apps_countries`
--

LOCK TABLES `apps_countries` WRITE;
/*!40000 ALTER TABLE `apps_countries` DISABLE KEYS */;
INSERT INTO `apps_countries` VALUES (1,'AF','Afghanistan'),(2,'AL','Albania'),(3,'DZ','Algeria'),(4,'DS','American Samoa'),(5,'AD','Andorra'),(6,'AO','Angola'),(7,'AI','Anguilla'),(8,'AQ','Antarctica'),(9,'AG','Antigua and Barbuda'),(10,'AR','Argentina'),(11,'AM','Armenia'),(12,'AW','Aruba'),(13,'AU','Australia'),(14,'AT','Austria'),(15,'AZ','Azerbaijan'),(16,'BS','Bahamas'),(17,'BH','Bahrain'),(18,'BD','Bangladesh'),(19,'BB','Barbados'),(20,'BY','Belarus'),(21,'BE','Belgium'),(22,'BZ','Belize'),(23,'BJ','Benin'),(24,'BM','Bermuda'),(25,'BT','Bhutan'),(26,'BO','Bolivia'),(27,'BA','Bosnia and Herzegovina'),(28,'BW','Botswana'),(29,'BV','Bouvet Island'),(30,'BR','Brazil'),(31,'IO','British Indian Ocean Territory'),(32,'BN','Brunei Darussalam'),(33,'BG','Bulgaria'),(34,'BF','Burkina Faso'),(35,'BI','Burundi'),(36,'KH','Cambodia'),(37,'CM','Cameroon'),(38,'CA','Canada'),(39,'CV','Cape Verde'),(40,'KY','Cayman Islands'),(41,'CF','Central African Republic'),(42,'TD','Chad'),(43,'CL','Chile'),(44,'CN','China'),(45,'CX','Christmas Island'),(46,'CC','Cocos (Keeling) Islands'),(47,'CO','Colombia'),(48,'KM','Comoros'),(49,'CG','Congo'),(50,'CK','Cook Islands'),(51,'CR','Costa Rica'),(52,'HR','Croatia (Hrvatska)'),(53,'CU','Cuba'),(54,'CY','Cyprus'),(55,'CZ','Czech Republic'),(56,'DK','Denmark'),(57,'DJ','Djibouti'),(58,'DM','Dominica'),(59,'DO','Dominican Republic'),(60,'TP','East Timor'),(61,'EC','Ecuador'),(62,'EG','Egypt'),(63,'SV','El Salvador'),(64,'GQ','Equatorial Guinea'),(65,'ER','Eritrea'),(66,'EE','Estonia'),(67,'ET','Ethiopia'),(68,'FK','Falkland Islands (Malvinas)'),(69,'FO','Faroe Islands'),(70,'FJ','Fiji'),(71,'FI','Finland'),(72,'FR','France'),(73,'FX','France, Metropolitan'),(74,'GF','French Guiana'),(75,'PF','French Polynesia'),(76,'TF','French Southern Territories'),(77,'GA','Gabon'),(78,'GM','Gambia'),(79,'GE','Georgia'),(80,'DE','Germany'),(81,'GH','Ghana'),(82,'GI','Gibraltar'),(83,'GK','Guernsey'),(84,'GR','Greece'),(85,'GL','Greenland'),(86,'GD','Grenada'),(87,'GP','Guadeloupe'),(88,'GU','Guam'),(89,'GT','Guatemala'),(90,'GN','Guinea'),(91,'GW','Guinea-Bissau'),(92,'GY','Guyana'),(93,'HT','Haiti'),(94,'HM','Heard and Mc Donald Islands'),(95,'HN','Honduras'),(96,'HK','Hong Kong'),(97,'HU','Hungary'),(98,'IS','Iceland'),(99,'IN','India'),(100,'IM','Isle of Man'),(101,'ID','Indonesia'),(102,'IR','Iran (Islamic Republic of)'),(103,'IQ','Iraq'),(104,'IE','Ireland'),(105,'IL','Israel'),(106,'IT','Italy'),(107,'CI','Ivory Coast'),(108,'JE','Jersey'),(109,'JM','Jamaica'),(110,'JP','Japan'),(111,'JO','Jordan'),(112,'KZ','Kazakhstan'),(113,'KE','Kenya'),(114,'KI','Kiribati'),(115,'KP','Korea, Democratic People\'s Republic of'),(116,'KR','Korea, Republic of'),(117,'XK','Kosovo'),(118,'KW','Kuwait'),(119,'KG','Kyrgyzstan'),(120,'LA','Lao People\'s Democratic Republic'),(121,'LV','Latvia'),(122,'LB','Lebanon'),(123,'LS','Lesotho'),(124,'LR','Liberia'),(125,'LY','Libyan Arab Jamahiriya'),(126,'LI','Liechtenstein'),(127,'LT','Lithuania'),(128,'LU','Luxembourg'),(129,'MO','Macau'),(130,'MK','Macedonia'),(131,'MG','Madagascar'),(132,'MW','Malawi'),(133,'MY','Malaysia'),(134,'MV','Maldives'),(135,'ML','Mali'),(136,'MT','Malta'),(137,'MH','Marshall Islands'),(138,'MQ','Martinique'),(139,'MR','Mauritania'),(140,'MU','Mauritius'),(141,'TY','Mayotte'),(142,'MX','Mexico'),(143,'FM','Micronesia, Federated States of'),(144,'MD','Moldova, Republic of'),(145,'MC','Monaco'),(146,'MN','Mongolia'),(147,'ME','Montenegro'),(148,'MS','Montserrat'),(149,'MA','Morocco'),(150,'MZ','Mozambique'),(151,'MM','Myanmar'),(152,'NA','Namibia'),(153,'NR','Nauru'),(154,'NP','Nepal'),(155,'NL','Netherlands'),(156,'AN','Netherlands Antilles'),(157,'NC','New Caledonia'),(158,'NZ','New Zealand'),(159,'NI','Nicaragua'),(160,'NE','Niger'),(161,'NG','Nigeria'),(162,'NU','Niue'),(163,'NF','Norfolk Island'),(164,'MP','Northern Mariana Islands'),(165,'NO','Norway'),(166,'OM','Oman'),(167,'PK','Pakistan'),(168,'PW','Palau'),(169,'PS','Palestine'),(170,'PA','Panama'),(171,'PG','Papua New Guinea'),(172,'PY','Paraguay'),(173,'PE','Peru'),(174,'PH','Philippines'),(175,'PN','Pitcairn'),(176,'PL','Poland'),(177,'PT','Portugal'),(178,'PR','Puerto Rico'),(179,'QA','Qatar'),(180,'RE','Reunion'),(181,'RO','Romania'),(182,'RU','Russian Federation'),(183,'RW','Rwanda'),(184,'KN','Saint Kitts and Nevis'),(185,'LC','Saint Lucia'),(186,'VC','Saint Vincent and the Grenadines'),(187,'WS','Samoa'),(188,'SM','San Marino'),(189,'ST','Sao Tome and Principe'),(190,'SA','Saudi Arabia'),(191,'SN','Senegal'),(192,'RS','Serbia'),(193,'SC','Seychelles'),(194,'SL','Sierra Leone'),(195,'SG','Singapore'),(196,'SK','Slovakia'),(197,'SI','Slovenia'),(198,'SB','Solomon Islands'),(199,'SO','Somalia'),(200,'ZA','South Africa'),(201,'GS','South Georgia South Sandwich Islands'),(202,'ES','Spain'),(203,'LK','Sri Lanka'),(204,'SH','St. Helena'),(205,'PM','St. Pierre and Miquelon'),(206,'SD','Sudan'),(207,'SR','Suriname'),(208,'SJ','Svalbard and Jan Mayen Islands'),(209,'SZ','Swaziland'),(210,'SE','Sweden'),(211,'CH','Switzerland'),(212,'SY','Syrian Arab Republic'),(213,'TW','Taiwan'),(214,'TJ','Tajikistan'),(215,'TZ','Tanzania, United Republic of'),(216,'TH','Thailand'),(217,'TG','Togo'),(218,'TK','Tokelau'),(219,'TO','Tonga'),(220,'TT','Trinidad and Tobago'),(221,'TN','Tunisia'),(222,'TR','Turkey'),(223,'TM','Turkmenistan'),(224,'TC','Turks and Caicos Islands'),(225,'TV','Tuvalu'),(226,'UG','Uganda'),(227,'UA','Ukraine'),(228,'AE','United Arab Emirates'),(229,'GB','United Kingdom'),(230,'US','United States'),(231,'UM','United States minor outlying islands'),(232,'UY','Uruguay'),(233,'UZ','Uzbekistan'),(234,'VU','Vanuatu'),(235,'VA','Vatican City State'),(236,'VE','Venezuela'),(237,'VN','Vietnam'),(238,'VG','Virgin Islands (British)'),(239,'VI','Virgin Islands (U.S.)'),(240,'WF','Wallis and Futuna Islands'),(241,'EH','Western Sahara'),(242,'YE','Yemen'),(243,'YU','Yugoslavia'),(244,'ZR','Zaire'),(245,'ZM','Zambia'),(246,'ZW','Zimbabwe');
/*!40000 ALTER TABLE `apps_countries` ENABLE KEYS */;
UNLOCK TABLES;

--
-- Table structure for table `calculation_rules`
--

DROP TABLE IF EXISTS `calculation_rules`;
/*!40101 SET @saved_cs_client     = @@character_set_client */;
/*!40101 SET character_set_client = utf8 */;
CREATE TABLE `calculation_rules` (
  `id` int(11) NOT NULL AUTO_INCREMENT,
  `Rules` varchar(255) COLLATE utf8_unicode_ci NOT NULL,
  `RuleConditions` varchar(255) COLLATE utf8_unicode_ci NOT NULL,
  `RuleActions` varchar(255) COLLATE utf8_unicode_ci NOT NULL,
  `KpiDetailsId` int(11) DEFAULT NULL,
  `ElementDetailsId` int(11) DEFAULT NULL,
  PRIMARY KEY (`id`),
  KEY `IDX_FD574383F10FA648` (`KpiDetailsId`),
  KEY `IDX_FD574383ABFC5A8E` (`ElementDetailsId`),
  CONSTRAINT `FK_FD574383ABFC5A8E` FOREIGN KEY (`ElementDetailsId`) REFERENCES `element_details` (`id`),
  CONSTRAINT `FK_FD574383F10FA648` FOREIGN KEY (`KpiDetailsId`) REFERENCES `kpi_details` (`id`)
) ENGINE=InnoDB DEFAULT CHARSET=utf8 COLLATE=utf8_unicode_ci;
/*!40101 SET character_set_client = @saved_cs_client */;

--
-- Dumping data for table `calculation_rules`
--

LOCK TABLES `calculation_rules` WRITE;
/*!40000 ALTER TABLE `calculation_rules` DISABLE KEYS */;
/*!40000 ALTER TABLE `calculation_rules` ENABLE KEYS */;
UNLOCK TABLES;

--
-- Table structure for table `chart`
--

DROP TABLE IF EXISTS `chart`;
/*!40101 SET @saved_cs_client     = @@character_set_client */;
/*!40101 SET character_set_client = utf8 */;
CREATE TABLE `chart` (
  `id` int(11) NOT NULL AUTO_INCREMENT,
  `kpiname` varchar(255) COLLATE utf8_unicode_ci NOT NULL,
  `fromdate` date NOT NULL,
  `todate` date NOT NULL,
  `KpiDetailsId` int(11) DEFAULT NULL,
  PRIMARY KEY (`id`),
  KEY `IDX_E5562A2AF10FA648` (`KpiDetailsId`),
  CONSTRAINT `FK_E5562A2AF10FA648` FOREIGN KEY (`KpiDetailsId`) REFERENCES `kpi_details` (`id`)
) ENGINE=InnoDB DEFAULT CHARSET=utf8 COLLATE=utf8_unicode_ci;
/*!40101 SET character_set_client = @saved_cs_client */;

--
-- Dumping data for table `chart`
--

LOCK TABLES `chart` WRITE;
/*!40000 ALTER TABLE `chart` DISABLE KEYS */;
/*!40000 ALTER TABLE `chart` ENABLE KEYS */;
UNLOCK TABLES;

--
-- Table structure for table `company_details`
--

DROP TABLE IF EXISTS `company_details`;
/*!40101 SET @saved_cs_client     = @@character_set_client */;
/*!40101 SET character_set_client = utf8 */;
CREATE TABLE `company_details` (
  `id` int(11) NOT NULL AUTO_INCREMENT,
  `CompanyName` varchar(125) COLLATE utf8_unicode_ci NOT NULL,
  `AdminName` varchar(75) COLLATE utf8_unicode_ci NOT NULL,
  `EmailId` varchar(75) COLLATE utf8_unicode_ci NOT NULL,
  PRIMARY KEY (`id`),
  UNIQUE KEY `UNIQ_5274115D3115C37D` (`CompanyName`),
  UNIQUE KEY `UNIQ_5274115DF7E01C19` (`EmailId`)
) ENGINE=InnoDB AUTO_INCREMENT=13 DEFAULT CHARSET=utf8 COLLATE=utf8_unicode_ci;
/*!40101 SET character_set_client = @saved_cs_client */;

--
-- Dumping data for table `company_details`
--

LOCK TABLES `company_details` WRITE;
/*!40000 ALTER TABLE `company_details` DISABLE KEYS */;
INSERT INTO `company_details` VALUES (10,'Star','sathish','star123@gmail.com'),(11,'Google','google','google12@gmail.com'),(12,'10','satz','satz@gmail.com');
/*!40000 ALTER TABLE `company_details` ENABLE KEYS */;
UNLOCK TABLES;

--
-- Table structure for table `company_users`
--

DROP TABLE IF EXISTS `company_users`;
/*!40101 SET @saved_cs_client     = @@character_set_client */;
/*!40101 SET character_set_client = utf8 */;
CREATE TABLE `company_users` (
  `id` int(11) NOT NULL AUTO_INCREMENT,
  `companyName` int(11) DEFAULT NULL,
  `UserName` varchar(125) COLLATE utf8_unicode_ci NOT NULL,
  `role` int(11) DEFAULT NULL,
  `EmailId` varchar(75) COLLATE utf8_unicode_ci NOT NULL,
  PRIMARY KEY (`id`),
  UNIQUE KEY `UNIQ_5372078CF7E01C19` (`EmailId`),
  KEY `IDX_5372078CB7894CAA` (`companyName`),
  KEY `IDX_5372078C57698A6A` (`role`),
  CONSTRAINT `FK_5372078C57698A6A` FOREIGN KEY (`role`) REFERENCES `user_role` (`id`),
  CONSTRAINT `FK_5372078CB7894CAA` FOREIGN KEY (`companyName`) REFERENCES `company_details` (`id`)
) ENGINE=InnoDB AUTO_INCREMENT=3 DEFAULT CHARSET=utf8 COLLATE=utf8_unicode_ci;
/*!40101 SET character_set_client = @saved_cs_client */;

--
-- Dumping data for table `company_users`
--

LOCK TABLES `company_users` WRITE;
/*!40000 ALTER TABLE `company_users` DISABLE KEYS */;
INSERT INTO `company_users` VALUES (1,NULL,'Murali',NULL,'murali12@gmail.com'),(2,NULL,'Mani',NULL,'mani123@gmail.com');
/*!40000 ALTER TABLE `company_users` ENABLE KEYS */;
UNLOCK TABLES;

--
-- Table structure for table `element_details`
--

DROP TABLE IF EXISTS `element_details`;
/*!40101 SET @saved_cs_client     = @@character_set_client */;
/*!40101 SET character_set_client = utf8 */;
CREATE TABLE `element_details` (
  `id` int(11) NOT NULL AUTO_INCREMENT,
  `KpiDetailsId` int(11) DEFAULT NULL,
  `ElementName` varchar(125) COLLATE utf8_unicode_ci NOT NULL,
  `Description` varchar(75) COLLATE utf8_unicode_ci DEFAULT NULL,
  `CellName` varchar(35) COLLATE utf8_unicode_ci NOT NULL,
  `CellDetails` varchar(75) COLLATE utf8_unicode_ci DEFAULT NULL,
  `ActivatedDate` date NOT NULL,
  `EndDate` date NOT NULL,
  `Weightage` int(11) NOT NULL,
  `Rules` varchar(255) COLLATE utf8_unicode_ci DEFAULT NULL,
  PRIMARY KEY (`id`),
  KEY `IDX_85CD4BDEF10FA648` (`KpiDetailsId`),
  CONSTRAINT `FK_85CD4BDEF10FA648` FOREIGN KEY (`KpiDetailsId`) REFERENCES `kpi_details` (`id`)
) ENGINE=InnoDB AUTO_INCREMENT=149 DEFAULT CHARSET=utf8 COLLATE=utf8_unicode_ci;
/*!40101 SET character_set_client = @saved_cs_client */;

--
-- Dumping data for table `element_details`
--

LOCK TABLES `element_details` WRITE;
/*!40000 ALTER TABLE `element_details` DISABLE KEYS */;
INSERT INTO `element_details` VALUES (110,549,'Claims from Charterer on Speed  and Fuel Consumption','good one','',NULL,'2015-01-31','2017-01-31',100,''),(111,NULL,'','star systems ships','',NULL,'2011-01-31','2001-01-31',40,''),(112,563,'Hatch Cover water tightness','good','C9','okk','2015-01-01','2011-01-01',20,''),(113,563,'Cargo Crane Operation ','mine shi','C10','good','2011-01-01','2011-01-01',40,''),(114,577,'Variance between Tank Soundings & Log Book Figs','good','',NULL,'2013-01-31','2011-01-31',100,''),(116,591,'Reports to Owner ','good okayy','C12','okayy','2011-01-01','2011-01-01',50,''),(117,591,'Logistics','performance ok','C13','shio23','2011-06-01','2011-10-01',50,''),(118,605,'SCOC','good','C14','shio','2011-01-01','2011-01-01',30,''),(119,605,'Bulk Stem ','nmnm,m','C15','shio','2011-01-01','2011-01-01',40,''),(120,605,'Late Order Charge & Minimum Delivery Charge ','working ok','C17','shio23','2011-01-01','2011-01-01',30,''),(121,619,'Percentage of Jobs based on PMS','good','C18','okayyy','2011-01-01','2011-01-01',100,''),(122,633,'Unplanned Technical Downtime - YTD','good','C20','dsfadfsdf','2011-01-01','2011-01-01',80,''),(123,633,'Planned Technical Downtime per Vessel - YTD','good okayy','C22','god','2014-01-01','2014-01-01',20,''),(124,647,'LTIF for Fleet','ok','C23','good','2011-01-01','2011-01-01',30,''),(125,647,'TRCF for Fleet','okayy','C24','good','2011-04-01','2011-01-01',30,''),(128,661,'Total  Operating Expense','good','C26','works ok','2011-01-01','2011-01-01',30,''),(129,661,'Technical Expense','good','C27','finey','2011-01-01','2011-01-01',25,''),(130,661,'Manning Expense','mines','C28','okayy','2018-03-01','2018-01-01',40,''),(131,661,'Voyage Related Expense/OAE','good','C29','good','2011-01-01','2011-01-01',5,''),(132,675,'Retention Rate for Indian Crew','performance ok','C30','good ok','2011-01-01','2011-01-01',50,''),(133,675,'Ability to implement specific & cost effective training for deck officers, engineers and crew. ','good','C31','gikieew2','2011-01-01','2011-01-01',50,''),(135,689,'Total Docking Cost vs Budget','gooof','C32','good','2011-01-01','2011-01-01',15,''),(137,689,'Total Time in Dock vs Budget','nmnmm','30','good','2011-01-01','2011-01-01',35,''),(138,689,'Final Docking Report Timelines','goof','C34','dsfadfsdf','2011-01-01','2011-01-01',20,''),(140,689,'Vessel Load Ready Timelines','msinesd','C35','dsfadfsdf','2011-01-01','2011-01-01',15,''),(141,703,'No. Of PSC Deficiencies Per Inspection','sooe','C36','good','2011-01-01','2011-01-01',15,''),(142,703,'PSC Detention Rate','works hook','C37','good','2011-01-01','2011-01-01',15,''),(143,703,'No. Of PSC Inspections without Deficiencies Per Inspection','good','C38','shio23','2012-02-01','2014-06-01',15,''),(145,703,'ISM/ISPS/MLC (shipboard) Audit Major NCR ','okayy','C40','godd','2011-01-01','2011-01-01',20,''),(146,703,'Right Ship Rating ','performance ok','C41','good ok','2011-01-01','2011-01-01',20,''),(147,703,'DOC (office) Audit  Major NCR ','ok','C43','good','2011-01-01','2011-01-01',15,''),(148,647,'Major Incidents','okayy','C4','good','2016-04-08','2003-05-01',40,'');
/*!40000 ALTER TABLE `element_details` ENABLE KEYS */;
UNLOCK TABLES;

--
-- Table structure for table `element_rules`
--

DROP TABLE IF EXISTS `element_rules`;
/*!40101 SET @saved_cs_client     = @@character_set_client */;
/*!40101 SET character_set_client = utf8 */;
CREATE TABLE `element_rules` (
  `id` int(11) NOT NULL AUTO_INCREMENT,
  `Rules` varchar(255) COLLATE utf8_unicode_ci NOT NULL,
  `ElementDetailsId` int(11) DEFAULT NULL,
  PRIMARY KEY (`id`),
  KEY `IDX_4DB8EDA5ABFC5A8E` (`ElementDetailsId`),
  CONSTRAINT `FK_4DB8EDA5ABFC5A8E` FOREIGN KEY (`ElementDetailsId`) REFERENCES `element_details` (`id`)
) ENGINE=InnoDB DEFAULT CHARSET=utf8 COLLATE=utf8_unicode_ci;
/*!40101 SET character_set_client = @saved_cs_client */;

--
-- Dumping data for table `element_rules`
--

LOCK TABLES `element_rules` WRITE;
/*!40000 ALTER TABLE `element_rules` DISABLE KEYS */;
/*!40000 ALTER TABLE `element_rules` ENABLE KEYS */;
UNLOCK TABLES;

--
-- Table structure for table `email_group`
--

DROP TABLE IF EXISTS `email_group`;
/*!40101 SET @saved_cs_client     = @@character_set_client */;
/*!40101 SET character_set_client = utf8 */;
CREATE TABLE `email_group` (
  `id` int(11) NOT NULL AUTO_INCREMENT,
  `companyid` int(11) DEFAULT NULL,
  `groupname` varchar(255) COLLATE utf8_unicode_ci NOT NULL,
  `groupstatus` int(11) NOT NULL,
  PRIMARY KEY (`id`),
  KEY `IDX_F08D054AB104C381` (`companyid`),
  CONSTRAINT `FK_F08D054AB104C381` FOREIGN KEY (`companyid`) REFERENCES `company_details` (`id`)
) ENGINE=InnoDB AUTO_INCREMENT=2 DEFAULT CHARSET=utf8 COLLATE=utf8_unicode_ci;
/*!40101 SET character_set_client = @saved_cs_client */;

--
-- Dumping data for table `email_group`
--

LOCK TABLES `email_group` WRITE;
/*!40000 ALTER TABLE `email_group` DISABLE KEYS */;
INSERT INTO `email_group` VALUES (1,10,'Star Systems',0);
/*!40000 ALTER TABLE `email_group` ENABLE KEYS */;
UNLOCK TABLES;

--
-- Table structure for table `email_users`
--

DROP TABLE IF EXISTS `email_users`;
/*!40101 SET @saved_cs_client     = @@character_set_client */;
/*!40101 SET character_set_client = utf8 */;
CREATE TABLE `email_users` (
  `id` int(11) NOT NULL AUTO_INCREMENT,
  `groupid` int(11) DEFAULT NULL,
  `useremailid` varchar(255) COLLATE utf8_unicode_ci NOT NULL,
  PRIMARY KEY (`id`),
  KEY `IDX_89CEE4667805AC12` (`groupid`),
  CONSTRAINT `FK_89CEE4667805AC12` FOREIGN KEY (`groupid`) REFERENCES `email_group` (`id`)
) ENGINE=InnoDB AUTO_INCREMENT=3 DEFAULT CHARSET=utf8 COLLATE=utf8_unicode_ci;
/*!40101 SET character_set_client = @saved_cs_client */;

--
-- Dumping data for table `email_users`
--

LOCK TABLES `email_users` WRITE;
/*!40000 ALTER TABLE `email_users` DISABLE KEYS */;
INSERT INTO `email_users` VALUES (1,1,'doss.cclawrance226@gmail.com'),(2,1,'lawrance@coumsoft.co.uk');
/*!40000 ALTER TABLE `email_users` ENABLE KEYS */;
UNLOCK TABLES;

--
-- Table structure for table `excel_file_details`
--

DROP TABLE IF EXISTS `excel_file_details`;
/*!40101 SET @saved_cs_client     = @@character_set_client */;
/*!40101 SET character_set_client = utf8 */;
CREATE TABLE `excel_file_details` (
  `id` int(11) NOT NULL AUTO_INCREMENT,
  `filename` varchar(255) COLLATE utf8_unicode_ci NOT NULL,
  `data_of_month` date NOT NULL,
  `userid` varchar(255) COLLATE utf8_unicode_ci NOT NULL,
  `datetime` datetime NOT NULL,
  `company_id` int(11) NOT NULL,
  PRIMARY KEY (`id`)
) ENGINE=InnoDB AUTO_INCREMENT=24 DEFAULT CHARSET=utf8 COLLATE=utf8_unicode_ci;
/*!40101 SET character_set_client = @saved_cs_client */;

--
-- Dumping data for table `excel_file_details`
--

LOCK TABLES `excel_file_details` WRITE;
/*!40000 ALTER TABLE `excel_file_details` DISABLE KEYS */;
INSERT INTO `excel_file_details` VALUES (22,'newexcel2016-03-12 16-31-34.xlsx','2016-03-31','sathish','2016-03-12 16:38:14',10),(23,'aksdfjskdafef','2016-04-30','sathish','2016-03-03 00:00:00',10);
/*!40000 ALTER TABLE `excel_file_details` ENABLE KEYS */;
UNLOCK TABLES;

--
-- Table structure for table `excel_file_details_ranking`
--

DROP TABLE IF EXISTS `excel_file_details_ranking`;
/*!40101 SET @saved_cs_client     = @@character_set_client */;
/*!40101 SET character_set_client = utf8 */;
CREATE TABLE `excel_file_details_ranking` (
  `id` int(11) NOT NULL AUTO_INCREMENT,
  `filename` varchar(255) COLLATE utf8_unicode_ci NOT NULL,
  `data_of_month` date NOT NULL,
  `userid` varchar(255) COLLATE utf8_unicode_ci NOT NULL,
  `datetime` datetime NOT NULL,
  `company_id` int(11) NOT NULL,
  PRIMARY KEY (`id`)
) ENGINE=InnoDB DEFAULT CHARSET=utf8 COLLATE=utf8_unicode_ci;
/*!40101 SET character_set_client = @saved_cs_client */;

--
-- Dumping data for table `excel_file_details_ranking`
--

LOCK TABLES `excel_file_details_ranking` WRITE;
/*!40000 ALTER TABLE `excel_file_details_ranking` DISABLE KEYS */;
/*!40000 ALTER TABLE `excel_file_details_ranking` ENABLE KEYS */;
UNLOCK TABLES;

--
-- Table structure for table `fos_user`
--

DROP TABLE IF EXISTS `fos_user`;
/*!40101 SET @saved_cs_client     = @@character_set_client */;
/*!40101 SET character_set_client = utf8 */;
CREATE TABLE `fos_user` (
  `id` int(11) NOT NULL AUTO_INCREMENT,
  `username` varchar(255) COLLATE utf8_unicode_ci NOT NULL,
  `username_canonical` varchar(255) COLLATE utf8_unicode_ci NOT NULL,
  `email` varchar(255) COLLATE utf8_unicode_ci NOT NULL,
  `email_canonical` varchar(255) COLLATE utf8_unicode_ci NOT NULL,
  `enabled` tinyint(1) NOT NULL,
  `salt` varchar(255) COLLATE utf8_unicode_ci NOT NULL,
  `password` varchar(255) COLLATE utf8_unicode_ci NOT NULL,
  `last_login` datetime DEFAULT NULL,
  `locked` tinyint(1) NOT NULL,
  `expired` tinyint(1) NOT NULL,
  `expires_at` datetime DEFAULT NULL,
  `confirmation_token` varchar(255) COLLATE utf8_unicode_ci DEFAULT NULL,
  `password_requested_at` datetime DEFAULT NULL,
  `roles` longtext COLLATE utf8_unicode_ci NOT NULL COMMENT '(DC2Type:array)',
  `credentials_expired` tinyint(1) NOT NULL,
  `credentials_expire_at` datetime DEFAULT NULL,
  `companyid` int(11) DEFAULT NULL,
  `mobile` varchar(255) COLLATE utf8_unicode_ci DEFAULT NULL,
  `fullname` varchar(255) COLLATE utf8_unicode_ci DEFAULT NULL,
  PRIMARY KEY (`id`),
  UNIQUE KEY `UNIQ_957A647992FC23A8` (`username_canonical`),
  UNIQUE KEY `UNIQ_957A6479A0D96FBF` (`email_canonical`),
  KEY `IDX_957A6479B104C381` (`companyid`),
  CONSTRAINT `FK_957A6479B104C381` FOREIGN KEY (`companyid`) REFERENCES `company_details` (`id`)
) ENGINE=InnoDB AUTO_INCREMENT=135 DEFAULT CHARSET=utf8 COLLATE=utf8_unicode_ci;
/*!40101 SET character_set_client = @saved_cs_client */;

--
-- Dumping data for table `fos_user`
--

LOCK TABLES `fos_user` WRITE;
/*!40000 ALTER TABLE `fos_user` DISABLE KEYS */;
INSERT INTO `fos_user` VALUES (62,'StarSystems','starsystems','star@gmail.com','star@gmail.com',1,'94otyyycz5kwokw8s88og0skosoowgg','$2y$13$94otyyycz5kwokw8s88ogu.JeWg5QjHotPsE9Ksi1OZveSIN1RteG','2016-03-17 20:28:55',0,0,NULL,NULL,NULL,'a:1:{i:0;s:16:\"ROLE_SUPER_ADMIN\";}',0,NULL,NULL,NULL,NULL),(63,'sathish','sathish','star123@gmail.com','star123@gmail.com',1,'nx5ffv3cexc8kks4c88cg480sgo44c4','$2y$13$nx5ffv3cexc8kks4c88cguS0RSV9i6hziooI4ct2KvApm4h2AeI6y','2016-06-16 12:33:28',0,0,NULL,NULL,NULL,'a:1:{i:0;s:10:\"ROLE_ADMIN\";}',0,NULL,NULL,NULL,NULL),(64,'google','google','google12@gmail.com','google12@gmail.com',1,'smfyuavw4f4k4cwog0kcg8o440s4o8k','$2y$13$smfyuavw4f4k4cwog0kcguq7/DmIxE0wvHiQK2Uk0gE002IV8YVQy','2016-03-15 15:35:58',0,0,NULL,NULL,NULL,'a:1:{i:0;s:10:\"ROLE_ADMIN\";}',0,NULL,NULL,NULL,NULL),(66,'deva','deva','devakumar@gmail.com','devakumar@gmail.com',1,'qemxph5pl0080oks404cws8gs08coc0','$2y$13$qemxph5pl0080oks404cweCcmII73Dv22qUrR1wm4kBjmZJy0jMVS',NULL,0,0,NULL,NULL,NULL,'a:1:{i:0;s:12:\"ROLE_MANAGER\";}',0,NULL,10,NULL,NULL),(79,'prakas','prakas','prakash12@gmail.com','prakash12@gmail.com',1,'16mp9k9a12808wowcks44wwcsw48o8k','$2y$13$16mp9k9a12808wowcks44uITnSq/crDq6oiFtb3CE0QUby/fjHuQ.',NULL,0,0,NULL,NULL,NULL,'a:1:{i:0;s:0:\"\";}',0,NULL,10,'900768123','prakashkumar'),(80,'Sathishkumar','sathishkumar','sathish22@gmail.com','sathish22@gmail.com',1,'lyy9bcpa3oggsccow8kcggw4osgwosk','$2y$13$lyy9bcpa3oggsccow8kcgevbyhkUvRBU5p/MgJyo6uQsHLnxrnu5y','2016-03-23 17:52:49',0,0,NULL,NULL,NULL,'a:1:{i:0;s:10:\"ROLE_ADMIN\";}',0,NULL,10,NULL,NULL),(81,'lawrenceraj','lawrenceraj','larwence23@gmail.com','larwence23@gmail.com',1,'racthcqljesko0wows4c00o0wwgock0','$2y$13$racthcqljesko0wows4c0uNhNvidQilV/7IRR2PvP79sg0fg9aipa',NULL,0,0,NULL,NULL,NULL,'a:1:{i:0;s:11:\"KPI MANAGER\";}',0,NULL,10,NULL,NULL),(85,'Ganeshkumar','ganeshkumar','ganeshkumar12334@gmail.co','ganeshkumar12334@gmail.co',1,'darm7v0d568s8ockcc8c8cccwwoc0gw','$2y$13$darm7v0d568s8ockcc8c8OVLhzTsx161fu/g18DJsND/Om1LfklLu',NULL,0,0,NULL,NULL,NULL,'a:1:{i:0;s:0:\"\";}',0,NULL,10,NULL,NULL),(86,'vijayprakash','vijayprakash','veeajay12@gmail.com','veeajay12@gmail.com',1,'nepcyn7y228scg08ow4k4ko4ksc8cks','$2y$13$nepcyn7y228scg08ow4k4eFFpw.CIle/jmKBuz4T8t4aFNneNsH2q','2016-03-23 17:41:23',0,0,NULL,NULL,NULL,'a:1:{i:0;s:11:\"KPI MANAGER\";}',0,NULL,10,NULL,NULL),(87,'krishnan','krishnan','krishnakumar123@gmail.com','krishnakumar123@gmail.com',1,'dy2b4fzss5c04kss4sgkk84o4o8gwc4','$2y$13$dy2b4fzss5c04kss4sgkkur4KhiSKrjnnneGDY8Owx0Fd6eMVEb7a','2016-03-23 18:27:09',0,0,NULL,NULL,NULL,'a:1:{i:0;s:5:\"ADMIN\";}',0,NULL,10,NULL,NULL),(88,'sharathkumar','sharathkumar','sharathkumar12@gmail.com','sharathkumar12@gmail.com',1,'etdbj5vyh28k8kokow8okw44kg0ws8w','$2y$13$etdbj5vyh28k8kokow8okuwpqvCUmmMTUymB7koeXnpQxO4w4R15W','2016-04-04 17:49:30',0,0,NULL,NULL,NULL,'a:1:{i:0;s:5:\"ADMIN\";}',0,NULL,10,NULL,NULL),(97,'harikumar','harikumar','hari1kumar2@gmail.com','hari1kumar2@gmail.com',1,'kprgg2ow6kgwsowkkg8w0c80s8cwk4c','$2y$13$kprgg2ow6kgwsowkkg8w0ODrKcRWGaW.KhVucnirCPiCvZMmveTI2','2016-04-04 19:27:55',0,0,NULL,NULL,NULL,'a:1:{i:0;s:5:\"ADMIN\";}',0,NULL,10,NULL,NULL),(104,'aswinkumar','aswinkumar','aswin123@gmail.com','aswin123@gmail.com',0,'iscnyprx0rsoo0ggc4o4c4c40ssgcsw','$2y$13$iscnyprx0rsoo0ggc4o4cuWZLgiKsjE2jsAYwJwMZUVg4xU5JHbTK',NULL,0,0,NULL,NULL,NULL,'a:1:{i:0;s:17:\"KPI INFO PROVIDER\";}',0,NULL,10,NULL,NULL),(108,'santhosh','santhosh','santhosh007@gmail.com','santhosh007@gmail.com',0,'3brfy18lx6048k0ks8os8w48ccko8g','$2y$13$3brfy18lx6048k0ks8os8uDZ4P52KctyXhL5PKEdndiIP3z7Tzp56',NULL,0,0,NULL,NULL,NULL,'a:1:{i:0;s:5:\"ADMIN\";}',0,NULL,10,NULL,NULL),(119,'kohli','kohli','kohli23@gmail.com','kohli23@gmail.com',0,'ha7wyxj5ydc0k40go44gs44gccco88o','$2y$13$ha7wyxj5ydc0k40go44gsunkL/BaNZYin3WRIDJ5NgxtF65R9uJ.a',NULL,0,0,NULL,NULL,NULL,'a:1:{i:0;s:5:\"ADMIN\";}',0,NULL,10,'9008654322','Virat kohli'),(120,'Manish','manish','mani123@gmail.com','mani123@gmail.com',0,'chwl683k5cocgs0kgkc4gcgs48o8co8','$2y$13$chwl683k5cocgs0kgkc4gOqpQSZB0RuHpPUH8y4dVDYwBQR/9KZj2',NULL,0,0,NULL,NULL,NULL,'a:1:{i:0;s:5:\"ADMIN\";}',0,NULL,10,'9123465890','manikandan'),(122,'sathya','sathya','sathya12@gmail.com','sathya12@gmail.com',0,'nnrjdqvt5pcgg8gggwowkowccok40ko','$2y$13$nnrjdqvt5pcgg8gggwowker/IL5bdoaQJJsSN1FK9cOQuVa06HWde',NULL,0,0,NULL,NULL,NULL,'a:1:{i:0;s:5:\"ADMIN\";}',0,NULL,10,'9333456893','sathyaprakash'),(123,'rahul','rahul','rahu12@gmail.com','rahu12@gmail.com',0,'gjzxkhf4b0g0g8w44cgso4s4kksks04','$2y$13$gjzxkhf4b0g0g8w44cgsourciNHmDYIrB9MSBgU.8vaiwVLSH3fEi',NULL,0,0,NULL,NULL,NULL,'a:1:{i:0;s:5:\"ADMIN\";}',0,NULL,10,'9008654333','Rahukkumar'),(124,'tamil','tamil','tamil2@gmail.com','tamil2@gmail.com',0,'o8bka397ff4cc0sgc8gkccscwcg0gkk','$2y$13$o8bka397ff4cc0sgc8gkcOmUi1J.nYV7V/PY.g/a71RdWoF.LEBO2',NULL,0,0,NULL,NULL,NULL,'a:1:{i:0;s:12:\"ROLE_MANAGER\";}',0,NULL,10,'9008654333','Tamil'),(125,'arun','arun','arun22@gmail.com','arun22@gmail.com',0,'f9jf8vkpk0ock0c8kwog840sw88coo8','$2y$13$f9jf8vkpk0ock0c8kwog8ubvMD3TRUIrlkQnI4OTUwqoBMkMaKzFO',NULL,0,0,NULL,NULL,NULL,'a:1:{i:0;s:10:\"ROLE_ADMIN\";}',0,NULL,10,'9008654324','Arunkumar'),(126,'manojkumar','manojkumar','manoj22@gmail.com','manoj22@gmail.com',0,'6loz420bnyosog8o8ocgk4s0kkwokks','$2y$13$6loz420bnyosog8o8ocgkuXYNjUQtJ0YlaW889SH2F.pZra04nS/2',NULL,0,0,NULL,NULL,NULL,'a:1:{i:0;s:16:\"ROLE_REPORT_USER\";}',0,NULL,10,'9008654321','manoj'),(127,'akash','akash','akash123@gmail.com','akash123@gmail.com',1,'fbxn527fxk0kgo40gs8c0s0wokss00s','$2y$13$fbxn527fxk0kgo40gs8c0eqSihJ6K1/Onozq/x7ayWcqMsABVIKxS','2016-04-09 04:34:15',0,0,NULL,NULL,NULL,'a:1:{i:0;s:12:\"ROLE_MANAGER\";}',0,NULL,10,'9008654322','Akashkumar'),(129,'Naresh','naresh','nares23@gmail.com','nares23@gmail.com',1,'stk2qzhl428cw4s44swcw48ssg44gwc','$2y$13$stk2qzhl428cw4s44swcwutfRLuUmwEwyivdQTPaKA1wN33lP/oIC',NULL,0,0,NULL,NULL,NULL,'a:1:{i:0;s:16:\"ROLE_REPORT_USER\";}',0,NULL,10,'9333456824','NareshKumar'),(130,'Vships','vships','vship123@gmail.com','vship123@gmail.com',1,'gn2fr3aicl4w048cw4cg8wkckskg08g','$2y$13$gn2fr3aicl4w048cw4cg8uTSn9hdJNUf7Hj5HPjz27AhZ/Onljrpe','2016-04-08 17:53:07',0,0,NULL,NULL,NULL,'a:1:{i:0;s:22:\"ROLE_KPI_INFO PROVIDER\";}',0,NULL,10,'9008765432','VShips'),(132,'Manager','manager','man@gmail.com','man@gmail.com',1,'fx60syqzpyosg0ck0ko8ok08w0kcwcs','$2y$13$fx60syqzpyosg0ck0ko8oeep0RRl83Zdk23jPN/iuvABF3tqCqiUa','2016-06-09 18:52:14',0,0,NULL,NULL,NULL,'a:1:{i:0;s:12:\"ROLE_MANAGER\";}',0,NULL,10,NULL,NULL),(133,'kpiadmin','kpiadmin','kpi@gamil.com','kpi@gamil.com',1,'dnwrxg6vrhcggws0ck0w4880k44wg','$2y$13$dnwrxg6vrhcggws0ck0w4u67xEz20lwRuvxVnRsRSoKZrM6aqWKu2','2016-06-09 19:16:14',0,0,NULL,NULL,NULL,'a:1:{i:0;s:22:\"ROLE_KPI_INFO_PROVIDER\";}',0,NULL,10,NULL,NULL),(134,'Hari','hari','har123@gmail.com','har123@gmail.com',1,'n3liilffk408skg88swok0kgg8g8088','$2y$13$n3liilffk408skg88swokuR51VJtDsoOHJwI6b1JAm1Uno751FAYi','2016-04-11 23:20:58',0,0,NULL,NULL,NULL,'a:1:{i:0;s:12:\"ROLE_MANAGER\";}',0,NULL,10,'9008765432','hariprakash');
/*!40000 ALTER TABLE `fos_user` ENABLE KEYS */;
UNLOCK TABLES;

--
-- Table structure for table `kpi_details`
--

DROP TABLE IF EXISTS `kpi_details`;
/*!40101 SET @saved_cs_client     = @@character_set_client */;
/*!40101 SET character_set_client = utf8 */;
CREATE TABLE `kpi_details` (
  `id` int(11) NOT NULL AUTO_INCREMENT,
  `KpiName` varchar(125) COLLATE utf8_unicode_ci NOT NULL,
  `Description` varchar(150) COLLATE utf8_unicode_ci DEFAULT NULL,
  `ActiveDate` date NOT NULL,
  `EndDate` date NOT NULL,
  `CellName` varchar(35) COLLATE utf8_unicode_ci NOT NULL,
  `CellDetails` varchar(75) COLLATE utf8_unicode_ci DEFAULT NULL,
  `ShipDetailsId` int(11) DEFAULT NULL,
  `weightage` int(11) NOT NULL,
  PRIMARY KEY (`id`),
  KEY `IDX_7DB727695041247E` (`ShipDetailsId`),
  CONSTRAINT `FK_7DB727695041247E` FOREIGN KEY (`ShipDetailsId`) REFERENCES `ship_details` (`id`)
) ENGINE=InnoDB AUTO_INCREMENT=717 DEFAULT CHARSET=utf8 COLLATE=utf8_unicode_ci;
/*!40101 SET character_set_client = @saved_cs_client */;

--
-- Dumping data for table `kpi_details`
--

LOCK TABLES `kpi_details` WRITE;
/*!40000 ALTER TABLE `kpi_details` DISABLE KEYS */;
INSERT INTO `kpi_details` VALUES (549,'Vessel Performance','performance good','2015-02-28','2000-04-30','',NULL,26,10),(550,'Vessel Performance','performance good','2015-02-28','2000-04-30','',NULL,27,10),(551,'Vessel Performance','performance good','2015-02-28','2000-04-30','',NULL,28,10),(552,'Vessel Performance','performance good','2015-02-28','2000-04-30','',NULL,29,10),(553,'Vessel Performance','performance good','2015-02-28','2000-04-30','',NULL,30,10),(554,'Vessel Performance','performance good','2015-02-28','2000-04-30','',NULL,31,10),(555,'Vessel Performance','performance good','2015-02-28','2000-04-30','',NULL,32,10),(556,'Vessel Performance','performance good','2015-02-28','2000-04-30','',NULL,33,10),(557,'Vessel Performance','performance good','2015-02-28','2000-04-30','',NULL,34,10),(558,'Vessel Performance','performance good','2015-02-28','2000-04-30','',NULL,35,10),(559,'Vessel Performance','performance good','2015-02-28','2000-04-30','',NULL,36,10),(560,'Vessel Performance','performance good','2015-02-28','2000-04-30','',NULL,37,10),(561,'Vessel Performance','performance good','2015-02-28','2000-04-30','',NULL,38,10),(562,'Vessel Performance','performance good','2015-02-28','2000-04-30','',NULL,39,10),(563,'Vessel turn around in Port  ','performance bad','2014-05-31','2017-07-31','',NULL,26,5),(564,'Vessel turn around in Port  ','performance bad','2014-05-31','2017-07-31','',NULL,27,5),(565,'Vessel turn around in Port  ','performance bad','2014-05-31','2017-07-31','',NULL,28,5),(566,'Vessel turn around in Port  ','performance bad','2014-05-31','2017-07-31','',NULL,29,5),(567,'Vessel turn around in Port  ','performance bad','2014-05-31','2017-07-31','',NULL,30,5),(568,'Vessel turn around in Port  ','performance bad','2014-05-31','2017-07-31','',NULL,31,5),(569,'Vessel turn around in Port  ','performance bad','2014-05-31','2017-07-31','',NULL,32,5),(570,'Vessel turn around in Port  ','performance bad','2014-05-31','2017-07-31','',NULL,33,5),(571,'Vessel turn around in Port  ','performance bad','2014-05-31','2017-07-31','',NULL,34,5),(572,'Vessel turn around in Port  ','performance bad','2014-05-31','2017-07-31','',NULL,35,5),(573,'Vessel turn around in Port  ','performance bad','2014-05-31','2017-07-31','',NULL,36,5),(574,'Vessel turn around in Port  ','performance bad','2014-05-31','2017-07-31','',NULL,37,5),(575,'Vessel turn around in Port  ','performance bad','2014-05-31','2017-07-31','',NULL,38,5),(576,'Vessel turn around in Port  ','performance bad','2014-05-31','2017-07-31','',NULL,39,5),(577,'Bunker Management','performance good','2011-01-31','2011-01-31','',NULL,26,10),(578,'Bunker Management','performance good','2011-01-31','2011-01-31','',NULL,27,10),(579,'Bunker Management','performance good','2011-01-31','2011-01-31','',NULL,28,10),(580,'Bunker Management','performance good','2011-01-31','2011-01-31','',NULL,29,10),(581,'Bunker Management','performance good','2011-01-31','2011-01-31','',NULL,30,10),(582,'Bunker Management','performance good','2011-01-31','2011-01-31','',NULL,31,10),(583,'Bunker Management','performance good','2011-01-31','2011-01-31','',NULL,32,10),(584,'Bunker Management','performance good','2011-01-31','2011-01-31','',NULL,33,10),(585,'Bunker Management','performance good','2011-01-31','2011-01-31','',NULL,34,10),(586,'Bunker Management','performance good','2011-01-31','2011-01-31','',NULL,35,10),(587,'Bunker Management','performance good','2011-01-31','2011-01-31','',NULL,36,10),(588,'Bunker Management','performance good','2011-01-31','2011-01-31','',NULL,37,10),(589,'Bunker Management','performance good','2011-01-31','2011-01-31','',NULL,38,10),(590,'Bunker Management','performance good','2011-01-31','2011-01-31','',NULL,39,10),(591,'On Time Delivery','performance bad','2011-01-31','2011-01-31','',NULL,26,5),(592,'On Time Delivery','performance bad','2011-01-31','2011-01-31','',NULL,27,5),(593,'On Time Delivery','performance bad','2011-01-31','2011-01-31','',NULL,28,5),(594,'On Time Delivery','performance bad','2011-01-31','2011-01-31','',NULL,29,5),(595,'On Time Delivery','performance bad','2011-01-31','2011-01-31','',NULL,30,5),(596,'On Time Delivery','performance bad','2011-01-31','2011-01-31','',NULL,31,5),(597,'On Time Delivery','performance bad','2011-01-31','2011-01-31','',NULL,32,5),(598,'On Time Delivery','performance bad','2011-01-31','2011-01-31','',NULL,33,5),(599,'On Time Delivery','performance bad','2011-01-31','2011-01-31','',NULL,34,5),(600,'On Time Delivery','performance bad','2011-01-31','2011-01-31','',NULL,35,5),(601,'On Time Delivery','performance bad','2011-01-31','2011-01-31','',NULL,36,5),(602,'On Time Delivery','performance bad','2011-01-31','2011-01-31','',NULL,37,5),(603,'On Time Delivery','performance bad','2011-01-31','2011-01-31','',NULL,38,5),(604,'On Time Delivery','performance bad','2011-01-31','2011-01-31','',NULL,39,5),(605,'Lubricating Oil Management ','everythingg ','2011-01-01','2011-01-01','B14','About the cell details',26,5),(606,'Lubricating Oil Management ','everythingg ','2011-01-01','2011-01-01','B14','About the cell details',27,5),(607,'Lubricating Oil Management ','everythingg ','2011-01-01','2011-01-01','B14','About the cell details',28,5),(608,'Lubricating Oil Management ','everythingg ','2011-01-01','2011-01-01','B14','About the cell details',29,5),(609,'Lubricating Oil Management ','everythingg ','2011-01-01','2011-01-01','B14','About the cell details',30,5),(610,'Lubricating Oil Management ','everythingg ','2011-01-01','2011-01-01','B14','About the cell details',31,5),(611,'Lubricating Oil Management ','everythingg ','2011-01-01','2011-01-01','B14','About the cell details',32,5),(612,'Lubricating Oil Management ','everythingg ','2011-01-01','2011-01-01','B14','About the cell details',33,5),(613,'Lubricating Oil Management ','everythingg ','2011-01-01','2011-01-01','B14','About the cell details',34,5),(614,'Lubricating Oil Management ','everythingg ','2011-01-01','2011-01-01','B14','About the cell details',35,5),(615,'Lubricating Oil Management ','everythingg ','2011-01-01','2011-01-01','B14','About the cell details',36,5),(616,'Lubricating Oil Management ','everythingg ','2011-01-01','2011-01-01','B14','About the cell details',37,5),(617,'Lubricating Oil Management ','everythingg ','2011-01-01','2011-01-01','B14','About the cell details',38,5),(618,'Lubricating Oil Management ','everythingg ','2011-01-01','2011-01-01','B14','About the cell details',39,5),(619,'M&R Management','performance','2011-01-01','2011-01-01','B18','nnla',26,10),(620,'M&R Management','performance','2011-01-01','2011-01-01','B18','nnla',27,10),(621,'M&R Management','performance','2011-01-01','2011-01-01','B18','nnla',28,10),(622,'M&R Management','performance','2011-01-01','2011-01-01','B18','nnla',29,10),(623,'M&R Management','performance','2011-01-01','2011-01-01','B18','nnla',30,10),(624,'M&R Management','performance','2011-01-01','2011-01-01','B18','nnla',31,10),(625,'M&R Management','performance','2011-01-01','2011-01-01','B18','nnla',32,10),(626,'M&R Management','performance','2011-01-01','2011-01-01','B18','nnla',33,10),(627,'M&R Management','performance','2011-01-01','2011-01-01','B18','nnla',34,10),(628,'M&R Management','performance','2011-01-01','2011-01-01','B18','nnla',35,10),(629,'M&R Management','performance','2011-01-01','2011-01-01','B18','nnla',36,10),(630,'M&R Management','performance','2011-01-01','2011-01-01','B18','nnla',37,10),(631,'M&R Management','performance','2011-01-01','2011-01-01','B18','nnla',38,10),(632,'M&R Management','performance','2011-01-01','2011-01-01','B18','nnla',39,10),(633,'Technical Off-hire ','everythingg ','2011-01-01','2011-01-01','B19','jjj',26,10),(634,'Technical Off-hire ','everythingg ','2011-01-01','2011-01-01','B19','jjj',27,10),(635,'Technical Off-hire ','everythingg ','2011-01-01','2011-01-01','B19','jjj',28,10),(636,'Technical Off-hire ','everythingg ','2011-01-01','2011-01-01','B19','jjj',29,10),(637,'Technical Off-hire ','everythingg ','2011-01-01','2011-01-01','B19','jjj',30,10),(638,'Technical Off-hire ','everythingg ','2011-01-01','2011-01-01','B19','jjj',31,10),(639,'Technical Off-hire ','everythingg ','2011-01-01','2011-01-01','B19','jjj',32,10),(640,'Technical Off-hire ','everythingg ','2011-01-01','2011-01-01','B19','jjj',33,10),(641,'Technical Off-hire ','everythingg ','2011-01-01','2011-01-01','B19','jjj',34,10),(642,'Technical Off-hire ','everythingg ','2011-01-01','2011-01-01','B19','jjj',35,10),(643,'Technical Off-hire ','everythingg ','2011-01-01','2011-01-01','B19','jjj',36,10),(644,'Technical Off-hire ','everythingg ','2011-01-01','2011-01-01','B19','jjj',37,10),(645,'Technical Off-hire ','everythingg ','2011-01-01','2011-01-01','B19','jjj',38,10),(646,'Technical Off-hire ','everythingg ','2011-01-01','2011-01-01','B19','jjj',39,10),(647,'Fleet Safety','starrrr ','2011-01-01','2011-01-01','B23','jjj',26,10),(648,'Fleet Safety','starrrr ','2011-01-01','2011-01-01','B23','jjj',27,10),(649,'Fleet Safety','starrrr ','2011-01-01','2011-01-01','B23','jjj',28,10),(650,'Fleet Safety','starrrr ','2011-01-01','2011-01-01','B23','jjj',29,10),(651,'Fleet Safety','starrrr ','2011-01-01','2011-01-01','B23','jjj',30,10),(652,'Fleet Safety','starrrr ','2011-01-01','2011-01-01','B23','jjj',31,10),(653,'Fleet Safety','starrrr ','2011-01-01','2011-01-01','B23','jjj',32,10),(654,'Fleet Safety','starrrr ','2011-01-01','2011-01-01','B23','jjj',33,10),(655,'Fleet Safety','starrrr ','2011-01-01','2011-01-01','B23','jjj',34,10),(656,'Fleet Safety','starrrr ','2011-01-01','2011-01-01','B23','jjj',35,10),(657,'Fleet Safety','starrrr ','2011-01-01','2011-01-01','B23','jjj',36,10),(658,'Fleet Safety','starrrr ','2011-01-01','2011-01-01','B23','jjj',37,10),(659,'Fleet Safety','starrrr ','2011-01-01','2011-01-01','B23','jjj',38,10),(660,'Fleet Safety','starrrr ','2011-01-01','2011-01-01','B23','jjj',39,10),(661,'Budget performance ','working okay','2011-01-01','2011-01-01','B26','f4',26,10),(662,'Budget performance ','working okay','2011-01-01','2011-01-01','B26','f4',27,10),(663,'Budget performance ','working okay','2011-01-01','2011-01-01','B26','f4',28,10),(664,'Budget performance ','working okay','2011-01-01','2011-01-01','B26','f4',29,10),(665,'Budget performance ','working okay','2011-01-01','2011-01-01','B26','f4',30,10),(666,'Budget performance ','working okay','2011-01-01','2011-01-01','B26','f4',31,10),(667,'Budget performance ','working okay','2011-01-01','2011-01-01','B26','f4',32,10),(668,'Budget performance ','working okay','2011-01-01','2011-01-01','B26','f4',33,10),(669,'Budget performance ','working okay','2011-01-01','2011-01-01','B26','f4',34,10),(670,'Budget performance ','working okay','2011-01-01','2011-01-01','B26','f4',35,10),(671,'Budget performance ','working okay','2011-01-01','2011-01-01','B26','f4',36,10),(672,'Budget performance ','working okay','2011-01-01','2011-01-01','B26','f4',37,10),(673,'Budget performance ','working okay','2011-01-01','2011-01-01','B26','f4',38,10),(674,'Budget performance ','working okay','2011-01-01','2011-01-01','B26','f4',39,10),(675,'Crewing','performance good','2011-01-01','2011-01-01','B30','okayy',26,5),(676,'Crewing','performance good','2011-01-01','2011-01-01','B30','okayy',27,5),(677,'Crewing','performance good','2011-01-01','2011-01-01','B30','okayy',28,5),(678,'Crewing','performance good','2011-01-01','2011-01-01','B30','okayy',29,5),(679,'Crewing','performance good','2011-01-01','2011-01-01','B30','okayy',30,5),(680,'Crewing','performance good','2011-01-01','2011-01-01','B30','okayy',31,5),(681,'Crewing','performance good','2011-01-01','2011-01-01','B30','okayy',32,5),(682,'Crewing','performance good','2011-01-01','2011-01-01','B30','okayy',33,5),(683,'Crewing','performance good','2011-01-01','2011-01-01','B30','okayy',34,5),(684,'Crewing','performance good','2011-01-01','2011-01-01','B30','okayy',35,5),(685,'Crewing','performance good','2011-01-01','2011-01-01','B30','okayy',36,5),(686,'Crewing','performance good','2011-01-01','2011-01-01','B30','okayy',37,5),(687,'Crewing','performance good','2011-01-01','2011-01-01','B30','okayy',38,5),(688,'Crewing','performance good','2011-01-01','2011-01-01','B30','okayy',39,5),(689,'Dry Dock Management','performance good','2011-01-01','2011-01-01','B32','okayy',26,10),(690,'Dry Dock Management','performance good','2011-01-01','2011-01-01','B32','okayy',27,10),(691,'Dry Dock Management','performance good','2011-01-01','2011-01-01','B32','okayy',28,10),(692,'Dry Dock Management','performance good','2011-01-01','2011-01-01','B32','okayy',29,10),(693,'Dry Dock Management','performance good','2011-01-01','2011-01-01','B32','okayy',30,10),(694,'Dry Dock Management','performance good','2011-01-01','2011-01-01','B32','okayy',31,10),(695,'Dry Dock Management','performance good','2011-01-01','2011-01-01','B32','okayy',32,10),(696,'Dry Dock Management','performance good','2011-01-01','2011-01-01','B32','okayy',33,10),(697,'Dry Dock Management','performance good','2011-01-01','2011-01-01','B32','okayy',34,10),(698,'Dry Dock Management','performance good','2011-01-01','2011-01-01','B32','okayy',35,10),(699,'Dry Dock Management','performance good','2011-01-01','2011-01-01','B32','okayy',36,10),(700,'Dry Dock Management','performance good','2011-01-01','2011-01-01','B32','okayy',37,10),(701,'Dry Dock Management','performance good','2011-01-01','2011-01-01','B32','okayy',38,10),(702,'Dry Dock Management','performance good','2011-01-01','2011-01-01','B32','okayy',39,10),(703,'Inspections & Audit','performancegood','2011-01-01','2011-01-01','B36','jjj',26,10),(704,'Inspections & Audit','performancegood','2011-01-01','2011-01-01','B36','jjj',27,10),(705,'Inspections & Audit','performancegood','2011-01-01','2011-01-01','B36','jjj',28,10),(706,'Inspections & Audit','performancegood','2011-01-01','2011-01-01','B36','jjj',29,10),(707,'Inspections & Audit','performancegood','2011-01-01','2011-01-01','B36','jjj',30,10),(708,'Inspections & Audit','performancegood','2011-01-01','2011-01-01','B36','jjj',31,10),(709,'Inspections & Audit','performancegood','2011-01-01','2011-01-01','B36','jjj',32,10),(710,'Inspections & Audit','performancegood','2011-01-01','2011-01-01','B36','jjj',33,10),(711,'Inspections & Audit','performancegood','2011-01-01','2011-01-01','B36','jjj',34,10),(712,'Inspections & Audit','performancegood','2011-01-01','2011-01-01','B36','jjj',35,10),(713,'Inspections & Audit','performancegood','2011-01-01','2011-01-01','B36','jjj',36,10),(714,'Inspections & Audit','performancegood','2011-01-01','2011-01-01','B36','jjj',37,10),(715,'Inspections & Audit','performancegood','2011-01-01','2011-01-01','B36','jjj',38,10),(716,'Inspections & Audit','performancegood','2011-01-01','2011-01-01','B36','jjj',39,10);
/*!40000 ALTER TABLE `kpi_details` ENABLE KEYS */;
UNLOCK TABLES;

--
-- Table structure for table `kpi_rules`
--

DROP TABLE IF EXISTS `kpi_rules`;
/*!40101 SET @saved_cs_client     = @@character_set_client */;
/*!40101 SET character_set_client = utf8 */;
CREATE TABLE `kpi_rules` (
  `id` int(11) NOT NULL AUTO_INCREMENT,
  `Rules` varchar(255) COLLATE utf8_unicode_ci NOT NULL,
  `KpiDetailsId` int(11) DEFAULT NULL,
  PRIMARY KEY (`id`),
  KEY `IDX_38214772F10FA648` (`KpiDetailsId`),
  CONSTRAINT `FK_38214772F10FA648` FOREIGN KEY (`KpiDetailsId`) REFERENCES `kpi_details` (`id`)
) ENGINE=InnoDB AUTO_INCREMENT=61 DEFAULT CHARSET=utf8 COLLATE=utf8_unicode_ci;
/*!40101 SET character_set_client = @saved_cs_client */;

--
-- Dumping data for table `kpi_rules`
--

LOCK TABLES `kpi_rules` WRITE;
/*!40000 ALTER TABLE `kpi_rules` DISABLE KEYS */;
INSERT INTO `kpi_rules` VALUES (26,'{\"operators\":{},\"actions\":{\"name\":\"action-select\",\"value\":\"Red\"},\"conditions\":{\"all\":[{\"name\":\"ageField\",\"operator\":\"lessThan\",\"value\":\"1.58\"}]}}',549),(27,'{\"operators\":{},\"actions\":{\"name\":\"action-select\",\"value\":\"Green\"},\"conditions\":{\"all\":[{\"name\":\"ageField\",\"operator\":\"greaterThanEqual\",\"value\":\"2.42\"}]}}',549),(28,'{\"operators\":{},\"actions\":{\"name\":\"action-select\",\"value\":\"Yellow\"},\"conditions\":{\"all\":[{\"name\":\"ageField\",\"operator\":\"greaterThanEqual\",\"value\":\"1.58\"}]}}',549),(29,'{\"operators\":{},\"actions\":{\"name\":\"action-select\",\"value\":\"Red\"},\"conditions\":{\"all\":[{\"name\":\"ageField\",\"operator\":\"lessThan\",\"value\":\"1.58\"}]}}',563),(30,'{\"operators\":{},\"actions\":{\"name\":\"action-select\",\"value\":\"Green\"},\"conditions\":{\"all\":[{\"name\":\"ageField\",\"operator\":\"greaterThanEqual\",\"value\":\"2.42\"}]}}',563),(31,'{\"operators\":{},\"actions\":{\"name\":\"action-select\",\"value\":\"Yellow\"},\"conditions\":{\"all\":[{\"name\":\"ageField\",\"operator\":\"greaterThanEqual\",\"value\":\"1.58\"}]}}\n',563),(32,'{\"operators\":{},\"actions\":{\"name\":\"action-select\",\"value\":\"Red\"},\"conditions\":{\"all\":[{\"name\":\"ageField\",\"operator\":\"lessThan\",\"value\":\"1.58\"}]}}',577),(33,'{\"operators\":{},\"actions\":{\"name\":\"action-select\",\"value\":\"Green\"},\"conditions\":{\"all\":[{\"name\":\"ageField\",\"operator\":\"greaterThanEqual\",\"value\":\"2.42\"}]}}',577),(34,'{\"operators\":{},\"actions\":{\"name\":\"action-select\",\"value\":\"Yellow\"},\"conditions\":{\"all\":[{\"name\":\"ageField\",\"operator\":\"greaterThanEqual\",\"value\":\"1.58\"}]}}\n',577),(35,'{\"operators\":{},\"actions\":{\"name\":\"action-select\",\"value\":\"Red\"},\"conditions\":{\"all\":[{\"name\":\"ageField\",\"operator\":\"lessThan\",\"value\":\"1.58\"}]}}',591),(36,'{\"operators\":{},\"actions\":{\"name\":\"action-select\",\"value\":\"Yellow\"},\"conditions\":{\"all\":[{\"name\":\"ageField\",\"operator\":\"greaterThanEqual\",\"value\":\"1.58\"}]}}',591),(37,'{\"operators\":{},\"actions\":{\"name\":\"action-select\",\"value\":\"Green\"},\"conditions\":{\"all\":[{\"name\":\"ageField\",\"operator\":\"greaterThanEqual\",\"value\":\"2.42\"}]}}',591),(38,'{\"operators\":{},\"actions\":{\"name\":\"action-select\",\"value\":\"Red\"},\"conditions\":{\"all\":[{\"name\":\"ageField\",\"operator\":\"lessThan\",\"value\":\"1.58\"}]}}',605),(39,'{\"operators\":{},\"actions\":{\"name\":\"action-select\",\"value\":\"Yellow\"},\"conditions\":{\"all\":[{\"name\":\"ageField\",\"operator\":\"greaterThanEqual\",\"value\":\"1.58\"}]}}',605),(40,'{\"operators\":{},\"actions\":{\"name\":\"action-select\",\"value\":\"Green\"},\"conditions\":{\"all\":[{\"name\":\"ageField\",\"operator\":\"greaterThanEqual\",\"value\":\"2.42\"}]}}',605),(41,'{\"operators\":{},\"actions\":{\"name\":\"action-select\",\"value\":\"Red\"},\"conditions\":{\"all\":[{\"name\":\"ageField\",\"operator\":\"lessThan\",\"value\":\"1.58\"}]}}',619),(42,'{\"operators\":{},\"actions\":{\"name\":\"action-select\",\"value\":\"Yellow\"},\"conditions\":{\"all\":[{\"name\":\"ageField\",\"operator\":\"greaterThanEqual\",\"value\":\"1.58\"}]}}',619),(43,'{\"operators\":{},\"actions\":{\"name\":\"action-select\",\"value\":\"Green\"},\"conditions\":{\"all\":[{\"name\":\"ageField\",\"operator\":\"greaterThanEqual\",\"value\":\"2.42\"}]}}',619),(44,'{\"operators\":{},\"actions\":{\"name\":\"action-select\",\"value\":\"Red\"},\"conditions\":{\"all\":[{\"name\":\"ageField\",\"operator\":\"lessThan\",\"value\":\"1.58\"}]}}',633),(45,'{\"operators\":{},\"actions\":{\"name\":\"action-select\",\"value\":\"Yellow\"},\"conditions\":{\"all\":[{\"name\":\"ageField\",\"operator\":\"greaterThanEqual\",\"value\":\"1.58\"}]}}',633),(46,'{\"operators\":{},\"actions\":{\"name\":\"action-select\",\"value\":\"Green\"},\"conditions\":{\"all\":[{\"name\":\"ageField\",\"operator\":\"greaterThanEqual\",\"value\":\"2.42\"}]}}',633),(47,'{\"operators\":{},\"actions\":{\"name\":\"action-select\",\"value\":\"Red\"},\"conditions\":{\"all\":[{\"name\":\"ageField\",\"operator\":\"lessThan\",\"value\":\"1.58\"}]}}',647),(48,'{\"operators\":{},\"actions\":{\"name\":\"action-select\",\"value\":\"Yellow\"},\"conditions\":{\"all\":[{\"name\":\"ageField\",\"operator\":\"greaterThanEqual\",\"value\":\"1.58\"}]}}',647),(49,'{\"operators\":{},\"actions\":{\"name\":\"action-select\",\"value\":\"Green\"},\"conditions\":{\"all\":[{\"name\":\"ageField\",\"operator\":\"greaterThanEqual\",\"value\":\"2.42\"}]}}',647),(50,'{\"operators\":{},\"actions\":{\"name\":\"action-select\",\"value\":\"Red\"},\"conditions\":{\"all\":[{\"name\":\"ageField\",\"operator\":\"lessThan\",\"value\":\"1.58\"}]}}',661),(51,'{\"operators\":{},\"actions\":{\"name\":\"action-select\",\"value\":\"Green\"},\"conditions\":{\"all\":[{\"name\":\"ageField\",\"operator\":\"greaterThanEqual\",\"value\":\"2.42\"}]}}',661),(52,'{\"operators\":{},\"actions\":{\"name\":\"action-select\",\"value\":\"Red\"},\"conditions\":{\"all\":[{\"name\":\"ageField\",\"operator\":\"lessThan\",\"value\":\"1.58\"}]}}',675),(53,'{\"operators\":{},\"actions\":{\"name\":\"action-select\",\"value\":\"Yellow\"},\"conditions\":{\"all\":[{\"name\":\"ageField\",\"operator\":\"greaterThanEqual\",\"value\":\"1.58\"}]}}',675),(54,'{\"operators\":{},\"actions\":{\"name\":\"action-select\",\"value\":\"Green\"},\"conditions\":{\"all\":[{\"name\":\"ageField\",\"operator\":\"greaterThanEqual\",\"value\":\"2.42\"}]}}',675),(55,'{\"operators\":{},\"actions\":{\"name\":\"action-select\",\"value\":\"Red\"},\"conditions\":{\"all\":[{\"name\":\"ageField\",\"operator\":\"lessThan\",\"value\":\"1.58\"}]}}',689),(56,'{\"operators\":{},\"actions\":{\"name\":\"action-select\",\"value\":\"Green\"},\"conditions\":{\"all\":[{\"name\":\"ageField\",\"operator\":\"greaterThanEqual\",\"value\":\"2.42\"}]}}',689),(57,'{\"operators\":{},\"actions\":{\"name\":\"action-select\",\"value\":\"Red\"},\"conditions\":{\"all\":[{\"name\":\"ageField\",\"operator\":\"lessThan\",\"value\":\"1.58\"}]}}',703),(58,'{\"operators\":{},\"actions\":{\"name\":\"action-select\",\"value\":\"Yellow\"},\"conditions\":{\"all\":[{\"name\":\"ageField\",\"operator\":\"greaterThanEqual\",\"value\":\"1.58\"}]}}',703),(59,'{\"operators\":{},\"actions\":{\"name\":\"action-select\",\"value\":\"Green\"},\"conditions\":{\"all\":[{\"name\":\"ageField\",\"operator\":\"greaterThanEqual\",\"value\":\"2.42\"}]}}',703),(60,'{\"operators\":{},\"actions\":{\"name\":\"action-select\",\"value\":\"Yellow\"},\"conditions\":{\"all\":[{\"name\":\"ageField\",\"operator\":\"greaterThanEqual\",\"value\":\"1.58\"}]}}',661);
/*!40000 ALTER TABLE `kpi_rules` ENABLE KEYS */;
UNLOCK TABLES;

--
-- Table structure for table `mailing`
--

DROP TABLE IF EXISTS `mailing`;
/*!40101 SET @saved_cs_client     = @@character_set_client */;
/*!40101 SET character_set_client = utf8 */;
CREATE TABLE `mailing` (
  `id` int(11) NOT NULL AUTO_INCREMENT,
  `companyid` int(11) DEFAULT NULL,
  `username` varchar(255) COLLATE utf8_unicode_ci NOT NULL,
  `emailid` varchar(255) COLLATE utf8_unicode_ci NOT NULL,
  PRIMARY KEY (`id`),
  KEY `IDX_3ED9315EB104C381` (`companyid`),
  CONSTRAINT `FK_3ED9315EB104C381` FOREIGN KEY (`companyid`) REFERENCES `company_details` (`id`)
) ENGINE=InnoDB DEFAULT CHARSET=utf8 COLLATE=utf8_unicode_ci;
/*!40101 SET character_set_client = @saved_cs_client */;

--
-- Dumping data for table `mailing`
--

LOCK TABLES `mailing` WRITE;
/*!40000 ALTER TABLE `mailing` DISABLE KEYS */;
/*!40000 ALTER TABLE `mailing` ENABLE KEYS */;
UNLOCK TABLES;

--
-- Table structure for table `mailing_group`
--

DROP TABLE IF EXISTS `mailing_group`;
/*!40101 SET @saved_cs_client     = @@character_set_client */;
/*!40101 SET character_set_client = utf8 */;
CREATE TABLE `mailing_group` (
  `id` int(11) NOT NULL AUTO_INCREMENT,
  `emailreferenceid` int(11) DEFAULT NULL,
  `groupname` varchar(255) COLLATE utf8_unicode_ci NOT NULL,
  PRIMARY KEY (`id`),
  KEY `IDX_38946E611E2E73F2` (`emailreferenceid`),
  CONSTRAINT `FK_38946E611E2E73F2` FOREIGN KEY (`emailreferenceid`) REFERENCES `mailing` (`id`)
) ENGINE=InnoDB DEFAULT CHARSET=utf8 COLLATE=utf8_unicode_ci;
/*!40101 SET character_set_client = @saved_cs_client */;

--
-- Dumping data for table `mailing_group`
--

LOCK TABLES `mailing_group` WRITE;
/*!40000 ALTER TABLE `mailing_group` DISABLE KEYS */;
/*!40000 ALTER TABLE `mailing_group` ENABLE KEYS */;
UNLOCK TABLES;

--
-- Table structure for table `ranking__lookup_data`
--

DROP TABLE IF EXISTS `ranking__lookup_data`;
/*!40101 SET @saved_cs_client     = @@character_set_client */;
/*!40101 SET character_set_client = utf8 */;
CREATE TABLE `ranking__lookup_data` (
  `id` int(11) NOT NULL AUTO_INCREMENT,
  `elementdata` varchar(255) COLLATE utf8_unicode_ci NOT NULL,
  `elementcolor` varchar(255) COLLATE utf8_unicode_ci NOT NULL,
  `monthdetail` date NOT NULL,
  `ShipDetailsId` int(11) DEFAULT NULL,
  `KpiDetailsId` int(11) DEFAULT NULL,
  `ElementDetailsId` int(11) DEFAULT NULL,
  PRIMARY KEY (`id`),
  KEY `IDX_BBB3C63D5041247E` (`ShipDetailsId`),
  KEY `IDX_BBB3C63DF10FA648` (`KpiDetailsId`),
  KEY `IDX_BBB3C63DABFC5A8E` (`ElementDetailsId`),
  CONSTRAINT `FK_BBB3C63D5041247E` FOREIGN KEY (`ShipDetailsId`) REFERENCES `ship_details` (`id`),
  CONSTRAINT `FK_BBB3C63DABFC5A8E` FOREIGN KEY (`ElementDetailsId`) REFERENCES `ranking_element_details` (`id`),
  CONSTRAINT `FK_BBB3C63DF10FA648` FOREIGN KEY (`KpiDetailsId`) REFERENCES `ranking_kpi_details` (`id`)
) ENGINE=InnoDB AUTO_INCREMENT=1637 DEFAULT CHARSET=utf8 COLLATE=utf8_unicode_ci;
/*!40101 SET character_set_client = @saved_cs_client */;

--
-- Dumping data for table `ranking__lookup_data`
--

LOCK TABLES `ranking__lookup_data` WRITE;
/*!40000 ALTER TABLE `ranking__lookup_data` DISABLE KEYS */;
INSERT INTO `ranking__lookup_data` VALUES (557,'100','Green','2016-03-31',26,169,5),(558,'0','false','2016-03-31',26,183,6),(559,'40','Green','2016-03-31',26,183,7),(560,'0','Red','2016-03-31',26,183,8),(561,'25','Yellow','2016-03-31',26,197,9),(562,'0','false','2016-03-31',26,197,10),(563,'14','Green','2016-03-31',26,211,11),(564,'14','Green','2016-03-31',26,211,12),(565,'14','Green','2016-03-31',26,211,13),(566,'7','Yellow','2016-03-31',26,211,14),(567,'5','Yellow','2016-03-31',26,211,15),(568,'10','Green','2016-03-31',26,211,16),(569,'3','Yellow','2016-03-31',26,211,17),(570,'6','Green','2016-03-31',26,211,18),(571,'6','Green','2016-03-31',26,211,19),(572,'6','Green','2016-03-31',26,211,20),(573,'20','Yellow','2016-03-31',26,225,21),(574,'10','Yellow','2016-03-31',26,225,22),(575,'20','Yellow','2016-03-31',26,225,23),(576,'50','Green','2016-03-31',26,239,24),(577,'50','Green','2016-03-31',26,239,25),(578,'30','Green','2016-03-31',26,253,26),(579,'70','Green','2016-03-31',26,253,27),(580,'100','Green','2016-03-31',26,281,28),(605,'100','Green','2016-03-31',32,169,5),(606,'0','false','2016-03-31',32,183,6),(607,'40','Green','2016-03-31',32,183,7),(608,'20','Green','2016-03-31',32,183,8),(609,'0','Red','2016-03-31',32,197,9),(610,'0','Red','2016-03-31',32,197,10),(611,'14','Green','2016-03-31',32,211,11),(612,'14','Green','2016-03-31',32,211,12),(613,'14','Green','2016-03-31',32,211,13),(614,'14','Green','2016-03-31',32,211,14),(615,'5','Yellow','2016-03-31',32,211,15),(616,'0','false','2016-03-31',32,211,16),(617,'3','Yellow','2016-03-31',32,211,17),(618,'6','Green','2016-03-31',32,211,18),(619,'6','Green','2016-03-31',32,211,19),(620,'6','Green','2016-03-31',32,211,20),(621,'20','Yellow','2016-03-31',32,225,21),(622,'0','Red','2016-03-31',32,225,22),(623,'20','Yellow','2016-03-31',32,225,23),(624,'0','Red','2016-03-31',32,239,24),(625,'0','Red','2016-03-31',32,239,25),(626,'30','Green','2016-03-31',32,253,26),(627,'70','Green','2016-03-31',32,253,27),(628,'100','Green','2016-03-31',32,281,28),(629,'50','Yellow','2016-03-31',29,169,5),(630,'0','false','2016-03-31',29,183,6),(631,'20','Yellow','2016-03-31',29,183,7),(632,'20','Green','2016-03-31',29,183,8),(633,'0','Red','2016-03-31',29,197,9),(634,'0','false','2016-03-31',29,197,10),(635,'7','Yellow','2016-03-31',29,211,11),(636,'7','Yellow','2016-03-31',29,211,12),(637,'14','Green','2016-03-31',29,211,13),(638,'14','Green','2016-03-31',29,211,14),(639,'5','Yellow','2016-03-31',29,211,15),(640,'0','Red','2016-03-31',29,211,16),(641,'0','Red','2016-03-31',29,211,17),(642,'6','Green','2016-03-31',29,211,18),(643,'6','Green','2016-03-31',29,211,19),(644,'6','Green','2016-03-31',29,211,20),(645,'0','Red','2016-03-31',29,225,21),(646,'0','Red','2016-03-31',29,225,22),(647,'0','Red','2016-03-31',29,225,23),(648,'0','Red','2016-03-31',29,239,24),(649,'0','Red','2016-03-31',29,239,25),(650,'30','Green','2016-03-31',29,253,26),(651,'70','Green','2016-03-31',29,253,27),(652,'0','false','2016-03-31',29,281,28),(701,'100','Green','2016-01-31',26,169,5),(702,'0','false','2016-01-31',26,183,6),(703,'0','Red','2016-01-31',26,183,7),(704,'20','Green','2016-01-31',26,183,8),(705,'50','Green','2016-01-31',26,197,9),(706,'50','Green','2016-01-31',26,197,10),(707,'14','Green','2016-01-31',26,211,11),(708,'14','Green','2016-01-31',26,211,12),(709,'14','Green','2016-01-31',26,211,13),(710,'14','Green','2016-01-31',26,211,14),(711,'10','Green','2016-01-31',26,211,15),(712,'5','Yellow','2016-01-31',26,211,16),(713,'6','Green','2016-01-31',26,211,17),(714,'6','Green','2016-01-31',26,211,18),(715,'6','Green','2016-01-31',26,211,19),(716,'6','Green','2016-01-31',26,211,20),(717,'40','Green','2016-01-31',26,225,21),(718,'20','Green','2016-01-31',26,225,22),(719,'40','Green','2016-01-31',26,225,23),(720,'50','Green','2016-01-31',26,239,24),(721,'50','Green','2016-01-31',26,239,25),(722,'30','Green','2016-01-31',26,253,26),(723,'70','Green','2016-01-31',26,253,27),(724,'100','Green','2016-01-31',26,281,28),(725,'100','Green','2016-03-31',28,169,5),(726,'0','false','2016-03-31',28,183,6),(727,'40','Green','2016-03-31',28,183,7),(728,'20','Green','2016-03-31',28,183,8),(729,'0','Red','2016-03-31',28,197,9),(730,'0','false','2016-03-31',28,197,10),(731,'14','Green','2016-03-31',28,211,11),(732,'14','Green','2016-03-31',28,211,12),(733,'14','Green','2016-03-31',28,211,13),(734,'7','Yellow','2016-03-31',28,211,14),(735,'5','Yellow','2016-03-31',28,211,15),(736,'0','false','2016-03-31',28,211,16),(737,'6','Green','2016-03-31',28,211,17),(738,'6','Green','2016-03-31',28,211,18),(739,'6','Green','2016-03-31',28,211,19),(740,'3','Yellow','2016-03-31',28,211,20),(741,'20','Yellow','2016-03-31',28,225,21),(742,'10','Yellow','2016-03-31',28,225,22),(743,'20','Yellow','2016-03-31',28,225,23),(744,'25','Yellow','2016-03-31',28,239,24),(745,'50','Green','2016-03-31',28,239,25),(746,'30','Green','2016-03-31',28,253,26),(747,'70','Green','2016-03-31',28,253,27),(748,'100','Green','2016-03-31',28,281,28),(749,'50','Yellow','2016-03-31',27,169,5),(750,'0','false','2016-03-31',27,183,6),(751,'40','Green','2016-03-31',27,183,7),(752,'20','Green','2016-03-31',27,183,8),(753,'25','Yellow','2016-03-31',27,197,9),(754,'0','false','2016-03-31',27,197,10),(755,'14','Green','2016-03-31',27,211,11),(756,'14','Green','2016-03-31',27,211,12),(757,'7','Yellow','2016-03-31',27,211,13),(758,'7','Yellow','2016-03-31',27,211,14),(759,'5','Yellow','2016-03-31',27,211,15),(760,'10','Green','2016-03-31',27,211,16),(761,'3','Yellow','2016-03-31',27,211,17),(762,'6','Green','2016-03-31',27,211,18),(763,'6','Green','2016-03-31',27,211,19),(764,'6','Green','2016-03-31',27,211,20),(765,'20','Yellow','2016-03-31',27,225,21),(766,'10','Yellow','2016-03-31',27,225,22),(767,'0','Red','2016-03-31',27,225,23),(768,'50','Green','2016-03-31',27,239,24),(769,'50','Green','2016-03-31',27,239,25),(770,'30','Green','2016-03-31',27,253,26),(771,'70','Green','2016-03-31',27,253,27),(772,'100','Green','2016-03-31',27,281,28),(773,'50','Yellow','2016-03-31',30,169,5),(774,'0','false','2016-03-31',30,183,6),(775,'0','Red','2016-03-31',30,183,7),(776,'20','Green','2016-03-31',30,183,8),(777,'0','Red','2016-03-31',30,197,9),(778,'0','false','2016-03-31',30,197,10),(779,'14','Green','2016-03-31',30,211,11),(780,'14','Green','2016-03-31',30,211,12),(781,'14','Green','2016-03-31',30,211,13),(782,'14','Green','2016-03-31',30,211,14),(783,'10','Green','2016-03-31',30,211,15),(784,'0','false','2016-03-31',30,211,16),(785,'0','Red','2016-03-31',30,211,17),(786,'6','Green','2016-03-31',30,211,18),(787,'6','Green','2016-03-31',30,211,19),(788,'6','Green','2016-03-31',30,211,20),(789,'0','Red','2016-03-31',30,225,21),(790,'0','Red','2016-03-31',30,225,22),(791,'0','Red','2016-03-31',30,225,23),(792,'25','Yellow','2016-03-31',30,239,24),(793,'25','Yellow','2016-03-31',30,239,25),(794,'30','Green','2016-03-31',30,253,26),(795,'70','Green','2016-03-31',30,253,27),(796,'100','Green','2016-03-31',30,281,28),(821,'100','Green','2016-03-31',31,169,5),(822,'0','false','2016-03-31',31,183,6),(823,'0','Red','2016-03-31',31,183,7),(824,'20','Green','2016-03-31',31,183,8),(825,'0','Red','2016-03-31',31,197,9),(826,'0','false','2016-03-31',31,197,10),(827,'7','Yellow','2016-03-31',31,211,11),(828,'0','Red','2016-03-31',31,211,12),(829,'7','Yellow','2016-03-31',31,211,13),(830,'0','Red','2016-03-31',31,211,14),(831,'10','Green','2016-03-31',31,211,15),(832,'10','Green','2016-03-31',31,211,16),(833,'6','Green','2016-03-31',31,211,17),(834,'6','Green','2016-03-31',31,211,18),(835,'6','Green','2016-03-31',31,211,19),(836,'3','Yellow','2016-03-31',31,211,20),(837,'0','Red','2016-03-31',31,225,21),(838,'0','Red','2016-03-31',31,225,22),(839,'0','Red','2016-03-31',31,225,23),(840,'0','Red','2016-03-31',31,239,24),(841,'0','Red','2016-03-31',31,239,25),(842,'30','Green','2016-03-31',31,253,26),(843,'70','Green','2016-03-31',31,253,27),(844,'100','Green','2016-03-31',31,281,28),(845,'50','Yellow','2016-03-31',33,169,5),(846,'0','false','2016-03-31',33,183,6),(847,'40','Green','2016-03-31',33,183,7),(848,'20','Green','2016-03-31',33,183,8),(849,'0','Red','2016-03-31',33,197,9),(850,'50','Green','2016-03-31',33,197,10),(851,'14','Green','2016-03-31',33,211,11),(852,'7','Yellow','2016-03-31',33,211,12),(853,'7','Yellow','2016-03-31',33,211,13),(854,'14','Green','2016-03-31',33,211,14),(855,'5','Yellow','2016-03-31',33,211,15),(856,'10','Green','2016-03-31',33,211,16),(857,'0','Red','2016-03-31',33,211,17),(858,'6','Green','2016-03-31',33,211,18),(859,'6','Green','2016-03-31',33,211,19),(860,'6','Green','2016-03-31',33,211,20),(861,'20','Yellow','2016-03-31',33,225,21),(862,'10','Yellow','2016-03-31',33,225,22),(863,'20','Yellow','2016-03-31',33,225,23),(864,'25','Yellow','2016-03-31',33,239,24),(865,'25','Yellow','2016-03-31',33,239,25),(866,'30','Green','2016-03-31',33,253,26),(867,'70','Green','2016-03-31',33,253,27),(868,'100','Green','2016-03-31',33,281,28),(869,'50','Yellow','2016-03-31',34,169,5),(870,'0','false','2016-03-31',34,183,6),(871,'40','Green','2016-03-31',34,183,7),(872,'20','Green','2016-03-31',34,183,8),(873,'0','Red','2016-03-31',34,197,9),(874,'0','false','2016-03-31',34,197,10),(875,'14','Green','2016-03-31',34,211,11),(876,'14','Green','2016-03-31',34,211,12),(877,'14','Green','2016-03-31',34,211,13),(878,'7','Yellow','2016-03-31',34,211,14),(879,'10','Green','2016-03-31',34,211,15),(880,'0','false','2016-03-31',34,211,16),(881,'6','Green','2016-03-31',34,211,17),(882,'6','Green','2016-03-31',34,211,18),(883,'6','Green','2016-03-31',34,211,19),(884,'3','Yellow','2016-03-31',34,211,20),(885,'20','Yellow','2016-03-31',34,225,21),(886,'10','Yellow','2016-03-31',34,225,22),(887,'20','Yellow','2016-03-31',34,225,23),(888,'50','Green','2016-03-31',34,239,24),(889,'25','Yellow','2016-03-31',34,239,25),(890,'30','Green','2016-03-31',34,253,26),(891,'70','Green','2016-03-31',34,253,27),(892,'100','Green','2016-03-31',34,281,28),(893,'50','Yellow','2016-03-31',35,169,5),(894,'0','false','2016-03-31',35,183,6),(895,'40','Green','2016-03-31',35,183,7),(896,'20','Green','2016-03-31',35,183,8),(897,'25','Yellow','2016-03-31',35,197,9),(898,'0','false','2016-03-31',35,197,10),(899,'14','Green','2016-03-31',35,211,11),(900,'7','Yellow','2016-03-31',35,211,12),(901,'7','Yellow','2016-03-31',35,211,13),(902,'7','Yellow','2016-03-31',35,211,14),(903,'10','Green','2016-03-31',35,211,15),(904,'10','Green','2016-03-31',35,211,16),(905,'6','Green','2016-03-31',35,211,17),(906,'6','Green','2016-03-31',35,211,18),(907,'6','Green','2016-03-31',35,211,19),(908,'6','Green','2016-03-31',35,211,20),(909,'20','Yellow','2016-03-31',35,225,21),(910,'10','Yellow','2016-03-31',35,225,22),(911,'20','Yellow','2016-03-31',35,225,23),(912,'25','Yellow','2016-03-31',35,239,24),(913,'0','Red','2016-03-31',35,239,25),(914,'30','Green','2016-03-31',35,253,26),(915,'70','Green','2016-03-31',35,253,27),(916,'100','Green','2016-03-31',35,281,28),(917,'50','Yellow','2016-03-31',36,169,5),(918,'0','false','2016-03-31',36,183,6),(919,'40','Green','2016-03-31',36,183,7),(920,'20','Green','2016-03-31',36,183,8),(921,'0','Red','2016-03-31',36,197,9),(922,'50','Green','2016-03-31',36,197,10),(923,'14','Green','2016-03-31',36,211,11),(924,'7','Yellow','2016-03-31',36,211,12),(925,'7','Yellow','2016-03-31',36,211,13),(926,'7','Yellow','2016-03-31',36,211,14),(927,'10','Green','2016-03-31',36,211,15),(928,'0','Red','2016-03-31',36,211,16),(929,'6','Green','2016-03-31',36,211,17),(930,'3','Yellow','2016-03-31',36,211,18),(931,'6','Green','2016-03-31',36,211,19),(932,'6','Green','2016-03-31',36,211,20),(933,'40','Green','2016-03-31',36,225,21),(934,'10','Yellow','2016-03-31',36,225,22),(935,'0','Red','2016-03-31',36,225,23),(936,'25','Yellow','2016-03-31',36,239,24),(937,'25','Yellow','2016-03-31',36,239,25),(938,'0','Red','2016-03-31',36,253,26),(939,'70','Green','2016-03-31',36,253,27),(940,'100','Green','2016-03-31',36,281,28),(941,'100','Green','2016-03-31',37,169,5),(942,'0','false','2016-03-31',37,183,6),(943,'40','Green','2016-03-31',37,183,7),(944,'0','Red','2016-03-31',37,183,8),(945,'25','Yellow','2016-03-31',37,197,9),(946,'0','false','2016-03-31',37,197,10),(947,'14','Green','2016-03-31',37,211,11),(948,'14','Green','2016-03-31',37,211,12),(949,'14','Green','2016-03-31',37,211,13),(950,'14','Green','2016-03-31',37,211,14),(951,'10','Green','2016-03-31',37,211,15),(952,'5','Yellow','2016-03-31',37,211,16),(953,'3','Yellow','2016-03-31',37,211,17),(954,'6','Green','2016-03-31',37,211,18),(955,'6','Green','2016-03-31',37,211,19),(956,'6','Green','2016-03-31',37,211,20),(957,'20','Yellow','2016-03-31',37,225,21),(958,'10','Yellow','2016-03-31',37,225,22),(959,'20','Yellow','2016-03-31',37,225,23),(960,'50','Green','2016-03-31',37,239,24),(961,'50','Green','2016-03-31',37,239,25),(962,'30','Green','2016-03-31',37,253,26),(963,'70','Green','2016-03-31',37,253,27),(964,'100','Green','2016-03-31',37,281,28),(965,'50','Yellow','2016-03-31',38,169,5),(966,'20','Yellow','2016-03-31',38,183,6),(967,'40','Green','2016-03-31',38,183,7),(968,'20','Green','2016-03-31',38,183,8),(969,'25','Yellow','2016-03-31',38,197,9),(970,'0','false','2016-03-31',38,197,10),(971,'14','Green','2016-03-31',38,211,11),(972,'14','Green','2016-03-31',38,211,12),(973,'14','Green','2016-03-31',38,211,13),(974,'14','Green','2016-03-31',38,211,14),(975,'10','Green','2016-03-31',38,211,15),(976,'5','Yellow','2016-03-31',38,211,16),(977,'3','Yellow','2016-03-31',38,211,17),(978,'6','Green','2016-03-31',38,211,18),(979,'6','Green','2016-03-31',38,211,19),(980,'6','Green','2016-03-31',38,211,20),(981,'0','Red','2016-03-31',38,225,21),(982,'0','Red','2016-03-31',38,225,22),(983,'0','Red','2016-03-31',38,225,23),(984,'50','Green','2016-03-31',38,239,24),(985,'50','Green','2016-03-31',38,239,25),(986,'30','Green','2016-03-31',38,253,26),(987,'70','Green','2016-03-31',38,253,27),(988,'100','Green','2016-03-31',38,281,28),(989,'100','Green','2016-01-31',27,169,5),(990,'0','false','2016-01-31',27,183,6),(991,'40','Green','2016-01-31',27,183,7),(992,'20','Green','2016-01-31',27,183,8),(993,'50','Green','2016-01-31',27,197,9),(994,'50','Green','2016-01-31',27,197,10),(995,'14','Green','2016-01-31',27,211,11),(996,'14','Green','2016-01-31',27,211,12),(997,'14','Green','2016-01-31',27,211,13),(998,'14','Green','2016-01-31',27,211,14),(999,'10','Green','2016-01-31',27,211,15),(1000,'10','Green','2016-01-31',27,211,16),(1001,'6','Green','2016-01-31',27,211,17),(1002,'6','Green','2016-01-31',27,211,18),(1003,'6','Green','2016-01-31',27,211,19),(1004,'6','Green','2016-01-31',27,211,20),(1005,'40','Green','2016-01-31',27,225,21),(1006,'20','Green','2016-01-31',27,225,22),(1007,'40','Green','2016-01-31',27,225,23),(1008,'50','Green','2016-01-31',27,239,24),(1009,'50','Green','2016-01-31',27,239,25),(1010,'30','Green','2016-01-31',27,253,26),(1011,'70','Green','2016-01-31',27,253,27),(1012,'50','Yellow','2016-01-31',27,281,28),(1013,'100','Green','2016-01-31',28,169,5),(1014,'20','Yellow','2016-01-31',28,183,6),(1015,'40','Green','2016-01-31',28,183,7),(1016,'0','Red','2016-01-31',28,183,8),(1017,'50','Green','2016-01-31',28,197,9),(1018,'50','Green','2016-01-31',28,197,10),(1019,'14','Green','2016-01-31',28,211,11),(1020,'14','Green','2016-01-31',28,211,12),(1021,'14','Green','2016-01-31',28,211,13),(1022,'14','Green','2016-01-31',28,211,14),(1023,'10','Green','2016-01-31',28,211,15),(1024,'5','Yellow','2016-01-31',28,211,16),(1025,'6','Green','2016-01-31',28,211,17),(1026,'6','Green','2016-01-31',28,211,18),(1027,'6','Green','2016-01-31',28,211,19),(1028,'6','Green','2016-01-31',28,211,20),(1029,'20','Yellow','2016-01-31',28,225,21),(1030,'20','Green','2016-01-31',28,225,22),(1031,'40','Green','2016-01-31',28,225,23),(1032,'50','Green','2016-01-31',28,239,24),(1033,'50','Green','2016-01-31',28,239,25),(1034,'30','Green','2016-01-31',28,253,26),(1035,'70','Green','2016-01-31',28,253,27),(1036,'100','Green','2016-01-31',28,281,28),(1037,'100','Green','2016-01-31',29,169,5),(1038,'0','false','2016-01-31',29,183,6),(1039,'40','Green','2016-01-31',29,183,7),(1040,'20','Green','2016-01-31',29,183,8),(1041,'0','Red','2016-01-31',29,197,9),(1042,'50','Green','2016-01-31',29,197,10),(1043,'14','Green','2016-01-31',29,211,11),(1044,'14','Green','2016-01-31',29,211,12),(1045,'14','Green','2016-01-31',29,211,13),(1046,'14','Green','2016-01-31',29,211,14),(1047,'10','Green','2016-01-31',29,211,15),(1048,'5','Yellow','2016-01-31',29,211,16),(1049,'6','Green','2016-01-31',29,211,17),(1050,'6','Green','2016-01-31',29,211,18),(1051,'6','Green','2016-01-31',29,211,19),(1052,'6','Green','2016-01-31',29,211,20),(1053,'40','Green','2016-01-31',29,225,21),(1054,'20','Green','2016-01-31',29,225,22),(1055,'40','Green','2016-01-31',29,225,23),(1056,'50','Green','2016-01-31',29,239,24),(1057,'50','Green','2016-01-31',29,239,25),(1058,'30','Green','2016-01-31',29,253,26),(1059,'70','Green','2016-01-31',29,253,27),(1060,'100','Green','2016-01-31',29,281,28),(1061,'100','Green','2016-01-31',30,169,5),(1062,'0','false','2016-01-31',30,183,6),(1063,'0','Red','2016-01-31',30,183,7),(1064,'0','Red','2016-01-31',30,183,8),(1065,'0','Red','2016-01-31',30,197,9),(1066,'50','Green','2016-01-31',30,197,10),(1067,'14','Green','2016-01-31',30,211,11),(1068,'14','Green','2016-01-31',30,211,12),(1069,'14','Green','2016-01-31',30,211,13),(1070,'7','Yellow','2016-01-31',30,211,14),(1071,'0','Red','2016-01-31',30,211,15),(1072,'5','Yellow','2016-01-31',30,211,16),(1073,'3','Yellow','2016-01-31',30,211,17),(1074,'6','Green','2016-01-31',30,211,18),(1075,'6','Green','2016-01-31',30,211,19),(1076,'6','Green','2016-01-31',30,211,20),(1077,'40','Green','2016-01-31',30,225,21),(1078,'20','Green','2016-01-31',30,225,22),(1079,'40','Green','2016-01-31',30,225,23),(1080,'50','Green','2016-01-31',30,239,24),(1081,'50','Green','2016-01-31',30,239,25),(1082,'30','Green','2016-01-31',30,253,26),(1083,'70','Green','2016-01-31',30,253,27),(1084,'100','Green','2016-01-31',30,281,28),(1085,'100','Green','2016-01-31',31,169,5),(1086,'20','Yellow','2016-01-31',31,183,6),(1087,'40','Green','2016-01-31',31,183,7),(1088,'20','Green','2016-01-31',31,183,8),(1089,'0','Red','2016-01-31',31,197,9),(1090,'50','Green','2016-01-31',31,197,10),(1091,'14','Green','2016-01-31',31,211,11),(1092,'14','Green','2016-01-31',31,211,12),(1093,'14','Green','2016-01-31',31,211,13),(1094,'14','Green','2016-01-31',31,211,14),(1095,'10','Green','2016-01-31',31,211,15),(1096,'5','Yellow','2016-01-31',31,211,16),(1097,'3','Yellow','2016-01-31',31,211,17),(1098,'6','Green','2016-01-31',31,211,18),(1099,'6','Green','2016-01-31',31,211,19),(1100,'6','Green','2016-01-31',31,211,20),(1101,'40','Green','2016-01-31',31,225,21),(1102,'20','Green','2016-01-31',31,225,22),(1103,'40','Green','2016-01-31',31,225,23),(1104,'50','Green','2016-01-31',31,239,24),(1105,'50','Green','2016-01-31',31,239,25),(1106,'30','Green','2016-01-31',31,253,26),(1107,'70','Green','2016-01-31',31,253,27),(1108,'100','Green','2016-01-31',31,281,28),(1109,'100','Green','2016-01-31',32,169,5),(1110,'0','false','2016-01-31',32,183,6),(1111,'40','Green','2016-01-31',32,183,7),(1112,'20','Green','2016-01-31',32,183,8),(1113,'0','Red','2016-01-31',32,197,9),(1114,'50','Green','2016-01-31',32,197,10),(1115,'14','Green','2016-01-31',32,211,11),(1116,'14','Green','2016-01-31',32,211,12),(1117,'14','Green','2016-01-31',32,211,13),(1118,'14','Green','2016-01-31',32,211,14),(1119,'0','Red','2016-01-31',32,211,15),(1120,'5','Yellow','2016-01-31',32,211,16),(1121,'6','Green','2016-01-31',32,211,17),(1122,'6','Green','2016-01-31',32,211,18),(1123,'6','Green','2016-01-31',32,211,19),(1124,'6','Green','2016-01-31',32,211,20),(1125,'40','Green','2016-01-31',32,225,21),(1126,'20','Green','2016-01-31',32,225,22),(1127,'40','Green','2016-01-31',32,225,23),(1128,'50','Green','2016-01-31',32,239,24),(1129,'50','Green','2016-01-31',32,239,25),(1130,'30','Green','2016-01-31',32,253,26),(1131,'70','Green','2016-01-31',32,253,27),(1132,'100','Green','2016-01-31',32,281,28),(1133,'50','Yellow','2016-01-31',33,169,5),(1134,'0','false','2016-01-31',33,183,6),(1135,'40','Green','2016-01-31',33,183,7),(1136,'20','Green','2016-01-31',33,183,8),(1137,'0','Red','2016-01-31',33,197,9),(1138,'50','Green','2016-01-31',33,197,10),(1139,'14','Green','2016-01-31',33,211,11),(1140,'14','Green','2016-01-31',33,211,12),(1141,'14','Green','2016-01-31',33,211,13),(1142,'14','Green','2016-01-31',33,211,14),(1143,'10','Green','2016-01-31',33,211,15),(1144,'5','Yellow','2016-01-31',33,211,16),(1145,'6','Green','2016-01-31',33,211,17),(1146,'6','Green','2016-01-31',33,211,18),(1147,'6','Green','2016-01-31',33,211,19),(1148,'6','Green','2016-01-31',33,211,20),(1149,'40','Green','2016-01-31',33,225,21),(1150,'20','Green','2016-01-31',33,225,22),(1151,'40','Green','2016-01-31',33,225,23),(1152,'50','Green','2016-01-31',33,239,24),(1153,'50','Green','2016-01-31',33,239,25),(1154,'30','Green','2016-01-31',33,253,26),(1155,'70','Green','2016-01-31',33,253,27),(1156,'100','Green','2016-01-31',33,281,28),(1157,'100','Green','2016-01-31',34,169,5),(1158,'0','false','2016-01-31',34,183,6),(1159,'40','Green','2016-01-31',34,183,7),(1160,'20','Green','2016-01-31',34,183,8),(1161,'25','Yellow','2016-01-31',34,197,9),(1162,'50','Green','2016-01-31',34,197,10),(1163,'14','Green','2016-01-31',34,211,11),(1164,'14','Green','2016-01-31',34,211,12),(1165,'14','Green','2016-01-31',34,211,13),(1166,'14','Green','2016-01-31',34,211,14),(1167,'10','Green','2016-01-31',34,211,15),(1168,'5','Yellow','2016-01-31',34,211,16),(1169,'0','Red','2016-01-31',34,211,17),(1170,'6','Green','2016-01-31',34,211,18),(1171,'6','Green','2016-01-31',34,211,19),(1172,'6','Green','2016-01-31',34,211,20),(1173,'40','Green','2016-01-31',34,225,21),(1174,'20','Green','2016-01-31',34,225,22),(1175,'20','Yellow','2016-01-31',34,225,23),(1176,'50','Green','2016-01-31',34,239,24),(1177,'50','Green','2016-01-31',34,239,25),(1178,'30','Green','2016-01-31',34,253,26),(1179,'70','Green','2016-01-31',34,253,27),(1180,'100','Green','2016-01-31',34,281,28),(1181,'100','Green','2016-01-31',35,169,5),(1182,'0','false','2016-01-31',35,183,6),(1183,'40','Green','2016-01-31',35,183,7),(1184,'20','Green','2016-01-31',35,183,8),(1185,'0','Red','2016-01-31',35,197,9),(1186,'50','Green','2016-01-31',35,197,10),(1187,'14','Green','2016-01-31',35,211,11),(1188,'14','Green','2016-01-31',35,211,12),(1189,'14','Green','2016-01-31',35,211,13),(1190,'14','Green','2016-01-31',35,211,14),(1191,'10','Green','2016-01-31',35,211,15),(1192,'5','Yellow','2016-01-31',35,211,16),(1193,'0','Red','2016-01-31',35,211,17),(1194,'6','Green','2016-01-31',35,211,18),(1195,'6','Green','2016-01-31',35,211,19),(1196,'6','Green','2016-01-31',35,211,20),(1197,'40','Green','2016-01-31',35,225,21),(1198,'20','Green','2016-01-31',35,225,22),(1199,'40','Green','2016-01-31',35,225,23),(1200,'50','Green','2016-01-31',35,239,24),(1201,'50','Green','2016-01-31',35,239,25),(1202,'30','Green','2016-01-31',35,253,26),(1203,'70','Green','2016-01-31',35,253,27),(1204,'100','Green','2016-01-31',35,281,28),(1205,'100','Green','2016-01-31',36,169,5),(1206,'20','Yellow','2016-01-31',36,183,6),(1207,'40','Green','2016-01-31',36,183,7),(1208,'20','Green','2016-01-31',36,183,8),(1209,'0','Red','2016-01-31',36,197,9),(1210,'50','Green','2016-01-31',36,197,10),(1211,'14','Green','2016-01-31',36,211,11),(1212,'14','Green','2016-01-31',36,211,12),(1213,'14','Green','2016-01-31',36,211,13),(1214,'14','Green','2016-01-31',36,211,14),(1215,'10','Green','2016-01-31',36,211,15),(1216,'5','Yellow','2016-01-31',36,211,16),(1217,'6','Green','2016-01-31',36,211,17),(1218,'6','Green','2016-01-31',36,211,18),(1219,'6','Green','2016-01-31',36,211,19),(1220,'6','Green','2016-01-31',36,211,20),(1221,'40','Green','2016-01-31',36,225,21),(1222,'20','Green','2016-01-31',36,225,22),(1223,'40','Green','2016-01-31',36,225,23),(1224,'50','Green','2016-01-31',36,239,24),(1225,'50','Green','2016-01-31',36,239,25),(1226,'30','Green','2016-01-31',36,253,26),(1227,'70','Green','2016-01-31',36,253,27),(1228,'0','Red','2016-01-31',36,281,28),(1229,'100','Green','2016-01-31',37,169,5),(1230,'0','false','2016-01-31',37,183,6),(1231,'40','Green','2016-01-31',37,183,7),(1232,'0','Red','2016-01-31',37,183,8),(1233,'50','Green','2016-01-31',37,197,9),(1234,'50','Green','2016-01-31',37,197,10),(1235,'14','Green','2016-01-31',37,211,11),(1236,'14','Green','2016-01-31',37,211,12),(1237,'14','Green','2016-01-31',37,211,13),(1238,'14','Green','2016-01-31',37,211,14),(1239,'10','Green','2016-01-31',37,211,15),(1240,'5','Yellow','2016-01-31',37,211,16),(1241,'6','Green','2016-01-31',37,211,17),(1242,'6','Green','2016-01-31',37,211,18),(1243,'6','Green','2016-01-31',37,211,19),(1244,'6','Green','2016-01-31',37,211,20),(1245,'40','Green','2016-01-31',37,225,21),(1246,'20','Green','2016-01-31',37,225,22),(1247,'40','Green','2016-01-31',37,225,23),(1248,'50','Green','2016-01-31',37,239,24),(1249,'50','Green','2016-01-31',37,239,25),(1250,'30','Green','2016-01-31',37,253,26),(1251,'70','Green','2016-01-31',37,253,27),(1252,'100','Green','2016-01-31',37,281,28),(1253,'100','Green','2016-01-31',38,169,5),(1254,'20','Yellow','2016-01-31',38,183,6),(1255,'40','Green','2016-01-31',38,183,7),(1256,'20','Green','2016-01-31',38,183,8),(1257,'50','Green','2016-01-31',38,197,9),(1258,'50','Green','2016-01-31',38,197,10),(1259,'14','Green','2016-01-31',38,211,11),(1260,'14','Green','2016-01-31',38,211,12),(1261,'14','Green','2016-01-31',38,211,13),(1262,'14','Green','2016-01-31',38,211,14),(1263,'10','Green','2016-01-31',38,211,15),(1264,'5','Yellow','2016-01-31',38,211,16),(1265,'6','Green','2016-01-31',38,211,17),(1266,'6','Green','2016-01-31',38,211,18),(1267,'6','Green','2016-01-31',38,211,19),(1268,'6','Green','2016-01-31',38,211,20),(1269,'40','Green','2016-01-31',38,225,21),(1270,'20','Green','2016-01-31',38,225,22),(1271,'40','Green','2016-01-31',38,225,23),(1272,'50','Green','2016-01-31',38,239,24),(1273,'50','Green','2016-01-31',38,239,25),(1274,'30','Green','2016-01-31',38,253,26),(1275,'70','Green','2016-01-31',38,253,27),(1276,'0','false','2016-01-31',38,281,28),(1277,'100','Green','2016-01-31',39,169,5),(1278,'0','false','2016-01-31',39,183,6),(1279,'40','Green','2016-01-31',39,183,7),(1280,'20','Green','2016-01-31',39,183,8),(1281,'25','Yellow','2016-01-31',39,197,9),(1282,'50','Green','2016-01-31',39,197,10),(1283,'14','Green','2016-01-31',39,211,11),(1284,'14','Green','2016-01-31',39,211,12),(1285,'14','Green','2016-01-31',39,211,13),(1286,'14','Green','2016-01-31',39,211,14),(1287,'10','Green','2016-01-31',39,211,15),(1288,'5','Yellow','2016-01-31',39,211,16),(1289,'6','Green','2016-01-31',39,211,17),(1290,'6','Green','2016-01-31',39,211,18),(1291,'6','Green','2016-01-31',39,211,19),(1292,'6','Green','2016-01-31',39,211,20),(1293,'40','Green','2016-01-31',39,225,21),(1294,'20','Green','2016-01-31',39,225,22),(1295,'40','Green','2016-01-31',39,225,23),(1296,'50','Green','2016-01-31',39,239,24),(1297,'50','Green','2016-01-31',39,239,25),(1298,'30','Green','2016-01-31',39,253,26),(1299,'70','Green','2016-01-31',39,253,27),(1300,'100','Green','2016-01-31',39,281,28),(1301,'0','false','2016-02-29',26,169,5),(1302,'0','false','2016-02-29',26,183,6),(1303,'0','Red','2016-02-29',26,183,7),(1304,'20','Green','2016-02-29',26,183,8),(1305,'50','Green','2016-02-29',26,197,9),(1306,'0','false','2016-02-29',26,197,10),(1307,'14','Green','2016-02-29',26,211,11),(1308,'14','Green','2016-02-29',26,211,12),(1309,'14','Green','2016-02-29',26,211,13),(1310,'14','Green','2016-02-29',26,211,14),(1311,'10','Green','2016-02-29',26,211,15),(1312,'0','false','2016-02-29',26,211,16),(1313,'6','Green','2016-02-29',26,211,17),(1314,'3','Yellow','2016-02-29',26,211,18),(1315,'6','Green','2016-02-29',26,211,19),(1316,'6','Green','2016-02-29',26,211,20),(1317,'20','Yellow','2016-02-29',26,225,21),(1318,'20','Green','2016-02-29',26,225,22),(1319,'20','Yellow','2016-02-29',26,225,23),(1320,'25','Yellow','2016-02-29',26,239,24),(1321,'25','Yellow','2016-02-29',26,239,25),(1322,'30','Green','2016-02-29',26,253,26),(1323,'70','Green','2016-02-29',26,253,27),(1324,'100','Green','2016-02-29',26,281,28),(1325,'100','Green','2016-02-29',27,169,5),(1326,'0','false','2016-02-29',27,183,6),(1327,'40','Green','2016-02-29',27,183,7),(1328,'20','Green','2016-02-29',27,183,8),(1329,'50','Green','2016-02-29',27,197,9),(1330,'0','false','2016-02-29',27,197,10),(1331,'14','Green','2016-02-29',27,211,11),(1332,'14','Green','2016-02-29',27,211,12),(1333,'14','Green','2016-02-29',27,211,13),(1334,'14','Green','2016-02-29',27,211,14),(1335,'10','Green','2016-02-29',27,211,15),(1336,'10','Green','2016-02-29',27,211,16),(1337,'6','Green','2016-02-29',27,211,17),(1338,'6','Green','2016-02-29',27,211,18),(1339,'0','Red','2016-02-29',27,211,19),(1340,'6','Green','2016-02-29',27,211,20),(1341,'20','Yellow','2016-02-29',27,225,21),(1342,'10','Yellow','2016-02-29',27,225,22),(1343,'20','Yellow','2016-02-29',27,225,23),(1344,'25','Yellow','2016-02-29',27,239,24),(1345,'25','Yellow','2016-02-29',27,239,25),(1346,'30','Green','2016-02-29',27,253,26),(1347,'70','Green','2016-02-29',27,253,27),(1348,'50','Yellow','2016-02-29',27,281,28),(1349,'100','Green','2016-02-29',28,169,5),(1350,'0','false','2016-02-29',28,183,6),(1351,'40','Green','2016-02-29',28,183,7),(1352,'0','Red','2016-02-29',28,183,8),(1353,'25','Yellow','2016-02-29',28,197,9),(1354,'50','Green','2016-02-29',28,197,10),(1355,'14','Green','2016-02-29',28,211,11),(1356,'14','Green','2016-02-29',28,211,12),(1357,'14','Green','2016-02-29',28,211,13),(1358,'14','Green','2016-02-29',28,211,14),(1359,'10','Green','2016-02-29',28,211,15),(1360,'0','Red','2016-02-29',28,211,16),(1361,'6','Green','2016-02-29',28,211,17),(1362,'6','Green','2016-02-29',28,211,18),(1363,'6','Green','2016-02-29',28,211,19),(1364,'6','Green','2016-02-29',28,211,20),(1365,'20','Yellow','2016-02-29',28,225,21),(1366,'10','Yellow','2016-02-29',28,225,22),(1367,'20','Yellow','2016-02-29',28,225,23),(1368,'0','Red','2016-02-29',28,239,24),(1369,'0','Red','2016-02-29',28,239,25),(1370,'30','Green','2016-02-29',28,253,26),(1371,'70','Green','2016-02-29',28,253,27),(1372,'0','false','2016-02-29',28,281,28),(1373,'100','Green','2016-02-29',29,169,5),(1374,'0','false','2016-02-29',29,183,6),(1375,'40','Green','2016-02-29',29,183,7),(1376,'20','Green','2016-02-29',29,183,8),(1377,'0','Red','2016-02-29',29,197,9),(1378,'0','false','2016-02-29',29,197,10),(1379,'14','Green','2016-02-29',29,211,11),(1380,'14','Green','2016-02-29',29,211,12),(1381,'7','Yellow','2016-02-29',29,211,13),(1382,'14','Green','2016-02-29',29,211,14),(1383,'10','Green','2016-02-29',29,211,15),(1384,'10','Green','2016-02-29',29,211,16),(1385,'6','Green','2016-02-29',29,211,17),(1386,'6','Green','2016-02-29',29,211,18),(1387,'0','Red','2016-02-29',29,211,19),(1388,'6','Green','2016-02-29',29,211,20),(1389,'20','Yellow','2016-02-29',29,225,21),(1390,'10','Yellow','2016-02-29',29,225,22),(1391,'20','Yellow','2016-02-29',29,225,23),(1392,'25','Yellow','2016-02-29',29,239,24),(1393,'25','Yellow','2016-02-29',29,239,25),(1394,'30','Green','2016-02-29',29,253,26),(1395,'70','Green','2016-02-29',29,253,27),(1396,'100','Green','2016-02-29',29,281,28),(1397,'50','Yellow','2016-02-29',30,169,5),(1398,'0','false','2016-02-29',30,183,6),(1399,'0','Red','2016-02-29',30,183,7),(1400,'0','Red','2016-02-29',30,183,8),(1401,'0','Red','2016-02-29',30,197,9),(1402,'50','Green','2016-02-29',30,197,10),(1403,'14','Green','2016-02-29',30,211,11),(1404,'14','Green','2016-02-29',30,211,12),(1405,'14','Green','2016-02-29',30,211,13),(1406,'0','Red','2016-02-29',30,211,14),(1407,'0','Red','2016-02-29',30,211,15),(1408,'10','Green','2016-02-29',30,211,16),(1409,'6','Green','2016-02-29',30,211,17),(1410,'6','Green','2016-02-29',30,211,18),(1411,'6','Green','2016-02-29',30,211,19),(1412,'6','Green','2016-02-29',30,211,20),(1413,'20','Yellow','2016-02-29',30,225,21),(1414,'10','Yellow','2016-02-29',30,225,22),(1415,'20','Yellow','2016-02-29',30,225,23),(1416,'0','Red','2016-02-29',30,239,24),(1417,'0','Red','2016-02-29',30,239,25),(1418,'30','Green','2016-02-29',30,253,26),(1419,'70','Green','2016-02-29',30,253,27),(1420,'100','Green','2016-02-29',30,281,28),(1421,'50','Yellow','2016-02-29',31,169,5),(1422,'0','false','2016-02-29',31,183,6),(1423,'40','Green','2016-02-29',31,183,7),(1424,'20','Green','2016-02-29',31,183,8),(1425,'0','Red','2016-02-29',31,197,9),(1426,'50','Green','2016-02-29',31,197,10),(1427,'14','Green','2016-02-29',31,211,11),(1428,'14','Green','2016-02-29',31,211,12),(1429,'14','Green','2016-02-29',31,211,13),(1430,'14','Green','2016-02-29',31,211,14),(1431,'10','Green','2016-02-29',31,211,15),(1432,'5','Yellow','2016-02-29',31,211,16),(1433,'3','Yellow','2016-02-29',31,211,17),(1434,'3','Yellow','2016-02-29',31,211,18),(1435,'0','Red','2016-02-29',31,211,19),(1436,'6','Green','2016-02-29',31,211,20),(1437,'40','Green','2016-02-29',31,225,21),(1438,'20','Green','2016-02-29',31,225,22),(1439,'40','Green','2016-02-29',31,225,23),(1440,'50','Green','2016-02-29',31,239,24),(1441,'50','Green','2016-02-29',31,239,25),(1442,'30','Green','2016-02-29',31,253,26),(1443,'70','Green','2016-02-29',31,253,27),(1444,'100','Green','2016-02-29',31,281,28),(1445,'100','Green','2016-02-29',32,169,5),(1446,'0','false','2016-02-29',32,183,6),(1447,'40','Green','2016-02-29',32,183,7),(1448,'20','Green','2016-02-29',32,183,8),(1449,'0','Red','2016-02-29',32,197,9),(1450,'0','false','2016-02-29',32,197,10),(1451,'14','Green','2016-02-29',32,211,11),(1452,'14','Green','2016-02-29',32,211,12),(1453,'14','Green','2016-02-29',32,211,13),(1454,'14','Green','2016-02-29',32,211,14),(1455,'10','Green','2016-02-29',32,211,15),(1456,'5','Yellow','2016-02-29',32,211,16),(1457,'6','Green','2016-02-29',32,211,17),(1458,'6','Green','2016-02-29',32,211,18),(1459,'6','Green','2016-02-29',32,211,19),(1460,'6','Green','2016-02-29',32,211,20),(1461,'20','Yellow','2016-02-29',32,225,21),(1462,'10','Yellow','2016-02-29',32,225,22),(1463,'20','Yellow','2016-02-29',32,225,23),(1464,'50','Green','2016-02-29',32,239,24),(1465,'50','Green','2016-02-29',32,239,25),(1466,'30','Green','2016-02-29',32,253,26),(1467,'70','Green','2016-02-29',32,253,27),(1468,'100','Green','2016-02-29',32,281,28),(1469,'100','Green','2016-02-29',33,169,5),(1470,'0','false','2016-02-29',33,183,6),(1471,'40','Green','2016-02-29',33,183,7),(1472,'20','Green','2016-02-29',33,183,8),(1473,'0','Red','2016-02-29',33,197,9),(1474,'0','false','2016-02-29',33,197,10),(1475,'14','Green','2016-02-29',33,211,11),(1476,'14','Green','2016-02-29',33,211,12),(1477,'14','Green','2016-02-29',33,211,13),(1478,'14','Green','2016-02-29',33,211,14),(1479,'10','Green','2016-02-29',33,211,15),(1480,'0','false','2016-02-29',33,211,16),(1481,'6','Green','2016-02-29',33,211,17),(1482,'6','Green','2016-02-29',33,211,18),(1483,'0','Red','2016-02-29',33,211,19),(1484,'6','Green','2016-02-29',33,211,20),(1485,'20','Yellow','2016-02-29',33,225,21),(1486,'10','Yellow','2016-02-29',33,225,22),(1487,'20','Yellow','2016-02-29',33,225,23),(1488,'25','Yellow','2016-02-29',33,239,24),(1489,'25','Yellow','2016-02-29',33,239,25),(1490,'30','Green','2016-02-29',33,253,26),(1491,'70','Green','2016-02-29',33,253,27),(1492,'100','Green','2016-02-29',33,281,28),(1493,'100','Green','2016-02-29',34,169,5),(1494,'0','false','2016-02-29',34,183,6),(1495,'40','Green','2016-02-29',34,183,7),(1496,'20','Green','2016-02-29',34,183,8),(1497,'0','Red','2016-02-29',34,197,9),(1498,'50','Green','2016-02-29',34,197,10),(1499,'14','Green','2016-02-29',34,211,11),(1500,'14','Green','2016-02-29',34,211,12),(1501,'14','Green','2016-02-29',34,211,13),(1502,'14','Green','2016-02-29',34,211,14),(1503,'10','Green','2016-02-29',34,211,15),(1504,'5','Yellow','2016-02-29',34,211,16),(1505,'0','Red','2016-02-29',34,211,17),(1506,'6','Green','2016-02-29',34,211,18),(1507,'6','Green','2016-02-29',34,211,19),(1508,'6','Green','2016-02-29',34,211,20),(1509,'40','Green','2016-02-29',34,225,21),(1510,'20','Green','2016-02-29',34,225,22),(1511,'20','Yellow','2016-02-29',34,225,23),(1512,'25','Yellow','2016-02-29',34,239,24),(1513,'25','Yellow','2016-02-29',34,239,25),(1514,'30','Green','2016-02-29',34,253,26),(1515,'70','Green','2016-02-29',34,253,27),(1516,'100','Green','2016-02-29',34,281,28),(1517,'100','Green','2016-02-29',35,169,5),(1518,'0','false','2016-02-29',35,183,6),(1519,'40','Green','2016-02-29',35,183,7),(1520,'20','Green','2016-02-29',35,183,8),(1521,'25','Yellow','2016-02-29',35,197,9),(1522,'50','Green','2016-02-29',35,197,10),(1523,'14','Green','2016-02-29',35,211,11),(1524,'14','Green','2016-02-29',35,211,12),(1525,'14','Green','2016-02-29',35,211,13),(1526,'14','Green','2016-02-29',35,211,14),(1527,'10','Green','2016-02-29',35,211,15),(1528,'10','Green','2016-02-29',35,211,16),(1529,'3','Yellow','2016-02-29',35,211,17),(1530,'6','Green','2016-02-29',35,211,18),(1531,'6','Green','2016-02-29',35,211,19),(1532,'6','Green','2016-02-29',35,211,20),(1533,'40','Green','2016-02-29',35,225,21),(1534,'10','Yellow','2016-02-29',35,225,22),(1535,'20','Yellow','2016-02-29',35,225,23),(1536,'25','Yellow','2016-02-29',35,239,24),(1537,'0','Red','2016-02-29',35,239,25),(1538,'30','Green','2016-02-29',35,253,26),(1539,'70','Green','2016-02-29',35,253,27),(1540,'100','Green','2016-02-29',35,281,28),(1541,'100','Green','2016-02-29',36,169,5),(1542,'20','Yellow','2016-02-29',36,183,6),(1543,'40','Green','2016-02-29',36,183,7),(1544,'20','Green','2016-02-29',36,183,8),(1545,'0','Red','2016-02-29',36,197,9),(1546,'0','Red','2016-02-29',36,197,10),(1547,'14','Green','2016-02-29',36,211,11),(1548,'14','Green','2016-02-29',36,211,12),(1549,'14','Green','2016-02-29',36,211,13),(1550,'14','Green','2016-02-29',36,211,14),(1551,'5','Yellow','2016-02-29',36,211,15),(1552,'10','Green','2016-02-29',36,211,16),(1553,'6','Green','2016-02-29',36,211,17),(1554,'6','Green','2016-02-29',36,211,18),(1555,'6','Green','2016-02-29',36,211,19),(1556,'6','Green','2016-02-29',36,211,20),(1557,'20','Yellow','2016-02-29',36,225,21),(1558,'10','Yellow','2016-02-29',36,225,22),(1559,'20','Yellow','2016-02-29',36,225,23),(1560,'0','Red','2016-02-29',36,239,24),(1561,'0','Red','2016-02-29',36,239,25),(1562,'30','Green','2016-02-29',36,253,26),(1563,'70','Green','2016-02-29',36,253,27),(1564,'100','Green','2016-02-29',36,281,28),(1565,'50','Yellow','2016-02-29',37,169,5),(1566,'0','false','2016-02-29',37,183,6),(1567,'40','Green','2016-02-29',37,183,7),(1568,'0','Red','2016-02-29',37,183,8),(1569,'50','Green','2016-02-29',37,197,9),(1570,'0','false','2016-02-29',37,197,10),(1571,'14','Green','2016-02-29',37,211,11),(1572,'14','Green','2016-02-29',37,211,12),(1573,'14','Green','2016-02-29',37,211,13),(1574,'14','Green','2016-02-29',37,211,14),(1575,'10','Green','2016-02-29',37,211,15),(1576,'5','Yellow','2016-02-29',37,211,16),(1577,'6','Green','2016-02-29',37,211,17),(1578,'6','Green','2016-02-29',37,211,18),(1579,'6','Green','2016-02-29',37,211,19),(1580,'6','Green','2016-02-29',37,211,20),(1581,'40','Green','2016-02-29',37,225,21),(1582,'20','Green','2016-02-29',37,225,22),(1583,'40','Green','2016-02-29',37,225,23),(1584,'25','Yellow','2016-02-29',37,239,24),(1585,'25','Yellow','2016-02-29',37,239,25),(1586,'30','Green','2016-02-29',37,253,26),(1587,'70','Green','2016-02-29',37,253,27),(1588,'100','Green','2016-02-29',37,281,28),(1589,'0','false','2016-02-29',38,169,5),(1590,'20','Yellow','2016-02-29',38,183,6),(1591,'40','Green','2016-02-29',38,183,7),(1592,'20','Green','2016-02-29',38,183,8),(1593,'25','Yellow','2016-02-29',38,197,9),(1594,'0','Red','2016-02-29',38,197,10),(1595,'14','Green','2016-02-29',38,211,11),(1596,'14','Green','2016-02-29',38,211,12),(1597,'14','Green','2016-02-29',38,211,13),(1598,'14','Green','2016-02-29',38,211,14),(1599,'10','Green','2016-02-29',38,211,15),(1600,'5','Yellow','2016-02-29',38,211,16),(1601,'6','Green','2016-02-29',38,211,17),(1602,'6','Green','2016-02-29',38,211,18),(1603,'6','Green','2016-02-29',38,211,19),(1604,'6','Green','2016-02-29',38,211,20),(1605,'20','Yellow','2016-02-29',38,225,21),(1606,'20','Green','2016-02-29',38,225,22),(1607,'40','Green','2016-02-29',38,225,23),(1608,'25','Yellow','2016-02-29',38,239,24),(1609,'25','Yellow','2016-02-29',38,239,25),(1610,'30','Green','2016-02-29',38,253,26),(1611,'70','Green','2016-02-29',38,253,27),(1612,'100','Green','2016-02-29',38,281,28),(1613,'50','Yellow','2016-02-29',39,169,5),(1614,'0','false','2016-02-29',39,183,6),(1615,'40','Green','2016-02-29',39,183,7),(1616,'20','Green','2016-02-29',39,183,8),(1617,'50','Green','2016-02-29',39,197,9),(1618,'50','Green','2016-02-29',39,197,10),(1619,'14','Green','2016-02-29',39,211,11),(1620,'14','Green','2016-02-29',39,211,12),(1621,'14','Green','2016-02-29',39,211,13),(1622,'14','Green','2016-02-29',39,211,14),(1623,'10','Green','2016-02-29',39,211,15),(1624,'10','Green','2016-02-29',39,211,16),(1625,'6','Green','2016-02-29',39,211,17),(1626,'6','Green','2016-02-29',39,211,18),(1627,'6','Green','2016-02-29',39,211,19),(1628,'6','Green','2016-02-29',39,211,20),(1629,'20','Yellow','2016-02-29',39,225,21),(1630,'10','Yellow','2016-02-29',39,225,22),(1631,'20','Yellow','2016-02-29',39,225,23),(1632,'25','Yellow','2016-02-29',39,239,24),(1633,'25','Yellow','2016-02-29',39,239,25),(1634,'30','Green','2016-02-29',39,253,26),(1635,'70','Green','2016-02-29',39,253,27),(1636,'100','Green','2016-02-29',39,281,28);
/*!40000 ALTER TABLE `ranking__lookup_data` ENABLE KEYS */;
UNLOCK TABLES;

--
-- Table structure for table `ranking__lookup_status`
--

DROP TABLE IF EXISTS `ranking__lookup_status`;
/*!40101 SET @saved_cs_client     = @@character_set_client */;
/*!40101 SET character_set_client = utf8 */;
CREATE TABLE `ranking__lookup_status` (
  `id` int(11) NOT NULL AUTO_INCREMENT,
  `shipid` int(11) DEFAULT NULL,
  `status` int(11) NOT NULL,
  `dataofmonth` datetime NOT NULL,
  `datetime` datetime NOT NULL,
  `userid` varchar(255) COLLATE utf8_unicode_ci NOT NULL,
  PRIMARY KEY (`id`),
  KEY `IDX_98BC7A579094736` (`shipid`),
  CONSTRAINT `FK_98BC7A579094736` FOREIGN KEY (`shipid`) REFERENCES `ship_details` (`id`)
) ENGINE=InnoDB AUTO_INCREMENT=60 DEFAULT CHARSET=utf8 COLLATE=utf8_unicode_ci;
/*!40101 SET character_set_client = @saved_cs_client */;

--
-- Dumping data for table `ranking__lookup_status`
--

LOCK TABLES `ranking__lookup_status` WRITE;
/*!40000 ALTER TABLE `ranking__lookup_status` DISABLE KEYS */;
INSERT INTO `ranking__lookup_status` VALUES (1,28,4,'2016-04-12 00:00:00','2016-05-12 00:00:00','133'),(3,29,4,'2016-03-31 00:00:00','2016-05-12 00:00:00','133'),(4,26,4,'2016-03-31 00:00:00','2016-05-12 00:00:00','133'),(5,32,4,'2016-03-31 00:00:00','2016-05-12 00:00:00','133'),(6,28,4,'2016-03-31 00:00:00','2016-06-09 13:17:14','133'),(7,26,4,'2016-01-31 00:00:00','2016-06-08 20:40:47','133'),(8,27,4,'2016-03-31 00:00:00','2016-06-09 13:17:14','133'),(9,30,4,'2016-03-31 00:00:00','2016-06-09 13:17:14','133'),(10,31,4,'2016-03-31 00:00:00','2016-06-09 13:17:14','133'),(11,33,4,'2016-03-31 00:00:00','2016-06-09 13:17:14','133'),(12,34,4,'2016-03-31 00:00:00','2016-06-09 13:17:14','133'),(13,35,4,'2016-03-31 00:00:00','2016-06-09 13:17:14','133'),(14,36,4,'2016-03-31 00:00:00','2016-06-09 13:17:14','133'),(15,37,4,'2016-03-31 00:00:00','2016-06-09 13:17:14','133'),(16,38,4,'2016-03-31 00:00:00','2016-06-09 13:17:14','133'),(17,39,4,'2016-03-31 00:00:00','2016-06-09 13:17:14','133'),(18,27,4,'2016-01-31 00:00:00','2016-06-09 13:17:14','133'),(19,28,4,'2016-01-31 00:00:00','2016-06-09 13:17:14','133'),(20,29,4,'2016-01-31 00:00:00','2016-06-09 13:17:14','133'),(21,30,4,'2016-01-31 00:00:00','2016-06-09 13:17:14','133'),(22,31,4,'2016-01-31 00:00:00','2016-06-09 13:17:14','133'),(23,32,4,'2016-01-31 00:00:00','2016-06-09 13:17:14','133'),(24,33,4,'2016-01-31 00:00:00','2016-06-09 13:17:14','133'),(25,34,4,'2016-01-31 00:00:00','2016-06-09 13:17:14','133'),(26,35,4,'2016-01-31 00:00:00','2016-06-09 13:17:14','133'),(27,36,4,'2016-01-31 00:00:00','2016-06-09 13:17:14','133'),(28,37,4,'2016-01-31 00:00:00','2016-06-09 13:17:14','133'),(29,38,4,'2016-01-31 00:00:00','2016-06-09 13:17:14','133'),(30,39,4,'2016-01-31 00:00:00','2016-06-09 13:17:14','133'),(31,26,4,'2016-02-29 00:00:00','2016-06-09 13:17:14','133'),(32,27,4,'2016-02-29 00:00:00','2016-06-09 13:17:14','133'),(33,28,4,'2016-02-29 00:00:00','2016-06-09 13:17:14','133'),(34,29,4,'2016-02-29 00:00:00','2016-06-09 13:17:14','133'),(35,30,4,'2016-02-29 00:00:00','2016-06-09 13:17:14','133'),(36,31,4,'2016-02-29 00:00:00','2016-06-09 13:17:14','133'),(37,32,4,'2016-02-29 00:00:00','2016-06-09 13:17:14','133'),(38,33,4,'2016-02-29 00:00:00','2016-06-09 13:17:14','133'),(39,34,4,'2016-02-29 00:00:00','2016-06-09 13:17:14','133'),(40,35,4,'2016-02-29 00:00:00','2016-06-09 13:17:14','133'),(41,36,4,'2016-02-29 00:00:00','2016-06-09 13:17:14','133'),(42,37,4,'2016-02-29 00:00:00','2016-06-09 13:17:14','133'),(43,38,4,'2016-02-29 00:00:00','2016-06-09 13:17:14','133'),(44,39,4,'2016-02-29 00:00:00','2016-06-09 13:17:14','133'),(45,26,3,'2016-04-30 00:00:00','2016-06-09 12:47:22','133'),(46,27,3,'2016-04-30 00:00:00','2016-06-09 12:47:31','133'),(47,28,3,'2016-04-30 00:00:00','2016-06-09 12:47:40','133'),(48,29,3,'2016-04-30 00:00:00','2016-06-09 12:47:50','133'),(49,30,3,'2016-04-30 00:00:00','2016-06-09 12:47:59','133'),(50,31,3,'2016-04-30 00:00:00','2016-06-09 12:48:08','133'),(51,32,3,'2016-04-30 00:00:00','2016-06-09 12:48:18','133'),(52,33,3,'2016-04-30 00:00:00','2016-06-09 12:48:27','133'),(53,34,3,'2016-04-30 00:00:00','2016-06-09 12:48:40','133'),(54,35,3,'2016-04-30 00:00:00','2016-06-09 12:48:49','133'),(55,36,3,'2016-04-30 00:00:00','2016-06-09 12:48:59','133'),(56,37,3,'2016-04-30 00:00:00','2016-06-09 12:49:10','133'),(57,38,3,'2016-04-30 00:00:00','2016-06-09 12:49:22','133'),(58,39,3,'2016-04-30 00:00:00','2016-06-09 12:49:36','133'),(59,26,1,'2016-05-31 00:00:00','2016-06-09 12:49:55','133');
/*!40000 ALTER TABLE `ranking__lookup_status` ENABLE KEYS */;
UNLOCK TABLES;

--
-- Table structure for table `ranking_element_details`
--

DROP TABLE IF EXISTS `ranking_element_details`;
/*!40101 SET @saved_cs_client     = @@character_set_client */;
/*!40101 SET character_set_client = utf8 */;
CREATE TABLE `ranking_element_details` (
  `id` int(11) NOT NULL AUTO_INCREMENT,
  `ElementName` varchar(255) COLLATE utf8_unicode_ci NOT NULL,
  `Description` varchar(255) COLLATE utf8_unicode_ci DEFAULT NULL,
  `CellName` varchar(255) COLLATE utf8_unicode_ci NOT NULL,
  `CellDetails` varchar(255) COLLATE utf8_unicode_ci DEFAULT NULL,
  `ActiveDate` date NOT NULL,
  `EndDate` date NOT NULL,
  `Weightage` int(11) NOT NULL,
  `Rules` varchar(255) COLLATE utf8_unicode_ci DEFAULT NULL,
  `KpiDetailsId` int(11) DEFAULT NULL,
  PRIMARY KEY (`id`),
  KEY `IDX_6DF1AF6BF10FA648` (`KpiDetailsId`),
  CONSTRAINT `FK_6DF1AF6BF10FA648` FOREIGN KEY (`KpiDetailsId`) REFERENCES `ranking_kpi_details` (`id`)
) ENGINE=InnoDB AUTO_INCREMENT=29 DEFAULT CHARSET=utf8 COLLATE=utf8_unicode_ci;
/*!40101 SET character_set_client = @saved_cs_client */;

--
-- Dumping data for table `ranking_element_details`
--

LOCK TABLES `ranking_element_details` WRITE;
/*!40000 ALTER TABLE `ranking_element_details` DISABLE KEYS */;
INSERT INTO `ranking_element_details` VALUES (5,'No of incidents','okayy','C22','good','2011-04-01','2011-01-01',100,'1',169),(6,'Manning Expense YTD','good','',NULL,'2015-03-31','2017-01-31',40,'0',183),(7,'Technical Expense','okayy','',NULL,'2011-01-31','2017-04-30',40,'0',183),(8,'Management Expense ','performance good','C21','About the cell details','2011-01-01','2011-01-01',20,'0',183),(9,'CP performance','good','',NULL,'2016-01-31','2017-01-31',50,'0',197),(10,'Engine performance','performance good','C27','EE','2015-01-01','2015-01-01',50,'0',197),(11,'PSC Detention','okayy','C28','okayy','2011-01-01','2011-01-01',14,'0',211),(12,'ISPS NC','good','C28','okayy','2011-01-01','2011-01-01',14,'0',211),(13,'MLC Deficiency','performance good','C29','hhh','2011-01-01','2011-01-01',14,'0',211),(14,'ISM Major NC','okayy','C30','ghhhh','2011-01-01','2011-01-01',14,'0',211),(15,'Flag state deficeincy','okk','C31','okk','2011-01-01','2011-01-01',10,'0',211),(16,'PSC deficiency/inspect','okkk','CC','wee3','2011-01-01','2011-01-01',10,'0',211),(17,'COC','okk','C4','bbb','2011-01-01','2011-01-01',6,'0',211),(18,'Right ship','good','c45','okk','2011-01-01','2011-01-01',6,'0',211),(19,'PSC Nil deficiency/inspect','performance good','C33','okk','2011-01-01','2011-01-01',6,'0',211),(20,'DOC deficiency','good','C36','nnn','2011-01-01','2011-01-01',6,'0',211),(21,'Hold and cargo readyness','okk','C24','ghhhh','2011-01-01','2011-01-01',40,'0',225),(22,'Hatch cover tightness','good','C43','ccc','2011-01-01','2011-01-01',20,'0',225),(23,'Crane stoppages','good','c3','sss','2011-01-01','2011-01-01',40,'0',225),(24,'LTIF','okkay','C33','good','2011-01-01','2011-01-01',50,'0',239),(25,'TRCF','okayy','C23','vvv','2013-03-01','2012-03-01',50,'0',239),(26,'Planned','okk','C44','ddd','2011-01-01','2011-01-01',30,'0',253),(27,'Unplanned','performance good','C33','good','2011-01-01','2011-01-01',70,'0',253),(28,'Variation','performance good','C33','fff','2011-01-01','2011-01-01',100,'0',281);
/*!40000 ALTER TABLE `ranking_element_details` ENABLE KEYS */;
UNLOCK TABLES;

--
-- Table structure for table `ranking_element_rules`
--

DROP TABLE IF EXISTS `ranking_element_rules`;
/*!40101 SET @saved_cs_client     = @@character_set_client */;
/*!40101 SET character_set_client = utf8 */;
CREATE TABLE `ranking_element_rules` (
  `id` int(11) NOT NULL AUTO_INCREMENT,
  `Rules` varchar(255) COLLATE utf8_unicode_ci NOT NULL,
  `ElementDetailsId` int(11) DEFAULT NULL,
  PRIMARY KEY (`id`),
  KEY `IDX_C37F74B6ABFC5A8E` (`ElementDetailsId`),
  CONSTRAINT `FK_C37F74B6ABFC5A8E` FOREIGN KEY (`ElementDetailsId`) REFERENCES `ranking_element_details` (`id`)
) ENGINE=InnoDB DEFAULT CHARSET=utf8 COLLATE=utf8_unicode_ci;
/*!40101 SET character_set_client = @saved_cs_client */;

--
-- Dumping data for table `ranking_element_rules`
--

LOCK TABLES `ranking_element_rules` WRITE;
/*!40000 ALTER TABLE `ranking_element_rules` DISABLE KEYS */;
/*!40000 ALTER TABLE `ranking_element_rules` ENABLE KEYS */;
UNLOCK TABLES;

--
-- Table structure for table `ranking_kpi_details`
--

DROP TABLE IF EXISTS `ranking_kpi_details`;
/*!40101 SET @saved_cs_client     = @@character_set_client */;
/*!40101 SET character_set_client = utf8 */;
CREATE TABLE `ranking_kpi_details` (
  `id` int(11) NOT NULL AUTO_INCREMENT,
  `KpiName` varchar(255) COLLATE utf8_unicode_ci NOT NULL,
  `Description` varchar(255) COLLATE utf8_unicode_ci DEFAULT NULL,
  `ActiveDate` date NOT NULL,
  `EndDate` date NOT NULL,
  `CellName` varchar(255) COLLATE utf8_unicode_ci NOT NULL,
  `CellDetails` varchar(255) COLLATE utf8_unicode_ci DEFAULT NULL,
  `Weightage` int(11) NOT NULL,
  `ShipDetailsId` int(11) DEFAULT NULL,
  PRIMARY KEY (`id`),
  KEY `IDX_D7E51E605041247E` (`ShipDetailsId`),
  CONSTRAINT `FK_D7E51E605041247E` FOREIGN KEY (`ShipDetailsId`) REFERENCES `ship_details` (`id`)
) ENGINE=InnoDB AUTO_INCREMENT=295 DEFAULT CHARSET=utf8 COLLATE=utf8_unicode_ci;
/*!40101 SET character_set_client = @saved_cs_client */;

--
-- Dumping data for table `ranking_kpi_details`
--

LOCK TABLES `ranking_kpi_details` WRITE;
/*!40000 ALTER TABLE `ranking_kpi_details` DISABLE KEYS */;
INSERT INTO `ranking_kpi_details` VALUES (169,'Major incident','okay','2009-12-31','2000-12-31','',NULL,0,26),(170,'Major incident','okay','2009-12-31','2000-12-31','',NULL,0,27),(171,'Major incident','okay','2009-12-31','2000-12-31','',NULL,0,28),(172,'Major incident','okay','2009-12-31','2000-12-31','',NULL,0,29),(173,'Major incident','okay','2009-12-31','2000-12-31','',NULL,0,30),(174,'Major incident','okay','2009-12-31','2000-12-31','',NULL,0,31),(175,'Major incident','okay','2009-12-31','2000-12-31','',NULL,0,32),(176,'Major incident','okay','2009-12-31','2000-12-31','',NULL,0,33),(177,'Major incident','okay','2009-12-31','2000-12-31','',NULL,0,34),(178,'Major incident','okay','2009-12-31','2000-12-31','',NULL,0,35),(179,'Major incident','okay','2009-12-31','2000-12-31','',NULL,0,36),(180,'Major incident','okay','2009-12-31','2000-12-31','',NULL,0,37),(181,'Major incident','okay','2009-12-31','2000-12-31','',NULL,0,38),(182,'Major incident','okay','2009-12-31','2000-12-31','',NULL,0,39),(183,'Operational expenses','good','2013-04-30','2017-03-31','',NULL,14,26),(184,'Operational expenses','good','2013-04-30','2017-03-31','',NULL,14,27),(185,'Operational expenses','good','2013-04-30','2017-03-31','',NULL,14,28),(186,'Operational expenses','good','2013-04-30','2017-03-31','',NULL,14,29),(187,'Operational expenses','good','2013-04-30','2017-03-31','',NULL,14,30),(188,'Operational expenses','good','2013-04-30','2017-03-31','',NULL,14,31),(189,'Operational expenses','good','2013-04-30','2017-03-31','',NULL,14,32),(190,'Operational expenses','good','2013-04-30','2017-03-31','',NULL,14,33),(191,'Operational expenses','good','2013-04-30','2017-03-31','',NULL,14,34),(192,'Operational expenses','good','2013-04-30','2017-03-31','',NULL,14,35),(193,'Operational expenses','good','2013-04-30','2017-03-31','',NULL,14,36),(194,'Operational expenses','good','2013-04-30','2017-03-31','',NULL,14,37),(195,'Operational expenses','good','2013-04-30','2017-03-31','',NULL,14,38),(196,'Operational expenses','good','2013-04-30','2017-03-31','',NULL,14,39),(197,'Vessel performance','okayy','2015-06-30','2017-08-31','',NULL,14,26),(198,'Vessel performance','okayy','2015-06-30','2017-08-31','',NULL,14,27),(199,'Vessel performance','okayy','2015-06-30','2017-08-31','',NULL,14,28),(200,'Vessel performance','okayy','2015-06-30','2017-08-31','',NULL,14,29),(201,'Vessel performance','okayy','2015-06-30','2017-08-31','',NULL,14,30),(202,'Vessel performance','okayy','2015-06-30','2017-08-31','',NULL,14,31),(203,'Vessel performance','okayy','2015-06-30','2017-08-31','',NULL,14,32),(204,'Vessel performance','okayy','2015-06-30','2017-08-31','',NULL,14,33),(205,'Vessel performance','okayy','2015-06-30','2017-08-31','',NULL,14,34),(206,'Vessel performance','okayy','2015-06-30','2017-08-31','',NULL,14,35),(207,'Vessel performance','okayy','2015-06-30','2017-08-31','',NULL,14,36),(208,'Vessel performance','okayy','2015-06-30','2017-08-31','',NULL,14,37),(209,'Vessel performance','okayy','2015-06-30','2017-08-31','',NULL,14,38),(210,'Vessel performance','okayy','2015-06-30','2017-08-31','',NULL,14,39),(211,'Third party inpection','good','2011-03-01','2011-09-01','K12','About the cell details',12,26),(212,'Third party inpection','good','2011-03-01','2011-09-01','K12','About the cell details',12,27),(213,'Third party inpection','good','2011-03-01','2011-09-01','K12','About the cell details',12,28),(214,'Third party inpection','good','2011-03-01','2011-09-01','K12','About the cell details',12,29),(215,'Third party inpection','good','2011-03-01','2011-09-01','K12','About the cell details',12,30),(216,'Third party inpection','good','2011-03-01','2011-09-01','K12','About the cell details',12,31),(217,'Third party inpection','good','2011-03-01','2011-09-01','K12','About the cell details',12,32),(218,'Third party inpection','good','2011-03-01','2011-09-01','K12','About the cell details',12,33),(219,'Third party inpection','good','2011-03-01','2011-09-01','K12','About the cell details',12,34),(220,'Third party inpection','good','2011-03-01','2011-09-01','K12','About the cell details',12,35),(221,'Third party inpection','good','2011-03-01','2011-09-01','K12','About the cell details',12,36),(222,'Third party inpection','good','2011-03-01','2011-09-01','K12','About the cell details',12,37),(223,'Third party inpection','good','2011-03-01','2011-09-01','K12','About the cell details',12,38),(224,'Third party inpection','good','2011-03-01','2011-09-01','K12','About the cell details',12,39),(225,'Cargo Claims','good','2011-01-01','2011-01-01','K13','DDDD',12,26),(226,'Cargo Claims','good','2011-01-01','2011-01-01','K13','DDDD',12,27),(227,'Cargo Claims','good','2011-01-01','2011-01-01','K13','DDDD',12,28),(228,'Cargo Claims','good','2011-01-01','2011-01-01','K13','DDDD',12,29),(229,'Cargo Claims','good','2011-01-01','2011-01-01','K13','DDDD',12,30),(230,'Cargo Claims','good','2011-01-01','2011-01-01','K13','DDDD',12,31),(231,'Cargo Claims','good','2011-01-01','2011-01-01','K13','DDDD',12,32),(232,'Cargo Claims','good','2011-01-01','2011-01-01','K13','DDDD',12,33),(233,'Cargo Claims','good','2011-01-01','2011-01-01','K13','DDDD',12,34),(234,'Cargo Claims','good','2011-01-01','2011-01-01','K13','DDDD',12,35),(235,'Cargo Claims','good','2011-01-01','2011-01-01','K13','DDDD',12,36),(236,'Cargo Claims','good','2011-01-01','2011-01-01','K13','DDDD',12,37),(237,'Cargo Claims','good','2011-01-01','2011-01-01','K13','DDDD',12,38),(238,'Cargo Claims','good','2011-01-01','2011-01-01','K13','DDDD',12,39),(239,'Safety','performance good','2011-01-01','2011-01-01','K14','FF',10,26),(240,'Safety','performance good','2011-01-01','2011-01-01','K14','FF',10,27),(241,'Safety','performance good','2011-01-01','2011-01-01','K14','FF',10,28),(242,'Safety','performance good','2011-01-01','2011-01-01','K14','FF',10,29),(243,'Safety','performance good','2011-01-01','2011-01-01','K14','FF',10,30),(244,'Safety','performance good','2011-01-01','2011-01-01','K14','FF',10,31),(245,'Safety','performance good','2011-01-01','2011-01-01','K14','FF',10,32),(246,'Safety','performance good','2011-01-01','2011-01-01','K14','FF',10,33),(247,'Safety','performance good','2011-01-01','2011-01-01','K14','FF',10,34),(248,'Safety','performance good','2011-01-01','2011-01-01','K14','FF',10,35),(249,'Safety','performance good','2011-01-01','2011-01-01','K14','FF',10,36),(250,'Safety','performance good','2011-01-01','2011-01-01','K14','FF',10,37),(251,'Safety','performance good','2011-01-01','2011-01-01','K14','FF',10,38),(252,'Safety','performance good','2011-01-01','2011-01-01','K14','FF',10,39),(253,'Down time','fffk','2011-01-01','2011-01-01','K14','okayy',10,26),(254,'Down time','fffk','2011-01-01','2011-01-01','K14','okayy',10,27),(255,'Down time','fffk','2011-01-01','2011-01-01','K14','okayy',10,28),(256,'Down time','fffk','2011-01-01','2011-01-01','K14','okayy',10,29),(257,'Down time','fffk','2011-01-01','2011-01-01','K14','okayy',10,30),(258,'Down time','fffk','2011-01-01','2011-01-01','K14','okayy',10,31),(259,'Down time','fffk','2011-01-01','2011-01-01','K14','okayy',10,32),(260,'Down time','fffk','2011-01-01','2011-01-01','K14','okayy',10,33),(261,'Down time','fffk','2011-01-01','2011-01-01','K14','okayy',10,34),(262,'Down time','fffk','2011-01-01','2011-01-01','K14','okayy',10,35),(263,'Down time','fffk','2011-01-01','2011-01-01','K14','okayy',10,36),(264,'Down time','fffk','2011-01-01','2011-01-01','K14','okayy',10,37),(265,'Down time','fffk','2011-01-01','2011-01-01','K14','okayy',10,38),(266,'Down time','fffk','2011-01-01','2011-01-01','K14','okayy',10,39),(281,'Bunker','okayy','2011-01-01','2011-01-01','K17','pp3',7,26),(282,'Bunker','okayy','2011-01-01','2011-01-01','K17','pp3',7,27),(283,'Bunker','okayy','2011-01-01','2011-01-01','K17','pp3',7,28),(284,'Bunker','okayy','2011-01-01','2011-01-01','K17','pp3',7,29),(285,'Bunker','okayy','2011-01-01','2011-01-01','K17','pp3',7,30),(286,'Bunker','okayy','2011-01-01','2011-01-01','K17','pp3',7,31),(287,'Bunker','okayy','2011-01-01','2011-01-01','K17','pp3',7,32),(288,'Bunker','okayy','2011-01-01','2011-01-01','K17','pp3',7,33),(289,'Bunker','okayy','2011-01-01','2011-01-01','K17','pp3',7,34),(290,'Bunker','okayy','2011-01-01','2011-01-01','K17','pp3',7,35),(291,'Bunker','okayy','2011-01-01','2011-01-01','K17','pp3',7,36),(292,'Bunker','okayy','2011-01-01','2011-01-01','K17','pp3',7,37),(293,'Bunker','okayy','2011-01-01','2011-01-01','K17','pp3',7,38),(294,'Bunker','okayy','2011-01-01','2011-01-01','K17','pp3',7,39);
/*!40000 ALTER TABLE `ranking_kpi_details` ENABLE KEYS */;
UNLOCK TABLES;

--
-- Table structure for table `ranking_kpi_rules`
--

DROP TABLE IF EXISTS `ranking_kpi_rules`;
/*!40101 SET @saved_cs_client     = @@character_set_client */;
/*!40101 SET character_set_client = utf8 */;
CREATE TABLE `ranking_kpi_rules` (
  `id` int(11) NOT NULL AUTO_INCREMENT,
  `Rules` varchar(255) COLLATE utf8_unicode_ci NOT NULL,
  `KpiDetailsId` int(11) DEFAULT NULL,
  PRIMARY KEY (`id`),
  KEY `IDX_253B384FF10FA648` (`KpiDetailsId`),
  CONSTRAINT `FK_253B384FF10FA648` FOREIGN KEY (`KpiDetailsId`) REFERENCES `ranking_kpi_details` (`id`)
) ENGINE=InnoDB DEFAULT CHARSET=utf8 COLLATE=utf8_unicode_ci;
/*!40101 SET character_set_client = @saved_cs_client */;

--
-- Dumping data for table `ranking_kpi_rules`
--

LOCK TABLES `ranking_kpi_rules` WRITE;
/*!40000 ALTER TABLE `ranking_kpi_rules` DISABLE KEYS */;
/*!40000 ALTER TABLE `ranking_kpi_rules` ENABLE KEYS */;
UNLOCK TABLES;

--
-- Table structure for table `ranking_monthly_data`
--

DROP TABLE IF EXISTS `ranking_monthly_data`;
/*!40101 SET @saved_cs_client     = @@character_set_client */;
/*!40101 SET character_set_client = utf8 */;
CREATE TABLE `ranking_monthly_data` (
  `id` int(11) NOT NULL AUTO_INCREMENT,
  `value` varchar(255) COLLATE utf8_unicode_ci DEFAULT NULL,
  `monthdetail` date NOT NULL,
  `ShipDetailsId` int(11) DEFAULT NULL,
  `KpiDetailsId` int(11) DEFAULT NULL,
  `ElementDetailsId` int(11) DEFAULT NULL,
  `status` int(11) NOT NULL,
  PRIMARY KEY (`id`),
  KEY `IDX_40D230035041247E` (`ShipDetailsId`),
  KEY `IDX_40D23003F10FA648` (`KpiDetailsId`),
  KEY `IDX_40D23003ABFC5A8E` (`ElementDetailsId`),
  CONSTRAINT `FK_40D230035041247E` FOREIGN KEY (`ShipDetailsId`) REFERENCES `ship_details` (`id`),
  CONSTRAINT `FK_40D23003ABFC5A8E` FOREIGN KEY (`ElementDetailsId`) REFERENCES `ranking_element_details` (`id`),
  CONSTRAINT `FK_40D23003F10FA648` FOREIGN KEY (`KpiDetailsId`) REFERENCES `ranking_kpi_details` (`id`)
) ENGINE=InnoDB AUTO_INCREMENT=4948 DEFAULT CHARSET=utf8 COLLATE=utf8_unicode_ci;
/*!40101 SET character_set_client = @saved_cs_client */;

--
-- Dumping data for table `ranking_monthly_data`
--

LOCK TABLES `ranking_monthly_data` WRITE;
/*!40000 ALTER TABLE `ranking_monthly_data` DISABLE KEYS */;
INSERT INTO `ranking_monthly_data` VALUES (3556,'0','2016-01-31',26,169,5,3),(3557,'95','2016-01-31',26,183,6,3),(3558,'165','2016-01-31',26,183,7,3),(3559,'1','2016-01-31',26,183,8,3),(3560,'0','2016-01-31',26,197,9,3),(3561,'10','2016-01-31',26,197,10,3),(3562,'0','2016-01-31',26,211,11,3),(3563,'0','2016-01-31',26,211,12,3),(3564,'0','2016-01-31',26,211,13,3),(3565,'0','2016-01-31',26,211,14,3),(3566,'0','2016-01-31',26,211,15,3),(3567,'0.00','2016-01-31',26,211,16,3),(3568,'0','2016-01-31',26,211,17,3),(3569,'4','2016-01-31',26,211,18,3),(3570,'1','2016-01-31',26,211,19,3),(3571,'0','2016-01-31',26,211,20,3),(3572,'0','2016-01-31',26,225,21,3),(3573,'0','2016-01-31',26,225,22,3),(3574,'0','2016-01-31',26,225,23,3),(3575,'5','2016-01-31',26,239,24,3),(3576,'5','2016-01-31',26,239,25,3),(3577,'3','2016-01-31',26,253,26,3),(3578,'7','2016-01-31',26,253,27,3),(3579,'0','2016-01-31',26,281,28,3),(3580,'0','2016-01-31',27,169,5,3),(3581,'1.03','2016-01-31',27,183,6,3),(3582,'0.53','2016-01-31',27,183,7,3),(3583,'0.71','2016-01-31',27,183,8,3),(3584,'0.00','2016-01-31',27,197,9,3),(3585,'10','2016-01-31',27,197,10,3),(3586,'0','2016-01-31',27,211,11,3),(3587,'0','2016-01-31',27,211,12,3),(3588,'0','2016-01-31',27,211,13,3),(3589,'0','2016-01-31',27,211,14,3),(3590,'0','2016-01-31',27,211,15,3),(3591,'0','2016-01-31',27,211,16,3),(3592,'0','2016-01-31',27,211,17,3),(3593,'5','2016-01-31',27,211,18,3),(3594,'1','2016-01-31',27,211,19,3),(3595,'0','2016-01-31',27,211,20,3),(3596,'0','2016-01-31',27,225,21,3),(3597,'0','2016-01-31',27,225,22,3),(3598,'0','2016-01-31',27,225,23,3),(3599,'5','2016-01-31',27,239,24,3),(3600,'5','2016-01-31',27,239,25,3),(3601,'3','2016-01-31',27,253,26,3),(3602,'7','2016-01-31',27,253,27,3),(3603,'1.46','2016-01-31',27,281,28,3),(3604,'0','2016-01-31',28,169,5,3),(3605,'102','2016-01-31',28,183,6,3),(3606,'5','2016-01-31',28,183,7,3),(3607,'154','2016-01-31',28,183,8,3),(3608,'1','2016-01-31',28,197,9,3),(3609,'10','2016-01-31',28,197,10,3),(3610,'0','2016-01-31',28,211,11,3),(3611,'0','2016-01-31',28,211,12,3),(3612,'0','2016-01-31',28,211,13,3),(3613,'0','2016-01-31',28,211,14,3),(3614,'0','2016-01-31',28,211,15,3),(3615,'0.00','2016-01-31',28,211,16,3),(3616,'0','2016-01-31',28,211,17,3),(3617,'4','2016-01-31',28,211,18,3),(3618,'1','2016-01-31',28,211,19,3),(3619,'0','2016-01-31',28,211,20,3),(3620,'1','2016-01-31',28,225,21,3),(3621,'0','2016-01-31',28,225,22,3),(3622,'0','2016-01-31',28,225,23,3),(3623,'5','2016-01-31',28,239,24,3),(3624,'5','2016-01-31',28,239,25,3),(3625,'3','2016-01-31',28,253,26,3),(3626,'7','2016-01-31',28,253,27,3),(3627,'1','2016-01-31',28,281,28,3),(3628,'0','2016-01-31',29,169,5,3),(3629,'92','2016-01-31',29,183,6,3),(3630,'97','2016-01-31',29,183,7,3),(3631,'26','2016-01-31',29,183,8,3),(3632,'6','2016-01-31',29,197,9,3),(3633,'10','2016-01-31',29,197,10,3),(3634,'0','2016-01-31',29,211,11,3),(3635,'0','2016-01-31',29,211,12,3),(3636,'0','2016-01-31',29,211,13,3),(3637,'0','2016-01-31',29,211,14,3),(3638,'0','2016-01-31',29,211,15,3),(3639,'0.00','2016-01-31',29,211,16,3),(3640,'0','2016-01-31',29,211,17,3),(3641,'5','2016-01-31',29,211,18,3),(3642,'1','2016-01-31',29,211,19,3),(3643,'0','2016-01-31',29,211,20,3),(3644,'0','2016-01-31',29,225,21,3),(3645,'0','2016-01-31',29,225,22,3),(3646,'0','2016-01-31',29,225,23,3),(3647,'5','2016-01-31',29,239,24,3),(3648,'5','2016-01-31',29,239,25,3),(3649,'3','2016-01-31',29,253,26,3),(3650,'7','2016-01-31',29,253,27,3),(3651,'0','2016-01-31',29,281,28,3),(3652,'0','2016-01-31',30,169,5,3),(3653,'96','2016-01-31',30,183,6,3),(3654,'258','2016-01-31',30,183,7,3),(3655,'279','2016-01-31',30,183,8,3),(3656,'5','2016-01-31',30,197,9,3),(3657,'10','2016-01-31',30,197,10,3),(3658,'0','2016-01-31',30,211,11,3),(3659,'0','2016-01-31',30,211,12,3),(3660,'0','2016-01-31',30,211,13,3),(3661,'1','2016-01-31',30,211,14,3),(3662,'3','2016-01-31',30,211,15,3),(3663,'0.00','2016-01-31',30,211,16,3),(3664,'1','2016-01-31',30,211,17,3),(3665,'5','2016-01-31',30,211,18,3),(3666,'1','2016-01-31',30,211,19,3),(3667,'0','2016-01-31',30,211,20,3),(3668,'0','2016-01-31',30,225,21,3),(3669,'0','2016-01-31',30,225,22,3),(3670,'0','2016-01-31',30,225,23,3),(3671,'5','2016-01-31',30,239,24,3),(3672,'5','2016-01-31',30,239,25,3),(3673,'3','2016-01-31',30,253,26,3),(3674,'7','2016-01-31',30,253,27,3),(3675,'0','2016-01-31',30,281,28,3),(3676,'0','2016-01-31',31,169,5,3),(3677,'102','2016-01-31',31,183,6,3),(3678,'84','2016-01-31',31,183,7,3),(3679,'41','2016-01-31',31,183,8,3),(3680,'3.33','2016-01-31',31,197,9,3),(3681,'10','2016-01-31',31,197,10,3),(3682,'0','2016-01-31',31,211,11,3),(3683,'0','2016-01-31',31,211,12,3),(3684,'0','2016-01-31',31,211,13,3),(3685,'0','2016-01-31',31,211,14,3),(3686,'0','2016-01-31',31,211,15,3),(3687,'0.00','2016-01-31',31,211,16,3),(3688,'1','2016-01-31',31,211,17,3),(3689,'4','2016-01-31',31,211,18,3),(3690,'1','2016-01-31',31,211,19,3),(3691,'0','2016-01-31',31,211,20,3),(3692,'0','2016-01-31',31,225,21,3),(3693,'0','2016-01-31',31,225,22,3),(3694,'0','2016-01-31',31,225,23,3),(3695,'5','2016-01-31',31,239,24,3),(3696,'5','2016-01-31',31,239,25,3),(3697,'3','2016-01-31',31,253,26,3),(3698,'7','2016-01-31',31,253,27,3),(3699,'0','2016-01-31',31,281,28,3),(3700,'0','2016-01-31',32,169,5,3),(3701,'88','2016-01-31',32,183,6,3),(3702,'98','2016-01-31',32,183,7,3),(3703,'24','2016-01-31',32,183,8,3),(3704,'5','2016-01-31',32,197,9,3),(3705,'10','2016-01-31',32,197,10,3),(3706,'0','2016-01-31',32,211,11,3),(3707,'0','2016-01-31',32,211,12,3),(3708,'0','2016-01-31',32,211,13,3),(3709,'0','2016-01-31',32,211,14,3),(3710,'3','2016-01-31',32,211,15,3),(3711,'0.00','2016-01-31',32,211,16,3),(3712,'0','2016-01-31',32,211,17,3),(3713,'5','2016-01-31',32,211,18,3),(3714,'1','2016-01-31',32,211,19,3),(3715,'0','2016-01-31',32,211,20,3),(3716,'0','2016-01-31',32,225,21,3),(3717,'0','2016-01-31',32,225,22,3),(3718,'0','2016-01-31',32,225,23,3),(3719,'5','2016-01-31',32,239,24,3),(3720,'5','2016-01-31',32,239,25,3),(3721,'3','2016-01-31',32,253,26,3),(3722,'7','2016-01-31',32,253,27,3),(3723,'0.3','2016-01-31',32,281,28,3),(3724,'1','2016-01-31',33,169,5,3),(3725,'93','2016-01-31',33,183,6,3),(3726,'24','2016-01-31',33,183,7,3),(3727,'6','2016-01-31',33,183,8,3),(3728,'13','2016-01-31',33,197,9,3),(3729,'10','2016-01-31',33,197,10,3),(3730,'0','2016-01-31',33,211,11,3),(3731,'0','2016-01-31',33,211,12,3),(3732,'0','2016-01-31',33,211,13,3),(3733,'0','2016-01-31',33,211,14,3),(3734,'0','2016-01-31',33,211,15,3),(3735,'0.00','2016-01-31',33,211,16,3),(3736,'0','2016-01-31',33,211,17,3),(3737,'5','2016-01-31',33,211,18,3),(3738,'1','2016-01-31',33,211,19,3),(3739,'0','2016-01-31',33,211,20,3),(3740,'0','2016-01-31',33,225,21,3),(3741,'0','2016-01-31',33,225,22,3),(3742,'0','2016-01-31',33,225,23,3),(3743,'5','2016-01-31',33,239,24,3),(3744,'5','2016-01-31',33,239,25,3),(3745,'3','2016-01-31',33,253,26,3),(3746,'7','2016-01-31',33,253,27,3),(3747,'1','2016-01-31',33,281,28,3),(3748,'0','2016-01-31',34,169,5,3),(3749,'92','2016-01-31',34,183,6,3),(3750,'62','2016-01-31',34,183,7,3),(3751,'40','2016-01-31',34,183,8,3),(3752,'3','2016-01-31',34,197,9,3),(3753,'10','2016-01-31',34,197,10,3),(3754,'0','2016-01-31',34,211,11,3),(3755,'0','2016-01-31',34,211,12,3),(3756,'0','2016-01-31',34,211,13,3),(3757,'0','2016-01-31',34,211,14,3),(3758,'0','2016-01-31',34,211,15,3),(3759,'0.00','2016-01-31',34,211,16,3),(3760,'2','2016-01-31',34,211,17,3),(3761,'5','2016-01-31',34,211,18,3),(3762,'1','2016-01-31',34,211,19,3),(3763,'0','2016-01-31',34,211,20,3),(3764,'0','2016-01-31',34,225,21,3),(3765,'0','2016-01-31',34,225,22,3),(3766,'1','2016-01-31',34,225,23,3),(3767,'5','2016-01-31',34,239,24,3),(3768,'5','2016-01-31',34,239,25,3),(3769,'3','2016-01-31',34,253,26,3),(3770,'7','2016-01-31',34,253,27,3),(3771,'0','2016-01-31',34,281,28,3),(3772,'0','2016-01-31',35,169,5,3),(3773,'100','2016-01-31',35,183,6,3),(3774,'39','2016-01-31',35,183,7,3),(3775,'30','2016-01-31',35,183,8,3),(3776,'4','2016-01-31',35,197,9,3),(3777,'10','2016-01-31',35,197,10,3),(3778,'0','2016-01-31',35,211,11,3),(3779,'0','2016-01-31',35,211,12,3),(3780,'0','2016-01-31',35,211,13,3),(3781,'0','2016-01-31',35,211,14,3),(3782,'0','2016-01-31',35,211,15,3),(3783,'0.00','2016-01-31',35,211,16,3),(3784,'2','2016-01-31',35,211,17,3),(3785,'5','2016-01-31',35,211,18,3),(3786,'1','2016-01-31',35,211,19,3),(3787,'0','2016-01-31',35,211,20,3),(3788,'0','2016-01-31',35,225,21,3),(3789,'0','2016-01-31',35,225,22,3),(3790,'0','2016-01-31',35,225,23,3),(3791,'5','2016-01-31',35,239,24,3),(3792,'5','2016-01-31',35,239,25,3),(3793,'3','2016-01-31',35,253,26,3),(3794,'7','2016-01-31',35,253,27,3),(3795,'0','2016-01-31',35,281,28,3),(3796,'0','2016-01-31',36,169,5,3),(3797,'102','2016-01-31',36,183,6,3),(3798,'79','2016-01-31',36,183,7,3),(3799,'7','2016-01-31',36,183,8,3),(3800,'8','2016-01-31',36,197,9,3),(3801,'10','2016-01-31',36,197,10,3),(3802,'0','2016-01-31',36,211,11,3),(3803,'0','2016-01-31',36,211,12,3),(3804,'0','2016-01-31',36,211,13,3),(3805,'0','2016-01-31',36,211,14,3),(3806,'0','2016-01-31',36,211,15,3),(3807,'0.00','2016-01-31',36,211,16,3),(3808,'0','2016-01-31',36,211,17,3),(3809,'4','2016-01-31',36,211,18,3),(3810,'1','2016-01-31',36,211,19,3),(3811,'0','2016-01-31',36,211,20,3),(3812,'0','2016-01-31',36,225,21,3),(3813,'0','2016-01-31',36,225,22,3),(3814,'0','2016-01-31',36,225,23,3),(3815,'5','2016-01-31',36,239,24,3),(3816,'5','2016-01-31',36,239,25,3),(3817,'3','2016-01-31',36,253,26,3),(3818,'7','2016-01-31',36,253,27,3),(3819,'31','2016-01-31',36,281,28,3),(3820,'0','2016-01-31',37,169,5,3),(3821,'92','2016-01-31',37,183,6,3),(3822,'63','2016-01-31',37,183,7,3),(3823,'483','2016-01-31',37,183,8,3),(3824,'1','2016-01-31',37,197,9,3),(3825,'10','2016-01-31',37,197,10,3),(3826,'0','2016-01-31',37,211,11,3),(3827,'0','2016-01-31',37,211,12,3),(3828,'0','2016-01-31',37,211,13,3),(3829,'0','2016-01-31',37,211,14,3),(3830,'0','2016-01-31',37,211,15,3),(3831,'0.00','2016-01-31',37,211,16,3),(3832,'0','2016-01-31',37,211,17,3),(3833,'5','2016-01-31',37,211,18,3),(3834,'1','2016-01-31',37,211,19,3),(3835,'0','2016-01-31',37,211,20,3),(3836,'0','2016-01-31',37,225,21,3),(3837,'0','2016-01-31',37,225,22,3),(3838,'0','2016-01-31',37,225,23,3),(3839,'5','2016-01-31',37,239,24,3),(3840,'5','2016-01-31',37,239,25,3),(3841,'3','2016-01-31',37,253,26,3),(3842,'7','2016-01-31',37,253,27,3),(3843,'0','2016-01-31',37,281,28,3),(3844,'0','2016-01-31',38,169,5,3),(3845,'103','2016-01-31',38,183,6,3),(3846,'84','2016-01-31',38,183,7,3),(3847,'35','2016-01-31',38,183,8,3),(3848,'1','2016-01-31',38,197,9,3),(3849,'10','2016-01-31',38,197,10,3),(3850,'0','2016-01-31',38,211,11,3),(3851,'0','2016-01-31',38,211,12,3),(3852,'0','2016-01-31',38,211,13,3),(3853,'0','2016-01-31',38,211,14,3),(3854,'0','2016-01-31',38,211,15,3),(3855,'0.00','2016-01-31',38,211,16,3),(3856,'0','2016-01-31',38,211,17,3),(3857,'5','2016-01-31',38,211,18,3),(3858,'1','2016-01-31',38,211,19,3),(3859,'0','2016-01-31',38,211,20,3),(3860,'0','2016-01-31',38,225,21,3),(3861,'0','2016-01-31',38,225,22,3),(3862,'0','2016-01-31',38,225,23,3),(3863,'5','2016-01-31',38,239,24,3),(3864,'5','2016-01-31',38,239,25,3),(3865,'3','2016-01-31',38,253,26,3),(3866,'7','2016-01-31',38,253,27,3),(3867,'2','2016-01-31',38,281,28,3),(3868,'0','2016-01-31',39,169,5,3),(3869,'91','2016-01-31',39,183,6,3),(3870,'81','2016-01-31',39,183,7,3),(3871,'55','2016-01-31',39,183,8,3),(3872,'2','2016-01-31',39,197,9,3),(3873,'10','2016-01-31',39,197,10,3),(3874,'0','2016-01-31',39,211,11,3),(3875,'0','2016-01-31',39,211,12,3),(3876,'0','2016-01-31',39,211,13,3),(3877,'0','2016-01-31',39,211,14,3),(3878,'0','2016-01-31',39,211,15,3),(3879,'0.00','2016-01-31',39,211,16,3),(3880,'0','2016-01-31',39,211,17,3),(3881,'5','2016-01-31',39,211,18,3),(3882,'1','2016-01-31',39,211,19,3),(3883,'0','2016-01-31',39,211,20,3),(3884,'0','2016-01-31',39,225,21,3),(3885,'0','2016-01-31',39,225,22,3),(3886,'0','2016-01-31',39,225,23,3),(3887,'5','2016-01-31',39,239,24,3),(3888,'5','2016-01-31',39,239,25,3),(3889,'3','2016-01-31',39,253,26,3),(3890,'7','2016-01-31',39,253,27,3),(3891,'0','2016-01-31',39,281,28,3),(3892,'0.5','2016-02-29',26,169,5,3),(3893,'90','2016-02-29',26,183,6,3),(3894,'150','2016-02-29',26,183,7,3),(3895,'1.3','2016-02-29',26,183,8,3),(3896,'1','2016-02-29',26,197,9,3),(3897,'7','2016-02-29',26,197,10,3),(3898,'0','2016-02-29',26,211,11,3),(3899,'0','2016-02-29',26,211,12,3),(3900,'0','2016-02-29',26,211,13,3),(3901,'0','2016-02-29',26,211,14,3),(3902,'0','2016-02-29',26,211,15,3),(3903,'1','2016-02-29',26,211,16,3),(3904,'0','2016-02-29',26,211,17,3),(3905,'3','2016-02-29',26,211,18,3),(3906,'1','2016-02-29',26,211,19,3),(3907,'0','2016-02-29',26,211,20,3),(3908,'0.3','2016-02-29',26,225,21,3),(3909,'0','2016-02-29',26,225,22,3),(3910,'1','2016-02-29',26,225,23,3),(3911,'4','2016-02-29',26,239,24,3),(3912,'4','2016-02-29',26,239,25,3),(3913,'2','2016-02-29',26,253,26,3),(3914,'5','2016-02-29',26,253,27,3),(3915,'1','2016-02-29',26,281,28,3),(3916,'0','2016-02-29',27,169,5,3),(3917,'1','2016-02-29',27,183,6,3),(3918,'0.42','2016-02-29',27,183,7,3),(3919,'0.61','2016-02-29',27,183,8,3),(3920,'0','2016-02-29',27,197,9,3),(3921,'9','2016-02-29',27,197,10,3),(3922,'0','2016-02-29',27,211,11,3),(3923,'0','2016-02-29',27,211,12,3),(3924,'0','2016-02-29',27,211,13,3),(3925,'0','2016-02-29',27,211,14,3),(3926,'0','2016-02-29',27,211,15,3),(3927,'0','2016-02-29',27,211,16,3),(3928,'0','2016-02-29',27,211,17,3),(3929,'4','2016-02-29',27,211,18,3),(3930,'0.5','2016-02-29',27,211,19,3),(3931,'0','2016-02-29',27,211,20,3),(3932,'0.1','2016-02-29',27,225,21,3),(3933,'0.1','2016-02-29',27,225,22,3),(3934,'0.1','2016-02-29',27,225,23,3),(3935,'4','2016-02-29',27,239,24,3),(3936,'4','2016-02-29',27,239,25,3),(3937,'1','2016-02-29',27,253,26,3),(3938,'4','2016-02-29',27,253,27,3),(3939,'1.2','2016-02-29',27,281,28,3),(3940,'0','2016-02-29',28,169,5,3),(3941,'100','2016-02-29',28,183,6,3),(3942,'4','2016-02-29',28,183,7,3),(3943,'135','2016-02-29',28,183,8,3),(3944,'3','2016-02-29',28,197,9,3),(3945,'10','2016-02-29',28,197,10,3),(3946,'0','2016-02-29',28,211,11,3),(3947,'0','2016-02-29',28,211,12,3),(3948,'0','2016-02-29',28,211,13,3),(3949,'0','2016-02-29',28,211,14,3),(3950,'0','2016-02-29',28,211,15,3),(3951,'5','2016-02-29',28,211,16,3),(3952,'0','2016-02-29',28,211,17,3),(3953,'5','2016-02-29',28,211,18,3),(3954,'2','2016-02-29',28,211,19,3),(3955,'0','2016-02-29',28,211,20,3),(3956,'1','2016-02-29',28,225,21,3),(3957,'1','2016-02-29',28,225,22,3),(3958,'1','2016-02-29',28,225,23,3),(3959,'6','2016-02-29',28,239,24,3),(3960,'6','2016-02-29',28,239,25,3),(3961,'5','2016-02-29',28,253,26,3),(3962,'7','2016-02-29',28,253,27,3),(3963,'2','2016-02-29',28,281,28,3),(3964,'0','2016-02-29',29,169,5,3),(3965,'90','2016-02-29',29,183,6,3),(3966,'92','2016-02-29',29,183,7,3),(3967,'24','2016-02-29',29,183,8,3),(3968,'4','2016-02-29',29,197,9,3),(3969,'9','2016-02-29',29,197,10,3),(3970,'0','2016-02-29',29,211,11,3),(3971,'0','2016-02-29',29,211,12,3),(3972,'00','2016-02-29',29,211,13,3),(3973,'0','2016-02-29',29,211,14,3),(3974,'0','2016-02-29',29,211,15,3),(3975,'0','2016-02-29',29,211,16,3),(3976,'0','2016-02-29',29,211,17,3),(3977,'4','2016-02-29',29,211,18,3),(3978,'0.5','2016-02-29',29,211,19,3),(3979,'0','2016-02-29',29,211,20,3),(3980,'1','2016-02-29',29,225,21,3),(3981,'1','2016-02-29',29,225,22,3),(3982,'1','2016-02-29',29,225,23,3),(3983,'4','2016-02-29',29,239,24,3),(3984,'4','2016-02-29',29,239,25,3),(3985,'2','2016-02-29',29,253,26,3),(3986,'6','2016-02-29',29,253,27,3),(3987,'1','2016-02-29',29,281,28,3),(3988,'1','2016-02-29',30,169,5,3),(3989,'98','2016-02-29',30,183,6,3),(3990,'257','2016-02-29',30,183,7,3),(3991,'280','2016-02-29',30,183,8,3),(3992,'6','2016-02-29',30,197,9,3),(3993,'10','2016-02-29',30,197,10,3),(3994,'0','2016-02-29',30,211,11,3),(3995,'0','2016-02-29',30,211,12,3),(3996,'0','2016-02-29',30,211,13,3),(3997,'2','2016-02-29',30,211,14,3),(3998,'4','2016-02-29',30,211,15,3),(3999,'0','2016-02-29',30,211,16,3),(4000,'0','2016-02-29',30,211,17,3),(4001,'5','2016-02-29',30,211,18,3),(4002,'2','2016-02-29',30,211,19,3),(4003,'0','2016-02-29',30,211,20,3),(4004,'1','2016-02-29',30,225,21,3),(4005,'1','2016-02-29',30,225,22,3),(4006,'1','2016-02-29',30,225,23,3),(4007,'6','2016-02-29',30,239,24,3),(4008,'6','2016-02-29',30,239,25,3),(4009,'4','2016-02-29',30,253,26,3),(4010,'7','2016-02-29',30,253,27,3),(4011,'1','2016-02-29',30,281,28,3),(4012,'1','2016-02-29',31,169,5,3),(4013,'100','2016-02-29',31,183,6,3),(4014,'83','2016-02-29',31,183,7,3),(4015,'40','2016-02-29',31,183,8,3),(4016,'3.31','2016-02-29',31,197,9,3),(4017,'10','2016-02-29',31,197,10,3),(4018,'0','2016-02-29',31,211,11,3),(4019,'0','2016-02-29',31,211,12,3),(4020,'0','2016-02-29',31,211,13,3),(4021,'0','2016-02-29',31,211,14,3),(4022,'0','2016-02-29',31,211,15,3),(4023,'0.0','2016-02-29',31,211,16,3),(4024,'1','2016-02-29',31,211,17,3),(4025,'3','2016-02-29',31,211,18,3),(4026,'0.5','2016-02-29',31,211,19,3),(4027,'0','2016-02-29',31,211,20,3),(4028,'0','2016-02-29',31,225,21,3),(4029,'0','2016-02-29',31,225,22,3),(4030,'0','2016-02-29',31,225,23,3),(4031,'5','2016-02-29',31,239,24,3),(4032,'5','2016-02-29',31,239,25,3),(4033,'2','2016-02-29',31,253,26,3),(4034,'6','2016-02-29',31,253,27,3),(4035,'0','2016-02-29',31,281,28,3),(4036,'0','2016-02-29',32,169,5,3),(4037,'88','2016-02-29',32,183,6,3),(4038,'97','2016-02-29',32,183,7,3),(4039,'23','2016-02-29',32,183,8,3),(4040,'4.5','2016-02-29',32,197,9,3),(4041,'9','2016-02-29',32,197,10,3),(4042,'0','2016-02-29',32,211,11,3),(4043,'0','2016-02-29',32,211,12,3),(4044,'0','2016-02-29',32,211,13,3),(4045,'0','2016-02-29',32,211,14,3),(4046,'0','2016-02-29',32,211,15,3),(4047,'0.0','2016-02-29',32,211,16,3),(4048,'0','2016-02-29',32,211,17,3),(4049,'6','2016-02-29',32,211,18,3),(4050,'1','2016-02-29',32,211,19,3),(4051,'0','2016-02-29',32,211,20,3),(4052,'1','2016-02-29',32,225,21,3),(4053,'1','2016-02-29',32,225,22,3),(4054,'1','2016-02-29',32,225,23,3),(4055,'5','2016-02-29',32,239,24,3),(4056,'5','2016-02-29',32,239,25,3),(4057,'5','2016-02-29',32,253,26,3),(4058,'7','2016-02-29',32,253,27,3),(4059,'1','2016-02-29',32,281,28,3),(4060,'0','2016-02-29',33,169,5,3),(4061,'92','2016-02-29',33,183,6,3),(4062,'22','2016-02-29',33,183,7,3),(4063,'5','2016-02-29',33,183,8,3),(4064,'12','2016-02-29',33,197,9,3),(4065,'9','2016-02-29',33,197,10,3),(4066,'0','2016-02-29',33,211,11,3),(4067,'0','2016-02-29',33,211,12,3),(4068,'0','2016-02-29',33,211,13,3),(4069,'0','2016-02-29',33,211,14,3),(4070,'0','2016-02-29',33,211,15,3),(4071,'1','2016-02-29',33,211,16,3),(4072,'0','2016-02-29',33,211,17,3),(4073,'4','2016-02-29',33,211,18,3),(4074,'0.5','2016-02-29',33,211,19,3),(4075,'0','2016-02-29',33,211,20,3),(4076,'0.3','2016-02-29',33,225,21,3),(4077,'0.3','2016-02-29',33,225,22,3),(4078,'0.3','2016-02-29',33,225,23,3),(4079,'4','2016-02-29',33,239,24,3),(4080,'4','2016-02-29',33,239,25,3),(4081,'2','2016-02-29',33,253,26,3),(4082,'6','2016-02-29',33,253,27,3),(4083,'0','2016-02-29',33,281,28,3),(4084,'0','2016-02-29',34,169,5,3),(4085,'93','2016-02-29',34,183,6,3),(4086,'63','2016-02-29',34,183,7,3),(4087,'40','2016-02-29',34,183,8,3),(4088,'4','2016-02-29',34,197,9,3),(4089,'10','2016-02-29',34,197,10,3),(4090,'0','2016-02-29',34,211,11,3),(4091,'0','2016-02-29',34,211,12,3),(4092,'0','2016-02-29',34,211,13,3),(4093,'0','2016-02-29',34,211,14,3),(4094,'0','2016-02-29',34,211,15,3),(4095,'0.0','2016-02-29',34,211,16,3),(4096,'3','2016-02-29',34,211,17,3),(4097,'5.5','2016-02-29',34,211,18,3),(4098,'1','2016-02-29',34,211,19,3),(4099,'0','2016-02-29',34,211,20,3),(4100,'0','2016-02-29',34,225,21,3),(4101,'0','2016-02-29',34,225,22,3),(4102,'1','2016-02-29',34,225,23,3),(4103,'4','2016-02-29',34,239,24,3),(4104,'4','2016-02-29',34,239,25,3),(4105,'4','2016-02-29',34,253,26,3),(4106,'7','2016-02-29',34,253,27,3),(4107,'1','2016-02-29',34,281,28,3),(4108,'0','2016-02-29',35,169,5,3),(4109,'98','2016-02-29',35,183,6,3),(4110,'38','2016-02-29',35,183,7,3),(4111,'29','2016-02-29',35,183,8,3),(4112,'3','2016-02-29',35,197,9,3),(4113,'10','2016-02-29',35,197,10,3),(4114,'0','2016-02-29',35,211,11,3),(4115,'0','2016-02-29',35,211,12,3),(4116,'0','2016-02-29',35,211,13,3),(4117,'0','2016-02-29',35,211,14,3),(4118,'0','2016-02-29',35,211,15,3),(4119,'0','2016-02-29',35,211,16,3),(4120,'1','2016-02-29',35,211,17,3),(4121,'4','2016-02-29',35,211,18,3),(4122,'1','2016-02-29',35,211,19,3),(4123,'0','2016-02-29',35,211,20,3),(4124,'0','2016-02-29',35,225,21,3),(4125,'0.5','2016-02-29',35,225,22,3),(4126,'1','2016-02-29',35,225,23,3),(4127,'3','2016-02-29',35,239,24,3),(4128,'6','2016-02-29',35,239,25,3),(4129,'3','2016-02-29',35,253,26,3),(4130,'7','2016-02-29',35,253,27,3),(4131,'0.5','2016-02-29',35,281,28,3),(4132,'0','2016-02-29',36,169,5,3),(4133,'103','2016-02-29',36,183,6,3),(4134,'80','2016-02-29',36,183,7,3),(4135,'7.5','2016-02-29',36,183,8,3),(4136,'9','2016-02-29',36,197,9,3),(4137,'10.5','2016-02-29',36,197,10,3),(4138,'0','2016-02-29',36,211,11,3),(4139,'0','2016-02-29',36,211,12,3),(4140,'0','2016-02-29',36,211,13,3),(4141,'0','2016-02-29',36,211,14,3),(4142,'0.0','2016-02-29',36,211,15,3),(4143,'0','2016-02-29',36,211,16,3),(4144,'0','2016-02-29',36,211,17,3),(4145,'4.5','2016-02-29',36,211,18,3),(4146,'1','2016-02-29',36,211,19,3),(4147,'0','2016-02-29',36,211,20,3),(4148,'0.5','2016-02-29',36,225,21,3),(4149,'1','2016-02-29',36,225,22,3),(4150,'1','2016-02-29',36,225,23,3),(4151,'5.5','2016-02-29',36,239,24,3),(4152,'5.5','2016-02-29',36,239,25,3),(4153,'4','2016-02-29',36,253,26,3),(4154,'7','2016-02-29',36,253,27,3),(4155,'0','2016-02-29',36,281,28,3),(4156,'1','2016-02-29',37,169,5,3),(4157,'90','2016-02-29',37,183,6,3),(4158,'60','2016-02-29',37,183,7,3),(4159,'480','2016-02-29',37,183,8,3),(4160,'0.5','2016-02-29',37,197,9,3),(4161,'9','2016-02-29',37,197,10,3),(4162,'0','2016-02-29',37,211,11,3),(4163,'0','2016-02-29',37,211,12,3),(4164,'0','2016-02-29',37,211,13,3),(4165,'0','2016-02-29',37,211,14,3),(4166,'0','2016-02-29',37,211,15,3),(4167,'0.0','2016-02-29',37,211,16,3),(4168,'0','2016-02-29',37,211,17,3),(4169,'4','2016-02-29',37,211,18,3),(4170,'1','2016-02-29',37,211,19,3),(4171,'0','2016-02-29',37,211,20,3),(4172,'0','2016-02-29',37,225,21,3),(4173,'0','2016-02-29',37,225,22,3),(4174,'0','2016-02-29',37,225,23,3),(4175,'3.5','2016-02-29',37,239,24,3),(4176,'3.5','2016-02-29',37,239,25,3),(4177,'2.5','2016-02-29',37,253,26,3),(4178,'6','2016-02-29',37,253,27,3),(4179,'1','2016-02-29',37,281,28,3),(4180,'0.5','2016-02-29',38,169,5,3),(4181,'104','2016-02-29',38,183,6,3),(4182,'84','2016-02-29',38,183,7,3),(4183,'36','2016-02-29',38,183,8,3),(4184,'2','2016-02-29',38,197,9,3),(4185,'11','2016-02-29',38,197,10,3),(4186,'0','2016-02-29',38,211,11,3),(4187,'0','2016-02-29',38,211,12,3),(4188,'0','2016-02-29',38,211,13,3),(4189,'0','2016-02-29',38,211,14,3),(4190,'0','2016-02-29',38,211,15,3),(4191,'0.0','2016-02-29',38,211,16,3),(4192,'0','2016-02-29',38,211,17,3),(4193,'6','2016-02-29',38,211,18,3),(4194,'2','2016-02-29',38,211,19,3),(4195,'0','2016-02-29',38,211,20,3),(4196,'1','2016-02-29',38,225,21,3),(4197,'0','2016-02-29',38,225,22,3),(4198,'0','2016-02-29',38,225,23,3),(4199,'4','2016-02-29',38,239,24,3),(4200,'4','2016-02-29',38,239,25,3),(4201,'5','2016-02-29',38,253,26,3),(4202,'6','2016-02-29',38,253,27,3),(4203,'1','2016-02-29',38,281,28,3),(4204,'1','2016-02-29',39,169,5,3),(4205,'90','2016-02-29',39,183,6,3),(4206,'80','2016-02-29',39,183,7,3),(4207,'50','2016-02-29',39,183,8,3),(4208,'1','2016-02-29',39,197,9,3),(4209,'10','2016-02-29',39,197,10,3),(4210,'0','2016-02-29',39,211,11,3),(4211,'0','2016-02-29',39,211,12,3),(4212,'0','2016-02-29',39,211,13,3),(4213,'0','2016-02-29',39,211,14,3),(4214,'0','2016-02-29',39,211,15,3),(4215,'0','2016-02-29',39,211,16,3),(4216,'0','2016-02-29',39,211,17,3),(4217,'6','2016-02-29',39,211,18,3),(4218,'1','2016-02-29',39,211,19,3),(4219,'0','2016-02-29',39,211,20,3),(4220,'1','2016-02-29',39,225,21,3),(4221,'1','2016-02-29',39,225,22,3),(4222,'1','2016-02-29',39,225,23,3),(4223,'4','2016-02-29',39,239,24,3),(4224,'4','2016-02-29',39,239,25,3),(4225,'4.5','2016-02-29',39,253,26,3),(4226,'6.4','2016-02-29',39,253,27,3),(4227,'0','2016-02-29',39,281,28,3),(4228,'0','2016-03-31',26,169,5,3),(4229,'90','2016-03-31',26,183,6,3),(4230,'56','2016-03-31',26,183,7,3),(4231,'155','2016-03-31',26,183,8,3),(4232,'3','2016-03-31',26,197,9,3),(4233,'7','2016-03-31',26,197,10,3),(4234,'0','2016-03-31',26,211,11,3),(4235,'0','2016-03-31',26,211,12,3),(4236,'0','2016-03-31',26,211,13,3),(4237,'1','2016-03-31',26,211,14,3),(4238,'0.5','2016-03-31',26,211,15,3),(4239,'0','2016-03-31',26,211,16,3),(4240,'1','2016-03-31',26,211,17,3),(4241,'4','2016-03-31',26,211,18,3),(4242,'2','2016-03-31',26,211,19,3),(4243,'0','2016-03-31',26,211,20,3),(4244,'1','2016-03-31',26,225,21,3),(4245,'1','2016-03-31',26,225,22,3),(4246,'1','2016-03-31',26,225,23,3),(4247,'5','2016-03-31',26,239,24,3),(4248,'5','2016-03-31',26,239,25,3),(4249,'3','2016-03-31',26,253,26,3),(4250,'7','2016-03-31',26,253,27,3),(4251,'0.5','2016-03-31',26,281,28,3),(4252,'1','2016-03-31',27,169,5,3),(4253,'0.71','2016-03-31',27,183,6,3),(4254,'63','2016-03-31',27,183,7,3),(4255,'2.6','2016-03-31',27,183,8,3),(4256,'3','2016-03-31',27,197,9,3),(4257,'9','2016-03-31',27,197,10,3),(4258,'0','2016-03-31',27,211,11,3),(4259,'0','2016-03-31',27,211,12,3),(4260,'1','2016-03-31',27,211,13,3),(4261,'1','2016-03-31',27,211,14,3),(4262,'1','2016-03-31',27,211,15,3),(4263,'0','2016-03-31',27,211,16,3),(4264,'0.5','2016-03-31',27,211,17,3),(4265,'6','2016-03-31',27,211,18,3),(4266,'1','2016-03-31',27,211,19,3),(4267,'0','2016-03-31',27,211,20,3),(4268,'1','2016-03-31',27,225,21,3),(4269,'1','2016-03-31',27,225,22,3),(4270,'2','2016-03-31',27,225,23,3),(4271,'5','2016-03-31',27,239,24,3),(4272,'5','2016-03-31',27,239,25,3),(4273,'4','2016-03-31',27,253,26,3),(4274,'6','2016-03-31',27,253,27,3),(4275,'1','2016-03-31',27,281,28,3),(4276,'0','2016-03-31',28,169,5,3),(4277,'56','2016-03-31',28,183,6,3),(4278,'75','2016-03-31',28,183,7,3),(4279,'4.3','2016-03-31',28,183,8,3),(4280,'5','2016-03-31',28,197,9,3),(4281,'8','2016-03-31',28,197,10,3),(4282,'0','2016-03-31',28,211,11,3),(4283,'0','2016-03-31',28,211,12,3),(4284,'0','2016-03-31',28,211,13,3),(4285,'1','2016-03-31',28,211,14,3),(4286,'1','2016-03-31',28,211,15,3),(4287,'1','2016-03-31',28,211,16,3),(4288,'0','2016-03-31',28,211,17,3),(4289,'4','2016-03-31',28,211,18,3),(4290,'2','2016-03-31',28,211,19,3),(4291,'1','2016-03-31',28,211,20,3),(4292,'0.5','2016-03-31',28,225,21,3),(4293,'0.5','2016-03-31',28,225,22,3),(4294,'0.5','2016-03-31',28,225,23,3),(4295,'1','2016-03-31',28,239,24,3),(4296,'5','2016-03-31',28,239,25,3),(4297,'3','2016-03-31',28,253,26,3),(4298,'7','2016-03-31',28,253,27,3),(4299,'1','2016-03-31',28,281,28,3),(4300,'1','2016-03-31',29,169,5,3),(4301,'55','2016-03-31',29,183,6,3),(4302,'105','2016-03-31',29,183,7,3),(4303,'54.5','2016-03-31',29,183,8,3),(4304,'5','2016-03-31',29,197,9,3),(4305,'8','2016-03-31',29,197,10,3),(4306,'1','2016-03-31',29,211,11,3),(4307,'1','2016-03-31',29,211,12,3),(4308,'0','2016-03-31',29,211,13,3),(4309,'0','2016-03-31',29,211,14,3),(4310,'1','2016-03-31',29,211,15,3),(4311,'2','2016-03-31',29,211,16,3),(4312,'3','2016-03-31',29,211,17,3),(4313,'5','2016-03-31',29,211,18,3),(4314,'1','2016-03-31',29,211,19,3),(4315,'0','2016-03-31',29,211,20,3),(4316,'2','2016-03-31',29,225,21,3),(4317,'2','2016-03-31',29,225,22,3),(4318,'2','2016-03-31',29,225,23,3),(4319,'6','2016-03-31',29,239,24,3),(4320,'6','2016-03-31',29,239,25,3),(4321,'5','2016-03-31',29,253,26,3),(4322,'8','2016-03-31',29,253,27,3),(4323,'2','2016-03-31',29,281,28,3),(4324,'1','2016-03-31',30,169,5,3),(4325,'130','2016-03-31',30,183,6,3),(4326,'160.3','2016-03-31',30,183,7,3),(4327,'5.8','2016-03-31',30,183,8,3),(4328,'4','2016-03-31',30,197,9,3),(4329,'7','2016-03-31',30,197,10,3),(4330,'0','2016-03-31',30,211,11,3),(4331,'0','2016-03-31',30,211,12,3),(4332,'0','2016-03-31',30,211,13,3),(4333,'0','2016-03-31',30,211,14,3),(4334,'0','2016-03-31',30,211,15,3),(4335,'1','2016-03-31',30,211,16,3),(4336,'6','2016-03-31',30,211,17,3),(4337,'4','2016-03-31',30,211,18,3),(4338,'1','2016-03-31',30,211,19,3),(4339,'0','2016-03-31',30,211,20,3),(4340,'2','2016-03-31',30,225,21,3),(4341,'2','2016-03-31',30,225,22,3),(4342,'2','2016-03-31',30,225,23,3),(4343,'3','2016-03-31',30,239,24,3),(4344,'3','2016-03-31',30,239,25,3),(4345,'6','2016-03-31',30,253,26,3),(4346,'3','2016-03-31',30,253,27,3),(4347,'1','2016-03-31',30,281,28,3),(4348,'0','2016-03-31',31,169,5,3),(4349,'120','2016-03-31',31,183,6,3),(4350,'150.5','2016-03-31',31,183,7,3),(4351,'55.8','2016-03-31',31,183,8,3),(4352,'6.5','2016-03-31',31,197,9,3),(4353,'8.4','2016-03-31',31,197,10,3),(4354,'1','2016-03-31',31,211,11,3),(4355,'2','2016-03-31',31,211,12,3),(4356,'1','2016-03-31',31,211,13,3),(4357,'12','2016-03-31',31,211,14,3),(4358,'0','2016-03-31',31,211,15,3),(4359,'0','2016-03-31',31,211,16,3),(4360,'0','2016-03-31',31,211,17,3),(4361,'4','2016-03-31',31,211,18,3),(4362,'3','2016-03-31',31,211,19,3),(4363,'1','2016-03-31',31,211,20,3),(4364,'1.5','2016-03-31',31,225,21,3),(4365,'1.5','2016-03-31',31,225,22,3),(4366,'1.5','2016-03-31',31,225,23,3),(4367,'7','2016-03-31',31,239,24,3),(4368,'7','2016-03-31',31,239,25,3),(4369,'6','2016-03-31',31,253,26,3),(4370,'4','2016-03-31',31,253,27,3),(4371,'1','2016-03-31',31,281,28,3),(4372,'0','2016-03-31',32,169,5,3),(4373,'90','2016-03-31',32,183,6,3),(4374,'94','2016-03-31',32,183,7,3),(4375,'27','2016-03-31',32,183,8,3),(4376,'6','2016-03-31',32,197,9,3),(4377,'11','2016-03-31',32,197,10,3),(4378,'0','2016-03-31',32,211,11,3),(4379,'0','2016-03-31',32,211,12,3),(4380,'0','2016-03-31',32,211,13,3),(4381,'0','2016-03-31',32,211,14,3),(4382,'1','2016-03-31',32,211,15,3),(4383,'1','2016-03-31',32,211,16,3),(4384,'1','2016-03-31',32,211,17,3),(4385,'5','2016-03-31',32,211,18,3),(4386,'2','2016-03-31',32,211,19,3),(4387,'0','2016-03-31',32,211,20,3),(4388,'1','2016-03-31',32,225,21,3),(4389,'11','2016-03-31',32,225,22,3),(4390,'1','2016-03-31',32,225,23,3),(4391,'7','2016-03-31',32,239,24,3),(4392,'7','2016-03-31',32,239,25,3),(4393,'4.8','2016-03-31',32,253,26,3),(4394,'6','2016-03-31',32,253,27,3),(4395,'1','2016-03-31',32,281,28,3),(4396,'1','2016-03-31',33,169,5,3),(4397,'90','2016-03-31',33,183,6,3),(4398,'20','2016-03-31',33,183,7,3),(4399,'5','2016-03-31',33,183,8,3),(4400,'12','2016-03-31',33,197,9,3),(4401,'10','2016-03-31',33,197,10,3),(4402,'0','2016-03-31',33,211,11,3),(4403,'1','2016-03-31',33,211,12,3),(4404,'1','2016-03-31',33,211,13,3),(4405,'0','2016-03-31',33,211,14,3),(4406,'1','2016-03-31',33,211,15,3),(4407,'0','2016-03-31',33,211,16,3),(4408,'2','2016-03-31',33,211,17,3),(4409,'5','2016-03-31',33,211,18,3),(4410,'2','2016-03-31',33,211,19,3),(4411,'0','2016-03-31',33,211,20,3),(4412,'1','2016-03-31',33,225,21,3),(4413,'1','2016-03-31',33,225,22,3),(4414,'1','2016-03-31',33,225,23,3),(4415,'3','2016-03-31',33,239,24,3),(4416,'3','2016-03-31',33,239,25,3),(4417,'2.6','2016-03-31',33,253,26,3),(4418,'5','2016-03-31',33,253,27,3),(4419,'1','2016-03-31',33,281,28,3),(4420,'1','2016-03-31',34,169,5,3),(4421,'100','2016-03-31',34,183,6,3),(4422,'80.5','2016-03-31',34,183,7,3),(4423,'40.6','2016-03-31',34,183,8,3),(4424,'5','2016-03-31',34,197,9,3),(4425,'7','2016-03-31',34,197,10,3),(4426,'0','2016-03-31',34,211,11,3),(4427,'0','2016-03-31',34,211,12,3),(4428,'0','2016-03-31',34,211,13,3),(4429,'1','2016-03-31',34,211,14,3),(4430,'0','2016-03-31',34,211,15,3),(4431,'1','2016-03-31',34,211,16,3),(4432,'0','2016-03-31',34,211,17,3),(4433,'5','2016-03-31',34,211,18,3),(4434,'1','2016-03-31',34,211,19,3),(4435,'1','2016-03-31',34,211,20,3),(4436,'1','2016-03-31',34,225,21,3),(4437,'1','2016-03-31',34,225,22,3),(4438,'1','2016-03-31',34,225,23,3),(4439,'5','2016-03-31',34,239,24,3),(4440,'4','2016-03-31',34,239,25,3),(4441,'5','2016-03-31',34,253,26,3),(4442,'6','2016-03-31',34,253,27,3),(4443,'0.37','2016-03-31',34,281,28,3),(4444,'1','2016-03-31',35,169,5,3),(4445,'125','2016-03-31',35,183,6,3),(4446,'50','2016-03-31',35,183,7,3),(4447,'60','2016-03-31',35,183,8,3),(4448,'3','2016-03-31',35,197,9,3),(4449,'8','2016-03-31',35,197,10,3),(4450,'0','2016-03-31',35,211,11,3),(4451,'1','2016-03-31',35,211,12,3),(4452,'1','2016-03-31',35,211,13,3),(4453,'1','2016-03-31',35,211,14,3),(4454,'0','2016-03-31',35,211,15,3),(4455,'0','2016-03-31',35,211,16,3),(4456,'0','2016-03-31',35,211,17,3),(4457,'5','2016-03-31',35,211,18,3),(4458,'1','2016-03-31',35,211,19,3),(4459,'0','2016-03-31',35,211,20,3),(4460,'1','2016-03-31',35,225,21,3),(4461,'1','2016-03-31',35,225,22,3),(4462,'1','2016-03-31',35,225,23,3),(4463,'3','2016-03-31',35,239,24,3),(4464,'6','2016-03-31',35,239,25,3),(4465,'6','2016-03-31',35,253,26,3),(4466,'7','2016-03-31',35,253,27,3),(4467,'1','2016-03-31',35,281,28,3),(4468,'1','2016-03-31',36,169,5,3),(4469,'107','2016-03-31',36,183,6,3),(4470,'76','2016-03-31',36,183,7,3),(4471,'20','2016-03-31',36,183,8,3),(4472,'6','2016-03-31',36,197,9,3),(4473,'10','2016-03-31',36,197,10,3),(4474,'0','2016-03-31',36,211,11,3),(4475,'1','2016-03-31',36,211,12,3),(4476,'1','2016-03-31',36,211,13,3),(4477,'1','2016-03-31',36,211,14,3),(4478,'0','2016-03-31',36,211,15,3),(4479,'4','2016-03-31',36,211,16,3),(4480,'0','2016-03-31',36,211,17,3),(4481,'3','2016-03-31',36,211,18,3),(4482,'1','2016-03-31',36,211,19,3),(4483,'0','2016-03-31',36,211,20,3),(4484,'0','2016-03-31',36,225,21,3),(4485,'1','2016-03-31',36,225,22,3),(4486,'2','2016-03-31',36,225,23,3),(4487,'3','2016-03-31',36,239,24,3),(4488,'4','2016-03-31',36,239,25,3),(4489,'37','2016-03-31',36,253,26,3),(4490,'7','2016-03-31',36,253,27,3),(4491,'0','2016-03-31',36,281,28,3),(4492,'0','2016-03-31',37,169,5,3),(4493,'100','2016-03-31',37,183,6,3),(4494,'70','2016-03-31',37,183,7,3),(4495,'487','2016-03-31',37,183,8,3),(4496,'2','2016-03-31',37,197,9,3),(4497,'8','2016-03-31',37,197,10,3),(4498,'0','2016-03-31',37,211,11,3),(4499,'0','2016-03-31',37,211,12,3),(4500,'0','2016-03-31',37,211,13,3),(4501,'0','2016-03-31',37,211,14,3),(4502,'0','2016-03-31',37,211,15,3),(4503,'0.0','2016-03-31',37,211,16,3),(4504,'1','2016-03-31',37,211,17,3),(4505,'5','2016-03-31',37,211,18,3),(4506,'1','2016-03-31',37,211,19,3),(4507,'0','2016-03-31',37,211,20,3),(4508,'1','2016-03-31',37,225,21,3),(4509,'1','2016-03-31',37,225,22,3),(4510,'1','2016-03-31',37,225,23,3),(4511,'5','2016-03-31',37,239,24,3),(4512,'5','2016-03-31',37,239,25,3),(4513,'4','2016-03-31',37,253,26,3),(4514,'8','2016-03-31',37,253,27,3),(4515,'1','2016-03-31',37,281,28,3),(4516,'1','2016-03-31',38,169,5,3),(4517,'105','2016-03-31',38,183,6,3),(4518,'87','2016-03-31',38,183,7,3),(4519,'39','2016-03-31',38,183,8,3),(4520,'2','2016-03-31',38,197,9,3),(4521,'8','2016-03-31',38,197,10,3),(4522,'0','2016-03-31',38,211,11,3),(4523,'0','2016-03-31',38,211,12,3),(4524,'0','2016-03-31',38,211,13,3),(4525,'0','2016-03-31',38,211,14,3),(4526,'0','2016-03-31',38,211,15,3),(4527,'0.0','2016-03-31',38,211,16,3),(4528,'1','2016-03-31',38,211,17,3),(4529,'4','2016-03-31',38,211,18,3),(4530,'1','2016-03-31',38,211,19,3),(4531,'0','2016-03-31',38,211,20,3),(4532,'1.5','2016-03-31',38,225,21,3),(4533,'1.5','2016-03-31',38,225,22,3),(4534,'1.5','2016-03-31',38,225,23,3),(4535,'5','2016-03-31',38,239,24,3),(4536,'5','2016-03-31',38,239,25,3),(4537,'4','2016-03-31',38,253,26,3),(4538,'6','2016-03-31',38,253,27,3),(4539,'0.45','2016-03-31',38,281,28,3),(4540,'0','2016-03-31',39,169,5,3),(4541,'100','2016-03-31',39,183,6,3),(4542,'90','2016-03-31',39,183,7,3),(4543,'55','2016-03-31',39,183,8,3),(4544,'4','2016-03-31',39,197,9,3),(4545,'8','2016-03-31',39,197,10,3),(4546,'0','2016-03-31',39,211,11,3),(4547,'0','2016-03-31',39,211,12,3),(4548,'0','2016-03-31',39,211,13,3),(4549,'1','2016-03-31',39,211,14,3),(4550,'1','2016-03-31',39,211,15,3),(4551,'1','2016-03-31',39,211,16,3),(4552,'0','2016-03-31',39,211,17,3),(4553,'5','2016-03-31',39,211,18,3),(4554,'3','2016-03-31',39,211,19,3),(4555,'0','2016-03-31',39,211,20,3),(4556,'2.6','2016-03-31',39,225,21,3),(4557,'4.1','2016-03-31',39,225,22,3),(4558,'3','2016-03-31',39,225,23,3),(4559,'3','2016-03-31',39,239,24,3),(4560,'5','2016-03-31',39,239,25,3),(4561,'5','2016-03-31',39,253,26,3),(4562,'8','2016-03-31',39,253,27,3),(4563,'1','2016-03-31',39,281,28,3),(4564,'0','2016-03-31',39,169,5,1),(4565,'100','2016-03-31',39,183,6,1),(4566,'90','2016-03-31',39,183,7,1),(4567,'55','2016-03-31',39,183,8,1),(4568,'4','2016-03-31',39,197,9,1),(4569,'8','2016-03-31',39,197,10,1),(4570,'0','2016-03-31',39,211,11,1),(4571,'0','2016-03-31',39,211,12,1),(4572,'0','2016-03-31',39,211,13,1),(4573,'1','2016-03-31',39,211,14,1),(4574,'1','2016-03-31',39,211,15,1),(4575,'1','2016-03-31',39,211,16,1),(4576,'0','2016-03-31',39,211,17,1),(4577,'5','2016-03-31',39,211,18,1),(4578,'3','2016-03-31',39,211,19,1),(4579,'0','2016-03-31',39,211,20,1),(4580,'2.6','2016-03-31',39,225,21,1),(4581,'4.1','2016-03-31',39,225,22,1),(4582,'3','2016-03-31',39,225,23,1),(4583,'3','2016-03-31',39,239,24,1),(4584,'5','2016-03-31',39,239,25,1),(4585,'5','2016-03-31',39,253,26,1),(4586,'8','2016-03-31',39,253,27,1),(4587,'1','2016-03-31',39,281,28,1),(4588,'1','2016-04-30',26,169,5,3),(4589,'170','2016-04-30',26,183,6,3),(4590,'90.7','2016-04-30',26,183,7,3),(4591,'100','2016-04-30',26,183,8,3),(4592,'3','2016-04-30',26,197,9,3),(4593,'7','2016-04-30',26,197,10,3),(4594,'1','2016-04-30',26,211,11,3),(4595,'1','2016-04-30',26,211,12,3),(4596,'1','2016-04-30',26,211,13,3),(4597,'1','2016-04-30',26,211,14,3),(4598,'0','2016-04-30',26,211,15,3),(4599,'0','2016-04-30',26,211,16,3),(4600,'0','2016-04-30',26,211,17,3),(4601,'5','2016-04-30',26,211,18,3),(4602,'1','2016-04-30',26,211,19,3),(4603,'0','2016-04-30',26,211,20,3),(4604,'1','2016-04-30',26,225,21,3),(4605,'0','2016-04-30',26,225,22,3),(4606,'1','2016-04-30',26,225,23,3),(4607,'5','2016-04-30',26,239,24,3),(4608,'5','2016-04-30',26,239,25,3),(4609,'5','2016-04-30',26,253,26,3),(4610,'8','2016-04-30',26,253,27,3),(4611,'0','2016-04-30',26,281,28,3),(4612,'0','2016-04-30',27,169,5,3),(4613,'200','2016-04-30',27,183,6,3),(4614,'159','2016-04-30',27,183,7,3),(4615,'7.8','2016-04-30',27,183,8,3),(4616,'3','2016-04-30',27,197,9,3),(4617,'8','2016-04-30',27,197,10,3),(4618,'0','2016-04-30',27,211,11,3),(4619,'0','2016-04-30',27,211,12,3),(4620,'0','2016-04-30',27,211,13,3),(4621,'0','2016-04-30',27,211,14,3),(4622,'0','2016-04-30',27,211,15,3),(4623,'1','2016-04-30',27,211,16,3),(4624,'3.5','2016-04-30',27,211,17,3),(4625,'4','2016-04-30',27,211,18,3),(4626,'1','2016-04-30',27,211,19,3),(4627,'1','2016-04-30',27,211,20,3),(4628,'0','2016-04-30',27,225,21,3),(4629,'2','2016-04-30',27,225,22,3),(4630,'2','2016-04-30',27,225,23,3),(4631,'5','2016-04-30',27,239,24,3),(4632,'5','2016-04-30',27,239,25,3),(4633,'3','2016-04-30',27,253,26,3),(4634,'7','2016-04-30',27,253,27,3),(4635,'1','2016-04-30',27,281,28,3),(4636,'0','2016-04-30',28,169,5,3),(4637,'90','2016-04-30',28,183,6,3),(4638,'57','2016-04-30',28,183,7,3),(4639,'45','2016-04-30',28,183,8,3),(4640,'3','2016-04-30',28,197,9,3),(4641,'6','2016-04-30',28,197,10,3),(4642,'0','2016-04-30',28,211,11,3),(4643,'0','2016-04-30',28,211,12,3),(4644,'1','2016-04-30',28,211,13,3),(4645,'0','2016-04-30',28,211,14,3),(4646,'1','2016-04-30',28,211,15,3),(4647,'0','2016-04-30',28,211,16,3),(4648,'1','2016-04-30',28,211,17,3),(4649,'5','2016-04-30',28,211,18,3),(4650,'1','2016-04-30',28,211,19,3),(4651,'0','2016-04-30',28,211,20,3),(4652,'1','2016-04-30',28,225,21,3),(4653,'1','2016-04-30',28,225,22,3),(4654,'1','2016-04-30',28,225,23,3),(4655,'6','2016-04-30',28,239,24,3),(4656,'7','2016-04-30',28,239,25,3),(4657,'7','2016-04-30',28,253,26,3),(4658,'7','2016-04-30',28,253,27,3),(4659,'1','2016-04-30',28,281,28,3),(4660,'0','2016-04-30',29,169,5,3),(4661,'150','2016-04-30',29,183,6,3),(4662,'200','2016-04-30',29,183,7,3),(4663,'34','2016-04-30',29,183,8,3),(4664,'7','2016-04-30',29,197,9,3),(4665,'5','2016-04-30',29,197,10,3),(4666,'0','2016-04-30',29,211,11,3),(4667,'0','2016-04-30',29,211,12,3),(4668,'0','2016-04-30',29,211,13,3),(4669,'0','2016-04-30',29,211,14,3),(4670,'1','2016-04-30',29,211,15,3),(4671,'1','2016-04-30',29,211,16,3),(4672,'4','2016-04-30',29,211,17,3),(4673,'5','2016-04-30',29,211,18,3),(4674,'1','2016-04-30',29,211,19,3),(4675,'0','2016-04-30',29,211,20,3),(4676,'0','2016-04-30',29,225,21,3),(4677,'1','2016-04-30',29,225,22,3),(4678,'1','2016-04-30',29,225,23,3),(4679,'5','2016-04-30',29,239,24,3),(4680,'5','2016-04-30',29,239,25,3),(4681,'6','2016-04-30',29,253,26,3),(4682,'5','2016-04-30',29,253,27,3),(4683,'0','2016-04-30',29,281,28,3),(4684,'1','2016-04-30',30,169,5,3),(4685,'180','2016-04-30',30,183,6,3),(4686,'45','2016-04-30',30,183,7,3),(4687,'200','2016-04-30',30,183,8,3),(4688,'5','2016-04-30',30,197,9,3),(4689,'8','2016-04-30',30,197,10,3),(4690,'0','2016-04-30',30,211,11,3),(4691,'0','2016-04-30',30,211,12,3),(4692,'0','2016-04-30',30,211,13,3),(4693,'0','2016-04-30',30,211,14,3),(4694,'1','2016-04-30',30,211,15,3),(4695,'1','2016-04-30',30,211,16,3),(4696,'1','2016-04-30',30,211,17,3),(4697,'5','2016-04-30',30,211,18,3),(4698,'3','2016-04-30',30,211,19,3),(4699,'1','2016-04-30',30,211,20,3),(4700,'0','2016-04-30',30,225,21,3),(4701,'0','2016-04-30',30,225,22,3),(4702,'0','2016-04-30',30,225,23,3),(4703,'7','2016-04-30',30,239,24,3),(4704,'6','2016-04-30',30,239,25,3),(4705,'4','2016-04-30',30,253,26,3),(4706,'5','2016-04-30',30,253,27,3),(4707,'0','2016-04-30',30,281,28,3),(4708,'1','2016-04-30',31,169,5,3),(4709,'230','2016-04-30',31,183,6,3),(4710,'167.5','2016-04-30',31,183,7,3),(4711,'1','2016-04-30',31,183,8,3),(4712,'4','2016-04-30',31,197,9,3),(4713,'8','2016-04-30',31,197,10,3),(4714,'0','2016-04-30',31,211,11,3),(4715,'0','2016-04-30',31,211,12,3),(4716,'0','2016-04-30',31,211,13,3),(4717,'0','2016-04-30',31,211,14,3),(4718,'1','2016-04-30',31,211,15,3),(4719,'1','2016-04-30',31,211,16,3),(4720,'1','2016-04-30',31,211,17,3),(4721,'5','2016-04-30',31,211,18,3),(4722,'1','2016-04-30',31,211,19,3),(4723,'0','2016-04-30',31,211,20,3),(4724,'2','2016-04-30',31,225,21,3),(4725,'2','2016-04-30',31,225,22,3),(4726,'2','2016-04-30',31,225,23,3),(4727,'5','2016-04-30',31,239,24,3),(4728,'5','2016-04-30',31,239,25,3),(4729,'7','2016-04-30',31,253,26,3),(4730,'7','2016-04-30',31,253,27,3),(4731,'1','2016-04-30',31,281,28,3),(4732,'1','2016-04-30',32,169,5,3),(4733,'150.7','2016-04-30',32,183,6,3),(4734,'130','2016-04-30',32,183,7,3),(4735,'100','2016-04-30',32,183,8,3),(4736,'3','2016-04-30',32,197,9,3),(4737,'6','2016-04-30',32,197,10,3),(4738,'1','2016-04-30',32,211,11,3),(4739,'1','2016-04-30',32,211,12,3),(4740,'1','2016-04-30',32,211,13,3),(4741,'1','2016-04-30',32,211,14,3),(4742,'1','2016-04-30',32,211,15,3),(4743,'5','2016-04-30',32,211,16,3),(4744,'3','2016-04-30',32,211,17,3),(4745,'4','2016-04-30',32,211,18,3),(4746,'1','2016-04-30',32,211,19,3),(4747,'0','2016-04-30',32,211,20,3),(4748,'0','2016-04-30',32,225,21,3),(4749,'3','2016-04-30',32,225,22,3),(4750,'2','2016-04-30',32,225,23,3),(4751,'5','2016-04-30',32,239,24,3),(4752,'6','2016-04-30',32,239,25,3),(4753,'7','2016-04-30',32,253,26,3),(4754,'7','2016-04-30',32,253,27,3),(4755,'1','2016-04-30',32,281,28,3),(4756,'1','2016-04-30',33,169,5,3),(4757,'150','2016-04-30',33,183,6,3),(4758,'200','2016-04-30',33,183,7,3),(4759,'100','2016-04-30',33,183,8,3),(4760,'3.5','2016-04-30',33,197,9,3),(4761,'6.8','2016-04-30',33,197,10,3),(4762,'1.3','2016-04-30',33,211,11,3),(4763,'0','2016-04-30',33,211,12,3),(4764,'0','2016-04-30',33,211,13,3),(4765,'1','2016-04-30',33,211,14,3),(4766,'1','2016-04-30',33,211,15,3),(4767,'1','2016-04-30',33,211,16,3),(4768,'1','2016-04-30',33,211,17,3),(4769,'5','2016-04-30',33,211,18,3),(4770,'1','2016-04-30',33,211,19,3),(4771,'0','2016-04-30',33,211,20,3),(4772,'2','2016-04-30',33,225,21,3),(4773,'2','2016-04-30',33,225,22,3),(4774,'2','2016-04-30',33,225,23,3),(4775,'7','2016-04-30',33,239,24,3),(4776,'12','2016-04-30',33,239,25,3),(4777,'6','2016-04-30',33,253,26,3),(4778,'10','2016-04-30',33,253,27,3),(4779,'2','2016-04-30',33,281,28,3),(4780,'0','2016-04-30',34,169,5,3),(4781,'130.3','2016-04-30',34,183,6,3),(4782,'145.7','2016-04-30',34,183,7,3),(4783,'45','2016-04-30',34,183,8,3),(4784,'7','2016-04-30',34,197,9,3),(4785,'10','2016-04-30',34,197,10,3),(4786,'0','2016-04-30',34,211,11,3),(4787,'0','2016-04-30',34,211,12,3),(4788,'1','2016-04-30',34,211,13,3),(4789,'1','2016-04-30',34,211,14,3),(4790,'1','2016-04-30',34,211,15,3),(4791,'2','2016-04-30',34,211,16,3),(4792,'4','2016-04-30',34,211,17,3),(4793,'2','2016-04-30',34,211,18,3),(4794,'1','2016-04-30',34,211,19,3),(4795,'0','2016-04-30',34,211,20,3),(4796,'1','2016-04-30',34,225,21,3),(4797,'1','2016-04-30',34,225,22,3),(4798,'1','2016-04-30',34,225,23,3),(4799,'3','2016-04-30',34,239,24,3),(4800,'3','2016-04-30',34,239,25,3),(4801,'7','2016-04-30',34,253,26,3),(4802,'7','2016-04-30',34,253,27,3),(4803,'1','2016-04-30',34,281,28,3),(4804,'1','2016-04-30',35,169,5,3),(4805,'134.8','2016-04-30',35,183,6,3),(4806,'190.7','2016-04-30',35,183,7,3),(4807,'200','2016-04-30',35,183,8,3),(4808,'10','2016-04-30',35,197,9,3),(4809,'10','2016-04-30',35,197,10,3),(4810,'1','2016-04-30',35,211,11,3),(4811,'0','2016-04-30',35,211,12,3),(4812,'0','2016-04-30',35,211,13,3),(4813,'0','2016-04-30',35,211,14,3),(4814,'0','2016-04-30',35,211,15,3),(4815,'0','2016-04-30',35,211,16,3),(4816,'1','2016-04-30',35,211,17,3),(4817,'0','2016-04-30',35,211,18,3),(4818,'2','2016-04-30',35,211,19,3),(4819,'1','2016-04-30',35,211,20,3),(4820,'2','2016-04-30',35,225,21,3),(4821,'2','2016-04-30',35,225,22,3),(4822,'1','2016-04-30',35,225,23,3),(4823,'5','2016-04-30',35,239,24,3),(4824,'5','2016-04-30',35,239,25,3),(4825,'7','2016-04-30',35,253,26,3),(4826,'7','2016-04-30',35,253,27,3),(4827,'1','2016-04-30',35,281,28,3),(4828,'1','2016-04-30',36,169,5,3),(4829,'89','2016-04-30',36,183,6,3),(4830,'179.6','2016-04-30',36,183,7,3),(4831,'100','2016-04-30',36,183,8,3),(4832,'10','2016-04-30',36,197,9,3),(4833,'10','2016-04-30',36,197,10,3),(4834,'1','2016-04-30',36,211,11,3),(4835,'0','2016-04-30',36,211,12,3),(4836,'0','2016-04-30',36,211,13,3),(4837,'0','2016-04-30',36,211,14,3),(4838,'0','2016-04-30',36,211,15,3),(4839,'0.0','2016-04-30',36,211,16,3),(4840,'0','2016-04-30',36,211,17,3),(4841,'4','2016-04-30',36,211,18,3),(4842,'1','2016-04-30',36,211,19,3),(4843,'0','2016-04-30',36,211,20,3),(4844,'1','2016-04-30',36,225,21,3),(4845,'1','2016-04-30',36,225,22,3),(4846,'1','2016-04-30',36,225,23,3),(4847,'5','2016-04-30',36,239,24,3),(4848,'5','2016-04-30',36,239,25,3),(4849,'1','2016-04-30',36,253,26,3),(4850,'8','2016-04-30',36,253,27,3),(4851,'0','2016-04-30',36,281,28,3),(4852,'1','2016-04-30',37,169,5,3),(4853,'166.7','2016-04-30',37,183,6,3),(4854,'150','2016-04-30',37,183,7,3),(4855,'90','2016-04-30',37,183,8,3),(4856,'5','2016-04-30',37,197,9,3),(4857,'5','2016-04-30',37,197,10,3),(4858,'1','2016-04-30',37,211,11,3),(4859,'1','2016-04-30',37,211,12,3),(4860,'1','2016-04-30',37,211,13,3),(4861,'1','2016-04-30',37,211,14,3),(4862,'1','2016-04-30',37,211,15,3),(4863,'1','2016-04-30',37,211,16,3),(4864,'2','2016-04-30',37,211,17,3),(4865,'2','2016-04-30',37,211,18,3),(4866,'4','2016-04-30',37,211,19,3),(4867,'1','2016-04-30',37,211,20,3),(4868,'1','2016-04-30',37,225,21,3),(4869,'1','2016-04-30',37,225,22,3),(4870,'1','2016-04-30',37,225,23,3),(4871,'5','2016-04-30',37,239,24,3),(4872,'5','2016-04-30',37,239,25,3),(4873,'7','2016-04-30',37,253,26,3),(4874,'7','2016-04-30',37,253,27,3),(4875,'1','2016-04-30',37,281,28,3),(4876,'1','2016-04-30',38,169,5,3),(4877,'200','2016-04-30',38,183,6,3),(4878,'150.7','2016-04-30',38,183,7,3),(4879,'40','2016-04-30',38,183,8,3),(4880,'10','2016-04-30',38,197,9,3),(4881,'10','2016-04-30',38,197,10,3),(4882,'1','2016-04-30',38,211,11,3),(4883,'1','2016-04-30',38,211,12,3),(4884,'1','2016-04-30',38,211,13,3),(4885,'1','2016-04-30',38,211,14,3),(4886,'1','2016-04-30',38,211,15,3),(4887,'0','2016-04-30',38,211,16,3),(4888,'0','2016-04-30',38,211,17,3),(4889,'4','2016-04-30',38,211,18,3),(4890,'1','2016-04-30',38,211,19,3),(4891,'0','2016-04-30',38,211,20,3),(4892,'1','2016-04-30',38,225,21,3),(4893,'1','2016-04-30',38,225,22,3),(4894,'1','2016-04-30',38,225,23,3),(4895,'7','2016-04-30',38,239,24,3),(4896,'7','2016-04-30',38,239,25,3),(4897,'8','2016-04-30',38,253,26,3),(4898,'9','2016-04-30',38,253,27,3),(4899,'1','2016-04-30',38,281,28,3),(4900,'0','2016-04-30',39,169,5,3),(4901,'90','2016-04-30',39,183,6,3),(4902,'138.7','2016-04-30',39,183,7,3),(4903,'56.7','2016-04-30',39,183,8,3),(4904,'2','2016-04-30',39,197,9,3),(4905,'8','2016-04-30',39,197,10,3),(4906,'1','2016-04-30',39,211,11,3),(4907,'1','2016-04-30',39,211,12,3),(4908,'1','2016-04-30',39,211,13,3),(4909,'1','2016-04-30',39,211,14,3),(4910,'1','2016-04-30',39,211,15,3),(4911,'0','2016-04-30',39,211,16,3),(4912,'1','2016-04-30',39,211,17,3),(4913,'3','2016-04-30',39,211,18,3),(4914,'2','2016-04-30',39,211,19,3),(4915,'1','2016-04-30',39,211,20,3),(4916,'2','2016-04-30',39,225,21,3),(4917,'2','2016-04-30',39,225,22,3),(4918,'2','2016-04-30',39,225,23,3),(4919,'8','2016-04-30',39,239,24,3),(4920,'9','2016-04-30',39,239,25,3),(4921,'4','2016-04-30',39,253,26,3),(4922,'8','2016-04-30',39,253,27,3),(4923,'1','2016-04-30',39,281,28,3),(4924,'2','2016-05-31',26,169,5,1),(4925,'150','2016-05-31',26,183,6,1),(4926,'167.9','2016-05-31',26,183,7,1),(4927,'120','2016-05-31',26,183,8,1),(4928,'10','2016-05-31',26,197,9,1),(4929,'10','2016-05-31',26,197,10,1),(4930,'1','2016-05-31',26,211,11,1),(4931,'1','2016-05-31',26,211,12,1),(4932,'1','2016-05-31',26,211,13,1),(4933,'1','2016-05-31',26,211,14,1),(4934,'1','2016-05-31',26,211,15,1),(4935,'1','2016-05-31',26,211,16,1),(4936,'1','2016-05-31',26,211,17,1),(4937,'5','2016-05-31',26,211,18,1),(4938,'1','2016-05-31',26,211,19,1),(4939,'0','2016-05-31',26,211,20,1),(4940,'1','2016-05-31',26,225,21,1),(4941,'1','2016-05-31',26,225,22,1),(4942,'1','2016-05-31',26,225,23,1),(4943,'5','2016-05-31',26,239,24,1),(4944,'5','2016-05-31',26,239,25,1),(4945,'1','2016-05-31',26,253,26,1),(4946,'2','2016-05-31',26,253,27,1),(4947,'1','2016-05-31',26,281,28,1);
/*!40000 ALTER TABLE `ranking_monthly_data` ENABLE KEYS */;
UNLOCK TABLES;

--
-- Table structure for table `ranking_rules`
--

DROP TABLE IF EXISTS `ranking_rules`;
/*!40101 SET @saved_cs_client     = @@character_set_client */;
/*!40101 SET character_set_client = utf8 */;
CREATE TABLE `ranking_rules` (
  `id` int(11) NOT NULL AUTO_INCREMENT,
  `Rules` varchar(255) COLLATE utf8_unicode_ci NOT NULL,
  `KpiDetailsId` int(11) DEFAULT NULL,
  `ElementDetailsId` int(11) DEFAULT NULL,
  PRIMARY KEY (`id`),
  KEY `IDX_845ECE8DF10FA648` (`KpiDetailsId`),
  KEY `IDX_845ECE8DABFC5A8E` (`ElementDetailsId`),
  CONSTRAINT `FK_845ECE8DABFC5A8E` FOREIGN KEY (`ElementDetailsId`) REFERENCES `ranking_element_details` (`id`),
  CONSTRAINT `FK_845ECE8DF10FA648` FOREIGN KEY (`KpiDetailsId`) REFERENCES `ranking_kpi_details` (`id`)
) ENGINE=InnoDB AUTO_INCREMENT=169 DEFAULT CHARSET=utf8 COLLATE=utf8_unicode_ci;
/*!40101 SET character_set_client = @saved_cs_client */;

--
-- Dumping data for table `ranking_rules`
--

LOCK TABLES `ranking_rules` WRITE;
/*!40000 ALTER TABLE `ranking_rules` DISABLE KEYS */;
INSERT INTO `ranking_rules` VALUES (75,'{\"operators\":{},\"actions\":{\"name\":\"action-select\",\"value\":\"Green\"},\"conditions\":{\"all\":[{\"name\":\"ageField\",\"operator\":\"lessThanEqual\",\"value\":\"1\"}]}}',281,28),(76,'{\"operators\":{},\"actions\":{\"name\":\"action-select\",\"value\":\"Yellow\"},\"conditions\":{\"all\":[{\"name\":\"ageField\",\"operator\":\"greaterThan\",\"value\":\"1\"},{\"name\":\"ageField\",\"operator\":\"lessThan\",\"value\":\"2\"}]}}',281,28),(77,'{\"operators\":{},\"actions\":{\"name\":\"action-select\",\"value\":\"Red\"},\"conditions\":{\"all\":[{\"name\":\"ageField\",\"operator\":\"greaterThan\",\"value\":\"2\"}]}}',281,28),(87,'{\"operators\":{},\"actions\":{\"name\":\"action-select\",\"value\":\"Red\"},\"conditions\":{\"all\":[{\"name\":\"ageField\",\"operator\":\"equalTo\",\"value\":\"2\"}]}}',169,5),(88,'{\"operators\":{},\"actions\":{\"name\":\"action-select\",\"value\":\"Green\"},\"conditions\":{\"all\":[{\"name\":\"ageField\",\"operator\":\"equalTo\",\"value\":\"0\"}]}}',169,5),(89,'{\"operators\":{},\"actions\":{\"name\":\"action-select\",\"value\":\"Yellow\"},\"conditions\":{\"all\":[{\"name\":\"ageField\",\"operator\":\"equalTo\",\"value\":\"1\"}]}}',169,5),(99,'{\"operators\":{},\"actions\":{\"name\":\"action-select\",\"value\":\"Green\"},\"conditions\":{\"all\":[{\"name\":\"ageField\",\"operator\":\"lessThan\",\"value\":\"2\"}]}}',197,9),(100,'{\"operators\":{},\"actions\":{\"name\":\"action-select\",\"value\":\"Yellow\"},\"conditions\":{\"all\":[{\"name\":\"ageField\",\"operator\":\"greaterThanEqual\",\"value\":\"2\"},{\"name\":\"ageField\",\"operator\":\"lessThanEqual\",\"value\":\"3\"}]}}',197,9),(101,'{\"operators\":{},\"actions\":{\"name\":\"action-select\",\"value\":\"Red\"},\"conditions\":{\"all\":[{\"name\":\"ageField\",\"operator\":\"greaterThan\",\"value\":\"3\"}]}}',197,9),(105,'{\"operators\":{},\"actions\":{\"name\":\"action-select\",\"value\":\"Green\"},\"conditions\":{\"all\":[{\"name\":\"ageField\",\"operator\":\"equalTo\",\"value\":\"0\"}]}}',211,11),(106,'{\"operators\":{},\"actions\":{\"name\":\"action-select\",\"value\":\"Yellow\"},\"conditions\":{\"all\":[{\"name\":\"ageField\",\"operator\":\"equalTo\",\"value\":\"1\"}]}}',211,11),(107,'{\"operators\":{},\"actions\":{\"name\":\"action-select\",\"value\":\"Red\"},\"conditions\":{\"all\":[{\"name\":\"ageField\",\"operator\":\"greaterThan\",\"value\":\"1\"}]}}',211,11),(108,'{\"operators\":{},\"actions\":{\"name\":\"action-select\",\"value\":\"Green\"},\"conditions\":{\"all\":[{\"name\":\"ageField\",\"operator\":\"equalTo\",\"value\":\"0\"}]}}',211,12),(109,'{\"operators\":{},\"actions\":{\"name\":\"action-select\",\"value\":\"Yellow\"},\"conditions\":{\"all\":[{\"name\":\"ageField\",\"operator\":\"lessThanEqual\",\"value\":\"1\"}]}}',211,12),(110,'{\"operators\":{},\"actions\":{\"name\":\"action-select\",\"value\":\"Red\"},\"conditions\":{\"all\":[{\"name\":\"ageField\",\"operator\":\"greaterThan\",\"value\":\"1\"}]}}',211,12),(111,'{\"operators\":{},\"actions\":{\"name\":\"action-select\",\"value\":\"Green\"},\"conditions\":{\"all\":[{\"name\":\"ageField\",\"operator\":\"equalTo\",\"value\":\"0\"}]}}',211,13),(112,'{\"operators\":{},\"actions\":{\"name\":\"action-select\",\"value\":\"Yellow\"},\"conditions\":{\"all\":[{\"name\":\"ageField\",\"operator\":\"lessThanEqual\",\"value\":\"1\"}]}}',211,13),(113,'{\"operators\":{},\"actions\":{\"name\":\"action-select\",\"value\":\"Red\"},\"conditions\":{\"all\":[{\"name\":\"ageField\",\"operator\":\"greaterThan\",\"value\":\"1\"}]}}',211,13),(114,'{\"operators\":{},\"actions\":{\"name\":\"action-select\",\"value\":\"Green\"},\"conditions\":{\"all\":[{\"name\":\"ageField\",\"operator\":\"equalTo\",\"value\":\"0\"}]}}',211,14),(115,'{\"operators\":{},\"actions\":{\"name\":\"action-select\",\"value\":\"Yellow\"},\"conditions\":{\"all\":[{\"name\":\"ageField\",\"operator\":\"lessThanEqual\",\"value\":\"1\"}]}}',211,14),(116,'{\"operators\":{},\"actions\":{\"name\":\"action-select\",\"value\":\"Red\"},\"conditions\":{\"all\":[{\"name\":\"ageField\",\"operator\":\"greaterThan\",\"value\":\"1\"}]}}',211,14),(117,'{\"operators\":{},\"actions\":{\"name\":\"action-select\",\"value\":\"Green\"},\"conditions\":{\"all\":[{\"name\":\"ageField\",\"operator\":\"equalTo\",\"value\":\"0\"}]}}',211,15),(118,'{\"operators\":{},\"actions\":{\"name\":\"action-select\",\"value\":\"Yellow\"},\"conditions\":{\"all\":[{\"name\":\"ageField\",\"operator\":\"lessThanEqual\",\"value\":\"2\"}]}}',211,15),(119,'{\"operators\":{},\"actions\":{\"name\":\"action-select\",\"value\":\"Red\"},\"conditions\":{\"all\":[{\"name\":\"ageField\",\"operator\":\"greaterThan\",\"value\":\"1\"}]}}',211,15),(120,'{\"operators\":{},\"actions\":{\"name\":\"action-select\",\"value\":\"Green\"},\"conditions\":{\"all\":[{\"name\":\"ageField\",\"operator\":\"equalTo\",\"value\":\"0\"}]}}',211,16),(121,'{\"operators\":{},\"actions\":{\"name\":\"action-select\",\"value\":\"Yellow\"},\"conditions\":{\"all\":[{\"name\":\"ageField\",\"operator\":\"lessThanEqual\",\"value\":\"0.8\"}]}}',211,16),(122,'{\"operators\":{},\"actions\":{\"name\":\"action-select\",\"value\":\"Red\"},\"conditions\":{\"all\":[{\"name\":\"ageField\",\"operator\":\"greaterThan\",\"value\":\"1\"}]}}',211,16),(123,'{\"operators\":{},\"actions\":{\"name\":\"action-select\",\"value\":\"Green\"},\"conditions\":{\"all\":[{\"name\":\"ageField\",\"operator\":\"equalTo\",\"value\":\"0\"}]}}',211,17),(124,'{\"operators\":{},\"actions\":{\"name\":\"action-select\",\"value\":\"Yellow\"},\"conditions\":{\"all\":[{\"name\":\"ageField\",\"operator\":\"lessThanEqual\",\"value\":\"1\"}]}}',211,17),(125,'{\"operators\":{},\"actions\":{\"name\":\"action-select\",\"value\":\"Red\"},\"conditions\":{\"all\":[{\"name\":\"ageField\",\"operator\":\"greaterThan\",\"value\":\"1\"}]}}',211,17),(126,'{\"operators\":{},\"actions\":{\"name\":\"action-select\",\"value\":\"Green\"},\"conditions\":{\"all\":[{\"name\":\"ageField\",\"operator\":\"greaterThanEqual\",\"value\":\"4\"}]}}',211,18),(127,'{\"operators\":{},\"actions\":{\"name\":\"action-select\",\"value\":\"Yellow\"},\"conditions\":{\"all\":[{\"name\":\"ageField\",\"operator\":\"equalTo\",\"value\":\"2\"}]}}',211,18),(128,'{\"operators\":{},\"actions\":{\"name\":\"action-select\",\"value\":\"Yellow\"},\"conditions\":{\"all\":[{\"name\":\"ageField\",\"operator\":\"equalTo\",\"value\":\"3\"}]}}',211,18),(129,'{\"operators\":{},\"actions\":{\"name\":\"action-select\",\"value\":\"Red\"},\"conditions\":{\"all\":[{\"name\":\"ageField\",\"operator\":\"lessThan\",\"value\":\"2\"}]}}',211,18),(130,'{\"operators\":{},\"actions\":{\"name\":\"action-select\",\"value\":\"Yellow\"},\"conditions\":{\"all\":[{\"name\":\"ageField\",\"operator\":\"equalTo\",\"value\":\"0.6\"}]}}',211,19),(131,'{\"operators\":{},\"actions\":{\"name\":\"action-select\",\"value\":\"Green\"},\"conditions\":{\"all\":[{\"name\":\"ageField\",\"operator\":\"greaterThan\",\"value\":\"0.6\"}]}}',211,19),(132,'{\"operators\":{},\"actions\":{\"name\":\"action-select\",\"value\":\"Red\"},\"conditions\":{\"all\":[{\"name\":\"ageField\",\"operator\":\"lessThan\",\"value\":\"0.6\"}]}}',211,19),(133,'{\"operators\":{},\"actions\":{\"name\":\"action-select\",\"value\":\"Green\"},\"conditions\":{\"all\":[{\"name\":\"ageField\",\"operator\":\"equalTo\",\"value\":\"0\"}]}}',211,20),(134,'{\"operators\":{},\"actions\":{\"name\":\"action-select\",\"value\":\"Yellow\"},\"conditions\":{\"all\":[{\"name\":\"ageField\",\"operator\":\"lessThanEqual\",\"value\":\"1\"}]}}',211,20),(135,'{\"operators\":{},\"actions\":{\"name\":\"action-select\",\"value\":\"Red\"},\"conditions\":{\"all\":[{\"name\":\"ageField\",\"operator\":\"greaterThan\",\"value\":\"1\"}]}}',211,20),(136,'{\"operators\":{},\"actions\":{\"name\":\"action-select\",\"value\":\"Green\"},\"conditions\":{\"all\":[{\"name\":\"ageField\",\"operator\":\"equalTo\",\"value\":\"0\"}]}}',225,21),(137,'{\"operators\":{},\"actions\":{\"name\":\"action-select\",\"value\":\"Yellow\"},\"conditions\":{\"all\":[{\"name\":\"ageField\",\"operator\":\"lessThanEqual\",\"value\":\"1\"}]}}',225,21),(138,'{\"operators\":{},\"actions\":{\"name\":\"action-select\",\"value\":\"Red\"},\"conditions\":{\"all\":[{\"name\":\"ageField\",\"operator\":\"greaterThan\",\"value\":\"1\"}]}}',225,21),(139,'{\"operators\":{},\"actions\":{\"name\":\"action-select\",\"value\":\"Green\"},\"conditions\":{\"all\":[{\"name\":\"ageField\",\"operator\":\"equalTo\",\"value\":\"0\"}]}}',225,22),(140,'{\"operators\":{},\"actions\":{\"name\":\"action-select\",\"value\":\"Yellow\"},\"conditions\":{\"all\":[{\"name\":\"ageField\",\"operator\":\"lessThanEqual\",\"value\":\"1\"}]}}',225,22),(141,'{\"operators\":{},\"actions\":{\"name\":\"action-select\",\"value\":\"Red\"},\"conditions\":{\"all\":[{\"name\":\"ageField\",\"operator\":\"greaterThan\",\"value\":\"1\"}]}}',225,22),(142,'{\"operators\":{},\"actions\":{\"name\":\"action-select\",\"value\":\"Green\"},\"conditions\":{\"all\":[{\"name\":\"ageField\",\"operator\":\"equalTo\",\"value\":\"0\"}]}}',225,23),(143,'{\"operators\":{},\"actions\":{\"name\":\"action-select\",\"value\":\"Yellow\"},\"conditions\":{\"all\":[{\"name\":\"ageField\",\"operator\":\"lessThanEqual\",\"value\":\"1\"}]}}',225,23),(144,'{\"operators\":{},\"actions\":{\"name\":\"action-select\",\"value\":\"Red\"},\"conditions\":{\"all\":[{\"name\":\"ageField\",\"operator\":\"greaterThan\",\"value\":\"1\"}]}}',225,23),(145,'{\"operators\":{},\"actions\":{\"name\":\"action-select\",\"value\":\"Green\"},\"conditions\":{\"all\":[{\"operator\":\"lessThanEqual\",\"value\":\"100\"}]}}',183,6),(146,'{\"operators\":{},\"actions\":{\"name\":\"action-select\",\"value\":\"Yellow\"},\"conditions\":{\"all\":[{\"name\":\"ageField\",\"operator\":\"greaterThan\",\"value\":\"100\"},{\"name\":\"ageField\",\"operator\":\"lessThanEqual\",\"value\":\"105\"}]}}',183,6),(147,'{\"operators\":{},\"actions\":{\"name\":\"action-select\",\"value\":\"Red\"},\"conditions\":{\"all\":[{\"operator\":\"greaterThan\",\"value\":\"105\"}]}}',183,6),(148,'{\"operators\":{},\"actions\":{\"name\":\"action-select\",\"value\":\"Green\"},\"conditions\":{\"all\":[{\"name\":\"ageField\",\"operator\":\"lessThanEqual\",\"value\":\"100\"}]}}',183,7),(149,'{\"operators\":{},\"actions\":{\"name\":\"action-select\",\"value\":\"Yellow\"},\"conditions\":{\"all\":[{\"name\":\"ageField\",\"operator\":\"greaterThan\",\"value\":\"100\"},{\"name\":\"ageField\",\"operator\":\"lessThanEqual\",\"value\":\"105\"}]}}',183,7),(150,'{\"operators\":{},\"actions\":{\"name\":\"action-select\",\"value\":\"Red\"},\"conditions\":{\"all\":[{\"name\":\"ageField\",\"operator\":\"greaterThan\",\"value\":\"105\"}]}}',183,7),(151,'{\"operators\":{},\"actions\":{\"name\":\"action-select\",\"value\":\"Green\"},\"conditions\":{\"all\":[{\"name\":\"ageField\",\"operator\":\"lessThanEqual\",\"value\":\"100\"}]}}',NULL,NULL),(152,'{\"operators\":{},\"actions\":{\"name\":\"action-select\",\"value\":\"Yellow\"},\"conditions\":{\"all\":[{\"name\":\"ageField\",\"operator\":\"greaterThan\",\"value\":\"100\"},{\"name\":\"ageField\",\"operator\":\"lessThanEqual\",\"value\":\"105\"}]}}',NULL,NULL),(153,'{\"operators\":{},\"actions\":{\"name\":\"action-select\",\"value\":\"Red\"},\"conditions\":{\"all\":[{\"name\":\"ageField\",\"operator\":\"greaterThan\",\"value\":\"105\"}]}}',NULL,NULL),(154,'{\"operators\":{},\"actions\":{\"name\":\"action-select\",\"value\":\"Green\"},\"conditions\":{\"all\":[{\"name\":\"ageField\",\"operator\":\"lessThanEqual\",\"value\":\"12\"}]}}',253,26),(155,'{\"operators\":{},\"actions\":{\"name\":\"action-select\",\"value\":\"Yellow\"},\"conditions\":{\"all\":[{\"name\":\"ageField\",\"operator\":\"greaterThan\",\"value\":\"12\"},{\"name\":\"ageField\",\"operator\":\"lessThanEqual\",\"value\":\"24\"}]}}',253,26),(156,'{\"operators\":{},\"actions\":{\"name\":\"action-select\",\"value\":\"Red\"},\"conditions\":{\"all\":[{\"name\":\"ageField\",\"operator\":\"greaterThan\",\"value\":\"24\"}]}}',253,26),(157,'{\"operators\":{},\"actions\":{\"name\":\"action-select\",\"value\":\"Green\"},\"conditions\":{\"all\":[{\"name\":\"ageField\",\"operator\":\"lessThanEqual\",\"value\":\"12\"}]}}',253,27),(158,'{\"operators\":{},\"actions\":{\"name\":\"action-select\",\"value\":\"Yellow\"},\"conditions\":{\"all\":[{\"name\":\"ageField\",\"operator\":\"greaterThan\",\"value\":\"12\"},{\"name\":\"ageField\",\"operator\":\"lessThanEqual\",\"value\":\"24\"}]}}',253,27),(159,'{\"operators\":{},\"actions\":{\"name\":\"action-select\",\"value\":\"Red\"},\"conditions\":{\"all\":[{\"name\":\"ageField\",\"operator\":\"greaterThan\",\"value\":\"24\"}]}}',253,27),(160,'{\"operators\":{},\"actions\":{\"name\":\"action-select\",\"value\":\"Green\"},\"conditions\":{\"all\":[{\"name\":\"ageField\",\"operator\":\"equalTo\",\"value\":\"5\"}]}}',239,24),(161,'{\"operators\":{},\"actions\":{\"name\":\"action-select\",\"value\":\"Red\"},\"conditions\":{\"all\":[{\"name\":\"ageField\",\"operator\":\"greaterThan\",\"value\":\"5\"}]}}',239,24),(162,'{\"operators\":{},\"actions\":{\"name\":\"action-select\",\"value\":\"Yellow\"},\"conditions\":{\"all\":[{\"name\":\"ageField\",\"operator\":\"lessThan\",\"value\":\"5\"}]}}',239,24),(163,'{\"operators\":{},\"actions\":{\"name\":\"action-select\",\"value\":\"Green\"},\"conditions\":{\"all\":[{\"name\":\"ageField\",\"operator\":\"equalTo\",\"value\":\"5\"}]}}',239,25),(164,'{\"operators\":{},\"actions\":{\"name\":\"action-select\",\"value\":\"Yellow\"},\"conditions\":{\"all\":[{\"name\":\"ageField\",\"operator\":\"lessThan\",\"value\":\"5\"}]}}',239,25),(165,'{\"operators\":{},\"actions\":{\"name\":\"action-select\",\"value\":\"Red\"},\"conditions\":{\"all\":[{\"name\":\"ageField\",\"operator\":\"greaterThan\",\"value\":\"5\"}]}}',239,25),(166,'{\"operators\":{},\"actions\":{\"name\":\"action-select\",\"value\":\"Green\"},\"conditions\":{\"all\":[{\"name\":\"ageField\",\"operator\":\"equalTo\",\"value\":\"10\"}]}}',197,10),(167,'{\"operators\":{},\"actions\":{\"name\":\"action-select\",\"value\":\"Yellow\"},\"conditions\":{\"all\":[{\"name\":\"ageField\",\"operator\":\"equalTo\",\"value\":\"5\"}]}}',197,10),(168,'{\"operators\":{},\"actions\":{\"name\":\"action-select\",\"value\":\"Red\"},\"conditions\":{\"all\":[{\"name\":\"ageField\",\"operator\":\"greaterThan\",\"value\":\"10\"}]}}',197,10);
/*!40000 ALTER TABLE `ranking_rules` ENABLE KEYS */;
UNLOCK TABLES;

--
-- Table structure for table `reading_kpi_values`
--

DROP TABLE IF EXISTS `reading_kpi_values`;
/*!40101 SET @saved_cs_client     = @@character_set_client */;
/*!40101 SET character_set_client = utf8 */;
CREATE TABLE `reading_kpi_values` (
  `id` int(11) NOT NULL AUTO_INCREMENT,
  `value` varchar(255) COLLATE utf8_unicode_ci DEFAULT NULL,
  `monthdetail` date NOT NULL,
  `ShipDetailsId` int(11) DEFAULT NULL,
  `KpiDetailsId` int(11) DEFAULT NULL,
  `ElementDetailsId` int(11) DEFAULT NULL,
  `status` int(11) NOT NULL,
  PRIMARY KEY (`id`),
  KEY `IDX_5A6D4EA95041247E` (`ShipDetailsId`),
  KEY `IDX_5A6D4EA9F10FA648` (`KpiDetailsId`),
  KEY `IDX_5A6D4EA9ABFC5A8E` (`ElementDetailsId`),
  CONSTRAINT `FK_5A6D4EA95041247E` FOREIGN KEY (`ShipDetailsId`) REFERENCES `ship_details` (`id`),
  CONSTRAINT `FK_5A6D4EA9ABFC5A8E` FOREIGN KEY (`ElementDetailsId`) REFERENCES `element_details` (`id`),
  CONSTRAINT `FK_5A6D4EA9F10FA648` FOREIGN KEY (`KpiDetailsId`) REFERENCES `kpi_details` (`id`)
) ENGINE=InnoDB AUTO_INCREMENT=3660 DEFAULT CHARSET=utf8 COLLATE=utf8_unicode_ci;
/*!40101 SET character_set_client = @saved_cs_client */;

--
-- Dumping data for table `reading_kpi_values`
--

LOCK TABLES `reading_kpi_values` WRITE;
/*!40000 ALTER TABLE `reading_kpi_values` DISABLE KEYS */;
INSERT INTO `reading_kpi_values` VALUES (60,'134','2015-09-30',27,661,131,1),(61,'100','2015-09-30',27,675,132,1),(62,'1','2015-09-30',27,675,133,1),(64,'0','2015-09-30',27,689,135,1),(66,'0','2015-09-30',27,689,137,1),(67,'0','2015-09-30',27,689,138,1),(69,'0','2015-09-30',27,689,140,1),(71,'2','2015-09-30',27,703,141,1),(72,'0','2015-09-30',27,703,142,1),(73,'0','2015-09-30',27,703,143,1),(74,'0','2015-09-30',27,703,145,1),(75,'4','2015-09-30',27,703,146,1),(76,'0','2015-09-30',27,703,147,1),(77,'0','2015-09-30',28,549,110,1),(78,'0','2015-09-30',28,563,111,1),(79,'0','2015-09-30',28,563,112,1),(80,'0','2015-09-30',28,563,113,1),(81,'0','2015-09-30',28,577,114,1),(82,'3','2015-09-30',28,591,116,1),(83,'0','2015-09-30',28,591,117,1),(84,'1','2015-09-30',28,605,118,1),(85,'0','2015-09-30',28,605,119,1),(86,'0','2015-09-30',28,605,120,1),(87,'44.76','2015-09-30',28,619,121,1),(88,'0','2015-09-30',28,633,122,1),(89,'0','2015-09-30',28,633,123,1),(90,'0','2015-09-30',28,647,124,1),(91,'0','2015-09-30',28,647,125,1),(93,'2','2015-09-30',28,661,128,1),(94,'191','2015-09-30',28,661,129,1),(95,'1','2015-09-30',28,661,130,1),(96,'14','2015-09-30',28,661,131,1),(97,'90','2015-09-30',28,675,132,1),(98,'0','2015-09-30',28,675,133,1),(99,'0','2015-09-30',28,689,135,1),(100,'0','2015-09-30',28,689,137,1),(101,'0','2015-09-30',28,689,138,1),(102,'0','2015-09-30',28,689,140,1),(104,'0','2015-09-30',28,703,141,1),(105,'0','2015-09-30',28,703,142,1),(106,'1','2015-09-30',28,703,143,1),(107,'0','2015-09-30',28,703,145,1),(108,'1','2015-09-30',28,703,146,1),(109,'4','2015-09-30',28,703,147,1),(110,'0','2015-09-30',30,549,110,1),(111,'0','2015-09-30',30,563,111,1),(112,'0','2015-09-30',30,563,112,1),(113,'0','2015-09-30',30,563,113,1),(114,'0','2015-09-30',30,577,114,1),(115,'3','2015-09-30',30,591,116,1),(116,'0','2015-09-30',30,591,117,1),(117,'1','2015-09-30',30,605,118,1),(118,'0','2015-09-30',30,605,119,1),(119,'1','2015-09-30',30,605,120,1),(120,'0','2015-09-30',30,619,121,1),(121,'0','2015-09-30',30,633,122,1),(122,'0','2015-09-30',30,633,123,1),(123,'0','2015-09-30',30,647,124,1),(124,'0','2015-09-30',30,647,125,1),(126,'7','2015-09-30',30,661,128,1),(127,'38','2015-09-30',30,661,129,1),(128,'2','2015-09-30',30,661,130,1),(129,'125','2015-09-30',30,661,131,1),(130,'0','2015-09-30',30,675,132,1),(131,'0','2015-09-30',30,675,133,1),(132,'0','2015-09-30',30,689,135,1),(133,'0','2015-09-30',30,689,137,1),(134,'0','2015-09-30',30,689,138,1),(135,'0','2015-09-30',30,689,140,1),(137,'0','2015-09-30',30,703,141,1),(138,'0','2015-09-30',30,703,142,1),(139,'0','2015-09-30',30,703,143,1),(140,'1','2015-09-30',30,703,145,1),(141,'0','2015-09-30',30,703,146,1),(142,'0','2015-09-30',30,703,147,1),(143,'0','2015-09-30',31,549,110,1),(144,'0','2015-09-30',31,563,111,1),(145,'0','2015-09-30',31,563,112,1),(146,'0','2015-09-30',31,563,113,1),(147,'0','2015-09-30',31,577,114,1),(148,'3','2015-09-30',31,591,116,1),(149,'1','2015-09-30',31,591,117,1),(150,'1','2015-09-30',31,605,118,1),(151,'0','2015-09-30',31,605,119,1),(152,'0','2015-09-30',31,605,120,1),(153,'4.09','2015-09-30',31,619,121,1),(154,'0','2015-09-30',31,633,122,1),(155,'24','2015-09-30',31,633,123,1),(156,'0','2015-09-30',31,647,124,1),(157,'0','2015-09-30',31,647,125,1),(159,'7','2015-09-30',31,661,128,1),(160,'38','2015-09-30',31,661,129,1),(161,'2','2015-09-30',31,661,130,1),(162,'125','2015-09-30',31,661,131,1),(163,'100','2015-09-30',31,675,132,1),(164,'0','2015-09-30',31,675,133,1),(165,'0','2015-09-30',31,689,135,1),(166,'0','2015-09-30',31,689,137,1),(167,'0','2015-09-30',31,689,138,1),(168,'0','2015-09-30',31,689,140,1),(170,'0','2015-09-30',31,703,141,1),(171,'0','2015-09-30',31,703,142,1),(172,'1','2015-09-30',31,703,143,1),(173,'0','2015-09-30',31,703,145,1),(174,'0','2015-09-30',31,703,146,1),(175,'4','2015-09-30',31,703,147,1),(176,'0','2015-09-30',32,549,110,1),(177,'0','2015-09-30',32,563,111,1),(178,'0','2015-09-30',32,563,112,1),(179,'0','2015-09-30',32,563,113,1),(180,'0','2015-09-30',32,577,114,1),(181,'3','2015-09-30',32,591,116,1),(182,'1','2015-09-30',32,591,117,1),(183,'1','2015-09-30',32,605,118,1),(184,'0','2015-09-30',32,605,119,1),(185,'0','2015-09-30',32,605,120,1),(186,'15.79','2015-09-30',32,619,121,1),(187,'0','2015-09-30',32,633,122,1),(188,'1','2015-09-30',32,633,123,1),(189,'0','2015-09-30',32,647,124,1),(190,'0','2015-09-30',32,647,125,1),(191,'0','2015-09-30',32,661,128,1),(192,'12','2015-09-30',32,661,129,1),(193,'5','2015-09-30',32,661,130,1),(194,'78','2015-09-30',32,661,131,1),(195,'100','2015-09-30',32,675,132,1),(196,'0','2015-09-30',32,675,133,1),(197,'0','2015-09-30',32,689,135,1),(198,'0','2015-09-30',32,689,137,1),(199,'1','2015-09-30',32,689,138,1),(200,'1','2015-09-30',32,689,140,1),(202,'0','2015-09-30',32,703,141,1),(203,'0','2015-09-30',32,703,142,1),(204,'1','2015-09-30',32,703,143,1),(205,'0','2015-09-30',32,703,145,1),(206,'3','2015-09-30',32,703,146,1),(207,'5','2015-09-30',32,703,147,1),(208,'0','2015-09-30',34,549,110,1),(209,'0','2015-09-30',34,563,111,1),(210,'0','2015-09-30',34,563,112,1),(211,'0','2015-09-30',34,563,113,1),(212,'8','2015-09-30',34,577,114,1),(213,'1','2015-09-30',34,591,116,1),(214,'0','2015-09-30',34,591,117,1),(215,'0','2015-09-30',34,605,118,1),(216,'0','2015-09-30',34,605,119,1),(217,'1','2015-09-30',34,605,120,1),(219,'0','2015-09-30',34,633,122,1),(220,'1','2015-09-30',34,633,123,1),(221,'0','2015-09-30',34,647,124,1),(222,'0','2015-09-30',34,647,125,1),(223,'4','2015-09-30',34,661,128,1),(224,'17','2015-09-30',34,661,129,1),(225,'11','2015-09-30',34,661,130,1),(226,'16','2015-09-30',34,661,131,1),(227,'100','2015-09-30',34,675,132,1),(228,'0','2015-09-30',34,675,133,1),(229,'0','2015-09-30',34,689,135,1),(230,'0','2015-09-30',34,689,137,1),(231,'0','2015-09-30',34,689,138,1),(232,'0','2015-09-30',34,689,140,1),(234,'0','2015-09-30',34,703,141,1),(235,'0','2015-09-30',34,703,142,1),(236,'1','2015-09-30',34,703,143,1),(237,'0','2015-09-30',34,703,145,1),(238,'0','2015-09-30',34,703,146,1),(239,'5','2015-09-30',34,703,147,1),(240,'0','2015-09-30',36,549,110,1),(241,'0','2015-09-30',36,563,111,1),(242,'0','2015-09-30',36,563,112,1),(243,'0','2015-09-30',36,563,113,1),(244,'1','2015-09-30',36,577,114,1),(245,'3','2015-09-30',36,591,116,1),(246,'0','2015-09-30',36,591,117,1),(247,'1','2015-09-30',36,605,118,1),(248,'0','2015-09-30',36,605,119,1),(249,'0','2015-09-30',36,605,120,1),(250,'4.27','2015-09-30',36,619,121,1),(251,'1','2015-09-30',36,633,122,1),(252,'0','2015-09-30',36,633,123,1),(253,'0','2015-09-30',36,647,124,1),(254,'1','2015-09-30',36,647,125,1),(255,'4','2015-09-30',36,661,128,1),(256,'33','2015-09-30',36,661,129,1),(257,'3','2015-09-30',36,661,130,1),(260,'0','2015-09-30',36,675,133,1),(261,'0','2015-09-30',36,689,135,1),(262,'0','2015-09-30',36,689,137,1),(263,'0','2015-09-30',36,689,138,1),(264,'1','2015-09-30',36,689,140,1),(266,'0','2015-09-30',36,703,141,1),(267,'0','2015-09-30',36,703,142,1),(268,'0','2015-09-30',36,703,143,1),(269,'0','2015-09-30',36,703,145,1),(270,'1','2015-09-30',36,703,146,1),(271,'1','2015-09-30',36,703,147,1),(272,'0','2015-09-30',38,549,110,1),(273,'0','2015-09-30',38,563,111,1),(274,'0','2015-09-30',38,563,112,1),(275,'0','2015-09-30',38,563,113,1),(276,'1','2015-09-30',38,577,114,1),(277,'1','2015-09-30',38,591,116,1),(278,'3','2015-09-30',38,591,117,1),(279,'0','2015-09-30',38,605,118,1),(280,'0','2015-09-30',38,605,119,1),(281,'0','2015-09-30',38,605,120,1),(283,'0','2015-09-30',38,633,122,1),(284,'0','2015-09-30',38,633,123,1),(285,'0','2015-09-30',38,647,124,1),(286,'1','2015-09-30',38,647,125,1),(287,'8','2015-09-30',38,661,128,1),(288,'40','2015-09-30',38,661,129,1),(289,'15','2015-09-30',38,661,130,1),(290,'2','2015-09-30',38,661,131,1),(292,'0','2015-09-30',38,675,133,1),(293,'0','2015-09-30',38,689,135,1),(294,'0','2015-09-30',38,689,137,1),(295,'0','2015-09-30',38,689,138,1),(296,'1','2015-09-30',38,689,140,1),(298,'1','2015-09-30',38,703,141,1),(299,'0','2015-09-30',38,703,142,1),(300,'0','2015-09-30',38,703,143,1),(301,'0','2015-09-30',38,703,145,1),(302,'1','2015-09-30',38,703,146,1),(303,'5','2015-09-30',38,703,147,1),(304,'0','2015-09-30',29,549,110,1),(305,'0','2015-09-30',29,563,111,1),(306,'0','2015-09-30',29,563,112,1),(307,'0','2015-09-30',29,563,113,1),(308,'1','2015-09-30',29,577,114,1),(309,'0','2015-09-30',29,591,116,1),(310,'3','2015-09-30',29,591,117,1),(311,'1','2015-09-30',29,605,118,1),(312,'0','2015-09-30',29,605,119,1),(313,'0','2015-09-30',29,605,120,1),(314,'47.39','2015-09-30',29,619,121,1),(315,'0','2015-09-30',29,633,122,1),(316,'24','2015-09-30',29,633,123,1),(317,'0','2015-09-30',29,647,124,1),(318,'0','2015-09-30',29,647,125,1),(319,'6','2015-09-30',29,661,128,1),(320,'64','2015-09-30',29,661,129,1),(321,'12','2015-09-30',29,661,130,1),(322,'30','2015-09-30',29,661,131,1),(323,'50','2015-09-30',29,675,132,1),(324,'0','2015-09-30',29,675,133,1),(325,'0','2015-09-30',29,689,135,1),(326,'0','2015-09-30',29,689,137,1),(327,'1','2015-09-30',29,689,138,1),(328,'0','2015-09-30',29,689,140,1),(330,'0','2015-09-30',29,703,141,1),(331,'0','2015-09-30',29,703,142,1),(332,'1','2015-09-30',29,703,143,1),(333,'1','2015-09-30',29,703,145,1),(334,'0','2015-09-30',29,703,146,1),(335,'5','2015-09-30',29,703,147,1),(336,'0','2015-09-30',33,549,110,1),(337,'0','2015-09-30',33,563,111,1),(338,'0','2015-09-30',33,563,112,1),(339,'1','2015-09-30',33,563,113,1),(340,'0','2015-09-30',33,577,114,1),(341,'3','2015-09-30',33,591,116,1),(342,'0','2015-09-30',33,591,117,1),(343,'1','2015-09-30',33,605,118,1),(344,'0','2015-09-30',33,605,119,1),(345,'0','2015-09-30',33,605,120,1),(346,'30.79','2015-09-30',33,619,121,1),(347,'0','2015-09-30',33,633,122,1),(348,'0','2015-09-30',33,633,123,1),(349,'0','2015-09-30',33,647,124,1),(350,'0','2015-09-30',33,647,125,1),(351,'2','2015-09-30',33,661,128,1),(352,'5','2015-09-30',33,661,129,1),(353,'3','2015-09-30',33,661,130,1),(354,'42','2015-09-30',33,661,131,1),(355,'100','2015-09-30',33,675,132,1),(356,'0','2015-09-30',33,675,133,1),(357,'0','2015-09-30',33,689,135,1),(358,'1','2015-09-30',33,689,137,1),(359,'0','2015-09-30',33,689,138,1),(360,'0','2015-09-30',33,689,140,1),(362,'0','2015-09-30',33,703,141,1),(363,'0','2015-09-30',33,703,142,1),(364,'0','2015-09-30',33,703,143,1),(365,'1','2015-09-30',33,703,145,1),(366,'1','2015-09-30',33,703,146,1),(367,'4','2015-09-30',33,703,147,1),(368,'0','2015-09-30',35,549,110,1),(369,'0','2015-09-30',35,563,111,1),(370,'0','2015-09-30',35,563,112,1),(371,'0','2015-09-30',35,563,113,1),(372,'1','2015-09-30',35,577,114,1),(373,'8','2015-09-30',35,591,116,1),(374,'0','2015-09-30',35,591,117,1),(375,'1','2015-09-30',35,605,118,1),(376,'0','2015-09-30',35,605,119,1),(377,'0','2015-09-30',35,605,120,1),(378,'30.51','2015-09-30',35,619,121,1),(379,'0','2015-09-30',35,633,122,1),(380,'0','2015-09-30',35,633,123,1),(381,'0','2015-09-30',35,647,124,1),(382,'1','2015-09-30',35,647,125,1),(383,'0','2015-09-30',35,661,128,1),(384,'13','2015-09-30',35,661,129,1),(385,'3','2015-09-30',35,661,130,1),(386,'17','2015-09-30',35,661,131,1),(387,'100','2015-09-30',35,675,132,1),(388,'0','2015-09-30',35,675,133,1),(389,'1','2015-09-30',35,689,135,1),(390,'0','2015-09-30',35,689,137,1),(391,'0','2015-09-30',35,689,138,1),(392,'1','2015-09-30',35,689,140,1),(394,'0','2015-09-30',35,703,141,1),(395,'0','2015-09-30',35,703,142,1),(396,'1','2015-09-30',35,703,143,1),(397,'1','2015-09-30',35,703,145,1),(398,'0','2015-09-30',35,703,146,1),(399,'5','2015-09-30',35,703,147,1),(400,'0','2015-09-30',37,549,110,1),(401,'0','2015-09-30',37,563,111,1),(402,'0','2015-09-30',37,563,112,1),(403,'0','2015-09-30',37,563,113,1),(404,'1','2015-09-30',37,577,114,1),(405,'3','2015-09-30',37,591,116,1),(406,'0','2015-09-30',37,591,117,1),(407,'1','2015-09-30',37,605,118,1),(408,'0','2015-09-30',37,605,119,1),(409,'0','2015-09-30',37,605,120,1),(410,'10.12','2015-09-30',37,619,121,1),(411,'0','2015-09-30',37,633,122,1),(412,'0','2015-09-30',37,633,123,1),(413,'0','2015-09-30',37,647,124,1),(414,'0','2015-09-30',37,647,125,1),(415,'5','2015-09-30',37,661,128,1),(416,'29','2015-09-30',37,661,129,1),(417,'1','2015-09-30',37,661,130,1),(418,'110','2015-09-30',37,661,131,1),(419,'96','2015-09-30',37,675,132,1),(420,'0','2015-09-30',37,675,133,1),(421,'0','2015-09-30',37,689,135,1),(422,'0','2015-09-30',37,689,137,1),(423,'1','2015-09-30',37,689,138,1),(424,'0','2015-09-30',37,689,140,1),(426,'0','2015-09-30',37,703,141,1),(427,'0','2015-09-30',37,703,142,1),(428,'1','2015-09-30',37,703,143,1),(429,'0','2015-09-30',37,703,145,1),(430,'1','2015-09-30',37,703,146,1),(431,'5','2015-09-30',37,703,147,1),(432,'0','2015-09-30',39,549,110,1),(433,'0','2015-09-30',39,563,111,1),(434,'0','2015-09-30',39,563,112,1),(435,'0','2015-09-30',39,563,113,1),(436,'1','2015-09-30',39,577,114,1),(437,'3','2015-09-30',39,591,116,1),(438,'0','2015-09-30',39,591,117,1),(439,'1','2015-09-30',39,605,118,1),(440,'0','2015-09-30',39,605,119,1),(441,'1','2015-09-30',39,605,120,1),(442,'9.27','2015-09-30',39,619,121,1),(443,'0','2015-09-30',39,633,122,1),(444,'0','2015-09-30',39,633,123,1),(445,'0','2015-09-30',39,647,124,1),(446,'1','2015-09-30',39,647,125,1),(447,'2','2015-09-30',39,661,128,1),(448,'40','2015-09-30',39,661,129,1),(449,'9','2015-09-30',39,661,130,1),(450,'76','2015-09-30',39,661,131,1),(451,'100','2015-09-30',39,675,132,1),(452,'0','2015-09-30',39,675,133,1),(453,'0','2015-09-30',39,689,135,1),(454,'0','2015-09-30',39,689,137,1),(455,'1','2015-09-30',39,689,138,1),(456,'0','2015-09-30',39,689,140,1),(458,'0','2015-09-30',39,703,141,1),(459,'0','2015-09-30',39,703,142,1),(460,'0','2015-09-30',39,703,143,1),(461,'1','2015-09-30',39,703,145,1),(462,'0','2015-09-30',39,703,146,1),(463,'5','2015-09-30',39,703,147,1),(464,'0','2015-10-31',26,549,110,1),(465,'0','2015-10-31',26,563,111,1),(466,'0','2015-10-31',26,563,112,1),(467,'0','2015-10-31',26,563,113,1),(468,'0','2015-10-31',26,577,114,1),(469,'3','2015-10-31',26,591,116,1),(470,'0','2015-10-31',26,591,117,1),(471,'1','2015-10-31',26,605,118,1),(472,'0','2015-10-31',26,605,119,1),(473,'0','2015-10-31',26,605,120,1),(474,'68.09','2015-10-31',26,619,121,1),(475,'0','2015-10-31',26,633,122,1),(476,'0','2015-10-31',26,633,123,1),(477,'0','2015-10-31',26,647,124,1),(478,'0','2015-10-31',26,647,125,1),(479,'13','2015-10-31',26,661,128,1),(480,'56','2015-10-31',26,661,129,1),(481,'1','2015-10-31',26,661,130,1),(482,'134','2015-10-31',26,661,131,1),(483,'100','2015-10-31',26,675,132,1),(484,'1','2015-10-31',26,675,133,1),(485,'0','2015-10-31',26,689,135,1),(486,'0','2015-10-31',26,689,137,1),(487,'0','2015-10-31',26,689,138,1),(488,'0','2015-10-31',26,689,140,1),(490,'2','2015-10-31',26,703,141,1),(491,'0','2015-10-31',26,703,142,1),(492,'0','2015-10-31',26,703,143,1),(493,'0','2015-10-31',26,703,145,1),(494,'0','2015-10-31',26,703,146,1),(495,'4','2015-10-31',26,703,147,1),(496,'0','2015-10-31',27,549,110,1),(497,'0','2015-10-31',27,563,111,1),(498,'0','2015-10-31',27,563,112,1),(499,'0','2015-10-31',27,563,113,1),(500,'0','2015-10-31',27,577,114,1),(501,'3','2015-10-31',27,591,116,1),(502,'0','2015-10-31',27,591,117,1),(503,'1','2015-10-31',27,605,118,1),(504,'0','2015-10-31',27,605,119,1),(505,'0','2015-10-31',27,605,120,1),(506,'8.75','2015-10-31',27,619,121,1),(507,'0','2015-10-31',27,633,122,1),(508,'0','2015-10-31',27,633,123,1),(509,'0','2015-10-31',27,647,124,1),(510,'0','2015-10-31',27,647,125,1),(511,'1','2015-10-31',27,661,128,1),(512,'21','2015-10-31',27,661,129,1),(513,'5','2015-10-31',27,661,130,1),(514,'18','2015-10-31',27,661,131,1),(515,'100','2015-10-31',27,675,132,1),(516,'0','2015-10-31',27,675,133,1),(517,'0','2015-10-31',27,689,135,1),(518,'0','2015-10-31',27,689,137,1),(519,'0','2015-10-31',27,689,138,1),(520,'1','2015-10-31',27,689,140,1),(522,'0','2015-10-31',27,703,141,1),(523,'0','2015-10-31',27,703,142,1),(524,'0','2015-10-31',27,703,143,1),(525,'0','2015-10-31',27,703,145,1),(526,'1','2015-10-31',27,703,146,1),(527,'4','2015-10-31',27,703,147,1),(528,'0','2015-10-31',29,549,110,1),(529,'0','2015-10-31',29,563,111,1),(530,'0','2015-10-31',29,563,112,1),(531,'0','2015-10-31',29,563,113,1),(532,'0','2015-10-31',29,577,114,1),(533,'3','2015-10-31',29,591,116,1),(534,'0','2015-10-31',29,591,117,1),(535,'1','2015-10-31',29,605,118,1),(536,'0','2015-10-31',29,605,119,1),(537,'0','2015-10-31',29,605,120,1),(538,'47.39','2015-10-31',29,619,121,1),(539,'0','2015-10-31',29,633,122,1),(540,'0','2015-10-31',29,633,123,1),(541,'0','2015-10-31',29,647,124,1),(542,'0','2015-10-31',29,647,125,1),(543,'6','2015-10-31',29,661,128,1),(544,'64','2015-10-31',29,661,129,1),(545,'12','2015-10-31',29,661,130,1),(546,'30','2015-10-31',29,661,131,1),(547,'50','2015-10-31',29,675,132,1),(548,'0','2015-10-31',29,675,133,1),(549,'0','2015-10-31',29,689,135,1),(550,'0','2015-10-31',29,689,137,1),(551,'0','2015-10-31',29,689,138,1),(552,'1','2015-10-31',29,689,140,1),(554,'0','2015-10-31',29,703,141,1),(555,'0','2015-10-31',29,703,142,1),(556,'1','2015-10-31',29,703,143,1),(557,'1','2015-10-31',29,703,145,1),(558,'0','2015-10-31',29,703,146,1),(559,'5','2015-10-31',29,703,147,1),(560,'0','2015-10-31',31,549,110,1),(561,'0','2015-10-31',31,563,111,1),(562,'0','2015-10-31',31,563,112,1),(563,'0','2015-10-31',31,563,113,1),(564,'0','2015-10-31',31,577,114,1),(565,'8','2015-10-31',31,591,116,1),(566,'0','2015-10-31',31,591,117,1),(567,'1','2015-10-31',31,605,118,1),(568,'0','2015-10-31',31,605,119,1),(569,'0','2015-10-31',31,605,120,1),(570,'4.09','2015-10-31',31,619,121,1),(571,'0','2015-10-31',31,633,122,1),(572,'0','2015-10-31',31,633,123,1),(573,'0','2015-10-31',31,647,124,1),(574,'0','2015-10-31',31,647,125,1),(575,'7','2015-10-31',31,661,128,1),(576,'38','2015-10-31',31,661,129,1),(577,'2','2015-10-31',31,661,130,1),(578,'125','2015-10-31',31,661,131,1),(579,'100','2015-10-31',31,675,132,1),(580,'1','2015-10-31',31,675,133,1),(581,'0','2015-10-31',31,689,135,1),(582,'0','2015-10-31',31,689,137,1),(583,'1','2015-10-31',31,689,138,1),(584,'1','2015-10-31',31,689,140,1),(586,'0','2015-10-31',31,703,141,1),(587,'0','2015-10-31',31,703,142,1),(588,'0','2015-10-31',31,703,143,1),(589,'1','2015-10-31',31,703,145,1),(590,'0','2015-10-31',31,703,146,1),(591,'5','2015-10-31',31,703,147,1),(592,'0','2015-10-31',33,549,110,1),(593,'0','2015-10-31',33,563,111,1),(594,'0','2015-10-31',33,563,112,1),(595,'0','2015-10-31',33,563,113,1),(596,'1','2015-10-31',33,577,114,1),(597,'3\r\n','2015-10-31',33,591,116,1),(598,'0','2015-10-31',33,591,117,1),(599,'1','2015-10-31',33,605,118,1),(600,'0','2015-10-31',33,605,119,1),(601,'0','2015-10-31',33,605,120,1),(602,'30.71','2015-10-31',33,619,121,1),(603,'0','2015-10-31',33,633,122,1),(604,'0','2015-10-31',33,633,123,1),(605,'0','2015-10-31',33,647,124,1),(606,'0','2015-10-31',33,647,125,1),(607,'2','2015-10-31',33,661,128,1),(608,'5','2015-10-31',33,661,129,1),(609,'3','2015-10-31',33,661,130,1),(610,'42','2015-10-31',33,661,131,1),(611,'0','2015-10-31',33,675,132,1),(612,'0','2015-10-31',33,675,133,1),(613,'1','2015-10-31',33,689,135,1),(614,'0','2015-10-31',33,689,137,1),(615,'1','2015-10-31',33,689,138,1),(616,'0','2015-10-31',33,689,140,1),(618,'0','2015-10-31',33,703,141,1),(619,'0','2015-10-31',33,703,142,1),(620,'1','2015-10-31',33,703,143,1),(621,'0','2015-10-31',33,703,145,1),(622,'1','2015-10-31',33,703,146,1),(623,'5','2015-10-31',33,703,147,1),(624,'0','2015-10-31',28,549,110,1),(625,'0','2015-10-31',28,563,111,1),(626,'0','2015-10-31',28,563,112,1),(627,'0','2015-10-31',28,563,113,1),(628,'1','2015-10-31',28,577,114,1),(629,'3','2015-10-31',28,591,116,1),(630,'0','2015-10-31',28,591,117,1),(631,'1','2015-10-31',28,605,118,1),(632,'0','2015-10-31',28,605,119,1),(633,'0','2015-10-31',28,605,120,1),(634,'44.76','2015-10-31',28,619,121,1),(635,'0','2015-10-31',28,633,122,1),(636,'0','2015-10-31',28,633,123,1),(637,'0','2015-10-31',28,647,124,1),(638,'1','2015-10-31',28,647,125,1),(639,'2','2015-10-31',28,661,128,1),(640,'19','2015-10-31',28,661,129,1),(641,'1','2015-10-31',28,661,130,1),(642,'14','2015-10-31',28,661,131,1),(643,'90','2015-10-31',28,675,132,1),(644,'0','2015-10-31',28,675,133,1),(645,'0','2015-10-31',28,689,135,1),(646,'0','2015-10-31',28,689,137,1),(647,'0','2015-10-31',28,689,138,1),(648,'1','2015-10-31',28,689,140,1),(650,'0','2015-10-31',28,703,141,1),(651,'0','2015-10-31',28,703,142,1),(652,'1','2015-10-31',28,703,143,1),(653,'1','2015-10-31',28,703,145,1),(654,'0','2015-10-31',28,703,146,1),(655,'5','2015-10-31',28,703,147,1),(656,'0','2016-04-30',30,549,110,1),(657,'0','2016-04-30',30,563,111,1),(658,'0','2016-04-30',30,563,112,1),(659,'0','2016-04-30',30,563,113,1),(660,'0','2016-04-30',30,577,114,1),(661,'3','2016-04-30',30,591,116,1),(662,'0','2016-04-30',30,591,117,1),(663,'1','2016-04-30',30,605,118,1),(664,'0','2016-04-30',30,605,119,1),(665,'0','2016-04-30',30,605,120,1),(666,'0','2016-04-30',30,619,121,1),(667,'0','2016-04-30',30,633,122,1),(668,'0','2016-04-30',30,633,123,1),(669,'0','2016-04-30',30,647,124,1),(670,'1','2016-04-30',30,647,125,1),(671,'0','2016-04-30',30,661,128,1),(672,'0','2016-04-30',30,661,129,1),(673,'0','2016-04-30',30,661,130,1),(674,'1','2016-04-30',30,661,131,1),(675,'2','2016-04-30',30,675,132,1),(676,'1','2016-04-30',30,675,133,1),(677,'0','2016-04-30',30,689,135,1),(678,'1','2016-04-30',30,689,137,1),(679,'0','2016-04-30',30,689,138,1),(680,'1','2016-04-30',30,689,140,1),(682,'0','2016-04-30',30,703,141,1),(683,'0','2016-04-30',30,703,142,1),(684,'1','2016-04-30',30,703,143,1),(685,'1','2016-04-30',30,703,145,1),(686,'0','2016-04-30',30,703,146,1),(687,'5','2016-04-30',30,703,147,1),(688,'0','2016-04-30',32,549,110,1),(689,'0','2016-04-30',32,563,111,1),(690,'1','2016-04-30',32,563,112,1),(691,'0','2016-04-30',32,563,113,1),(692,'0','2016-04-30',32,577,114,1),(693,'3','2016-04-30',32,591,116,1),(694,'0','2016-04-30',32,591,117,1),(695,'1','2016-04-30',32,605,118,1),(696,'0','2016-04-30',32,605,119,1),(697,'0','2016-04-30',32,605,120,1),(698,'15.79','2016-04-30',32,619,121,1),(699,'0','2016-04-30',32,633,122,1),(700,'1','2016-04-30',32,633,123,1),(701,'0','2016-04-30',32,647,124,1),(702,'0','2016-04-30',32,647,125,1),(703,'0','2016-04-30',32,661,128,1),(704,'12','2016-04-30',32,661,129,1),(705,'5','2016-04-30',32,661,130,1),(706,'78','2016-04-30',32,661,131,1),(707,'0','2016-04-30',32,675,132,1),(708,'1','2016-04-30',32,675,133,1),(709,'0','2016-04-30',32,689,135,1),(710,'0','2016-04-30',32,689,137,1),(711,'1','2016-04-30',32,689,138,1),(712,'2','2016-04-30',32,689,140,1),(714,'0','2016-04-30',32,703,141,1),(715,'1','2016-04-30',32,703,142,1),(716,'0','2016-04-30',32,703,143,1),(717,'1','2016-04-30',32,703,145,1),(718,'0','2016-04-30',32,703,146,1),(719,'4','2016-04-30',32,703,147,1),(720,'0','2015-10-31',34,549,110,1),(721,'0','2015-10-31',34,563,111,1),(722,'1','2015-10-31',34,563,112,1),(723,'0','2015-10-31',34,563,113,1),(724,'0','2015-10-31',34,577,114,1),(725,'3','2015-10-31',34,591,116,1),(726,'0','2015-10-31',34,591,117,1),(727,'1','2015-10-31',34,605,118,1),(728,'0','2015-10-31',34,605,119,1),(729,'1','2015-10-31',34,605,120,1),(730,'23.37','2015-10-31',34,619,121,1),(731,'0','2015-10-31',34,633,122,1),(732,'0','2015-10-31',34,633,123,1),(733,'0','2015-10-31',34,647,124,1),(734,'1','2015-10-31',34,647,125,1),(735,'4','2015-10-31',34,661,128,1),(736,'17','2015-10-31',34,661,129,1),(737,'11','2015-10-31',34,661,130,1),(738,'16','2015-10-31',34,661,131,1),(739,'100','2015-10-31',34,675,132,1),(740,'0','2015-10-31',34,675,133,1),(741,'0','2015-10-31',34,689,135,1),(742,'1','2015-10-31',34,689,137,1),(743,'0','2015-10-31',34,689,138,1),(744,'1','2015-10-31',34,689,140,1),(746,'0','2015-10-31',34,703,141,1),(747,'1','2015-10-31',34,703,142,1),(748,'0','2015-10-31',34,703,143,1),(749,'0','2015-10-31',34,703,145,1),(750,'1','2015-10-31',34,703,146,1),(751,'5','2015-10-31',34,703,147,1),(752,'0','2015-10-31',35,549,110,1),(753,'1','2015-10-31',35,563,111,1),(754,'0','2015-10-31',35,563,112,1),(755,'0','2015-10-31',35,563,113,1),(756,'1','2015-10-31',35,577,114,1),(757,'8','2015-10-31',35,591,116,1),(758,'1','2015-10-31',35,591,117,1),(759,'1','2015-10-31',35,605,118,1),(760,'0','2015-10-31',35,605,119,1),(761,'0','2015-10-31',35,605,120,1),(762,'30.51','2015-10-31',35,619,121,1),(763,'0','2015-10-31',35,633,122,1),(764,'1','2015-10-31',35,633,123,1),(765,'0','2015-10-31',35,647,124,1),(766,'0','2015-10-31',35,647,125,1),(767,'0','2015-10-31',35,661,128,1),(768,'13','2015-10-31',35,661,129,1),(769,'3','2015-10-31',35,661,130,1),(770,'17','2015-10-31',35,661,131,1),(771,'100','2015-10-31',35,675,132,1),(772,'1','2015-10-31',35,675,133,1),(773,'0','2015-10-31',35,689,135,1),(774,'0','2015-10-31',35,689,137,1),(775,'1','2015-10-31',35,689,138,1),(776,'1','2015-10-31',35,689,140,1),(778,'0','2015-10-31',35,703,141,1),(779,'1','2015-10-31',35,703,142,1),(780,'1','2015-10-31',35,703,143,1),(781,'0','2015-10-31',35,703,145,1),(782,'2','2015-10-31',35,703,146,1),(783,'5','2015-10-31',35,703,147,1),(784,'0','2015-10-31',36,549,110,1),(785,'0','2015-10-31',36,563,111,1),(786,'0','2015-10-31',36,563,112,1),(787,'0','2015-10-31',36,563,113,1),(788,'1','2015-10-31',36,577,114,1),(789,'3','2015-10-31',36,591,116,1),(790,'0','2015-10-31',36,591,117,1),(791,'1','2015-10-31',36,605,118,1),(792,'0','2015-10-31',36,605,119,1),(793,'0','2015-10-31',36,605,120,1),(794,'427','2015-10-31',36,619,121,1),(795,'0','2015-10-31',36,633,122,1),(796,'1','2015-10-31',36,633,123,1),(797,'0','2015-10-31',36,647,124,1),(798,'1','2015-10-31',36,647,125,1),(799,'4','2015-10-31',36,661,128,1),(800,'33','2015-10-31',36,661,129,1),(801,'4','2015-10-31',36,661,130,1),(802,'98','2015-10-31',36,661,131,1),(803,'0','2015-10-31',36,675,132,1),(804,'1','2015-10-31',36,675,133,1),(805,'0','2015-10-31',36,689,135,1),(806,'1','2015-10-31',36,689,137,1),(807,'0','2015-10-31',36,689,138,1),(808,'0','2015-10-31',36,689,140,1),(810,'0','2015-10-31',36,703,141,1),(811,'0','2015-10-31',36,703,142,1),(812,'1','2015-10-31',36,703,143,1),(813,'2','2015-10-31',36,703,145,1),(814,'3','2015-10-31',36,703,146,1),(815,'5','2015-10-31',36,703,147,1),(816,'0','2015-10-31',37,549,110,1),(817,'1','2015-10-31',37,563,111,1),(818,'0','2015-10-31',37,563,112,1),(819,'0','2015-10-31',37,563,113,1),(820,'0','2015-10-31',37,577,114,1),(821,'3','2015-10-31',37,591,116,1),(822,'1','2015-10-31',37,591,117,1),(823,'1','2015-10-31',37,605,118,1),(824,'0','2015-10-31',37,605,119,1),(825,'0','2015-10-31',37,605,120,1),(826,'10.12','2015-10-31',37,619,121,1),(827,'0','2015-10-31',37,633,122,1),(828,'1','2015-10-31',37,633,123,1),(829,'0','2015-10-31',37,647,124,1),(830,'1','2015-10-31',37,647,125,1),(831,'5','2015-10-31',37,661,128,1),(832,'29','2015-10-31',37,661,129,1),(833,'9','2015-10-31',37,661,130,1),(834,'110','2015-10-31',37,661,131,1),(835,'96','2015-10-31',37,675,132,1),(836,'0','2015-10-31',37,675,133,1),(837,'0','2015-10-31',37,689,135,1),(838,'1','2015-10-31',37,689,137,1),(839,'0','2015-10-31',37,689,138,1),(840,'1','2015-10-31',37,689,140,1),(842,'1','2015-10-31',37,703,141,1),(843,'0','2015-10-31',37,703,142,1),(844,'0','2015-10-31',37,703,143,1),(845,'0','2015-10-31',37,703,145,1),(846,'0','2015-10-31',37,703,146,1),(847,'5','2015-10-31',37,703,147,1),(848,'0','2015-10-31',38,549,110,1),(849,'0','2015-10-31',38,563,111,1),(850,'1','2015-10-31',38,563,112,1),(851,'0','2015-10-31',38,563,113,1),(852,'0','2015-10-31',38,577,114,1),(853,'3','2015-10-31',38,591,116,1),(854,'0','2015-10-31',38,591,117,1),(855,'1','2015-10-31',38,605,118,1),(856,'0','2015-10-31',38,605,119,1),(857,'0','2015-10-31',38,605,120,1),(858,'26.36','2015-10-31',38,619,121,1),(859,'0','2015-10-31',38,633,122,1),(860,'1','2015-10-31',38,633,123,1),(861,'0','2015-10-31',38,647,124,1),(862,'1','2015-10-31',38,647,125,1),(863,'8','2015-10-31',38,661,128,1),(864,'40','2015-10-31',38,661,129,1),(865,'15','2015-10-31',38,661,130,1),(866,'2','2015-10-31',38,661,131,1),(867,'100','2015-10-31',38,675,132,1),(868,'0','2015-10-31',38,675,133,1),(869,'1','2015-10-31',38,689,135,1),(870,'0','2015-10-31',38,689,137,1),(871,'0','2015-10-31',38,689,138,1),(872,'1','2015-10-31',38,689,140,1),(874,'0','2015-10-31',38,703,141,1),(875,'0','2015-10-31',38,703,142,1),(876,'1','2015-10-31',38,703,143,1),(877,'1','2015-10-31',38,703,145,1),(878,'0','2015-10-31',38,703,146,1),(879,'5','2015-10-31',38,703,147,1),(880,'0','2015-10-31',39,549,110,1),(881,'1','2015-10-31',39,563,111,1),(882,'0','2015-10-31',39,563,112,1),(883,'1','2015-10-31',39,563,113,1),(884,'0','2015-10-31',39,577,114,1),(885,'3','2015-10-31',39,591,116,1),(886,'0','2015-10-31',39,591,117,1),(887,'1','2015-10-31',39,605,118,1),(888,'0','2015-10-31',39,605,119,1),(889,'0','2015-10-31',39,605,120,1),(890,'9.27','2015-10-31',39,619,121,1),(891,'0','2015-10-31',39,633,122,1),(892,'1','2015-10-31',39,633,123,1),(893,'0','2015-10-31',39,647,124,1),(894,'1','2015-10-31',39,647,125,1),(895,'2','2015-10-31',39,661,128,1),(896,'40','2015-10-31',39,661,129,1),(897,'9','2015-10-31',39,661,130,1),(898,'70','2015-10-31',39,661,131,1),(899,'100','2015-10-31',39,675,132,1),(900,'0','2015-10-31',39,675,133,1),(901,'1','2015-10-31',39,689,135,1),(902,'0','2015-10-31',39,689,137,1),(903,'0','2015-10-31',39,689,138,1),(904,'0','2015-10-31',39,689,140,1),(906,'0','2015-10-31',39,703,141,1),(907,'1','2015-10-31',39,703,142,1),(908,'1','2015-10-31',39,703,143,1),(909,'0','2015-10-31',39,703,145,1),(910,'1','2015-10-31',39,703,146,1),(911,'5','2015-10-31',39,703,147,1),(912,'0','2015-10-31',39,549,110,1),(913,'1','2015-10-31',39,563,111,1),(914,'0','2015-10-31',39,563,112,1),(915,'0','2015-10-31',39,563,113,1),(916,'0','2015-10-31',39,577,114,1),(917,'3','2015-10-31',39,591,116,1),(918,'0','2015-10-31',39,591,117,1),(919,'1','2015-10-31',39,605,118,1),(920,'0','2015-10-31',39,605,119,1),(921,'0','2015-10-31',39,605,120,1),(922,'9.27','2015-10-31',39,619,121,1),(923,'0','2015-10-31',39,633,122,1),(924,'1','2015-10-31',39,633,123,1),(925,'0','2015-10-31',39,647,124,1),(926,'1','2015-10-31',39,647,125,1),(927,'2','2015-10-31',39,661,128,1),(928,'40','2015-10-31',39,661,129,1),(929,'9','2015-10-31',39,661,130,1),(930,'76','2015-10-31',39,661,131,1),(931,'100','2015-10-31',39,675,132,1),(932,'0','2015-10-31',39,675,133,1),(933,'1','2015-10-31',39,689,135,1),(934,'0','2015-10-31',39,689,137,1),(935,'2','2015-10-31',39,689,138,1),(936,'0','2015-10-31',39,689,140,1),(938,'0','2015-10-31',39,703,141,1),(939,'0','2015-10-31',39,703,142,1),(940,'1','2015-10-31',39,703,143,1),(941,'0','2015-10-31',39,703,145,1),(942,'1','2015-10-31',39,703,146,1),(943,'5','2015-10-31',39,703,147,1),(944,'0','2015-10-31',39,549,110,1),(945,'0','2015-10-31',39,563,111,1),(946,'1','2015-10-31',39,563,112,1),(947,'0','2015-10-31',39,563,113,1),(948,'0','2015-10-31',39,577,114,1),(949,'3','2015-10-31',39,591,116,1),(950,'0','2015-10-31',39,591,117,1),(951,'1','2015-10-31',39,605,118,1),(952,'0','2015-10-31',39,605,119,1),(953,'0','2015-10-31',39,605,120,1),(954,'9.27','2015-10-31',39,619,121,1),(955,'0','2015-10-31',39,633,122,1),(956,'1','2015-10-31',39,633,123,1),(957,'0','2015-10-31',39,647,124,1),(958,'1','2015-10-31',39,647,125,1),(959,'2','2015-10-31',39,661,128,1),(960,'40','2015-10-31',39,661,129,1),(961,'9','2015-10-31',39,661,130,1),(962,'70','2015-10-31',39,661,131,1),(963,'100','2015-10-31',39,675,132,1),(964,'0','2015-10-31',39,675,133,1),(965,'0','2015-10-31',39,689,135,1),(966,'1','2015-10-31',39,689,137,1),(967,'0','2015-10-31',39,689,138,1),(968,'1','2015-10-31',39,689,140,1),(970,'0','2015-10-31',39,703,141,1),(971,'0','2015-10-31',39,703,142,1),(972,'1','2015-10-31',39,703,143,1),(973,'0','2015-10-31',39,703,145,1),(974,'1','2015-10-31',39,703,146,1),(975,'5','2015-10-31',39,703,147,1),(976,'0','2015-10-31',32,549,110,1),(977,'0','2015-10-31',32,563,111,1),(978,'0','2015-10-31',32,563,112,1),(979,'1','2015-10-31',32,563,113,1),(980,'0','2015-10-31',32,577,114,1),(981,'8','2015-10-31',32,591,116,1),(982,'0','2015-10-31',32,591,117,1),(983,'1','2015-10-31',32,605,118,1),(984,'0','2015-10-31',32,605,119,1),(985,'0','2015-10-31',32,605,120,1),(986,'15.79','2015-10-31',32,619,121,1),(987,'0','2015-10-31',32,633,122,1),(988,'1','2015-10-31',32,633,123,1),(989,'0','2015-10-31',32,647,124,1),(990,'1','2015-10-31',32,647,125,1),(991,'0','2015-10-31',32,661,128,1),(992,'12','2015-10-31',32,661,129,1),(993,'5','2015-10-31',32,661,130,1),(994,'78','2015-10-31',32,661,131,1),(995,'100','2015-10-31',32,675,132,1),(996,'0','2015-10-31',32,675,133,1),(997,'0','2015-10-31',32,689,135,1),(998,'1','2015-10-31',32,689,137,1),(999,'0','2015-10-31',32,689,138,1),(1000,'0','2015-10-31',32,689,140,1),(1002,'0','2015-10-31',32,703,141,1),(1003,'0','2015-10-31',32,703,142,1),(1004,'0','2015-10-31',32,703,143,1),(1005,'1','2015-10-31',32,703,145,1),(1006,'0','2015-10-31',32,703,146,1),(1007,'5','2015-10-31',32,703,147,1),(1008,'0','2015-10-31',30,549,110,1),(1009,'1','2015-10-31',30,563,111,1),(1010,'0','2015-10-31',30,563,112,1),(1011,'0','2015-10-31',30,563,113,1),(1012,'1','2015-10-31',30,577,114,1),(1013,'3','2015-10-31',30,591,116,1),(1014,'0','2015-10-31',30,591,117,1),(1015,'1','2015-10-31',30,605,118,1),(1016,'0','2015-10-31',30,605,119,1),(1017,'0','2015-10-31',30,605,120,1),(1018,'0','2015-10-31',30,619,121,1),(1019,'0','2015-10-31',30,633,122,1),(1020,'0','2015-10-31',30,633,123,1),(1021,'1','2015-10-31',30,647,124,1),(1022,'0','2015-10-31',30,647,125,1),(1023,'0','2015-10-31',30,661,128,1),(1024,'0','2015-10-31',30,661,129,1),(1025,'0','2015-10-31',30,661,130,1),(1026,'1','2015-10-31',30,661,131,1),(1027,'0','2015-10-31',30,675,132,1),(1028,'1','2015-10-31',30,675,133,1),(1029,'0','2015-10-31',30,689,135,1),(1030,'0','2015-10-31',30,689,137,1),(1031,'1','2015-10-31',30,689,138,1),(1032,'0','2015-10-31',30,689,140,1),(1034,'0','2015-10-31',30,703,141,1),(1035,'1','2015-10-31',30,703,142,1),(1036,'0','2015-10-31',30,703,143,1),(1037,'0','2015-10-31',30,703,145,1),(1038,'1','2015-10-31',30,703,146,1),(1039,'5','2015-10-31',30,703,147,1),(1040,'0','2016-04-30',26,549,110,2),(1041,'0','2016-04-30',26,563,111,2),(1042,'0','2016-04-30',26,563,112,2),(1043,'0','2016-04-30',26,563,113,2),(1044,'2','2016-04-30',26,577,114,2),(1045,'0','2016-04-30',26,591,116,2),(1046,'0','2016-04-30',26,591,117,2),(1047,'1.73','2016-04-30',26,605,118,2),(1048,'1','2016-04-30',26,605,119,2),(1049,'0','2016-04-30',26,605,120,2),(1050,'17.36','2016-04-30',26,619,121,2),(1051,'3','2016-04-30',26,633,122,2),(1052,'0','2016-04-30',26,633,123,2),(1053,'0.45','2016-04-30',26,647,124,2),(1054,'2.25','2016-04-30',26,647,125,2),(1055,'13','2016-04-30',26,661,128,2),(1056,'65.5','2016-04-30',26,661,129,2),(1057,'5.0','2016-04-30',26,661,130,2),(1058,'99.0','2016-04-30',26,661,131,2),(1059,'90','2016-04-30',26,675,132,2),(1060,'0','2016-04-30',26,675,133,2),(1061,'0','2016-04-30',26,689,135,2),(1062,'0','2016-04-30',26,689,137,2),(1063,'0','2016-04-30',26,689,138,2),(1064,'0','2016-04-30',26,689,140,2),(1066,'0','2016-04-30',26,703,141,2),(1067,'0','2016-04-30',26,703,142,2),(1068,'1','2016-04-30',26,703,143,2),(1069,'0','2016-04-30',26,703,145,2),(1070,'0','2016-04-30',26,703,146,2),(1071,'4','2016-04-30',26,703,147,2),(1105,'0','2016-01-31',27,563,111,3),(1106,'0','2016-01-31',27,563,112,3),(1107,'0','2016-01-31',27,563,113,3),(1108,'2','2016-01-31',27,577,114,3),(1109,'0','2016-01-31',27,591,116,3),(1110,'0','2016-01-31',27,591,117,3),(1111,'1.73','2016-01-31',27,605,118,3),(1112,'1','2016-01-31',27,605,119,3),(1113,'0','2016-01-31',27,605,120,3),(1114,'17.36','2016-01-31',27,619,121,3),(1115,'3','2016-01-31',27,633,122,3),(1116,'0','2016-01-31',27,633,123,3),(1117,'0.45','2016-01-31',27,647,124,3),(1118,'2.25','2016-01-31',27,647,125,3),(1119,'9','2016-01-31',27,661,128,3),(1120,'47','2016-01-31',27,661,129,3),(1121,'3','2016-01-31',27,661,130,3),(1122,'29','2016-01-31',27,661,131,3),(1123,'90','2016-01-31',27,675,132,3),(1124,'0','2016-01-31',27,675,133,3),(1125,'0','2016-01-31',27,689,135,3),(1126,'0','2016-01-31',27,689,137,3),(1127,'0','2016-01-31',27,689,138,3),(1128,'0','2016-01-31',27,689,140,3),(1130,'0','2016-01-31',27,703,141,3),(1131,'0','2016-01-31',27,703,142,3),(1132,'0','2016-01-31',27,703,143,3),(1133,'0','2016-01-31',27,703,145,3),(1134,'0','2016-01-31',27,703,146,3),(1135,'5','2016-01-31',27,703,147,3),(1136,'0','2016-01-31',28,549,110,3),(1137,'0','2016-01-31',28,563,111,3),(1138,'0','2016-01-31',28,563,112,3),(1139,'0','2016-01-31',28,563,113,3),(1140,'2','2016-01-31',28,577,114,3),(1141,'0','2016-01-31',28,591,116,3),(1142,'0','2016-01-31',28,591,117,3),(1143,'1.5','2016-01-31',28,605,118,3),(1144,'0','2016-01-31',28,605,119,3),(1145,'0','2016-01-31',28,605,120,3),(1146,'10.82','2016-01-31',28,619,121,3),(1147,'0','2016-01-31',28,633,122,3),(1148,'0','2016-01-31',28,633,123,3),(1149,'0.45','2016-01-31',28,647,124,3),(1150,'2.25','2016-01-31',28,647,125,3),(1151,'1','2016-01-31',28,661,128,3),(1152,'47','2016-01-31',28,661,129,3),(1153,'2','2016-01-31',28,661,130,3),(1154,'54','2016-01-31',28,661,131,3),(1155,'95','2016-01-31',28,675,132,3),(1156,'0','2016-01-31',28,675,133,3),(1157,'0','2016-01-31',28,689,135,3),(1158,'0','2016-01-31',28,689,137,3),(1159,'0','2016-01-31',28,689,138,3),(1160,'0','2016-01-31',28,689,140,3),(1162,'0','2016-01-31',28,703,141,3),(1163,'0','2016-01-31',28,703,142,3),(1164,'1','2016-01-31',28,703,143,3),(1165,'0','2016-01-31',28,703,145,3),(1166,'0','2016-01-31',28,703,146,3),(1167,'4','2016-01-31',28,703,147,3),(1168,'0','2016-01-31',29,549,110,3),(1169,'0','2016-01-31',29,563,111,3),(1170,'0','2016-01-31',29,563,112,3),(1171,'0','2016-01-31',29,563,113,3),(1172,'2','2016-01-31',29,577,114,3),(1173,'0','2016-01-31',29,591,116,3),(1174,'0','2016-01-31',29,591,117,3),(1175,'1.46','2016-01-31',29,605,118,3),(1176,'0','2016-01-31',29,605,119,3),(1177,'0','2016-01-31',29,605,120,3),(1178,'1.67','2016-01-31',29,619,121,3),(1179,'0','2016-01-31',29,633,122,3),(1180,'0','2016-01-31',29,633,123,3),(1181,'0.45','2016-01-31',29,647,124,3),(1182,'2.25','2016-01-31',29,647,125,3),(1183,'1','2016-01-31',29,661,128,3),(1184,'4','2016-01-31',29,661,129,3),(1185,'8','2016-01-31',29,661,130,3),(1186,'74','2016-01-31',29,661,131,3),(1187,'100','2016-01-31',29,675,132,3),(1188,'90','2016-01-31',29,675,133,3),(1189,'0','2016-01-31',29,689,135,3),(1190,'0','2016-01-31',29,689,137,3),(1191,'0','2016-01-31',29,689,138,3),(1192,'0','2016-01-31',29,689,140,3),(1194,'0','2016-01-31',29,703,141,3),(1195,'0','2016-01-31',29,703,142,3),(1196,'0','2016-01-31',29,703,143,3),(1197,'0','2016-01-31',29,703,145,3),(1198,'0','2016-01-31',29,703,146,3),(1199,'5','2016-01-31',29,703,147,3),(1200,'0','2016-01-31',30,549,110,3),(1201,'0','2016-01-31',30,563,111,3),(1202,'0','2016-01-31',30,563,112,3),(1203,'0','2016-01-31',30,563,113,3),(1204,'2','2016-01-31',30,577,114,3),(1205,'0','2016-01-31',30,591,116,3),(1206,'0','2016-01-31',30,591,117,3),(1207,'1','2016-01-31',30,605,118,3),(1208,'1','2016-01-31',30,605,119,3),(1209,'0','2016-01-31',30,605,120,3),(1210,'1.46','2016-01-31',30,619,121,3),(1211,'0','2016-01-31',30,633,122,3),(1212,'0','2016-01-31',30,633,123,3),(1213,'0.45','2016-01-31',30,647,124,3),(1214,'2.25','2016-01-31',30,647,125,3),(1215,'0','2016-01-31',30,647,148,3),(1216,'27','2016-01-31',30,661,128,3),(1217,'158','2016-01-31',30,661,129,3),(1218,'4','2016-01-31',30,661,130,3),(1219,'179','2016-01-31',30,661,131,3),(1220,'0','2016-01-31',30,675,132,3),(1221,'0','2016-01-31',30,675,133,3),(1222,'0','2016-01-31',30,689,135,3),(1223,'0','2016-01-31',30,689,137,3),(1224,'0','2016-01-31',30,689,138,3),(1225,'0','2016-01-31',30,689,140,3),(1227,'0','2016-01-31',30,703,141,3),(1228,'0','2016-01-31',30,703,142,3),(1229,'0','2016-01-31',30,703,143,3),(1230,'0','2016-01-31',30,703,145,3),(1231,'0','2016-01-31',30,703,146,3),(1232,'5','2016-01-31',30,703,147,3),(1233,'0','2016-01-31',31,549,110,3),(1234,'0','2016-01-31',31,563,111,3),(1235,'0','2016-01-31',31,563,112,3),(1236,'0','2016-01-31',31,563,113,3),(1237,'2','2016-01-31',31,577,114,3),(1238,'0','2016-01-31',31,591,116,3),(1239,'0','2016-01-31',31,591,117,3),(1240,'1.26','2016-01-31',31,605,118,3),(1241,'1','2016-01-31',31,605,119,3),(1242,'1','2016-01-31',31,605,120,3),(1243,'1.46','2016-01-31',31,619,121,3),(1244,'0','2016-01-31',31,633,122,3),(1245,'0','2016-01-31',31,633,123,3),(1246,'0.45','2016-01-31',31,647,124,3),(1247,'225','2016-01-31',31,647,125,3),(1248,'0','2016-01-31',31,647,148,3),(1249,'1','2016-01-31',31,661,128,3),(1250,'13','2016-01-31',31,661,129,3),(1251,'2','2016-01-31',31,661,130,3),(1252,'59','2016-01-31',31,661,131,3),(1253,'95','2016-01-31',31,675,132,3),(1254,'0','2016-01-31',31,675,133,3),(1255,'0','2016-01-31',31,689,135,3),(1256,'0','2016-01-31',31,689,137,3),(1257,'0','2016-01-31',31,689,138,3),(1258,'0','2016-01-31',31,689,140,3),(1260,'0','2016-01-31',31,703,141,3),(1261,'0','2016-01-31',31,703,142,3),(1262,'0','2016-01-31',31,703,143,3),(1263,'0','2016-01-31',31,703,145,3),(1264,'0','2016-01-31',31,703,146,3),(1265,'4','2016-01-31',31,703,147,3),(1266,'0','2016-01-31',32,549,110,3),(1267,'0','2016-01-31',32,563,111,3),(1268,'0','2016-01-31',32,563,112,3),(1269,'0','2016-01-31',32,563,113,3),(1270,'2','2016-01-31',32,577,114,3),(1271,'0','2016-01-31',32,591,116,3),(1272,'0','2016-01-31',32,591,117,3),(1273,'1.48','2016-01-31',32,605,118,3),(1274,'0','2016-01-31',32,605,119,3),(1275,'0','2016-01-31',32,605,120,3),(1276,'27.37','2016-01-31',32,619,121,3),(1277,'0','2016-01-31',32,633,122,3),(1278,'0','2016-01-31',32,633,123,3),(1279,'0.45','2016-01-31',32,647,124,3),(1280,'2.25','2016-01-31',32,647,125,3),(1281,'0','2016-01-31',32,647,148,3),(1282,'8','2016-01-31',32,661,128,3),(1283,'2','2016-01-31',32,661,129,3),(1284,'12','2016-01-31',32,661,130,3),(1285,'76','2016-01-31',32,661,131,3),(1286,'82','2016-01-31',32,675,132,3),(1287,'0','2016-01-31',32,675,133,3),(1288,'0','2016-01-31',32,689,135,3),(1289,'0','2016-01-31',32,689,137,3),(1290,'0','2016-01-31',32,689,138,3),(1291,'0','2016-01-31',32,689,140,3),(1293,'0','2016-01-31',32,703,141,3),(1294,'0','2016-01-31',32,703,142,3),(1295,'0','2016-01-31',32,703,143,3),(1296,'0','2016-01-31',32,703,145,3),(1297,'0','2016-01-31',32,703,146,3),(1298,'5','2016-01-31',32,703,147,3),(1299,'0','2016-01-31',33,549,110,3),(1300,'0','2016-01-31',33,563,111,3),(1301,'0','2016-01-31',33,563,112,3),(1302,'0','2016-01-31',33,563,113,3),(1303,'2','2016-01-31',33,577,114,3),(1304,'0','2016-01-31',33,591,116,3),(1305,'0','2016-01-31',33,591,117,3),(1306,'1.45','2016-01-31',33,605,118,3),(1307,'0','2016-01-31',33,605,119,3),(1308,'0','2016-01-31',33,605,120,3),(1309,'28.16','2016-01-31',33,619,121,3),(1310,'0','2016-01-31',33,633,122,3),(1311,'0','2016-01-31',33,633,123,3),(1312,'0.45','2016-01-31',33,647,124,3),(1313,'2.25','2016-01-31',33,647,125,3),(1314,'0','2016-01-31',33,647,148,3),(1315,'22','2016-01-31',33,661,128,3),(1316,'76','2016-01-31',33,661,129,3),(1317,'7','2016-01-31',33,661,130,3),(1318,'94','2016-01-31',33,661,131,3),(1319,'90','2016-01-31',33,675,132,3),(1320,'0','2016-01-31',33,675,133,3),(1321,'0','2016-01-31',33,689,135,3),(1322,'0','2016-01-31',33,689,137,3),(1323,'0','2016-01-31',33,689,138,3),(1324,'0','2016-01-31',33,689,140,3),(1326,'0','2016-01-31',33,703,141,3),(1327,'0','2016-01-31',33,703,142,3),(1328,'0','2016-01-31',33,703,143,3),(1329,'0','2016-01-31',33,703,145,3),(1330,'0','2016-01-31',33,703,146,3),(1331,'5','2016-01-31',33,703,147,3),(1332,'0','2016-01-31',34,549,110,3),(1333,'0','2016-01-31',34,563,111,3),(1334,'0','2016-01-31',34,563,112,3),(1335,'0','2016-01-31',34,563,113,3),(1336,'2','2016-01-31',34,577,114,3),(1337,'0','2016-01-31',34,591,116,3),(1338,'0','2016-01-31',34,591,117,3),(1339,'1.46','2016-01-31',34,605,118,3),(1340,'0','2016-01-31',34,605,119,3),(1341,'0','2016-01-31',34,605,120,3),(1342,'8.6','2016-01-31',34,619,121,3),(1343,'0','2016-01-31',34,633,122,3),(1344,'0','2016-01-31',34,633,123,3),(1345,'0.45','2016-01-31',34,647,124,3),(1346,'2.25','2016-01-31',34,647,125,3),(1347,'0','2016-01-31',34,647,148,3),(1348,'15','2016-01-31',34,661,128,3),(1349,'38','2016-01-31',34,661,129,3),(1350,'8','2016-01-31',34,661,130,3),(1351,'60','2016-01-31',34,661,131,3),(1352,'90','2016-01-31',34,675,132,3),(1353,'0','2016-01-31',34,675,133,3),(1354,'0','2016-01-31',34,689,135,3),(1355,'0','2016-01-31',34,689,137,3),(1356,'0','2016-01-31',34,689,138,3),(1357,'0','2016-01-31',34,689,140,3),(1359,'0','2016-01-31',34,703,141,3),(1360,'0','2016-01-31',34,703,142,3),(1361,'0','2016-01-31',34,703,143,3),(1362,'0','2016-01-31',34,703,145,3),(1363,'0','2016-01-31',34,703,146,3),(1364,'5','2016-01-31',34,703,147,3),(1365,'0','2016-01-31',35,549,110,3),(1366,'0','2016-01-31',35,563,111,3),(1367,'0','2016-01-31',35,563,112,3),(1368,'0','2016-01-31',35,563,113,3),(1369,'2','2016-01-31',35,577,114,3),(1370,'0','2016-01-31',35,591,116,3),(1371,'0','2016-01-31',35,591,117,3),(1372,'1.46','2016-01-31',35,605,118,3),(1373,'0','2016-01-31',35,605,119,3),(1374,'0','2016-01-31',35,605,120,3),(1375,'16.12','2016-01-31',35,619,121,3),(1376,'0','2016-01-31',35,633,122,3),(1377,'0','2016-01-31',35,633,123,3),(1378,'0.45','2016-01-31',35,647,124,3),(1379,'2.25','2016-01-31',35,647,125,3),(1380,'0','2016-01-31',35,647,148,3),(1381,'14','2016-01-31',35,661,128,3),(1382,'61','2016-01-31',35,661,129,3),(1383,'0','2016-01-31',35,661,130,3),(1384,'70','2016-01-31',35,661,131,3),(1385,'90','2016-01-31',35,675,132,3),(1386,'0','2016-01-31',35,675,133,3),(1387,'0','2016-01-31',35,689,135,3),(1388,'0','2016-01-31',35,689,137,3),(1389,'0','2016-01-31',35,689,138,3),(1390,'0','2016-01-31',35,689,140,3),(1392,'0','2016-01-31',35,703,141,3),(1393,'0','2016-01-31',35,703,142,3),(1394,'0','2016-01-31',35,703,143,3),(1395,'0','2016-01-31',35,703,145,3),(1396,'0','2016-01-31',35,703,146,3),(1397,'5','2016-01-31',35,703,147,3),(1398,'0','2016-01-31',36,549,110,3),(1399,'0','2016-01-31',36,563,111,3),(1400,'0','2016-01-31',36,563,112,3),(1401,'0','2016-01-31',36,563,113,3),(1402,'2','2016-01-31',36,577,114,3),(1403,'0','2016-01-31',36,591,116,3),(1404,'0','2016-01-31',36,591,117,3),(1405,'1.12','2016-01-31',36,605,118,3),(1406,'0','2016-01-31',36,605,119,3),(1407,'1','2016-01-31',36,605,120,3),(1408,'1.48','2016-01-31',36,619,121,3),(1409,'5','2016-01-31',36,633,122,3),(1410,'0','2016-01-31',36,633,123,3),(1411,'0.45','2016-01-31',36,647,124,3),(1412,'2.25','2016-01-31',36,647,125,3),(1413,'0','2016-01-31',36,647,148,3),(1414,'3','2016-01-31',36,661,128,3),(1415,'21','2016-01-31',36,661,129,3),(1416,'2','2016-01-31',36,661,130,3),(1417,'93','2016-01-31',36,661,131,3),(1418,'95','2016-01-31',36,675,132,3),(1419,'0','2016-01-31',36,675,133,3),(1420,'0','2016-01-31',36,689,135,3),(1421,'0','2016-01-31',36,689,137,3),(1422,'0','2016-01-31',36,689,138,3),(1423,'0','2016-01-31',36,689,140,3),(1425,'0','2016-01-31',36,703,141,3),(1426,'0','2016-01-31',36,703,142,3),(1427,'0','2016-01-31',36,703,143,3),(1428,'0','2016-01-31',36,703,145,3),(1429,'0','2016-01-31',36,703,146,3),(1430,'5','2016-01-31',36,703,147,3),(1431,'0','2016-01-31',37,549,110,3),(1432,'0','2016-01-31',37,563,111,3),(1433,'0','2016-01-31',37,563,112,3),(1434,'0','2016-01-31',37,563,113,3),(1435,'2','2016-01-31',37,577,114,3),(1436,'0','2016-01-31',37,591,116,3),(1437,'0','2016-01-31',37,591,117,3),(1438,'1.34','2016-01-31',37,605,118,3),(1439,'0','2016-01-31',37,605,119,3),(1440,'1','2016-01-31',37,605,120,3),(1441,'25.46','2016-01-31',37,619,121,3),(1442,'0','2016-01-31',37,633,122,3),(1443,'0','2016-01-31',37,633,123,3),(1444,'0.45','2016-01-31',37,647,124,3),(1445,'2.25','2016-01-31',37,647,125,3),(1446,'0','2016-01-31',37,647,148,3),(1447,'13','2016-01-31',37,661,128,3),(1448,'37','2016-01-31',37,661,129,3),(1449,'8','2016-01-31',37,661,130,3),(1450,'383','2016-01-31',37,661,131,3),(1451,'60','2016-01-31',37,675,132,3),(1452,'0','2016-01-31',37,675,133,3),(1453,'0','2016-01-31',37,689,135,3),(1454,'0','2016-01-31',37,689,137,3),(1455,'0','2016-01-31',37,689,138,3),(1456,'0','2016-01-31',37,689,140,3),(1458,'0','2016-01-31',37,703,141,3),(1459,'0','2016-01-31',37,703,142,3),(1460,'0','2016-01-31',37,703,143,3),(1461,'0','2016-01-31',37,703,145,3),(1462,'0','2016-01-31',37,703,146,3),(1463,'5','2016-01-31',37,703,147,3),(1464,'0','2016-01-31',38,549,110,3),(1465,'0','2016-01-31',38,563,111,3),(1466,'0','2016-01-31',38,563,112,3),(1467,'0','2016-01-31',38,563,113,3),(1468,'2','2016-01-31',38,577,114,3),(1469,'0','2016-01-31',38,591,116,3),(1470,'0','2016-01-31',38,591,117,3),(1471,'1.47','2016-01-31',38,605,118,3),(1472,'0','2016-01-31',38,605,119,3),(1473,'0','2016-01-31',38,605,120,3),(1474,'30.52','2016-01-31',38,619,121,3),(1475,'0','2016-01-31',38,633,122,3),(1476,'0','2016-01-31',38,633,123,3),(1477,'0.45','2016-01-31',38,647,124,3),(1478,'2.25','2016-01-31',38,647,125,3),(1479,'0','2016-01-31',38,647,148,3),(1480,'0','2016-01-31',38,661,128,3),(1481,'16','2016-01-31',38,661,129,3),(1482,'3','2016-01-31',38,661,130,3),(1483,'65','2016-01-31',38,661,131,3),(1484,'90','2016-01-31',38,675,132,3),(1485,'0','2016-01-31',38,675,133,3),(1486,'0','2016-01-31',38,689,135,3),(1487,'0','2016-01-31',38,689,137,3),(1488,'0','2016-01-31',38,689,138,3),(1489,'0','2016-01-31',38,689,140,3),(1491,'0','2016-01-31',38,703,141,3),(1492,'0','2016-01-31',38,703,142,3),(1493,'1','2016-01-31',38,703,143,3),(1494,'0','2016-01-31',38,703,145,3),(1495,'0','2016-01-31',38,703,146,3),(1496,'5','2016-01-31',38,703,147,3),(1497,'0','2016-01-31',39,549,110,3),(1498,'0','2016-01-31',39,563,111,3),(1499,'0','2016-01-31',39,563,112,3),(1500,'0','2016-01-31',39,563,113,3),(1501,'2','2016-01-31',39,577,114,3),(1502,'0','2016-01-31',39,591,116,3),(1503,'0','2016-01-31',39,591,117,3),(1504,'1.36','2016-01-31',39,605,118,3),(1505,'0','2016-01-31',39,605,119,3),(1506,'0','2016-01-31',39,605,120,3),(1507,'5.47','2016-01-31',39,619,121,3),(1508,'0','2016-01-31',39,633,122,3),(1509,'0','2016-01-31',39,633,123,3),(1510,'0.45','2016-01-31',39,647,124,3),(1511,'2.25','2016-01-31',39,647,125,3),(1512,'0','2016-01-31',39,647,148,3),(1513,'24','2016-01-31',39,661,128,3),(1514,'79','2016-01-31',39,661,129,3),(1515,'9','2016-01-31',39,661,130,3),(1516,'45','2016-01-31',39,661,131,3),(1517,'95','2016-01-31',39,675,132,3),(1518,'0','2016-01-31',39,675,133,3),(1519,'0','2016-01-31',39,689,135,3),(1520,'0','2016-01-31',39,689,137,3),(1521,'0','2016-01-31',39,689,138,3),(1522,'0','2016-01-31',39,689,140,3),(1524,'0','2016-01-31',39,703,141,3),(1525,'0','2016-01-31',39,703,142,3),(1526,'1','2016-01-31',39,703,143,3),(1527,'0','2016-01-31',39,703,145,3),(1528,'0','2016-01-31',39,703,146,3),(1529,'5','2016-01-31',39,703,147,3),(1530,'0','2016-01-31',26,549,110,3),(1531,'0','2016-01-31',26,563,111,3),(1532,'0','2016-01-31',26,563,112,3),(1533,'0','2016-01-31',26,563,113,3),(1534,'2','2016-01-31',26,577,114,3),(1535,'0','2016-01-31',26,591,116,3),(1536,'0','2016-01-31',26,591,117,3),(1537,'1.73','2016-01-31',26,605,118,3),(1538,'0','2016-01-31',26,605,119,3),(1539,'0','2016-01-31',26,605,120,3),(1540,'17.36','2016-01-31',26,619,121,3),(1541,'3','2016-01-31',26,633,122,3),(1542,'0','2016-01-31',26,633,123,3),(1543,'0.45','2016-01-31',26,647,124,3),(1544,'2.25','2016-01-31',26,647,125,3),(1545,'0','2016-01-31',26,647,148,3),(1546,'13','2016-01-31',26,661,128,3),(1547,'65.5','2016-01-31',26,661,129,3),(1548,'5.0','2016-01-31',26,661,130,3),(1549,'99.0','2016-01-31',26,661,131,3),(1550,'90','2016-01-31',26,675,132,3),(1551,'0','2016-01-31',26,675,133,3),(1552,'0','2016-01-31',26,689,135,3),(1553,'0','2016-01-31',26,689,137,3),(1554,'0','2016-01-31',26,689,138,3),(1555,'0','2016-01-31',26,689,140,3),(1557,'0','2016-01-31',26,703,141,3),(1558,'0','2016-01-31',26,703,142,3),(1559,'1','2016-01-31',26,703,143,3),(1560,'0','2016-01-31',26,703,145,3),(1561,'0','2016-01-31',26,703,146,3),(1562,'4','2016-01-31',26,703,147,3),(1563,'0','2015-12-31',26,549,110,3),(1564,'0','2015-12-31',26,563,111,3),(1565,'0','2015-12-31',26,563,112,3),(1566,'0','2015-12-31',26,563,113,3),(1567,'2','2015-12-31',26,577,114,3),(1568,'0','2015-12-31',26,591,116,3),(1569,'0','2015-12-31',26,591,117,3),(1570,'1.64','2015-12-31',26,605,118,3),(1571,'0','2015-12-31',26,605,119,3),(1572,'0','2015-12-31',26,605,120,3),(1573,'16.97','2015-12-31',26,619,121,3),(1574,'0','2015-12-31',26,633,122,3),(1575,'100','2015-12-31',26,633,123,3),(1576,'0','2015-12-31',26,647,124,3),(1577,'0','2015-12-31',26,647,125,3),(1578,'0','2015-12-31',26,647,148,3),(1579,'17','2015-12-31',26,661,128,3),(1580,'21','2015-12-31',26,661,129,3),(1581,'7','2015-12-31',26,661,130,3),(1582,'72','2015-12-31',26,661,131,3),(1583,'85','2015-12-31',26,675,132,3),(1584,'0','2015-12-31',26,675,133,3),(1585,'0','2015-12-31',26,689,135,3),(1586,'0','2015-12-31',26,689,137,3),(1587,'0','2015-12-31',26,689,138,3),(1588,'0','2015-12-31',26,689,140,3),(1590,'0','2015-12-31',26,703,141,3),(1591,'0','2015-12-31',26,703,142,3),(1592,'1','2015-12-31',26,703,143,3),(1593,'0','2015-12-31',26,703,145,3),(1594,'0','2015-12-31',26,703,146,3),(1595,'4','2015-12-31',26,703,147,3),(1596,'0','2015-12-31',27,549,110,3),(1597,'0','2015-12-31',27,563,111,3),(1598,'0','2015-12-31',27,563,112,3),(1599,'0','2015-12-31',27,563,113,3),(1600,'2','2015-12-31',27,577,114,3),(1601,'0','2015-12-31',27,591,116,3),(1602,'0','2015-12-31',27,591,117,3),(1603,'1.5','2015-12-31',27,605,118,3),(1604,'0','2015-12-31',27,605,119,3),(1605,'0','2015-12-31',27,605,120,3),(1606,'6.82','2015-12-31',27,619,121,3),(1607,'0','2015-12-31',27,633,122,3),(1608,'0','2015-12-31',27,633,123,3),(1609,'0','2015-12-31',27,647,124,3),(1610,'0','2015-12-31',27,647,125,3),(1611,'0','2015-12-31',27,647,148,3),(1612,'1','2015-12-31',27,661,128,3),(1613,'10.00','2015-12-31',27,661,129,3),(1614,'4','2015-12-31',27,661,130,3),(1615,'27','2015-12-31',27,661,131,3),(1616,'100','2015-12-31',27,675,132,3),(1617,'0','2015-12-31',27,675,133,3),(1618,'0','2015-12-31',27,689,135,3),(1619,'0','2015-12-31',27,689,137,3),(1620,'0','2015-12-31',27,689,138,3),(1621,'0','2015-12-31',27,689,140,3),(1623,'0','2015-12-31',27,703,141,3),(1624,'0','2015-12-31',27,703,142,3),(1625,'1','2015-12-31',27,703,143,3),(1626,'0','2015-12-31',27,703,145,3),(1627,'0','2015-12-31',27,703,146,3),(1628,'5','2015-12-31',27,703,147,3),(1629,'0','2015-12-31',28,549,110,3),(1630,'0','2015-12-31',28,563,111,3),(1631,'0','2015-12-31',28,563,112,3),(1632,'0','2015-12-31',28,563,113,3),(1633,'2','2015-12-31',28,577,114,3),(1634,'0','2015-12-31',28,591,116,3),(1635,'0','2015-12-31',28,591,117,3),(1636,'1.5','2015-12-31',28,605,118,3),(1637,'1','2015-12-31',28,605,119,3),(1638,'0','2015-12-31',28,605,120,3),(1639,'11.16','2015-12-31',28,619,121,3),(1640,'9.5','2015-12-31',28,633,122,3),(1641,'0','2015-12-31',28,633,123,3),(1642,'0','2015-12-31',28,647,124,3),(1643,'0','2015-12-31',28,647,125,3),(1644,'0','2015-12-31',28,647,148,3),(1645,'2','2015-12-31',28,661,128,3),(1646,'21','2015-12-31',28,661,129,3),(1647,'2','2015-12-31',28,661,130,3),(1648,'15','2015-12-31',28,661,131,3),(1649,'92','2015-12-31',28,675,132,3),(1650,'0','2015-12-31',28,675,133,3),(1651,'0','2015-12-31',28,689,135,3),(1652,'0','2015-12-31',28,689,137,3),(1653,'0','2015-12-31',28,689,138,3),(1654,'0','2015-12-31',28,689,140,3),(1656,'0','2015-12-31',28,703,141,3),(1657,'0','2015-12-31',28,703,142,3),(1658,'1','2015-12-31',28,703,143,3),(1659,'0','2015-12-31',28,703,145,3),(1660,'0','2015-12-31',28,703,146,3),(1661,'4','2015-12-31',28,703,147,3),(1662,'0','2015-12-31',29,549,110,3),(1663,'0','2015-12-31',29,563,111,3),(1664,'0','2015-12-31',29,563,112,3),(1665,'0','2015-12-31',29,563,113,3),(1666,'2','2015-12-31',29,577,114,3),(1667,'0','2015-12-31',29,591,116,3),(1668,'0','2015-12-31',29,591,117,3),(1669,'1.46','2015-12-31',29,605,118,3),(1670,'0','2015-12-31',29,605,119,3),(1671,'0','2015-12-31',29,605,120,3),(1672,'0','2015-12-31',29,619,121,3),(1673,'0','2015-12-31',29,633,122,3),(1674,'0','2015-12-31',29,633,123,3),(1675,'0','2015-12-31',29,647,124,3),(1676,'0','2015-12-31',29,647,125,3),(1677,'0','2015-12-31',29,647,148,3),(1678,'1','2015-12-31',29,661,128,3),(1679,'29','2015-12-31',29,661,129,3),(1680,'8','2015-12-31',29,661,130,3),(1681,'43','2015-12-31',29,661,131,3),(1682,'80','2015-12-31',29,675,132,3),(1683,'0','2015-12-31',29,675,133,3),(1684,'0','2015-12-31',29,689,135,3),(1685,'0','2015-12-31',29,689,137,3),(1686,'0','2015-12-31',29,689,138,3),(1687,'0','2015-12-31',29,689,140,3),(1689,'0','2015-12-31',29,703,141,3),(1690,'0','2015-12-31',29,703,142,3),(1691,'1','2015-12-31',29,703,143,3),(1692,'0','2015-12-31',29,703,145,3),(1693,'0','2015-12-31',29,703,146,3),(1694,'1','2015-12-31',29,703,147,3),(1695,'0','2015-12-31',30,549,110,3),(1696,'0','2015-12-31',30,563,111,3),(1697,'0','2015-12-31',30,563,112,3),(1698,'0','2015-12-31',30,563,113,3),(1699,'2','2015-12-31',30,577,114,3),(1700,'0','2015-12-31',30,591,116,3),(1701,'0','2015-12-31',30,591,117,3),(1702,'1.5','2015-12-31',30,605,118,3),(1703,'0','2015-12-31',30,605,119,3),(1704,'0','2015-12-31',30,605,120,3),(1705,'0.44','2015-12-31',30,619,121,3),(1706,'0','2015-12-31',30,633,122,3),(1707,'0','2015-12-31',30,633,123,3),(1708,'0','2015-12-31',30,647,124,3),(1709,'0','2015-12-31',30,647,125,3),(1710,'0','2015-12-31',30,647,148,3),(1711,'2','2015-12-31',30,661,128,3),(1712,'24','2015-12-31',30,661,129,3),(1713,'3','2015-12-31',30,661,130,3),(1714,'71','2015-12-31',30,661,131,3),(1715,'0','2015-12-31',30,675,132,3),(1716,'0','2015-12-31',30,675,133,3),(1717,'0','2015-12-31',30,689,135,3),(1718,'0','2015-12-31',30,689,137,3),(1719,'0','2015-12-31',30,689,138,3),(1720,'0','2015-12-31',30,689,140,3),(1722,'0','2015-12-31',30,703,141,3),(1723,'0','2015-12-31',30,703,142,3),(1724,'1','2015-12-31',30,703,143,3),(1725,'0','2015-12-31',30,703,145,3),(1726,'0','2015-12-31',30,703,146,3),(1727,'5','2015-12-31',30,703,147,3),(1728,'0','2015-12-31',31,549,110,3),(1729,'0','2015-12-31',31,563,111,3),(1730,'0','2015-12-31',31,563,112,3),(1731,'0','2015-12-31',31,563,113,3),(1732,'2','2015-12-31',31,577,114,3),(1733,'0','2015-12-31',31,591,116,3),(1734,'0','2015-12-31',31,591,117,3),(1735,'1.15','2015-12-31',31,605,118,3),(1736,'0','2015-12-31',31,605,119,3),(1737,'0','2015-12-31',31,605,120,3),(1738,'0.31','2015-12-31',31,619,121,3),(1739,'0','2015-12-31',31,633,122,3),(1740,'0','2015-12-31',31,633,123,3),(1741,'0','2015-12-31',31,647,124,3),(1742,'0','2015-12-31',31,647,125,3),(1743,'0','2015-12-31',31,647,148,3),(1744,'3','2015-12-31',31,661,128,3),(1745,'12','2015-12-31',31,661,129,3),(1746,'1','2015-12-31',31,661,130,3),(1747,'58','2015-12-31',31,661,131,3),(1748,'100','2015-12-31',31,675,132,3),(1749,'0','2015-12-31',31,675,133,3),(1750,'0','2015-12-31',31,689,135,3),(1751,'0','2015-12-31',31,689,137,3),(1752,'0','2015-12-31',31,689,138,3),(1753,'0','2015-12-31',31,689,140,3),(1755,'0','2015-12-31',31,703,141,3),(1756,'0','2015-12-31',31,703,142,3),(1757,'1','2015-12-31',31,703,143,3),(1758,'0','2015-12-31',31,703,145,3),(1759,'0','2015-12-31',31,703,146,3),(1760,'4','2015-12-31',31,703,147,3),(1761,'0','2015-12-31',32,549,110,3),(1762,'0','2015-12-31',32,563,111,3),(1763,'0','2015-12-31',32,563,112,3),(1764,'0','2015-12-31',32,563,113,3),(1765,'2','2015-12-31',32,577,114,3),(1766,'0','2015-12-31',32,591,116,3),(1767,'0','2015-12-31',32,591,117,3),(1768,'1.48','2015-12-31',32,605,118,3),(1769,'0','2015-12-31',32,605,119,3),(1770,'0','2015-12-31',32,605,120,3),(1771,'16.79','2015-12-31',32,619,121,3),(1772,'0','2015-12-31',32,633,122,3),(1773,'0','2015-12-31',32,633,123,3),(1774,'0','2015-12-31',32,647,124,3),(1775,'0','2015-12-31',32,647,125,3),(1776,'0','2015-12-31',32,647,148,3),(1777,'3','2015-12-31',32,661,128,3),(1778,'13','2015-12-31',32,661,129,3),(1779,'1','2015-12-31',32,661,130,3),(1780,'53','2015-12-31',32,661,131,3),(1781,'100','2015-12-31',32,675,132,3),(1782,'0','2015-12-31',32,675,133,3),(1783,'0','2015-12-31',32,689,135,3),(1784,'0','2015-12-31',32,689,137,3),(1785,'0','2015-12-31',32,689,138,3),(1786,'0','2015-12-31',32,689,140,3),(1788,'0','2015-12-31',32,703,141,3),(1789,'0','2015-12-31',32,703,142,3),(1790,'1','2015-12-31',32,703,143,3),(1791,'0','2015-12-31',32,703,145,3),(1792,'0','2015-12-31',32,703,146,3),(1793,'5','2015-12-31',32,703,147,3),(1794,'0','2015-12-31',33,549,110,3),(1795,'0','2015-12-31',33,563,111,3),(1796,'0','2015-12-31',33,563,112,3),(1797,'0','2015-12-31',33,563,113,3),(1798,'2','2015-12-31',33,577,114,3),(1799,'0','2015-12-31',33,591,116,3),(1800,'0','2015-12-31',33,591,117,3),(1801,'1.45','2015-12-31',33,605,118,3),(1802,'0','2015-12-31',33,605,119,3),(1803,'0','2015-12-31',33,605,120,3),(1804,'20.97','2015-12-31',33,619,121,3),(1805,'0','2015-12-31',33,633,122,3),(1806,'1','2015-12-31',33,633,123,3),(1807,'0','2015-12-31',33,647,124,3),(1808,'1','2015-12-31',33,647,125,3),(1809,'0','2015-12-31',33,647,148,3),(1810,'1','2015-12-31',33,661,128,3),(1811,'9','2015-12-31',33,661,129,3),(1812,'1','2015-12-31',33,661,130,3),(1813,'25','2015-12-31',33,661,131,3),(1814,'89','2015-12-31',33,675,132,3),(1815,'0','2015-12-31',33,675,133,3),(1816,'0','2015-12-31',33,689,135,3),(1817,'0','2015-12-31',33,689,137,3),(1818,'0','2015-12-31',33,689,138,3),(1819,'0','2015-12-31',33,689,140,3),(1821,'0','2015-12-31',33,703,141,3),(1822,'0','2015-12-31',33,703,142,3),(1823,'1','2015-12-31',33,703,143,3),(1824,'0','2015-12-31',33,703,145,3),(1825,'0','2015-12-31',33,703,146,3),(1826,'5','2015-12-31',33,703,147,3),(1827,'0','2015-12-31',34,549,110,3),(1828,'0','2015-12-31',34,563,111,3),(1829,'0','2015-12-31',34,563,112,3),(1830,'0','2015-12-31',34,563,113,3),(1831,'2','2015-12-31',34,577,114,3),(1832,'0','2015-12-31',34,591,116,3),(1833,'0','2015-12-31',34,591,117,3),(1834,'1.46','2015-12-31',34,605,118,3),(1835,'1','2015-12-31',34,605,119,3),(1836,'0','2015-12-31',34,605,120,3),(1837,'7.18','2015-12-31',34,619,121,3),(1838,'0','2015-12-31',34,633,122,3),(1839,'0','2015-12-31',34,633,123,3),(1840,'0','2015-12-31',34,647,124,3),(1841,'0','2015-12-31',34,647,125,3),(1842,'0','2015-12-31',34,647,148,3),(1843,'1','2015-12-31',34,661,128,3),(1844,'21','2015-12-31',34,661,129,3),(1845,'8','2015-12-31',34,661,130,3),(1846,'10','2015-12-31',34,661,131,3),(1847,'100','2015-12-31',34,675,132,3),(1848,'0','2015-12-31',34,675,133,3),(1849,'0','2015-12-31',34,689,135,3),(1850,'0','2015-12-31',34,689,137,3),(1851,'0','2015-12-31',34,689,138,3),(1852,'0','2015-12-31',34,689,140,3),(1854,'0','2015-12-31',34,703,141,3),(1855,'0','2015-12-31',34,703,142,3),(1856,'1','2015-12-31',34,703,143,3),(1857,'0','2015-12-31',34,703,145,3),(1858,'0','2015-12-31',34,703,146,3),(1859,'5','2015-12-31',34,703,147,3),(1860,'0','2015-12-31',35,549,110,3),(1861,'0','2015-12-31',35,563,111,3),(1862,'0','2015-12-31',35,563,112,3),(1863,'0','2015-12-31',35,563,113,3),(1864,'2','2015-12-31',35,577,114,3),(1865,'0','2015-12-31',35,591,116,3),(1866,'0','2015-12-31',35,591,117,3),(1867,'1.44','2015-12-31',35,605,118,3),(1868,'0','2015-12-31',35,605,119,3),(1869,'0','2015-12-31',35,605,120,3),(1870,'3.55','2015-12-31',35,619,121,3),(1871,'0','2015-12-31',35,633,122,3),(1872,'0','2015-12-31',35,633,123,3),(1873,'0','2015-12-31',35,647,124,3),(1874,'0','2015-12-31',35,647,125,3),(1875,'0','2015-12-31',35,647,148,3),(1876,'1','2015-12-31',35,661,128,3),(1877,'19.04','2015-12-31',35,661,129,3),(1878,'4','2015-12-31',35,661,130,3),(1879,'20','2015-12-31',35,661,131,3),(1880,'100','2015-12-31',35,675,132,3),(1881,'0','2015-12-31',35,675,133,3),(1882,'0','2015-12-31',35,689,135,3),(1883,'0','2015-12-31',35,689,137,3),(1884,'0','2015-12-31',35,689,138,3),(1885,'0','2015-12-31',35,689,140,3),(1887,'0','2015-12-31',35,703,141,3),(1888,'0','2015-12-31',35,703,142,3),(1889,'1','2015-12-31',35,703,143,3),(1890,'0','2015-12-31',35,703,145,3),(1891,'0','2015-12-31',35,703,146,3),(1892,'5','2015-12-31',35,703,147,3),(1893,'0','2015-12-31',36,549,110,3),(1894,'0','2015-12-31',36,563,111,3),(1895,'0','2015-12-31',36,563,112,3),(1896,'0','2015-12-31',36,563,113,3),(1897,'2','2015-12-31',36,577,114,3),(1898,'0','2015-12-31',36,591,116,3),(1899,'0','2015-12-31',36,591,117,3),(1900,'1.25','2015-12-31',36,605,118,3),(1901,'1','2015-12-31',36,605,119,3),(1902,'0','2015-12-31',36,605,120,3),(1903,'0.51','2015-12-31',36,619,121,3),(1904,'0','2015-12-31',36,633,122,3),(1905,'0','2015-12-31',36,633,123,3),(1906,'0','2015-12-31',36,647,124,3),(1907,'0','2015-12-31',36,647,125,3),(1908,'0','2015-12-31',36,647,148,3),(1909,'2','2015-12-31',36,661,128,3),(1910,'15','2015-12-31',36,661,129,3),(1911,'2','2015-12-31',36,661,130,3),(1912,'0.8','2015-12-31',36,661,131,3),(1913,'88','2015-12-31',36,675,132,3),(1914,'0','2015-12-31',36,675,133,3),(1915,'0','2015-12-31',36,689,135,3),(1916,'0','2015-12-31',36,689,137,3),(1917,'0','2015-12-31',36,689,138,3),(1918,'0','2015-12-31',36,689,140,3),(1920,'0','2015-12-31',36,703,141,3),(1921,'0','2015-12-31',36,703,142,3),(1922,'1','2015-12-31',36,703,143,3),(1923,'0','2015-12-31',36,703,145,3),(1924,'0','2015-12-31',36,703,146,3),(1925,'4','2015-12-31',36,703,147,3),(1926,'0','2015-12-31',37,549,110,3),(1927,'0','2015-12-31',37,563,111,3),(1928,'0','2015-12-31',37,563,112,3),(1929,'0','2015-12-31',37,563,113,3),(1930,'2','2015-12-31',37,577,114,3),(1931,'0','2015-12-31',37,591,116,3),(1932,'0','2015-12-31',37,591,117,3),(1933,'1.34','2015-12-31',37,605,118,3),(1934,'0','2015-12-31',37,605,119,3),(1935,'0','2015-12-31',37,605,120,3),(1936,'27.5','2015-12-31',37,619,121,3),(1937,'12','2015-12-31',37,633,122,3),(1938,'0','2015-12-31',37,633,123,3),(1939,'0','2015-12-31',37,647,124,3),(1940,'0','2015-12-31',37,647,125,3),(1941,'0','2015-12-31',37,647,148,3),(1942,'6','2015-12-31',37,661,128,3),(1943,'27','2015-12-31',37,661,129,3),(1944,'1','2015-12-31',37,661,130,3),(1945,'142','2015-12-31',37,661,131,3),(1946,'93','2015-12-31',37,675,132,3),(1947,'0','2015-12-31',37,675,133,3),(1948,'0','2015-12-31',37,689,135,3),(1949,'0','2015-12-31',37,689,137,3),(1950,'0','2015-12-31',37,689,138,3),(1951,'0','2015-12-31',37,689,140,3),(1953,'0','2015-12-31',37,703,141,3),(1954,'0','2015-12-31',37,703,142,3),(1955,'1','2015-12-31',37,703,143,3),(1956,'0','2015-12-31',37,703,145,3),(1957,'0','2015-12-31',37,703,146,3),(1958,'5','2015-12-31',37,703,147,3),(1959,'0','2015-12-31',38,549,110,3),(1960,'0','2015-12-31',38,563,111,3),(1961,'0','2015-12-31',38,563,112,3),(1962,'0','2015-12-31',38,563,113,3),(1963,'2','2015-12-31',38,577,114,3),(1964,'0','2015-12-31',38,591,116,3),(1965,'0','2015-12-31',38,591,117,3),(1966,'1.47','2015-12-31',38,605,118,3),(1967,'0','2015-12-31',38,605,119,3),(1968,'0','2015-12-31',38,605,120,3),(1969,'9.22','2015-12-31',38,619,121,3),(1970,'0','2015-12-31',38,633,122,3),(1971,'0','2015-12-31',38,633,123,3),(1972,'0','2015-12-31',38,647,124,3),(1973,'0','2015-12-31',38,647,125,3),(1974,'0','2015-12-31',38,647,148,3),(1975,'14','2015-12-31',38,661,128,3),(1976,'47.00','2015-12-31',38,661,129,3),(1977,'3','2015-12-31',38,661,130,3),(1978,'19','2015-12-31',38,661,131,3),(1979,'100','2015-12-31',38,675,132,3),(1980,'0','2015-12-31',38,675,133,3),(1981,'0','2015-12-31',38,689,135,3),(1982,'0','2015-12-31',38,689,137,3),(1983,'0','2015-12-31',38,689,138,3),(1984,'0','2015-12-31',38,689,140,3),(1986,'0','2015-12-31',38,703,141,3),(1987,'0','2015-12-31',38,703,142,3),(1988,'1','2015-12-31',38,703,143,3),(1989,'0','2015-12-31',38,703,145,3),(1990,'0','2015-12-31',38,703,146,3),(1991,'5','2015-12-31',38,703,147,3),(1992,'0','2015-12-31',39,549,110,3),(1993,'0','2015-12-31',39,563,111,3),(1994,'0','2015-12-31',39,563,112,3),(1995,'0','2015-12-31',39,563,113,3),(1996,'2','2015-12-31',39,577,114,3),(1997,'0','2015-12-31',39,591,116,3),(1998,'0','2015-12-31',39,591,117,3),(1999,'1.36','2015-12-31',39,605,118,3),(2000,'0','2015-12-31',39,605,119,3),(2001,'0','2015-12-31',39,605,120,3),(2002,'4.78','2015-12-31',39,619,121,3),(2003,'11','2015-12-31',39,633,122,3),(2004,'0','2015-12-31',39,633,123,3),(2005,'0','2015-12-31',39,647,124,3),(2006,'1','2015-12-31',39,647,125,3),(2007,'0','2015-12-31',39,647,148,3),(2008,'6','2015-12-31',39,661,128,3),(2009,'8','2015-12-31',39,661,129,3),(2010,'9','2015-12-31',39,661,130,3),(2011,'12','2015-12-31',39,661,131,3),(2012,'91','2015-12-31',39,675,132,3),(2013,'0','2015-12-31',39,675,133,3),(2014,'0','2015-12-31',39,689,135,3),(2015,'0','2015-12-31',39,689,137,3),(2016,'0','2015-12-31',39,689,138,3),(2017,'0','2015-12-31',39,689,140,3),(2019,'0','2015-12-31',39,703,141,3),(2020,'0','2015-12-31',39,703,142,3),(2021,'0','2015-12-31',39,703,143,3),(2022,'0','2015-12-31',39,703,145,3),(2023,'0','2015-12-31',39,703,146,3),(2024,'5','2015-12-31',39,703,147,3),(2025,'0','2016-02-29',26,549,110,3),(2026,'0','2016-02-29',26,563,111,3),(2027,'0','2016-02-29',26,563,112,3),(2028,'0','2016-02-29',26,563,113,3),(2029,'2','2016-02-29',26,577,114,3),(2030,'0','2016-02-29',26,591,116,3),(2031,'0','2016-02-29',26,591,117,3),(2032,'1.73','2016-02-29',26,605,118,3),(2033,'0','2016-02-29',26,605,119,3),(2034,'0','2016-02-29',26,605,120,3),(2035,'3.38','2016-02-29',26,619,121,3),(2036,'0','2016-02-29',26,633,122,3),(2037,'0','2016-02-29',26,633,123,3),(2038,'4.15','2016-02-29',26,647,124,3),(2039,'16.6','2016-02-29',26,647,125,3),(2040,'0','2016-02-29',26,647,148,3),(2041,'17.0','2016-02-29',26,661,128,3),(2042,'47.5','2016-02-29',26,661,129,3),(2043,'9.0','2016-02-29',26,661,130,3),(2044,'11.0','2016-02-29',26,661,131,3),(2045,'90','2016-02-29',26,675,132,3),(2046,'0','2016-02-29',26,675,133,3),(2047,'0','2016-02-29',26,689,135,3),(2048,'0','2016-02-29',26,689,137,3),(2049,'0','2016-02-29',26,689,138,3),(2050,'0','2016-02-29',26,689,140,3),(2052,'0','2016-02-29',26,703,141,3),(2053,'0','2016-02-29',26,703,142,3),(2054,'0','2016-02-29',26,703,143,3),(2055,'0','2016-02-29',26,703,145,3),(2056,'0','2016-02-29',26,703,146,3),(2057,'4','2016-02-29',26,703,147,3),(2058,'0','2016-02-29',27,549,110,3),(2059,'0','2016-02-29',27,563,111,3),(2060,'0','2016-02-29',27,563,112,3),(2061,'0','2016-02-29',27,563,113,3),(2062,'2','2016-02-29',27,577,114,3),(2063,'0','2016-02-29',27,591,116,3),(2064,'0','2016-02-29',27,591,117,3),(2065,'1.5','2016-02-29',27,605,118,3),(2066,'0','2016-02-29',27,605,119,3),(2067,'0','2016-02-29',27,605,120,3),(2068,'2.60','2016-02-29',27,619,121,3),(2069,'0','2016-02-29',27,633,122,3),(2070,'0','2016-02-29',27,633,123,3),(2071,'4.15','2016-02-29',27,647,124,3),(2072,'16.6','2016-02-29',27,647,125,3),(2073,'0','2016-02-29',27,647,148,3),(2074,'6','2016-02-29',27,661,128,3),(2075,'36','2016-02-29',27,661,129,3),(2076,'21','2016-02-29',27,661,130,3),(2077,'26','2016-02-29',27,661,131,3),(2078,'95','2016-02-29',27,675,132,3),(2079,'0','2016-02-29',27,675,133,3),(2080,'0','2016-02-29',27,689,135,3),(2081,'0','2016-02-29',27,689,137,3),(2082,'0','2016-02-29',27,689,138,3),(2083,'0','2016-02-29',27,689,140,3),(2085,'0','2016-02-29',27,703,141,3),(2086,'0','2016-02-29',27,703,142,3),(2087,'0','2016-02-29',27,703,143,3),(2088,'0','2016-02-29',27,703,145,3),(2089,'0','2016-02-29',27,703,146,3),(2090,'5','2016-02-29',27,703,147,3),(2091,'0','2016-02-29',27,549,110,1),(2092,'0','2016-02-29',27,563,111,1),(2093,'0','2016-02-29',27,563,112,1),(2094,'0','2016-02-29',27,563,113,1),(2095,'2','2016-02-29',27,577,114,1),(2096,'0','2016-02-29',27,591,116,1),(2097,'0','2016-02-29',27,591,117,1),(2098,'1.5','2016-02-29',27,605,118,1),(2099,'0','2016-02-29',27,605,119,1),(2100,'0','2016-02-29',27,605,120,1),(2101,'2.60','2016-02-29',27,619,121,1),(2102,'0','2016-02-29',27,633,122,1),(2103,'0','2016-02-29',27,633,123,1),(2104,'4.15','2016-02-29',27,647,124,1),(2105,'16.6','2016-02-29',27,647,125,1),(2106,'0','2016-02-29',27,647,148,1),(2107,'6','2016-02-29',27,661,128,1),(2108,'36','2016-02-29',27,661,129,1),(2109,'21','2016-02-29',27,661,130,1),(2110,'26','2016-02-29',27,661,131,1),(2111,'95','2016-02-29',27,675,132,1),(2112,'0','2016-02-29',27,675,133,1),(2113,'0','2016-02-29',27,689,135,1),(2114,'0','2016-02-29',27,689,137,1),(2115,'0','2016-02-29',27,689,138,1),(2116,'0','2016-02-29',27,689,140,1),(2118,'0','2016-02-29',27,703,141,1),(2119,'0','2016-02-29',27,703,142,1),(2120,'0','2016-02-29',27,703,143,1),(2121,'0','2016-02-29',27,703,145,1),(2122,'0','2016-02-29',27,703,146,1),(2123,'5','2016-02-29',27,703,147,1),(2124,'0','2016-02-29',28,549,110,3),(2125,'0','2016-02-29',28,563,111,3),(2126,'0','2016-02-29',28,563,112,3),(2127,'0','2016-02-29',28,563,113,3),(2128,'2','2016-02-29',28,577,114,3),(2129,'0','2016-02-29',28,591,116,3),(2130,'0','2016-02-29',28,591,117,3),(2131,'1.5','2016-02-29',28,605,118,3),(2132,'0','2016-02-29',28,605,119,3),(2133,'0','2016-02-29',28,605,120,3),(2134,'11.73','2016-02-29',28,619,121,3),(2135,'0','2016-02-29',28,633,122,3),(2136,'0','2016-02-29',28,633,123,3),(2137,'4.15','2016-02-29',28,647,124,3),(2138,'16.6','2016-02-29',28,647,125,3),(2139,'0','2016-02-29',28,647,148,3),(2140,'11','2016-02-29',28,661,128,3),(2141,'4','2016-02-29',28,661,129,3),(2142,'17','2016-02-29',28,661,130,3),(2143,'33','2016-02-29',28,661,131,3),(2144,'95','2016-02-29',28,675,132,3),(2145,'0','2016-02-29',28,675,133,3),(2146,'0','2016-02-29',28,689,135,3),(2147,'0','2016-02-29',28,689,137,3),(2148,'0','2016-02-29',28,689,138,3),(2149,'0','2016-02-29',28,689,140,3),(2151,'0','2016-02-29',28,703,141,3),(2152,'0','2016-02-29',28,703,142,3),(2153,'1','2016-02-29',28,703,143,3),(2154,'0','2016-02-29',28,703,145,3),(2155,'0','2016-02-29',28,703,146,3),(2156,'4','2016-02-29',28,703,147,3),(2157,'0','2016-02-29',29,549,110,3),(2158,'0','2016-02-29',29,563,111,3),(2159,'0','2016-02-29',29,563,112,3),(2160,'0','2016-02-29',29,563,113,3),(2161,'2','2016-02-29',29,577,114,3),(2162,'0','2016-02-29',29,591,116,3),(2163,'0','2016-02-29',29,591,117,3),(2164,'1.46','2016-02-29',29,605,118,3),(2165,'0','2016-02-29',29,605,119,3),(2166,'0','2016-02-29',29,605,120,3),(2167,'1.21','2016-02-29',29,619,121,3),(2168,'0','2016-02-29',29,633,122,3),(2169,'0','2016-02-29',29,633,123,3),(2170,'4.15','2016-02-29',29,647,124,3),(2171,'16.6','2016-02-29',29,647,125,3),(2172,'0','2016-02-29',29,647,148,3),(2173,'4','2016-02-29',29,661,128,3),(2174,'5','2016-02-29',29,661,129,3),(2175,'5','2016-02-29',29,661,130,3),(2176,'60','2016-02-29',29,661,131,3),(2177,'90','2016-02-29',29,675,132,3),(2178,'0','2016-02-29',29,675,133,3),(2179,'0','2016-02-29',29,689,135,3),(2180,'0','2016-02-29',29,689,137,3),(2181,'0','2016-02-29',29,689,138,3),(2182,'0','2016-02-29',29,689,140,3),(2184,'4','2016-02-29',29,703,141,3),(2185,'0','2016-02-29',29,703,142,3),(2186,'0','2016-02-29',29,703,143,3),(2187,'0','2016-02-29',29,703,145,3),(2188,'0','2016-02-29',29,703,146,3),(2189,'5','2016-02-29',29,703,147,3),(2190,'0','2016-02-29',30,549,110,3),(2191,'0','2016-02-29',30,563,111,3),(2192,'0','2016-02-29',30,563,112,3),(2193,'0','2016-02-29',30,563,113,3),(2194,'2','2016-02-29',30,577,114,3),(2195,'0','2016-02-29',30,591,116,3),(2196,'0','2016-02-29',30,591,117,3),(2197,'11','2016-02-29',30,605,118,3),(2198,'0','2016-02-29',30,605,119,3),(2199,'0','2016-02-29',30,605,120,3),(2200,'0.61','2016-02-29',30,619,121,3),(2201,'0','2016-02-29',30,633,122,3),(2202,'0','2016-02-29',30,633,123,3),(2203,'4.15','2016-02-29',30,647,124,3),(2204,'16.6','2016-02-29',30,647,125,3),(2205,'0','2016-02-29',30,647,148,3),(2206,'22','2016-02-29',30,661,128,3),(2207,'68','2016-02-29',30,661,129,3),(2208,'12','2016-02-29',30,661,130,3),(2209,'81','2016-02-29',30,661,131,3),(2210,'83','2016-02-29',30,675,132,3),(2211,'0','2016-02-29',30,675,133,3),(2212,'0','2016-02-29',30,689,135,3),(2213,'0','2016-02-29',30,689,137,3),(2214,'0','2016-02-29',30,689,138,3),(2215,'0','2016-02-29',30,689,140,3),(2217,'0','2016-02-29',30,703,141,3),(2218,'0','2016-02-29',30,703,142,3),(2219,'1','2016-02-29',30,703,143,3),(2220,'0','2016-02-29',30,703,145,3),(2221,'0','2016-02-29',30,703,146,3),(2222,'5','2016-02-29',30,703,147,3),(2223,'0','2016-02-29',31,549,110,3),(2224,'0','2016-02-29',31,563,111,3),(2225,'0','2016-02-29',31,563,112,3),(2226,'0','2016-02-29',31,563,113,3),(2227,'2','2016-02-29',31,577,114,3),(2228,'0','2016-02-29',31,591,116,3),(2229,'0','2016-02-29',31,591,117,3),(2230,'1.26','2016-02-29',31,605,118,3),(2231,'1','2016-02-29',31,605,119,3),(2232,'0','2016-02-29',31,605,120,3),(2233,'1.855','2016-02-29',31,619,121,3),(2234,'30','2016-02-29',31,633,122,3),(2235,'0','2016-02-29',31,633,123,3),(2236,'4.15','2016-02-29',31,647,124,3),(2237,'16.6','2016-02-29',31,647,125,3),(2238,'0','2016-02-29',31,647,148,3),(2239,'7','2016-02-29',31,661,128,3),(2240,'5','2016-02-29',31,661,129,3),(2241,'12','2016-02-29',31,661,130,3),(2242,'23','2016-02-29',31,661,131,3),(2243,'0','2016-02-29',31,675,132,3),(2244,'0','2016-02-29',31,675,133,3),(2245,'0','2016-02-29',31,689,135,3),(2246,'0','2016-02-29',31,689,137,3),(2247,'0','2016-02-29',31,689,138,3),(2248,'0','2016-02-29',31,689,140,3),(2250,'0','2016-02-29',31,703,141,3),(2251,'0','2016-02-29',31,703,142,3),(2252,'0','2016-02-29',31,703,143,3),(2253,'0','2016-02-29',31,703,145,3),(2254,'0','2016-02-29',31,703,146,3),(2255,'5','2016-02-29',31,703,147,3),(2256,'0','2016-02-29',32,549,110,3),(2257,'0','2016-02-29',32,563,111,3),(2258,'0','2016-02-29',32,563,112,3),(2259,'0','2016-02-29',32,563,113,3),(2260,'2','2016-02-29',32,577,114,3),(2261,'0','2016-02-29',32,591,116,3),(2262,'0','2016-02-29',32,591,117,3),(2263,'1.48','2016-02-29',32,605,118,3),(2264,'0','2016-02-29',32,605,119,3),(2265,'0','2016-02-29',32,605,120,3),(2266,'3.61','2016-02-29',32,619,121,3),(2267,'0','2016-02-29',32,633,122,3),(2268,'0','2016-02-29',32,633,123,3),(2269,'4.15','2016-02-29',32,647,124,3),(2270,'16.6','2016-02-29',32,647,125,3),(2271,'0','2016-02-29',32,647,148,3),(2272,'8','2016-02-29',32,661,128,3),(2273,'6','2016-02-29',32,661,129,3),(2274,'11','2016-02-29',32,661,130,3),(2275,'74','2016-02-29',32,661,131,3),(2276,'85','2016-02-29',32,675,132,3),(2277,'0','2016-02-29',32,675,133,3),(2278,'0','2016-02-29',32,689,135,3),(2279,'0','2016-02-29',32,689,137,3),(2280,'0','2016-02-29',32,689,138,3),(2281,'0','2016-02-29',32,689,140,3),(2283,'0','2016-02-29',32,703,141,3),(2284,'0','2016-02-29',32,703,142,3),(2285,'0','2016-02-29',32,703,143,3),(2286,'0','2016-02-29',32,703,145,3),(2287,'0','2016-02-29',32,703,146,3),(2288,'5','2016-02-29',32,703,147,3),(2289,'0','2016-02-29',33,549,110,3),(2290,'0','2016-02-29',33,563,111,3),(2291,'0','2016-02-29',33,563,112,3),(2292,'0','2016-02-29',33,563,113,3),(2293,'2','2016-02-29',33,577,114,3),(2294,'0','2016-02-29',33,591,116,3),(2295,'0','2016-02-29',33,591,117,3),(2296,'1.45','2016-02-29',33,605,118,3),(2297,'0','2016-02-29',33,605,119,3),(2298,'0','2016-02-29',33,605,120,3),(2299,'12.97','2016-02-29',33,619,121,3),(2300,'0','2016-02-29',33,633,122,3),(2301,'0','2016-02-29',33,633,123,3),(2302,'4.15','2016-02-29',33,647,124,3),(2303,'16.6','2016-02-29',33,647,125,3),(2304,'0','2016-02-29',33,647,148,3),(2305,'2','2016-02-29',33,661,128,3),(2306,'16','2016-02-29',33,661,129,3),(2307,'9','2016-02-29',33,661,130,3),(2308,'37','2016-02-29',33,661,131,3),(2309,'90','2016-02-29',33,675,132,3),(2310,'0','2016-02-29',33,675,133,3),(2311,'0','2016-02-29',33,689,135,3),(2312,'0','2016-02-29',33,689,137,3),(2313,'0','2016-02-29',33,689,138,3),(2314,'0','2016-02-29',33,689,140,3),(2316,'0','2016-02-29',33,703,141,3),(2317,'0','2016-02-29',33,703,142,3),(2318,'2','2016-02-29',33,703,143,3),(2319,'0','2016-02-29',33,703,145,3),(2320,'0','2016-02-29',33,703,146,3),(2321,'5','2016-02-29',33,703,147,3),(2322,'0','2016-02-29',34,549,110,3),(2323,'0','2016-02-29',34,563,111,3),(2324,'0','2016-02-29',34,563,112,3),(2325,'0','2016-02-29',34,563,113,3),(2326,'2','2016-02-29',34,577,114,3),(2327,'0','2016-02-29',34,591,116,3),(2328,'0','2016-02-29',34,591,117,3),(2329,'1.46','2016-02-29',34,605,118,3),(2330,'0','2016-02-29',34,605,119,3),(2331,'0','2016-02-29',34,605,120,3),(2332,'4.40','2016-02-29',34,619,121,3),(2333,'0','2016-02-29',34,633,122,3),(2334,'0','2016-02-29',34,633,123,3),(2335,'4.15','2016-02-29',34,647,124,3),(2336,'16.6','2016-02-29',34,647,125,3),(2337,'0','2016-02-29',34,647,148,3),(2338,'5','2016-02-29',34,661,128,3),(2339,'7','2016-02-29',34,661,129,3),(2340,'6','2016-02-29',34,661,130,3),(2341,'20','2016-02-29',34,661,131,3),(2342,'90','2016-02-29',34,675,132,3),(2343,'0','2016-02-29',34,675,133,3),(2344,'0','2016-02-29',34,689,135,3),(2345,'0','2016-02-29',34,689,137,3),(2346,'0','2016-02-29',34,689,138,3),(2347,'0','2016-02-29',34,689,140,3),(2349,'0','2016-02-29',34,703,141,3),(2350,'0','2016-02-29',34,703,142,3),(2351,'2','2016-02-29',34,703,143,3),(2352,'0','2016-02-29',34,703,145,3),(2353,'0','2016-02-29',34,703,146,3),(2354,'5','2016-02-29',34,703,147,3),(2355,'0','2016-02-29',34,549,110,1),(2356,'0','2016-02-29',34,563,111,1),(2357,'0','2016-02-29',34,563,112,1),(2358,'0','2016-02-29',34,563,113,1),(2359,'2','2016-02-29',34,577,114,1),(2360,'0','2016-02-29',34,591,116,1),(2361,'0','2016-02-29',34,591,117,1),(2362,'1.46','2016-02-29',34,605,118,1),(2363,'0','2016-02-29',34,605,119,1),(2364,'0','2016-02-29',34,605,120,1),(2365,'4.40','2016-02-29',34,619,121,1),(2366,'0','2016-02-29',34,633,122,1),(2367,'0','2016-02-29',34,633,123,1),(2368,'4.15','2016-02-29',34,647,124,1),(2369,'16.6','2016-02-29',34,647,125,1),(2370,'0','2016-02-29',34,647,148,1),(2371,'5','2016-02-29',34,661,128,1),(2372,'7','2016-02-29',34,661,129,1),(2373,'6','2016-02-29',34,661,130,1),(2374,'20','2016-02-29',34,661,131,1),(2375,'90','2016-02-29',34,675,132,1),(2376,'0','2016-02-29',34,675,133,1),(2377,'0','2016-02-29',34,689,135,1),(2378,'0','2016-02-29',34,689,137,1),(2379,'0','2016-02-29',34,689,138,1),(2380,'0','2016-02-29',34,689,140,1),(2382,'0','2016-02-29',34,703,141,1),(2383,'0','2016-02-29',34,703,142,1),(2384,'2','2016-02-29',34,703,143,1),(2385,'0','2016-02-29',34,703,145,1),(2386,'0','2016-02-29',34,703,146,1),(2387,'5','2016-02-29',34,703,147,1),(2388,'0','2016-02-29',35,549,110,3),(2389,'0','2016-02-29',35,563,111,3),(2390,'0','2016-02-29',35,563,112,3),(2391,'0','2016-02-29',35,563,113,3),(2392,'2','2016-02-29',35,577,114,3),(2393,'0','2016-02-29',35,591,116,3),(2394,'0','2016-02-29',35,591,117,3),(2395,'1.44','2016-02-29',35,605,118,3),(2396,'1','2016-02-29',35,605,119,3),(2397,'0','2016-02-29',35,605,120,3),(2398,'0','2016-02-29',35,619,121,3),(2399,'0','2016-02-29',35,633,122,3),(2400,'0','2016-02-29',35,633,123,3),(2401,'4.15','2016-02-29',35,647,124,3),(2402,'16.6','2016-02-29',35,647,125,3),(2403,'0','2016-02-29',35,647,148,3),(2404,'6','2016-02-29',35,661,128,3),(2405,'13','2016-02-29',35,661,129,3),(2406,'13','2016-02-29',35,661,130,3),(2407,'39','2016-02-29',35,661,131,3),(2408,'90','2016-02-29',35,675,132,3),(2409,'0','2016-02-29',35,675,133,3),(2410,'0','2016-02-29',35,689,135,3),(2411,'0','2016-02-29',35,689,137,3),(2412,'0','2016-02-29',35,689,138,3),(2413,'0','2016-02-29',35,689,140,3),(2415,'0','2016-02-29',35,703,141,3),(2416,'0','2016-02-29',35,703,142,3),(2417,'0','2016-02-29',35,703,143,3),(2418,'0','2016-02-29',35,703,145,3),(2419,'0','2016-02-29',35,703,146,3),(2420,'5','2016-02-29',35,703,147,3),(2421,'0','2016-02-29',36,549,110,3),(2422,'0','2016-02-29',36,563,111,3),(2423,'0','2016-02-29',36,563,112,3),(2424,'0','2016-02-29',36,563,113,3),(2425,'2','2016-02-29',36,577,114,3),(2426,'0','2016-02-29',36,591,116,3),(2427,'0','2016-02-29',36,591,117,3),(2428,'1.12','2016-02-29',36,605,118,3),(2429,'0','2016-02-29',36,605,119,3),(2430,'0','2016-02-29',36,605,120,3),(2431,'0.21','2016-02-29',36,619,121,3),(2432,'0','2016-02-29',36,633,122,3),(2433,'0','2016-02-29',36,633,123,3),(2434,'4.15','2016-02-29',36,647,124,3),(2435,'16.6','2016-02-29',36,647,125,3),(2436,'0','2016-02-29',36,647,148,3),(2437,'8','2016-02-29',36,661,128,3),(2438,'10','2016-02-29',36,661,129,3),(2439,'9','2016-02-29',36,661,130,3),(2440,'15','2016-02-29',36,661,131,3),(2441,'95','2016-02-29',36,675,132,3),(2442,'0','2016-02-29',36,675,133,3),(2443,'0','2016-02-29',36,689,135,3),(2444,'0','2016-02-29',36,689,137,3),(2445,'0','2016-02-29',36,689,138,3),(2446,'0','2016-02-29',36,689,140,3),(2448,'0','2016-02-29',36,703,141,3),(2449,'0','2016-02-29',36,703,142,3),(2450,'0','2016-02-29',36,703,143,3),(2451,'0','2016-02-29',36,703,145,3),(2452,'0','2016-02-29',36,703,146,3),(2453,'5','2016-02-29',36,703,147,3),(2454,'0','2016-02-29',37,549,110,3),(2455,'0','2016-02-29',37,563,111,3),(2456,'0','2016-02-29',37,563,112,3),(2457,'0','2016-02-29',37,563,113,3),(2458,'2','2016-02-29',37,577,114,3),(2459,'0','2016-02-29',37,591,116,3),(2460,'0','2016-02-29',37,591,117,3),(2461,'1.34','2016-02-29',37,605,118,3),(2462,'0','2016-02-29',37,605,119,3),(2463,'0','2016-02-29',37,605,120,3),(2464,'7.28','2016-02-29',37,619,121,3),(2465,'0','2016-02-29',37,633,122,3),(2466,'0','2016-02-29',37,633,123,3),(2467,'4.15','2016-02-29',37,647,124,3),(2468,'16.6','2016-02-29',37,647,125,3),(2469,'0','2016-02-29',37,647,148,3),(2470,'13','2016-02-29',37,661,128,3),(2471,'31','2016-02-29',37,661,129,3),(2472,'8','2016-02-29',37,661,130,3),(2473,'326','2016-02-29',37,661,131,3),(2474,'70','2016-02-29',37,675,132,3),(2475,'0','2016-02-29',37,675,133,3),(2476,'0','2016-02-29',37,689,135,3),(2477,'0','2016-02-29',37,689,137,3),(2478,'0','2016-02-29',37,689,138,3),(2479,'0','2016-02-29',37,689,140,3),(2481,'0','2016-02-29',37,703,141,3),(2482,'0','2016-02-29',37,703,142,3),(2483,'0','2016-02-29',37,703,143,3),(2484,'0','2016-02-29',37,703,145,3),(2485,'0','2016-02-29',37,703,146,3),(2486,'5','2016-02-29',37,703,147,3),(2487,'0','2016-02-29',38,549,110,3),(2488,'0','2016-02-29',38,563,111,3),(2489,'0','2016-02-29',38,563,112,3),(2490,'0','2016-02-29',38,563,113,3),(2491,'2','2016-02-29',38,577,114,3),(2492,'0','2016-02-29',38,591,116,3),(2493,'0','2016-02-29',38,591,117,3),(2494,'1.47','2016-02-29',38,605,118,3),(2495,'0','2016-02-29',38,605,119,3),(2496,'0','2016-02-29',38,605,120,3),(2497,'7.39','2016-02-29',38,619,121,3),(2498,'0','2016-02-29',38,633,122,3),(2499,'0','2016-02-29',38,633,123,3),(2500,'4.15','2016-02-29',38,647,124,3),(2501,'16.6','2016-02-29',38,647,125,3),(2502,'0','2016-02-29',38,647,148,3),(2503,'3','2016-02-29',38,661,128,3),(2504,'16','2016-02-29',38,661,129,3),(2505,'9','2016-02-29',38,661,130,3),(2506,'76','2016-02-29',38,661,131,3),(2507,'90','2016-02-29',38,675,132,3),(2508,'0','2016-02-29',38,675,133,3),(2509,'0','2016-02-29',38,689,135,3),(2510,'0','2016-02-29',38,689,137,3),(2511,'0','2016-02-29',38,689,138,3),(2512,'0','2016-02-29',38,689,140,3),(2514,'0','2016-02-29',38,703,141,3),(2515,'0','2016-02-29',38,703,142,3),(2516,'0','2016-02-29',38,703,143,3),(2517,'0','2016-02-29',38,703,145,3),(2518,'0','2016-02-29',38,703,146,3),(2519,'5','2016-02-29',38,703,147,3),(2520,'0','2016-02-29',39,549,110,3),(2521,'0','2016-02-29',39,563,111,3),(2522,'0','2016-02-29',39,563,112,3),(2523,'0','2016-02-29',39,563,113,3),(2524,'2','2016-02-29',39,577,114,3),(2525,'0','2016-02-29',39,591,116,3),(2526,'0','2016-02-29',39,591,117,3),(2527,'1.36','2016-02-29',39,605,118,3),(2528,'0','2016-02-29',39,605,119,3),(2529,'0','2016-02-29',39,605,120,3),(2530,'0','2016-02-29',39,619,121,3),(2531,'1','2016-02-29',39,633,122,3),(2532,'0','2016-02-29',39,633,123,3),(2533,'4.15','2016-02-29',39,647,124,3),(2534,'16.6','2016-02-29',39,647,125,3),(2535,'0','2016-02-29',39,647,148,3),(2536,'5','2016-02-29',39,661,128,3),(2537,'15','2016-02-29',39,661,129,3),(2538,'12','2016-02-29',39,661,130,3),(2539,'54','2016-02-29',39,661,131,3),(2540,'95','2016-02-29',39,675,132,3),(2541,'0','2016-02-29',39,675,133,3),(2542,'0','2016-02-29',39,689,135,3),(2543,'0','2016-02-29',39,689,137,3),(2544,'0','2016-02-29',39,689,138,3),(2545,'0','2016-02-29',39,689,140,3),(2547,'0','2016-02-29',39,703,141,3),(2548,'0','2016-02-29',39,703,142,3),(2549,'0','2016-02-29',39,703,143,3),(2550,'0','2016-02-29',39,703,145,3),(2551,'0','2016-02-29',39,703,146,3),(2552,'5','2016-02-29',39,703,147,3),(2553,'0','2015-11-30',26,549,110,3),(2554,'0','2015-11-30',26,563,111,3),(2555,'0','2015-11-30',26,563,112,3),(2556,'0','2015-11-30',26,563,113,3),(2557,'2','2015-11-30',26,577,114,3),(2558,'0','2015-11-30',26,591,116,3),(2559,'0','2015-11-30',26,591,117,3),(2560,'1.73','2015-11-30',26,605,118,3),(2561,'0','2015-11-30',26,605,119,3),(2562,'0','2015-11-30',26,605,120,3),(2563,'2.57','2015-11-30',26,619,121,3),(2564,'0','2015-11-30',26,633,122,3),(2565,'0','2015-11-30',26,633,123,3),(2566,'0','2015-11-30',26,647,124,3),(2567,'0','2015-11-30',26,647,125,3),(2568,'0','2015-11-30',26,647,148,3),(2569,'16','2015-11-30',26,661,128,3),(2570,'26.16','2015-11-30',26,661,129,3),(2571,'4','2015-11-30',26,661,130,3),(2572,'82','2015-11-30',26,661,131,3),(2573,'100','2015-11-30',26,675,132,3),(2574,'0','2015-11-30',26,675,133,3),(2575,'0','2015-11-30',26,689,135,3),(2576,'0','2015-11-30',26,689,137,3),(2577,'0','2015-11-30',26,689,138,3),(2578,'0','2015-11-30',26,689,140,3),(2580,'0','2015-11-30',26,703,141,3),(2581,'0','2015-11-30',26,703,142,3),(2582,'0','2015-11-30',26,703,143,3),(2583,'0','2015-11-30',26,703,145,3),(2584,'0','2015-11-30',26,703,146,3),(2585,'4','2015-11-30',26,703,147,3),(2586,'0','2015-11-30',27,549,110,3),(2587,'0','2015-11-30',27,563,111,3),(2588,'0','2015-11-30',27,563,112,3),(2589,'0','2015-11-30',27,563,113,3),(2590,'2','2015-11-30',27,577,114,3),(2591,'0','2015-11-30',27,591,116,3),(2592,'0','2015-11-30',27,591,117,3),(2593,'1.5','2015-11-30',27,605,118,3),(2594,'0','2015-11-30',27,605,119,3),(2595,'0','2015-11-30',27,605,120,3),(2596,'0.73','2015-11-30',27,619,121,3),(2597,'0','2015-11-30',27,633,122,3),(2598,'0','2015-11-30',27,633,123,3),(2599,'0','2015-11-30',27,647,124,3),(2600,'0','2015-11-30',27,647,125,3),(2601,'0','2015-11-30',27,647,148,3),(2602,'3','2015-11-30',27,661,128,3),(2603,'5.87','2015-11-30',27,661,129,3),(2604,'5','2015-11-30',27,661,130,3),(2605,'22','2015-11-30',27,661,131,3),(2606,'100','2015-11-30',27,675,132,3),(2607,'0','2015-11-30',27,675,133,3),(2608,'0','2015-11-30',27,689,135,3),(2609,'0','2015-11-30',27,689,137,3),(2610,'0','2015-11-30',27,689,138,3),(2611,'0','2015-11-30',27,689,140,3),(2613,'0','2015-11-30',27,703,141,3),(2614,'0','2015-11-30',27,703,142,3),(2615,'0','2015-11-30',27,703,143,3),(2616,'0','2015-11-30',27,703,145,3),(2617,'0','2015-11-30',27,703,146,3),(2618,'4','2015-11-30',27,703,147,3),(2619,'0','2015-11-30',28,549,110,3),(2620,'0','2015-11-30',28,563,111,3),(2621,'0','2015-11-30',28,563,112,3),(2622,'0','2015-11-30',28,563,113,3),(2623,'2','2015-11-30',28,577,114,3),(2624,'0','2015-11-30',28,591,116,3),(2625,'0','2015-11-30',28,591,117,3),(2626,'1.5','2015-11-30',28,605,118,3),(2627,'0','2015-11-30',28,605,119,3),(2628,'0','2015-11-30',28,605,120,3),(2629,'1.09','2015-11-30',28,619,121,3),(2630,'0','2015-11-30',28,633,122,3),(2631,'0','2015-11-30',28,633,123,3),(2632,'0','2015-11-30',28,647,124,3),(2633,'0','2015-11-30',28,647,125,3),(2634,'0','2015-11-30',28,647,148,3),(2635,'2','2015-11-30',28,661,128,3),(2636,'17.12','2015-11-30',28,661,129,3),(2637,'2','2015-11-30',28,661,130,3),(2638,'17','2015-11-30',28,661,131,3),(2639,'92','2015-11-30',28,675,132,3),(2640,'0','2015-11-30',28,675,133,3),(2641,'0','2015-11-30',28,689,135,3),(2642,'0','2015-11-30',28,689,137,3),(2643,'0','2015-11-30',28,689,138,3),(2644,'0','2015-11-30',28,689,140,3),(2646,'0','2015-11-30',28,703,141,3),(2647,'0','2015-11-30',28,703,142,3),(2648,'0','2015-11-30',28,703,143,3),(2649,'0','2015-11-30',28,703,145,3),(2650,'0','2015-11-30',28,703,146,3),(2651,'4','2015-11-30',28,703,147,3),(2652,'0','2015-11-30',29,549,110,3),(2653,'0','2015-11-30',29,563,111,3),(2654,'0','2015-11-30',29,563,112,3),(2655,'0','2015-11-30',29,563,113,3),(2656,'2','2015-11-30',29,577,114,3),(2657,'0','2015-11-30',29,591,116,3),(2658,'0','2015-11-30',29,591,117,3),(2659,'1.40','2015-11-30',29,605,118,3),(2660,'0','2015-11-30',29,605,119,3),(2661,'0','2015-11-30',29,605,120,3),(2662,'0.1','2015-11-30',29,619,121,3),(2663,'0','2015-11-30',29,633,122,3),(2664,'0','2015-11-30',29,633,123,3),(2665,'0','2015-11-30',29,647,124,3),(2666,'0','2015-11-30',29,647,125,3),(2667,'0','2015-11-30',29,647,148,3),(2668,'4','2015-11-30',29,661,128,3),(2669,'39.21','2015-11-30',29,661,129,3),(2670,'7','2015-11-30',29,661,130,3),(2671,'41','2015-11-30',29,661,131,3),(2672,'80','2015-11-30',29,675,132,3),(2673,'0','2015-11-30',29,675,133,3),(2674,'0','2015-11-30',29,689,135,3),(2675,'0','2015-11-30',29,689,137,3),(2676,'0','2015-11-30',29,689,138,3),(2677,'0','2015-11-30',29,689,140,3),(2679,'0','2015-11-30',29,703,141,3),(2680,'0','2015-11-30',29,703,142,3),(2681,'0','2015-11-30',29,703,143,3),(2682,'0','2015-11-30',29,703,145,3),(2683,'0','2015-11-30',29,703,146,3),(2684,'5','2015-11-30',29,703,147,3),(2685,'0','2015-11-30',30,549,110,3),(2686,'0','2015-11-30',30,563,111,3),(2687,'0','2015-11-30',30,563,112,3),(2688,'0','2015-11-30',30,563,113,3),(2689,'2','2015-11-30',30,577,114,3),(2690,'0','2015-11-30',30,591,116,3),(2691,'0','2015-11-30',30,591,117,3),(2692,'0','2015-11-30',30,605,118,3),(2693,'0','2015-11-30',30,605,119,3),(2694,'0','2015-11-30',30,605,120,3),(2695,'0','2015-11-30',30,619,121,3),(2696,'0','2015-11-30',30,633,122,3),(2697,'0','2015-11-30',30,633,123,3),(2698,'0','2015-11-30',30,647,124,3),(2699,'0','2015-11-30',30,647,125,3),(2700,'0','2015-11-30',30,647,148,3),(2701,'3','2015-11-30',30,661,128,3),(2702,'26.16','2015-11-30',30,661,129,3),(2703,'2','2015-11-30',30,661,130,3),(2704,'63','2015-11-30',30,661,131,3),(2705,'0','2015-11-30',30,675,132,3),(2706,'0','2015-11-30',30,675,133,3),(2707,'0','2015-11-30',30,689,135,3),(2708,'0','2015-11-30',30,689,137,3),(2709,'0','2015-11-30',30,689,138,3),(2710,'0','2015-11-30',30,689,140,3),(2712,'0','2015-11-30',30,703,141,3),(2713,'0','2015-11-30',30,703,142,3),(2714,'0','2015-11-30',30,703,143,3),(2715,'0','2015-11-30',30,703,145,3),(2716,'0','2015-11-30',30,703,146,3),(2717,'5','2015-11-30',30,703,147,3),(2718,'0','2015-11-30',33,549,110,3),(2719,'0','2015-11-30',33,563,111,3),(2720,'0','2015-11-30',33,563,112,3),(2721,'0','2015-11-30',33,563,113,3),(2722,'2','2015-11-30',33,577,114,3),(2723,'0','2015-11-30',33,591,116,3),(2724,'0','2015-11-30',33,591,117,3),(2725,'1.45','2015-11-30',33,605,118,3),(2726,'0','2015-11-30',33,605,119,3),(2727,'0','2015-11-30',33,605,120,3),(2728,'3.15','2015-11-30',33,619,121,3),(2729,'0','2015-11-30',33,633,122,3),(2730,'0','2015-11-30',33,633,123,3),(2731,'0','2015-11-30',33,647,124,3),(2732,'0','2015-11-30',33,647,125,3),(2733,'0','2015-11-30',33,647,148,3),(2734,'1','2015-11-30',33,661,128,3),(2735,'16.70','2015-11-30',33,661,129,3),(2736,'4','2015-11-30',33,661,130,3),(2737,'20','2015-11-30',33,661,131,3),(2738,'57','2015-11-30',33,675,132,3),(2739,'0','2015-11-30',33,675,133,3),(2740,'0','2015-11-30',33,689,135,3),(2741,'0','2015-11-30',33,689,137,3),(2742,'0','2015-11-30',33,689,138,3),(2743,'0','2015-11-30',33,689,140,3),(2745,'0','2015-11-30',33,703,141,3),(2746,'0','2015-11-30',33,703,142,3),(2747,'0','2015-11-30',33,703,143,3),(2748,'0','2015-11-30',33,703,145,3),(2749,'0','2015-11-30',33,703,146,3),(2750,'5','2015-11-30',33,703,147,3),(2751,'0','2015-11-30',34,549,110,3),(2752,'0','2015-11-30',34,563,111,3),(2753,'0','2015-11-30',34,563,112,3),(2754,'0','2015-11-30',34,563,113,3),(2755,'2','2015-11-30',34,577,114,3),(2756,'0','2015-11-30',34,591,116,3),(2757,'0','2015-11-30',34,591,117,3),(2758,'1.58','2015-11-30',34,605,118,3),(2759,'0','2015-11-30',34,605,119,3),(2760,'0','2015-11-30',34,605,120,3),(2761,'1.12','2015-11-30',34,619,121,3),(2762,'0','2015-11-30',34,633,122,3),(2763,'0','2015-11-30',34,633,123,3),(2764,'0','2015-11-30',34,647,124,3),(2765,'0','2015-11-30',34,647,125,3),(2766,'0','2015-11-30',34,647,148,3),(2767,'0','2015-11-30',34,661,128,3),(2768,'21.75','2015-11-30',34,661,129,3),(2769,'7','2015-11-30',34,661,130,3),(2770,'24','2015-11-30',34,661,131,3),(2771,'100','2015-11-30',34,675,132,3),(2772,'0','2015-11-30',34,675,133,3),(2773,'0','2015-11-30',34,689,135,3),(2774,'0','2015-11-30',34,689,137,3),(2775,'0','2015-11-30',34,689,138,3),(2776,'0','2015-11-30',34,689,140,3),(2778,'0','2015-11-30',34,703,141,3),(2779,'0','2015-11-30',34,703,142,3),(2780,'0','2015-11-30',34,703,143,3),(2781,'0','2015-11-30',34,703,145,3),(2782,'0','2015-11-30',34,703,146,3),(2783,'5','2015-11-30',34,703,147,3),(2784,'0','2015-11-30',35,549,110,3),(2785,'0','2015-11-30',35,563,111,3),(2786,'0','2015-11-30',35,563,112,3),(2787,'0','2015-11-30',35,563,113,3),(2788,'2','2015-11-30',35,577,114,3),(2789,'0','2015-11-30',35,591,116,3),(2790,'0','2015-11-30',35,591,117,3),(2791,'1.44','2015-11-30',35,605,118,3),(2792,'0','2015-11-30',35,605,119,3),(2793,'0','2015-11-30',35,605,120,3),(2794,'0.77','2015-11-30',35,619,121,3),(2795,'0','2015-11-30',35,633,122,3),(2796,'0','2015-11-30',35,633,123,3),(2797,'0','2015-11-30',35,647,124,3),(2798,'0','2015-11-30',35,647,125,3),(2799,'0','2015-11-30',35,647,148,3),(2800,'3','2015-11-30',35,661,128,3),(2801,'0.64','2015-11-30',35,661,129,3),(2802,'4','2015-11-30',35,661,130,3),(2803,'18','2015-11-30',35,661,131,3),(2804,'100','2015-11-30',35,675,132,3),(2805,'0','2015-11-30',35,675,133,3),(2806,'0','2015-11-30',35,689,135,3),(2807,'0','2015-11-30',35,689,137,3),(2808,'0','2015-11-30',35,689,138,3),(2809,'0','2015-11-30',35,689,140,3),(2811,'0','2015-11-30',35,703,141,3),(2812,'0','2015-11-30',35,703,142,3),(2813,'0','2015-11-30',35,703,143,3),(2814,'0','2015-11-30',35,703,145,3),(2815,'0','2015-11-30',35,703,146,3),(2816,'5','2015-11-30',35,703,147,3),(2817,'0','2015-11-30',36,549,110,3),(2818,'0','2015-11-30',36,563,111,3),(2819,'0','2015-11-30',36,563,112,3),(2820,'0','2015-11-30',36,563,113,3),(2821,'2','2015-11-30',36,577,114,3),(2822,'0','2015-11-30',36,591,116,3),(2823,'0','2015-11-30',36,591,117,3),(2824,'1.25','2015-11-30',36,605,118,3),(2825,'0','2015-11-30',36,605,119,3),(2826,'0','2015-11-30',36,605,120,3),(2827,'3.0','2015-11-30',36,619,121,3),(2828,'0','2015-11-30',36,633,122,3),(2829,'0','2015-11-30',36,633,123,3),(2830,'0','2015-11-30',36,647,124,3),(2831,'0','2015-11-30',36,647,125,3),(2832,'0','2015-11-30',36,647,148,3),(2833,'2','2015-11-30',36,661,128,3),(2834,'19.74','2015-11-30',36,661,129,3),(2835,'3','2015-11-30',36,661,130,3),(2836,'77','2015-11-30',36,661,131,3),(2837,'88','2015-11-30',36,675,132,3),(2838,'0','2015-11-30',36,675,133,3),(2839,'0','2015-11-30',36,689,135,3),(2840,'0','2015-11-30',36,689,137,3),(2841,'0','2015-11-30',36,689,138,3),(2842,'0','2015-11-30',36,689,140,3),(2844,'0','2015-11-30',36,703,141,3),(2845,'0','2015-11-30',36,703,142,3),(2846,'0','2015-11-30',36,703,143,3),(2847,'0','2015-11-30',36,703,145,3),(2848,'0','2015-11-30',36,703,146,3),(2849,'4','2015-11-30',36,703,147,3),(2850,'0','2015-11-30',37,549,110,3),(2851,'0','2015-11-30',37,563,111,3),(2852,'0','2015-11-30',37,563,112,3),(2853,'0','2015-11-30',37,563,113,3),(2854,'2','2015-11-30',37,577,114,3),(2855,'0','2015-11-30',37,591,116,3),(2856,'0','2015-11-30',37,591,117,3),(2857,'1.34','2015-11-30',37,605,118,3),(2858,'0','2015-11-30',37,605,119,3),(2859,'0','2015-11-30',37,605,120,3),(2860,'0.34','2015-11-30',37,619,121,3),(2861,'0','2015-11-30',37,633,122,3),(2862,'0','2015-11-30',37,633,123,3),(2863,'0','2015-11-30',37,647,124,3),(2864,'0','2015-11-30',37,647,125,3),(2865,'0','2015-11-30',37,647,148,3),(2866,'0','2015-11-30',37,661,128,3),(2867,'32.47','2015-11-30',37,661,129,3),(2868,'1','2015-11-30',37,661,130,3),(2869,'88','2015-11-30',37,661,131,3),(2870,'90','2015-11-30',37,675,132,3),(2871,'0','2015-11-30',37,675,133,3),(2872,'0','2015-11-30',37,689,135,3),(2873,'0','2015-11-30',37,689,137,3),(2874,'0','2015-11-30',37,689,138,3),(2875,'0','2015-11-30',37,689,140,3),(2877,'0','2015-11-30',37,703,141,3),(2878,'0','2015-11-30',37,703,142,3),(2879,'0','2015-11-30',37,703,143,3),(2880,'0','2015-11-30',37,703,145,3),(2881,'0','2015-11-30',37,703,146,3),(2882,'5','2015-11-30',37,703,147,3),(2883,'0','2015-11-30',38,549,110,3),(2884,'0','2015-11-30',38,563,111,3),(2885,'0','2015-11-30',38,563,112,3),(2886,'0','2015-11-30',38,563,113,3),(2887,'2','2015-11-30',38,577,114,3),(2888,'0','2015-11-30',38,591,116,3),(2889,'0','2015-11-30',38,591,117,3),(2890,'1.47','2015-11-30',38,605,118,3),(2891,'0','2015-11-30',38,605,119,3),(2892,'0','2015-11-30',38,605,120,3),(2893,'3.39','2015-11-30',38,619,121,3),(2894,'3.13','2015-11-30',38,633,122,3),(2895,'0','2015-11-30',38,633,123,3),(2896,'0','2015-11-30',38,647,124,3),(2897,'0','2015-11-30',38,647,125,3),(2898,'0','2015-11-30',38,647,148,3),(2899,'13','2015-11-30',38,661,128,3),(2900,'46.95','2015-11-30',38,661,129,3),(2901,'4','2015-11-30',38,661,130,3),(2902,'22','2015-11-30',38,661,131,3),(2903,'0','2015-11-30',38,675,132,3),(2904,'0','2015-11-30',38,675,133,3),(2905,'0','2015-11-30',38,689,135,3),(2906,'0','2015-11-30',38,689,137,3),(2907,'0','2015-11-30',38,689,138,3),(2908,'0','2015-11-30',38,689,140,3),(2910,'0','2015-11-30',38,703,141,3),(2911,'0','2015-11-30',38,703,142,3),(2912,'0','2015-11-30',38,703,143,3),(2913,'0','2015-11-30',38,703,145,3),(2914,'0','2015-11-30',38,703,146,3),(2915,'5','2015-11-30',38,703,147,3),(2916,'0','2015-11-30',39,549,110,3),(2917,'0','2015-11-30',39,563,111,3),(2918,'0','2015-11-30',39,563,112,3),(2919,'0','2015-11-30',39,563,113,3),(2920,'2','2015-11-30',39,577,114,3),(2921,'0','2015-11-30',39,591,116,3),(2922,'0','2015-11-30',39,591,117,3),(2923,'1.30','2015-11-30',39,605,118,3),(2924,'0','2015-11-30',39,605,119,3),(2925,'0','2015-11-30',39,605,120,3),(2926,'0','2015-11-30',39,619,121,3),(2927,'0','2015-11-30',39,633,122,3),(2928,'0','2015-11-30',39,633,123,3),(2929,'0','2015-11-30',39,647,124,3),(2930,'0','2015-11-30',39,647,125,3),(2931,'0','2015-11-30',39,647,148,3),(2932,'5','2015-11-30',39,661,128,3),(2933,'16.58','2015-11-30',39,661,129,3),(2934,'10','2015-11-30',39,661,130,3),(2935,'30','2015-11-30',39,661,131,3),(2936,'100','2015-11-30',39,675,132,3),(2937,'0','2015-11-30',39,675,133,3),(2938,'0','2015-11-30',39,689,135,3),(2939,'0','2015-11-30',39,689,137,3),(2940,'0','2015-11-30',39,689,138,3),(2941,'0','2015-11-30',39,689,140,3),(2943,'0','2015-11-30',39,703,141,3),(2944,'0','2015-11-30',39,703,142,3),(2945,'0','2015-11-30',39,703,143,3),(2946,'0','2015-11-30',39,703,145,3),(2947,'0','2015-11-30',39,703,146,3),(2948,'5','2015-11-30',39,703,147,3),(2949,'0','2015-11-30',32,549,110,3),(2950,'0','2015-11-30',32,563,111,3),(2951,'0','2015-11-30',32,563,112,3),(2952,'0','2015-11-30',32,563,113,3),(2953,'2','2015-11-30',32,577,114,3),(2954,'0','2015-11-30',32,591,116,3),(2955,'0','2015-11-30',32,591,117,3),(2956,'1.48','2015-11-30',32,605,118,3),(2957,'0','2015-11-30',32,605,119,3),(2958,'0','2015-11-30',32,605,120,3),(2959,'2.30','2015-11-30',32,619,121,3),(2960,'0','2015-11-30',32,633,122,3),(2961,'0','2015-11-30',32,633,123,3),(2962,'0','2015-11-30',32,647,124,3),(2963,'0','2015-11-30',32,647,125,3),(2964,'0','2015-11-30',32,647,148,3),(2965,'5','2015-11-30',32,661,128,3),(2966,'21.71','2015-11-30',32,661,129,3),(2967,'0','2015-11-30',32,661,130,3),(2968,'47','2015-11-30',32,661,131,3),(2969,'100','2015-11-30',32,675,132,3),(2970,'0','2015-11-30',32,675,133,3),(2971,'0','2015-11-30',32,689,135,3),(2972,'0','2015-11-30',32,689,137,3),(2973,'0','2015-11-30',32,689,138,3),(2974,'0','2015-11-30',32,689,140,3),(2976,'0','2015-11-30',32,703,141,3),(2977,'0','2015-11-30',32,703,142,3),(2978,'0','2015-11-30',32,703,143,3),(2979,'0','2015-11-30',32,703,145,3),(2980,'0','2015-11-30',32,703,146,3),(2981,'5','2015-11-30',32,703,147,3),(2982,'0','2015-11-30',31,549,110,3),(2983,'0','2015-11-30',31,563,111,3),(2984,'0','2015-11-30',31,563,112,3),(2985,'0','2015-11-30',31,563,113,3),(2986,'2','2015-11-30',31,577,114,3),(2987,'0','2015-11-30',31,591,116,3),(2988,'0','2015-11-30',31,591,117,3),(2989,'1.15','2015-11-30',31,605,118,3),(2990,'0','2015-11-30',31,605,119,3),(2991,'0','2015-11-30',31,605,120,3),(2992,'0.13','2015-11-30',31,619,121,3),(2993,'0','2015-11-30',31,633,122,3),(2994,'0','2015-11-30',31,633,123,3),(2995,'0','2015-11-30',31,647,124,3),(2996,'0','2015-11-30',31,647,125,3),(2997,'0','2015-11-30',31,647,148,3),(2998,'3','2015-11-30',31,661,128,3),(2999,'16.32','2015-11-30',31,661,129,3),(3000,'1','2015-11-30',31,661,130,3),(3001,'77','2015-11-30',31,661,131,3),(3002,'0','2015-11-30',31,675,132,3),(3003,'0','2015-11-30',31,675,133,3),(3004,'0','2015-11-30',31,689,135,3),(3005,'0','2015-11-30',31,689,137,3),(3006,'0','2015-11-30',31,689,138,3),(3007,'0','2015-11-30',31,689,140,3),(3009,'0','2015-11-30',31,703,141,3),(3010,'0','2015-11-30',31,703,142,3),(3011,'0','2015-11-30',31,703,143,3),(3012,'0','2015-11-30',31,703,145,3),(3013,'0','2015-11-30',31,703,146,3),(3014,'4','2015-11-30',31,703,147,3),(3015,'2','2016-04-30',28,549,110,1),(3016,'2','2016-04-30',28,563,111,1),(3017,'1','2016-04-30',28,563,112,1),(3018,'1','2016-04-30',28,563,113,1),(3019,'1','2016-04-30',28,577,114,1),(3020,'1','2016-04-30',28,591,116,1),(3021,'1','2016-04-30',28,591,117,1),(3022,'1','2016-04-30',28,605,118,1),(3023,'1','2016-04-30',28,605,119,1),(3024,'1','2016-04-30',28,605,120,1),(3025,'1','2016-04-30',28,619,121,1),(3026,'1','2016-04-30',28,633,122,1),(3027,'1','2016-04-30',28,633,123,1),(3028,'1','2016-04-30',28,647,124,1),(3029,'1','2016-04-30',28,647,125,1),(3030,'1','2016-04-30',28,647,148,1),(3031,'1','2016-04-30',28,661,128,1),(3032,'1','2016-04-30',28,661,129,1),(3033,'1','2016-04-30',28,661,130,1),(3034,'1','2016-04-30',28,661,131,1),(3035,'1','2016-04-30',28,675,132,1),(3036,'1','2016-04-30',28,675,133,1),(3037,'1','2016-04-30',28,689,135,1),(3038,'1','2016-04-30',28,689,137,1),(3039,'1','2016-04-30',28,689,138,1),(3040,'1','2016-04-30',28,689,140,1),(3041,'1','2016-04-30',28,703,141,1),(3042,'1','2016-04-30',28,703,142,1),(3043,'1','2016-04-30',28,703,143,1),(3044,'1','2016-04-30',28,703,145,1),(3045,'1','2016-04-30',28,703,146,1),(3046,'1','2016-04-30',28,703,147,1),(3048,'0','2016-05-31',26,549,110,3),(3049,'0','2016-05-31',26,563,111,3),(3050,'0','2016-05-31',26,563,112,3),(3051,'0','2016-05-31',26,563,113,3),(3052,'2','2016-05-31',26,577,114,3),(3053,'0','2016-05-31',26,591,116,3),(3054,'0','2016-05-31',26,591,117,3),(3055,'1.73','2016-05-31',26,605,118,3),(3056,'1','2016-05-31',26,605,119,3),(3057,'0','2016-05-31',26,605,120,3),(3058,'17.36','2016-05-31',26,619,121,3),(3059,'3','2016-05-31',26,633,122,3),(3060,'0','2016-05-31',26,633,123,3),(3061,'0.45','2016-05-31',26,647,124,3),(3062,'2.25','2016-05-31',26,647,125,3),(3063,'13','2016-05-31',26,647,148,3),(3064,'65.5','2016-05-31',26,661,128,3),(3065,'5.0','2016-05-31',26,661,129,3),(3066,'99.0','2016-05-31',26,661,130,3),(3067,'90','2016-05-31',26,661,131,3),(3068,'0','2016-05-31',26,675,132,3),(3069,'0','2016-05-31',26,675,133,3),(3070,'0','2016-05-31',26,689,135,3),(3071,'0','2016-05-31',26,689,137,3),(3072,'0','2016-05-31',26,689,138,3),(3073,'0','2016-05-31',26,689,140,3),(3074,'0','2016-05-31',26,703,141,3),(3075,'1','2016-05-31',26,703,142,3),(3076,'0','2016-05-31',26,703,143,3),(3077,'0','2016-05-31',26,703,145,3),(3078,'4','2016-05-31',26,703,146,3),(3079,'0','2016-05-31',26,703,147,3),(3081,'0','2016-04-30',27,549,110,1),(3082,'0','2016-04-30',27,563,111,1),(3083,'0','2016-04-30',27,563,112,1),(3084,'2','2016-04-30',27,563,113,1),(3085,'0','2016-04-30',27,577,114,1),(3086,'0','2016-04-30',27,591,116,1),(3087,'1.73','2016-04-30',27,591,117,1),(3088,'1','2016-04-30',27,605,118,1),(3089,'0','2016-04-30',27,605,119,1),(3090,'17.3','2016-04-30',27,605,120,1),(3091,'1','2016-04-30',27,619,121,1),(3092,'0','2016-04-30',27,633,122,1),(3093,'1.73','2016-04-30',27,633,123,1),(3094,'3','2016-04-30',27,647,124,1),(3095,'0','2016-04-30',27,647,125,1),(3096,'0','2016-04-30',27,647,148,1),(3097,'0.45','2016-04-30',27,661,128,1),(3098,'2.25','2016-04-30',27,661,129,1),(3099,'9','2016-04-30',27,661,130,1),(3100,'47','2016-04-30',27,661,131,1),(3101,'3','2016-04-30',27,675,132,1),(3102,'29','2016-04-30',27,675,133,1),(3103,'90','2016-04-30',27,689,135,1),(3104,'0','2016-04-30',27,689,137,1),(3105,'0','2016-04-30',27,689,138,1),(3106,'0','2016-04-30',27,689,140,1),(3107,'0','2016-04-30',27,703,141,1),(3108,'0','2016-04-30',27,703,142,1),(3109,'0','2016-04-30',27,703,143,1),(3110,'0','2016-04-30',27,703,145,1),(3111,'0','2016-04-30',27,703,146,1),(3112,'0','2016-04-30',27,703,147,1),(3114,'0','2016-05-31',26,549,110,1),(3115,'0','2016-05-31',26,563,111,1),(3116,'0','2016-05-31',26,563,112,1),(3117,'2','2016-05-31',26,563,113,1),(3118,'0','2016-05-31',26,577,114,1),(3119,'0','2016-05-31',26,591,116,1),(3120,'1.73','2016-05-31',26,591,117,1),(3121,'1','2016-05-31',26,605,118,1),(3122,'0','2016-05-31',26,605,119,1),(3123,'17.3','2016-05-31',26,605,120,1),(3124,'1','2016-05-31',26,619,121,1),(3125,'0','2016-05-31',26,633,122,1),(3126,'1.73','2016-05-31',26,633,123,1),(3127,'1','2016-05-31',26,647,124,1),(3128,'0','2016-05-31',26,647,125,1),(3129,'1.73','2016-05-31',26,647,148,1),(3130,'3','2016-05-31',26,661,128,1),(3131,'0','2016-05-31',26,661,129,1),(3132,'0.45','2016-05-31',26,661,130,1),(3133,'2.25','2016-05-31',26,661,131,1),(3134,'9','2016-05-31',26,675,132,1),(3135,'47','2016-05-31',26,675,133,1),(3136,'3','2016-05-31',26,689,135,1),(3137,'29','2016-05-31',26,689,137,1),(3138,'90','2016-05-31',26,689,138,1),(3139,'0','2016-05-31',26,689,140,1),(3140,'0','2016-05-31',26,703,141,1),(3141,'0','2016-05-31',26,703,142,1),(3142,'0','2016-05-31',26,703,143,1),(3143,'0','2016-05-31',26,703,145,1),(3144,'0','2016-05-31',26,703,146,1),(3145,'0','2016-05-31',26,703,147,1),(3147,'0','2016-05-31',27,549,110,3),(3148,'0','2016-05-31',27,563,111,3),(3149,'0','2016-05-31',27,563,112,3),(3150,'2','2016-05-31',27,563,113,3),(3151,'0','2016-05-31',27,577,114,3),(3152,'0','2016-05-31',27,591,116,3),(3153,'1.73','2016-05-31',27,591,117,3),(3154,'10','2016-05-31',27,605,118,3),(3155,'17.3','2016-05-31',27,605,119,3),(3156,'1','2016-05-31',27,605,120,3),(3157,'0','2016-05-31',27,619,121,3),(3158,'1.73','2016-05-31',27,633,122,3),(3159,'3','2016-05-31',27,633,123,3),(3160,'0','2016-05-31',27,647,124,3),(3161,'0.45','2016-05-31',27,647,125,3),(3162,'2.25','2016-05-31',27,647,148,3),(3163,'9','2016-05-31',27,661,128,3),(3164,'47','2016-05-31',27,661,129,3),(3165,'3','2016-05-31',27,661,130,3),(3166,'29','2016-05-31',27,661,131,3),(3167,'90','2016-05-31',27,675,132,3),(3168,'0','2016-05-31',27,675,133,3),(3169,'0','2016-05-31',27,689,135,3),(3170,'0','2016-05-31',27,689,137,3),(3171,'0','2016-05-31',27,689,138,3),(3172,'0','2016-05-31',27,689,140,3),(3173,'0','2016-05-31',27,703,141,3),(3174,'0','2016-05-31',27,703,142,3),(3175,'0','2016-05-31',27,703,143,3),(3176,'0','2016-05-31',27,703,145,3),(3177,'0','2016-05-31',27,703,146,3),(3178,'0','2016-05-31',27,703,147,3),(3180,'0','2016-04-30',26,549,110,2),(3181,'0','2016-04-30',26,563,111,1),(3182,'0','2016-04-30',26,563,112,1),(3183,'2','2016-04-30',26,563,113,1),(3184,'2','2016-04-30',26,577,114,1),(3185,'2','2016-04-30',26,591,116,1),(3186,'2','2016-04-30',26,591,117,1),(3187,'2','2016-04-30',26,605,118,1),(3188,'2','2016-04-30',26,605,119,1),(3189,'2','2016-04-30',26,605,120,1),(3190,'2','2016-04-30',26,619,121,1),(3191,'2','2016-04-30',26,633,122,1),(3192,'0','2016-04-30',26,633,123,1),(3193,'2','2016-04-30',26,647,124,1),(3194,'2','2016-04-30',26,647,125,1),(3195,'2','2016-04-30',26,647,148,1),(3196,'2','2016-04-30',26,661,128,1),(3197,'0','2016-04-30',26,661,129,1),(3198,'2','2016-04-30',26,661,130,1),(3199,'2','2016-04-30',26,661,131,1),(3200,'0','2016-04-30',26,675,132,1),(3201,'2','2016-04-30',26,675,133,1),(3202,'2','2016-04-30',26,689,135,1),(3203,'2','2016-04-30',26,689,137,1),(3204,'0','2016-04-30',26,689,138,1),(3205,'2','2016-04-30',26,689,140,1),(3206,'2','2016-04-30',26,703,141,1),(3207,'2','2016-04-30',26,703,142,1),(3208,'2','2016-04-30',26,703,143,1),(3209,'0','2016-04-30',26,703,145,1),(3210,'2','2016-04-30',26,703,146,1),(3211,'2','2016-04-30',26,703,147,1),(3212,'0','2016-07-31',26,549,110,1),(3213,'0','2016-07-31',26,563,111,1),(3214,'0','2016-07-31',26,563,112,1),(3215,'0','2016-07-31',26,563,113,1),(3216,'0','2016-07-31',26,577,114,1),(3217,'0','2016-07-31',26,591,116,1),(3218,'0','2016-07-31',26,591,117,1),(3219,'0','2016-07-31',26,605,118,1),(3220,'2','2016-07-31',26,605,119,1),(3221,'0','2016-07-31',26,605,120,1),(3222,'0','2016-07-31',26,619,121,1),(3223,'2','2016-07-31',26,633,122,1),(3224,'2','2016-07-31',26,633,123,1),(3225,'0','2016-07-31',26,647,124,1),(3226,'0','2016-07-31',26,647,125,1),(3227,'0','2016-07-31',26,647,148,1),(3228,'2','2016-07-31',26,661,128,1),(3229,'2','2016-07-31',26,661,129,1),(3230,'2','2016-07-31',26,661,130,1),(3231,'2','2016-07-31',26,661,131,1),(3232,'2','2016-07-31',26,675,132,1),(3233,'2','2016-07-31',26,675,133,1),(3234,'2','2016-07-31',26,689,135,1),(3235,'2','2016-07-31',26,689,137,1),(3236,'2','2016-07-31',26,689,138,1),(3237,'2','2016-07-31',26,689,140,1),(3238,'2','2016-07-31',26,703,141,1),(3239,'2','2016-07-31',26,703,142,1),(3240,'2','2016-07-31',26,703,143,1),(3241,'2','2016-07-31',26,703,145,1),(3242,'2','2016-07-31',26,703,146,1),(3243,'2','2016-07-31',26,703,147,1),(3244,'0','2016-07-31',27,549,110,1),(3245,'2','2016-07-31',27,563,111,1),(3246,'0','2016-07-31',27,563,112,1),(3247,'2','2016-07-31',27,563,113,1),(3248,'2','2016-07-31',27,577,114,1),(3249,'2','2016-07-31',27,591,116,1),(3250,'0','2016-07-31',27,591,117,1),(3251,'2','2016-07-31',27,605,118,1),(3252,'0','2016-07-31',27,605,119,1),(3253,'2','2016-07-31',27,605,120,1),(3254,'2','2016-07-31',27,619,121,1),(3255,'2','2016-07-31',27,633,122,1),(3256,'2','2016-07-31',27,633,123,1),(3257,'0','2016-07-31',27,647,124,1),(3258,'2','2016-07-31',27,647,125,1),(3259,'0','2016-07-31',27,647,148,1),(3260,'2','2016-07-31',27,661,128,1),(3261,'2','2016-07-31',27,661,129,1),(3262,'2','2016-07-31',27,661,130,1),(3263,'2','2016-07-31',27,661,131,1),(3264,'0','2016-07-31',27,675,132,1),(3265,'2','2016-07-31',27,675,133,1),(3266,'2','2016-07-31',27,689,135,1),(3267,'2','2016-07-31',27,689,137,1),(3268,'2','2016-07-31',27,689,138,1),(3269,'2','2016-07-31',27,689,140,1),(3270,'2','2016-07-31',27,703,141,1),(3271,'2','2016-07-31',27,703,142,1),(3272,'2','2016-07-31',27,703,143,1),(3273,'2','2016-07-31',27,703,145,1),(3274,'0','2016-07-31',27,703,146,1),(3275,'0','2016-07-31',27,703,147,1),(3276,'2','2016-05-31',28,549,110,3),(3277,'0','2016-05-31',28,563,111,3),(3278,'1','2016-05-31',28,563,112,3),(3279,'3','2016-05-31',28,563,113,3),(3280,'4','2016-05-31',28,577,114,3),(3281,'1.5','2016-05-31',28,591,116,3),(3282,'1.4','2016-05-31',28,591,117,3),(3283,'0','2016-05-31',28,605,118,3),(3284,'0','2016-05-31',28,605,119,3),(3285,'0','2016-05-31',28,605,120,3),(3286,'0','2016-05-31',28,619,121,3),(3287,'0','2016-05-31',28,633,122,3),(3288,'0','2016-05-31',28,633,123,3),(3289,'0','2016-05-31',28,647,124,3),(3290,'0','2016-05-31',28,647,125,3),(3291,'0','2016-05-31',28,647,148,3),(3292,'0','2016-05-31',28,661,128,3),(3293,'0','2016-05-31',28,661,129,3),(3294,'0','2016-05-31',28,661,130,3),(3295,'0','2016-05-31',28,661,131,3),(3296,'0','2016-05-31',28,675,132,3),(3297,'0','2016-05-31',28,675,133,3),(3298,'0','2016-05-31',28,689,135,3),(3299,'0','2016-05-31',28,689,137,3),(3300,'0','2016-05-31',28,689,138,3),(3301,'0','2016-05-31',28,689,140,3),(3302,'0','2016-05-31',28,703,141,3),(3303,'0','2016-05-31',28,703,142,3),(3304,'0','2016-05-31',28,703,143,3),(3305,'0','2016-05-31',28,703,145,3),(3306,'0','2016-05-31',28,703,146,3),(3307,'0','2016-05-31',28,703,147,3),(3308,'1','2016-05-31',29,549,110,3),(3309,'2','2016-05-31',29,563,111,3),(3310,'1','2016-05-31',29,563,112,3),(3311,'1','2016-05-31',29,563,113,3),(3312,'1','2016-05-31',29,577,114,3),(3313,'1','2016-05-31',29,591,116,3),(3314,'1','2016-05-31',29,591,117,3),(3315,'1','2016-05-31',29,605,118,3),(3316,'1','2016-05-31',29,605,119,3),(3317,'1','2016-05-31',29,605,120,3),(3318,'1','2016-05-31',29,619,121,3),(3319,'1','2016-05-31',29,633,122,3),(3320,'11','2016-05-31',29,633,123,3),(3321,'1','2016-05-31',29,647,124,3),(3322,'1','2016-05-31',29,647,125,3),(3323,'11','2016-05-31',29,647,148,3),(3324,'1','2016-05-31',29,661,128,3),(3325,'1','2016-05-31',29,661,129,3),(3326,'1','2016-05-31',29,661,130,3),(3327,'1','2016-05-31',29,661,131,3),(3328,'1','2016-05-31',29,675,132,3),(3329,'1','2016-05-31',29,675,133,3),(3330,'1','2016-05-31',29,689,135,3),(3331,'1','2016-05-31',29,689,137,3),(3332,'1','2016-05-31',29,689,138,3),(3333,'1','2016-05-31',29,689,140,3),(3334,'1','2016-05-31',29,703,141,3),(3335,'1','2016-05-31',29,703,142,3),(3336,'1','2016-05-31',29,703,143,3),(3337,'1','2016-05-31',29,703,145,3),(3338,'1','2016-05-31',29,703,146,3),(3339,'1','2016-05-31',29,703,147,3),(3340,'1','2016-05-31',30,549,110,3),(3341,'1','2016-05-31',30,563,111,3),(3342,'1','2016-05-31',30,563,112,3),(3343,'1','2016-05-31',30,563,113,3),(3344,'1','2016-05-31',30,577,114,3),(3345,'1','2016-05-31',30,591,116,3),(3346,'1','2016-05-31',30,591,117,3),(3347,'1','2016-05-31',30,605,118,3),(3348,'1','2016-05-31',30,605,119,3),(3349,'1','2016-05-31',30,605,120,3),(3350,'1','2016-05-31',30,619,121,3),(3351,'1','2016-05-31',30,633,122,3),(3352,'1','2016-05-31',30,633,123,3),(3353,'1','2016-05-31',30,647,124,3),(3354,'1','2016-05-31',30,647,125,3),(3355,'1','2016-05-31',30,647,148,3),(3356,'1','2016-05-31',30,661,128,3),(3357,'1','2016-05-31',30,661,129,3),(3358,'1','2016-05-31',30,661,130,3),(3359,'1','2016-05-31',30,661,131,3),(3360,'1','2016-05-31',30,675,132,3),(3361,'1','2016-05-31',30,675,133,3),(3362,'1','2016-05-31',30,689,135,3),(3363,'1','2016-05-31',30,689,137,3),(3364,'1','2016-05-31',30,689,138,3),(3365,'1','2016-05-31',30,689,140,3),(3366,'1','2016-05-31',30,703,141,3),(3367,'1','2016-05-31',30,703,142,3),(3368,'1','2016-05-31',30,703,143,3),(3369,'1','2016-05-31',30,703,145,3),(3370,'1','2016-05-31',30,703,146,3),(3371,'1','2016-05-31',30,703,147,3),(3372,'1','2016-05-31',31,549,110,3),(3373,'1','2016-05-31',31,563,111,3),(3374,'1','2016-05-31',31,563,112,3),(3375,'1','2016-05-31',31,563,113,3),(3376,'1','2016-05-31',31,577,114,3),(3377,'1','2016-05-31',31,591,116,3),(3378,'1','2016-05-31',31,591,117,3),(3379,'1','2016-05-31',31,605,118,3),(3380,'1','2016-05-31',31,605,119,3),(3381,'1','2016-05-31',31,605,120,3),(3382,'1','2016-05-31',31,619,121,3),(3383,'1','2016-05-31',31,633,122,3),(3384,'1','2016-05-31',31,633,123,3),(3385,'1','2016-05-31',31,647,124,3),(3386,'1','2016-05-31',31,647,125,3),(3387,'1','2016-05-31',31,647,148,3),(3388,'1','2016-05-31',31,661,128,3),(3389,'1','2016-05-31',31,661,129,3),(3390,'1','2016-05-31',31,661,130,3),(3391,'1','2016-05-31',31,661,131,3),(3392,'1','2016-05-31',31,675,132,3),(3393,'1','2016-05-31',31,675,133,3),(3394,'1','2016-05-31',31,689,135,3),(3395,'1','2016-05-31',31,689,137,3),(3396,'1','2016-05-31',31,689,138,3),(3397,'1','2016-05-31',31,689,140,3),(3398,'1','2016-05-31',31,703,141,3),(3399,'1','2016-05-31',31,703,142,3),(3400,'1','2016-05-31',31,703,143,3),(3401,'1','2016-05-31',31,703,145,3),(3402,'1','2016-05-31',31,703,146,3),(3403,'1','2016-05-31',31,703,147,3),(3404,'1','2016-05-31',32,549,110,3),(3405,'1','2016-05-31',32,563,111,3),(3406,'1','2016-05-31',32,563,112,3),(3407,'1','2016-05-31',32,563,113,3),(3408,'1','2016-05-31',32,577,114,3),(3409,'1','2016-05-31',32,591,116,3),(3410,'1','2016-05-31',32,591,117,3),(3411,'1','2016-05-31',32,605,118,3),(3412,'1','2016-05-31',32,605,119,3),(3413,'1','2016-05-31',32,605,120,3),(3414,'1','2016-05-31',32,619,121,3),(3415,'1','2016-05-31',32,633,122,3),(3416,'1','2016-05-31',32,633,123,3),(3417,'1','2016-05-31',32,647,124,3),(3418,'1','2016-05-31',32,647,125,3),(3419,'1','2016-05-31',32,647,148,3),(3420,'1','2016-05-31',32,661,128,3),(3421,'1','2016-05-31',32,661,129,3),(3422,'1','2016-05-31',32,661,130,3),(3423,'1','2016-05-31',32,661,131,3),(3424,'1','2016-05-31',32,675,132,3),(3425,'1','2016-05-31',32,675,133,3),(3426,'1','2016-05-31',32,689,135,3),(3427,'1','2016-05-31',32,689,137,3),(3428,'1','2016-05-31',32,689,138,3),(3429,'1','2016-05-31',32,689,140,3),(3430,'1','2016-05-31',32,703,141,3),(3431,'1','2016-05-31',32,703,142,3),(3432,'1','2016-05-31',32,703,143,3),(3433,'1','2016-05-31',32,703,145,3),(3434,'1','2016-05-31',32,703,146,3),(3435,'1','2016-05-31',32,703,147,3),(3436,'1','2016-05-31',33,549,110,3),(3437,'1','2016-05-31',33,563,111,3),(3438,'1','2016-05-31',33,563,112,3),(3439,'1','2016-05-31',33,563,113,3),(3440,'1','2016-05-31',33,577,114,3),(3441,'1','2016-05-31',33,591,116,3),(3442,'1','2016-05-31',33,591,117,3),(3443,'1','2016-05-31',33,605,118,3),(3444,'1','2016-05-31',33,605,119,3),(3445,'1','2016-05-31',33,605,120,3),(3446,'1','2016-05-31',33,619,121,3),(3447,'1','2016-05-31',33,633,122,3),(3448,'1','2016-05-31',33,633,123,3),(3449,'1','2016-05-31',33,647,124,3),(3450,'1','2016-05-31',33,647,125,3),(3451,'1','2016-05-31',33,647,148,3),(3452,'1','2016-05-31',33,661,128,3),(3453,'1','2016-05-31',33,661,129,3),(3454,'1','2016-05-31',33,661,130,3),(3455,'1','2016-05-31',33,661,131,3),(3456,'1','2016-05-31',33,675,132,3),(3457,'1','2016-05-31',33,675,133,3),(3458,'1','2016-05-31',33,689,135,3),(3459,'1','2016-05-31',33,689,137,3),(3460,'1','2016-05-31',33,689,138,3),(3461,'1','2016-05-31',33,689,140,3),(3462,'1','2016-05-31',33,703,141,3),(3463,'1','2016-05-31',33,703,142,3),(3464,'1','2016-05-31',33,703,143,3),(3465,'1','2016-05-31',33,703,145,3),(3466,'1','2016-05-31',33,703,146,3),(3467,'1','2016-05-31',33,703,147,3),(3468,'1','2016-05-31',34,549,110,3),(3469,'1','2016-05-31',34,563,111,3),(3470,'1','2016-05-31',34,563,112,3),(3471,'1','2016-05-31',34,563,113,3),(3472,'1','2016-05-31',34,577,114,3),(3473,'1','2016-05-31',34,591,116,3),(3474,'1','2016-05-31',34,591,117,3),(3475,'1','2016-05-31',34,605,118,3),(3476,'1','2016-05-31',34,605,119,3),(3477,'1','2016-05-31',34,605,120,3),(3478,'1','2016-05-31',34,619,121,3),(3479,'1','2016-05-31',34,633,122,3),(3480,'1','2016-05-31',34,633,123,3),(3481,'1','2016-05-31',34,647,124,3),(3482,'1','2016-05-31',34,647,125,3),(3483,'1','2016-05-31',34,647,148,3),(3484,'1','2016-05-31',34,661,128,3),(3485,'1','2016-05-31',34,661,129,3),(3486,'1','2016-05-31',34,661,130,3),(3487,'1','2016-05-31',34,661,131,3),(3488,'1','2016-05-31',34,675,132,3),(3489,'1','2016-05-31',34,675,133,3),(3490,'1','2016-05-31',34,689,135,3),(3491,'1','2016-05-31',34,689,137,3),(3492,'1','2016-05-31',34,689,138,3),(3493,'1','2016-05-31',34,689,140,3),(3494,'1','2016-05-31',34,703,141,3),(3495,'1','2016-05-31',34,703,142,3),(3496,'1','2016-05-31',34,703,143,3),(3497,'1','2016-05-31',34,703,145,3),(3498,'1','2016-05-31',34,703,146,3),(3499,'1','2016-05-31',34,703,147,3),(3500,'1','2016-05-31',35,549,110,3),(3501,'1','2016-05-31',35,563,111,3),(3502,'1','2016-05-31',35,563,112,3),(3503,'1','2016-05-31',35,563,113,3),(3504,'1','2016-05-31',35,577,114,3),(3505,'1','2016-05-31',35,591,116,3),(3506,'1','2016-05-31',35,591,117,3),(3507,'1','2016-05-31',35,605,118,3),(3508,'1','2016-05-31',35,605,119,3),(3509,'1','2016-05-31',35,605,120,3),(3510,'1','2016-05-31',35,619,121,3),(3511,'1','2016-05-31',35,633,122,3),(3512,'1','2016-05-31',35,633,123,3),(3513,'1','2016-05-31',35,647,124,3),(3514,'1','2016-05-31',35,647,125,3),(3515,'1','2016-05-31',35,647,148,3),(3516,'1','2016-05-31',35,661,128,3),(3517,'1','2016-05-31',35,661,129,3),(3518,'1','2016-05-31',35,661,130,3),(3519,'1','2016-05-31',35,661,131,3),(3520,'1','2016-05-31',35,675,132,3),(3521,'1','2016-05-31',35,675,133,3),(3522,'1','2016-05-31',35,689,135,3),(3523,'1','2016-05-31',35,689,137,3),(3524,'1','2016-05-31',35,689,138,3),(3525,'1','2016-05-31',35,689,140,3),(3526,'1','2016-05-31',35,703,141,3),(3527,'1','2016-05-31',35,703,142,3),(3528,'1','2016-05-31',35,703,143,3),(3529,'1','2016-05-31',35,703,145,3),(3530,'1','2016-05-31',35,703,146,3),(3531,'1','2016-05-31',35,703,147,3),(3532,'1','2016-05-31',36,549,110,3),(3533,'1','2016-05-31',36,563,111,3),(3534,'1','2016-05-31',36,563,112,3),(3535,'1','2016-05-31',36,563,113,3),(3536,'1','2016-05-31',36,577,114,3),(3537,'1','2016-05-31',36,591,116,3),(3538,'1','2016-05-31',36,591,117,3),(3539,'1','2016-05-31',36,605,118,3),(3540,'1','2016-05-31',36,605,119,3),(3541,'1','2016-05-31',36,605,120,3),(3542,'1','2016-05-31',36,619,121,3),(3543,'1','2016-05-31',36,633,122,3),(3544,'1','2016-05-31',36,633,123,3),(3545,'1','2016-05-31',36,647,124,3),(3546,'1','2016-05-31',36,647,125,3),(3547,'1','2016-05-31',36,647,148,3),(3548,'1','2016-05-31',36,661,128,3),(3549,'1','2016-05-31',36,661,129,3),(3550,'1','2016-05-31',36,661,130,3),(3551,'1','2016-05-31',36,661,131,3),(3552,'1','2016-05-31',36,675,132,3),(3553,'1','2016-05-31',36,675,133,3),(3554,'1','2016-05-31',36,689,135,3),(3555,'1','2016-05-31',36,689,137,3),(3556,'1','2016-05-31',36,689,138,3),(3557,'1','2016-05-31',36,689,140,3),(3558,'1','2016-05-31',36,703,141,3),(3559,'1','2016-05-31',36,703,142,3),(3560,'1','2016-05-31',36,703,143,3),(3561,'1','2016-05-31',36,703,145,3),(3562,'1','2016-05-31',36,703,146,3),(3563,'1','2016-05-31',36,703,147,3),(3564,'1','2016-05-31',37,549,110,3),(3565,'1','2016-05-31',37,563,111,3),(3566,'1','2016-05-31',37,563,112,3),(3567,'1','2016-05-31',37,563,113,3),(3568,'1','2016-05-31',37,577,114,3),(3569,'1','2016-05-31',37,591,116,3),(3570,'1','2016-05-31',37,591,117,3),(3571,'1','2016-05-31',37,605,118,3),(3572,'1','2016-05-31',37,605,119,3),(3573,'1','2016-05-31',37,605,120,3),(3574,'1','2016-05-31',37,619,121,3),(3575,'1','2016-05-31',37,633,122,3),(3576,'1','2016-05-31',37,633,123,3),(3577,'1','2016-05-31',37,647,124,3),(3578,'1','2016-05-31',37,647,125,3),(3579,'1','2016-05-31',37,647,148,3),(3580,'1','2016-05-31',37,661,128,3),(3581,'1','2016-05-31',37,661,129,3),(3582,'1','2016-05-31',37,661,130,3),(3583,'1','2016-05-31',37,661,131,3),(3584,'1','2016-05-31',37,675,132,3),(3585,'1','2016-05-31',37,675,133,3),(3586,'1','2016-05-31',37,689,135,3),(3587,'1','2016-05-31',37,689,137,3),(3588,'1','2016-05-31',37,689,138,3),(3589,'1','2016-05-31',37,689,140,3),(3590,'1','2016-05-31',37,703,141,3),(3591,'1','2016-05-31',37,703,142,3),(3592,'1','2016-05-31',37,703,143,3),(3593,'1','2016-05-31',37,703,145,3),(3594,'1','2016-05-31',37,703,146,3),(3595,'1','2016-05-31',37,703,147,3),(3596,'1','2016-05-31',38,549,110,3),(3597,'1','2016-05-31',38,563,111,3),(3598,'1','2016-05-31',38,563,112,3),(3599,'1','2016-05-31',38,563,113,3),(3600,'1','2016-05-31',38,577,114,3),(3601,'1','2016-05-31',38,591,116,3),(3602,'1','2016-05-31',38,591,117,3),(3603,'1','2016-05-31',38,605,118,3),(3604,'1','2016-05-31',38,605,119,3),(3605,'1','2016-05-31',38,605,120,3),(3606,'1','2016-05-31',38,619,121,3),(3607,'1','2016-05-31',38,633,122,3),(3608,'1','2016-05-31',38,633,123,3),(3609,'1','2016-05-31',38,647,124,3),(3610,'1','2016-05-31',38,647,125,3),(3611,'1','2016-05-31',38,647,148,3),(3612,'1','2016-05-31',38,661,128,3),(3613,'1','2016-05-31',38,661,129,3),(3614,'1','2016-05-31',38,661,130,3),(3615,'1','2016-05-31',38,661,131,3),(3616,'1','2016-05-31',38,675,132,3),(3617,'1','2016-05-31',38,675,133,3),(3618,'1','2016-05-31',38,689,135,3),(3619,'1','2016-05-31',38,689,137,3),(3620,'1','2016-05-31',38,689,138,3),(3621,'1','2016-05-31',38,689,140,3),(3622,'1','2016-05-31',38,703,141,3),(3623,'1','2016-05-31',38,703,142,3),(3624,'1','2016-05-31',38,703,143,3),(3625,'1','2016-05-31',38,703,145,3),(3626,'1','2016-05-31',38,703,146,3),(3627,'1','2016-05-31',38,703,147,3),(3628,'1','2016-05-31',39,549,110,3),(3629,'1','2016-05-31',39,563,111,3),(3630,'1','2016-05-31',39,563,112,3),(3631,'1','2016-05-31',39,563,113,3),(3632,'1','2016-05-31',39,577,114,3),(3633,'1','2016-05-31',39,591,116,3),(3634,'1','2016-05-31',39,591,117,3),(3635,'1','2016-05-31',39,605,118,3),(3636,'1','2016-05-31',39,605,119,3),(3637,'1','2016-05-31',39,605,120,3),(3638,'1','2016-05-31',39,619,121,3),(3639,'1','2016-05-31',39,633,122,3),(3640,'1','2016-05-31',39,633,123,3),(3641,'1','2016-05-31',39,647,124,3),(3642,'1','2016-05-31',39,647,125,3),(3643,'1','2016-05-31',39,647,148,3),(3644,'1','2016-05-31',39,661,128,3),(3645,'1','2016-05-31',39,661,129,3),(3646,'1','2016-05-31',39,661,130,3),(3647,'1','2016-05-31',39,661,131,3),(3648,'1','2016-05-31',39,675,132,3),(3649,'1','2016-05-31',39,675,133,3),(3650,'1','2016-05-31',39,689,135,3),(3651,'1','2016-05-31',39,689,137,3),(3652,'1','2016-05-31',39,689,138,3),(3653,'1','2016-05-31',39,689,140,3),(3654,'1','2016-05-31',39,703,141,3),(3655,'1','2016-05-31',39,703,142,3),(3656,'1','2016-05-31',39,703,143,3),(3657,'1','2016-05-31',39,703,145,3),(3658,'1','2016-05-31',39,703,146,3),(3659,'1','2016-05-31',39,703,147,3);
/*!40000 ALTER TABLE `reading_kpi_values` ENABLE KEYS */;
UNLOCK TABLES;

--
-- Table structure for table `rules`
--

DROP TABLE IF EXISTS `rules`;
/*!40101 SET @saved_cs_client     = @@character_set_client */;
/*!40101 SET character_set_client = utf8 */;
CREATE TABLE `rules` (
  `id` int(11) NOT NULL AUTO_INCREMENT,
  `Rules` varchar(255) COLLATE utf8_unicode_ci NOT NULL,
  `KpiDetailsId` int(11) DEFAULT NULL,
  `ElementDetailsId` int(11) DEFAULT NULL,
  PRIMARY KEY (`id`),
  KEY `IDX_899A993CF10FA648` (`KpiDetailsId`),
  KEY `IDX_899A993CABFC5A8E` (`ElementDetailsId`),
  CONSTRAINT `FK_899A993CABFC5A8E` FOREIGN KEY (`ElementDetailsId`) REFERENCES `element_details` (`id`),
  CONSTRAINT `FK_899A993CF10FA648` FOREIGN KEY (`KpiDetailsId`) REFERENCES `kpi_details` (`id`)
) ENGINE=InnoDB AUTO_INCREMENT=127 DEFAULT CHARSET=utf8 COLLATE=utf8_unicode_ci;
/*!40101 SET character_set_client = @saved_cs_client */;

--
-- Dumping data for table `rules`
--

LOCK TABLES `rules` WRITE;
/*!40000 ALTER TABLE `rules` DISABLE KEYS */;
INSERT INTO `rules` VALUES (6,'{\"operators\":{},\"actions\":{\"name\":\"action-select\",\"value\":\"Red\"},\"conditions\":{\"all\":[{\"name\":\"ageField\",\"operator\":\"greaterThan\",\"value\":\"105\"}]}}',661,128),(7,'{\"operators\":{},\"actions\":{\"name\":\"action-select\",\"value\":\"Yellow\"},\"conditions\":{\"all\":[{\"name\":\"ageField\",\"operator\":\"greaterThanEqual\",\"value\":\"105\"}]}}',661,128),(8,'{\"operators\":{},\"actions\":{\"name\":\"action-select\",\"value\":\"Green\"},\"conditions\":{\"all\":[{\"name\":\"ageField\",\"operator\":\"lessThanEqual\",\"value\":\"100\"}]}}',661,128),(9,'{\"operators\":{},\"actions\":{\"name\":\"action-select\",\"value\":\"Red\"},\"conditions\":{\"all\":[{\"name\":\"ageField\",\"operator\":\"greaterThan\",\"value\":\"105\"}]}}',661,129),(10,'{\"operators\":{},\"actions\":{\"name\":\"action-select\",\"value\":\"Yellow\"},\"conditions\":{\"all\":[{\"name\":\"ageField\",\"operator\":\"greaterThanEqual\",\"value\":\"105\"}]}}',661,129),(11,'{\"operators\":{},\"actions\":{\"name\":\"action-select\",\"value\":\"Green\"},\"conditions\":{\"all\":[{\"name\":\"ageField\",\"operator\":\"lessThanEqual\",\"value\":\"100\"}]}}',661,129),(12,'{\"operators\":{},\"actions\":{\"name\":\"action-select\",\"value\":\"Red\"},\"conditions\":{\"all\":[{\"name\":\"ageField\",\"operator\":\"greaterThan\",\"value\":\"105\"}]}}',661,130),(13,'{\"operators\":{},\"actions\":{\"name\":\"action-select\",\"value\":\"Yellow\"},\"conditions\":{\"all\":[{\"name\":\"ageField\",\"operator\":\"greaterThanEqual\",\"value\":\"105\"}]}}',661,130),(14,'{\"operators\":{},\"actions\":{\"name\":\"action-select\",\"value\":\"Green\"},\"conditions\":{\"all\":[{\"name\":\"ageField\",\"operator\":\"lessThanEqual\",\"value\":\"100\"}]}}',661,130),(15,'{\"operators\":{},\"actions\":{\"name\":\"action-select\",\"value\":\"Red\"},\"conditions\":{\"all\":[{\"name\":\"ageField\",\"operator\":\"greaterThan\",\"value\":\"105\"}]}}',661,131),(16,'{\"operators\":{},\"actions\":{\"name\":\"action-select\",\"value\":\"Yellow\"},\"conditions\":{\"all\":[{\"name\":\"ageField\",\"operator\":\"greaterThanEqual\",\"value\":\"105\"}]}}',661,131),(17,'{\"operators\":{},\"actions\":{\"name\":\"action-select\",\"value\":\"Green\"},\"conditions\":{\"all\":[{\"name\":\"ageField\",\"operator\":\"lessThanEqual\",\"value\":\"100\"}]}}',661,131),(18,'{\"operators\":{},\"actions\":{\"name\":\"action-select\",\"value\":\"Red\"},\"conditions\":{\"all\":[{\"name\":\"ageField\",\"operator\":\"greaterThan\",\"value\":\"1\"}]}}',577,114),(19,'{\"operators\":{},\"actions\":{\"name\":\"action-select\",\"value\":\"Yellow\"},\"conditions\":{\"all\":[{\"name\":\"ageField\",\"operator\":\"equalTo\",\"value\":\"2\"}]}}',577,114),(20,'{\"operators\":{},\"actions\":{\"name\":\"action-select\",\"value\":\"Green\"},\"conditions\":{\"all\":[{\"name\":\"ageField\",\"operator\":\"lessThanEqual\",\"value\":\"3\"}]}}',577,114),(21,'{\"operators\":{},\"actions\":{\"name\":\"action-select\",\"value\":\"Red\"},\"conditions\":{\"all\":[{\"name\":\"ageField\",\"operator\":\"lessThan\",\"value\":\"75\"}]}}',675,132),(22,'{\"operators\":{},\"actions\":{\"name\":\"action-select\",\"value\":\"Green\"},\"conditions\":{\"all\":[{\"name\":\"ageField\",\"operator\":\"greaterThanEqual\",\"value\":\"80\"}]}}',675,132),(23,'{\"operators\":{},\"actions\":{\"name\":\"action-select\",\"value\":\"Yellow\"},\"conditions\":{\"all\":[{\"name\":\"ageField\",\"operator\":\"greaterThan\",\"value\":\"76\"}]}}',675,132),(24,'{\"operators\":{},\"actions\":{\"name\":\"action-select\",\"value\":\"Red\"},\"conditions\":{\"all\":[{\"name\":\"ageField\",\"operator\":\"greaterThan\",\"value\":\"3\"}]}}',675,133),(25,'{\"operators\":{},\"actions\":{\"name\":\"action-select\",\"value\":\"Yellow\"},\"conditions\":{\"all\":[{\"name\":\"ageField\",\"operator\":\"lessThanEqual\",\"value\":\"2\"}]}}',675,133),(26,'{\"operators\":{},\"actions\":{\"name\":\"action-select\",\"value\":\"Green\"},\"conditions\":{\"all\":[{\"name\":\"ageField\",\"operator\":\"lessThanEqual\",\"value\":\"1\"}]}}',675,133),(30,'{\"operators\":{},\"actions\":{\"name\":\"action-select\",\"value\":\"Red\"},\"conditions\":{\"all\":[{\"name\":\"ageField\",\"operator\":\"greaterThan\",\"value\":\"1\"}]}}',689,135),(31,'{\"operators\":{},\"actions\":{\"name\":\"action-select\",\"value\":\"Yellow\"},\"conditions\":{\"all\":[{\"name\":\"ageField\",\"operator\":\"lessThan\",\"value\":\"1\"}]}}',689,135),(32,'{\"operators\":{},\"actions\":{\"name\":\"action-select\",\"value\":\"Green\"},\"conditions\":{\"all\":[{\"name\":\"ageField\",\"operator\":\"lessThan\",\"value\":\"0\"}]}}',689,135),(39,'{\"operators\":{},\"actions\":{\"name\":\"action-select\",\"value\":\"Red\"},\"conditions\":{\"all\":[{\"name\":\"ageField\",\"operator\":\"greaterThan\",\"value\":\"1\"}]}}',689,138),(40,'{\"operators\":{},\"actions\":{\"name\":\"action-select\",\"value\":\"Yellow\"},\"conditions\":{\"all\":[{\"name\":\"ageField\",\"operator\":\"lessThan\",\"value\":\"1\"}]}}',689,138),(41,'{\"operators\":{},\"actions\":{\"name\":\"action-select\",\"value\":\"Green\"},\"conditions\":{\"all\":[{\"name\":\"ageField\",\"operator\":\"lessThan\",\"value\":\"0\"}]}}',689,138),(45,'{\"operators\":{},\"actions\":{\"name\":\"action-select\",\"value\":\"Red\"},\"conditions\":{\"all\":[{\"name\":\"ageField\",\"operator\":\"greaterThan\",\"value\":\"1\"}]}}',647,124),(46,'{\"operators\":{},\"actions\":{\"name\":\"action-select\",\"value\":\"Yellow\"},\"conditions\":{\"all\":[{\"name\":\"ageField\",\"operator\":\"greaterThan\",\"value\":\"0.61\"}]}}',647,124),(47,'{\"operators\":{},\"actions\":{\"name\":\"action-select\",\"value\":\"Red\"},\"conditions\":{\"all\":[{\"name\":\"ageField\",\"operator\":\"lessThanEqual\",\"value\":\"1\"}]}}',647,124),(48,'{\"operators\":{},\"actions\":{\"name\":\"action-select\",\"value\":\"Green\"},\"conditions\":{\"all\":[{\"name\":\"ageField\",\"operator\":\"lessThanEqual\",\"value\":\"0.61\"}]}}',647,124),(49,'{\"operators\":{},\"actions\":{\"name\":\"action-select\",\"value\":\"Red\"},\"conditions\":{\"all\":[{\"name\":\"ageField\",\"operator\":\"greaterThan\",\"value\":\"2.68\"}]}}',647,125),(56,'{\"operators\":{},\"actions\":{\"name\":\"action-select\",\"value\":\"Red\"},\"conditions\":{\"all\":[{\"name\":\"ageField\",\"operator\":\"greaterThan\",\"value\":\"2.\"}]}}',703,141),(57,'{\"operators\":{},\"actions\":{\"name\":\"action-select\",\"value\":\"Yellow\"},\"conditions\":{\"all\":[{\"name\":\"ageField\",\"operator\":\"lessThanEqual\",\"value\":\"4.5\"}]}}',703,141),(58,'{\"operators\":{},\"actions\":{\"name\":\"action-select\",\"value\":\"Green\"},\"conditions\":{\"all\":[{\"name\":\"ageField\",\"operator\":\"lessThanEqual\",\"value\":\"4.3\"}]}}',703,141),(59,'{\"operators\":{},\"actions\":{\"name\":\"action-select\",\"value\":\"Red\"},\"conditions\":{\"all\":[{\"name\":\"ageField\",\"operator\":\"greaterThan\",\"value\":\"4.5\"}]}}',703,142),(60,'{\"operators\":{},\"actions\":{\"name\":\"action-select\",\"value\":\"Yellow\"},\"conditions\":{\"all\":[{\"name\":\"ageField\",\"operator\":\"lessThanEqual\",\"value\":\"4.5\"}]}}',703,142),(61,'{\"operators\":{},\"actions\":{\"name\":\"action-select\",\"value\":\"Green\"},\"conditions\":{\"all\":[{\"name\":\"ageField\",\"operator\":\"lessThanEqual\",\"value\":\"4.3\"}]}}',703,142),(62,'{\"operators\":{},\"actions\":{\"name\":\"action-select\",\"value\":\"Red\"},\"conditions\":{\"all\":[{\"name\":\"ageField\",\"operator\":\"greaterThan\",\"value\":\"4.5\"}]}}',703,143),(63,'{\"operators\":{},\"actions\":{\"name\":\"action-select\",\"value\":\"Yellow\"},\"conditions\":{\"all\":[{\"name\":\"ageField\",\"operator\":\"lessThanEqual\",\"value\":\"4.5\"}]}}',703,143),(64,'{\"operators\":{},\"actions\":{\"name\":\"action-select\",\"value\":\"Green\"},\"conditions\":{\"all\":[{\"name\":\"ageField\",\"operator\":\"lessThanEqual\",\"value\":\"4.3\"}]}}',703,143),(65,'{\"operators\":{},\"actions\":{\"name\":\"action-select\",\"value\":\"Red\"},\"conditions\":{\"all\":[{\"name\":\"ageField\",\"operator\":\"greaterThan\",\"value\":\"4.5\"}]}}',703,143),(66,'{\"operators\":{},\"actions\":{\"name\":\"action-select\",\"value\":\"Yellow\"},\"conditions\":{\"all\":[{\"name\":\"ageField\",\"operator\":\"lessThanEqual\",\"value\":\"4.5\"}]}}',703,143),(67,'{\"operators\":{},\"actions\":{\"name\":\"action-select\",\"value\":\"Green\"},\"conditions\":{\"all\":[{\"name\":\"ageField\",\"operator\":\"lessThanEqual\",\"value\":\"4.3\"}]}}',703,143),(68,'{\"operators\":{},\"actions\":{\"name\":\"action-select\",\"value\":\"Red\"},\"conditions\":{\"all\":[{\"name\":\"ageField\",\"operator\":\"greaterThan\",\"value\":\"4.5\"}]}}',703,145),(69,'{\"operators\":{},\"actions\":{\"name\":\"action-select\",\"value\":\"Yellow\"},\"conditions\":{\"all\":[{\"name\":\"ageField\",\"operator\":\"lessThanEqual\",\"value\":\"4.5\"}]}}',703,145),(70,'{\"operators\":{},\"actions\":{\"name\":\"action-select\",\"value\":\"Green\"},\"conditions\":{\"all\":[{\"name\":\"ageField\",\"operator\":\"lessThanEqual\",\"value\":\"4.3\"}]}}',703,145),(71,'{\"operators\":{},\"actions\":{\"name\":\"action-select\",\"value\":\"Red\"},\"conditions\":{\"all\":[{\"name\":\"ageField\",\"operator\":\"greaterThan\",\"value\":\"4.5\"}]}}',703,146),(72,'{\"operators\":{},\"actions\":{\"name\":\"action-select\",\"value\":\"Yellow\"},\"conditions\":{\"all\":[{\"name\":\"ageField\",\"operator\":\"lessThanEqual\",\"value\":\"4.5\"}]}}',703,146),(73,'{\"operators\":{},\"actions\":{\"name\":\"action-select\",\"value\":\"Green\"},\"conditions\":{\"all\":[{\"name\":\"ageField\",\"operator\":\"lessThanEqual\",\"value\":\"4.3\"}]}}',703,146),(74,'{\"operators\":{},\"actions\":{\"name\":\"action-select\",\"value\":\"Red\"},\"conditions\":{\"all\":[{\"name\":\"ageField\",\"operator\":\"greaterThan\",\"value\":\"4.5\"}]}}',703,147),(75,'{\"operators\":{},\"actions\":{\"name\":\"action-select\",\"value\":\"Yellow\"},\"conditions\":{\"all\":[{\"name\":\"ageField\",\"operator\":\"lessThanEqual\",\"value\":\"4.5\"}]}}',703,147),(76,'{\"operators\":{},\"actions\":{\"name\":\"action-select\",\"value\":\"Green\"},\"conditions\":{\"all\":[{\"name\":\"ageField\",\"operator\":\"lessThanEqual\",\"value\":\"4.3\"}]}}',703,147),(77,'{\"operators\":{},\"actions\":{\"name\":\"action-select\",\"value\":\"Red\"},\"conditions\":{\"all\":[{\"name\":\"ageField\",\"operator\":\"greaterThan\",\"value\":\"1\"}]}}',605,118),(78,'{\"operators\":{},\"actions\":{\"name\":\"action-select\",\"value\":\"Yellow\"},\"conditions\":{\"all\":[{\"name\":\"ageField\",\"operator\":\"greaterThan\",\"value\":\"2\"}]}}',605,118),(79,'{\"operators\":{},\"actions\":{\"name\":\"action-select\",\"value\":\"Green\"},\"conditions\":{\"all\":[{\"name\":\"ageField\",\"operator\":\"lessThanEqual\",\"value\":\"3\"}]}}',605,118),(80,'{\"operators\":{},\"actions\":{\"name\":\"action-select\",\"value\":\"Red\"},\"conditions\":{\"all\":[{\"name\":\"ageField\",\"operator\":\"lessThan\",\"value\":\"70\"}]}}',605,119),(81,'{\"operators\":{},\"actions\":{\"name\":\"action-select\",\"value\":\"Yellow\"},\"conditions\":{\"all\":[{\"name\":\"ageField\",\"operator\":\"greaterThanEqual\",\"value\":\"70\"}]}}',605,119),(82,'{\"operators\":{},\"actions\":{\"name\":\"action-select\",\"value\":\"Green\"},\"conditions\":{\"all\":[{\"name\":\"ageField\",\"operator\":\"greaterThan\",\"value\":\"80\"}]}}',605,119),(83,'{\"operators\":{},\"actions\":{\"name\":\"action-select\",\"value\":\"Red\"},\"conditions\":{\"all\":[{\"name\":\"ageField\",\"operator\":\"greaterThan\",\"value\":\"4\"}]}}',605,120),(84,'{\"operators\":{},\"actions\":{\"name\":\"action-select\",\"value\":\"Yellow\"},\"conditions\":{\"all\":[{\"name\":\"ageField\",\"operator\":\"lessThanEqual\",\"value\":\"3\"}]}}',605,120),(85,'{\"operators\":{},\"actions\":{\"name\":\"action-select\",\"value\":\"Green\"},\"conditions\":{\"all\":[{\"name\":\"ageField\",\"operator\":\"lessThanEqual\",\"value\":\"2\"}]}}',605,120),(89,'{\"operators\":{},\"actions\":{\"name\":\"action-select\",\"value\":\"Red\"},\"conditions\":{\"all\":[{\"name\":\"ageField\",\"operator\":\"greaterThan\",\"value\":\"5\"}]}}',619,121),(90,'{\"operators\":{},\"actions\":{\"name\":\"action-select\",\"value\":\"Yellow\"},\"conditions\":{\"all\":[{\"name\":\"ageField\",\"operator\":\"equalTo\",\"value\":\"5\"}]}}',619,121),(91,'{\"operators\":{},\"actions\":{\"name\":\"action-select\",\"value\":\"Green\"},\"conditions\":{\"all\":[{\"name\":\"ageField\",\"operator\":\"lessThan\",\"value\":\"3\"}]}}',619,121),(95,'{\"operators\":{},\"actions\":{\"name\":\"action-select\",\"value\":\"Red\"},\"conditions\":{\"all\":[{\"name\":\"ageField\",\"operator\":\"greaterThan\",\"value\":\"3\"}]}}',591,117),(96,'{\"operators\":{},\"actions\":{\"name\":\"action-select\",\"value\":\"Yellow\"},\"conditions\":{\"all\":[{\"name\":\"ageField\",\"operator\":\"lessThanEqual\",\"value\":\"2\"}]}}',591,117),(97,'{\"operators\":{},\"actions\":{\"name\":\"action-select\",\"value\":\"Red\"},\"conditions\":{\"all\":[{\"name\":\"ageField\",\"operator\":\"lessThan\",\"value\":\"99\"}]}}',633,122),(98,'{\"operators\":{},\"actions\":{\"name\":\"action-select\",\"value\":\"Yellow\"},\"conditions\":{\"all\":[{\"name\":\"ageField\",\"operator\":\"greaterThanEqual\",\"value\":\"99\"}]}}',633,122),(99,'{\"operators\":{},\"actions\":{\"name\":\"action-select\",\"value\":\"Green\"},\"conditions\":{\"all\":[{\"name\":\"ageField\",\"operator\":\"greaterThanEqual\",\"value\":\"99.7\"}]}}',633,122),(100,'{\"operators\":{},\"actions\":{\"name\":\"action-select\",\"value\":\"Red\"},\"conditions\":{\"all\":[{\"name\":\"ageField\",\"operator\":\"lessThan\",\"value\":\"99\"}]}}',633,123),(101,'{\"operators\":{},\"actions\":{\"name\":\"action-select\",\"value\":\"Yellow\"},\"conditions\":{\"all\":[{\"name\":\"ageField\",\"operator\":\"greaterThanEqual\",\"value\":\"99\"}]}}',633,123),(102,'{\"operators\":{},\"actions\":{\"name\":\"action-select\",\"value\":\"Green\"},\"conditions\":{\"all\":[{\"name\":\"ageField\",\"operator\":\"greaterThanEqual\",\"value\":\"99.7\"}]}}',633,123),(103,'{\"operators\":{},\"actions\":{\"name\":\"action-select\",\"value\":\"Green\"},\"conditions\":{\"all\":[{\"name\":\"ageField\",\"operator\":\"equalTo\",\"value\":\"0\"}]}}',549,110),(104,'{\"operators\":{},\"actions\":{\"name\":\"action-select\",\"value\":\"Yellow\"},\"conditions\":{\"all\":[{\"name\":\"ageField\",\"operator\":\"lessThan\",\"value\":\"1\"}]}}',549,110),(105,'{\"operators\":{},\"actions\":{\"name\":\"action-select\",\"value\":\"Red\"},\"conditions\":{\"all\":[{\"name\":\"ageField\",\"operator\":\"greaterThan\",\"value\":\"2\"}]}}',549,110),(106,'{\"operators\":{},\"actions\":{\"name\":\"action-select\",\"value\":\"Red\"},\"conditions\":{\"all\":[{\"name\":\"ageField\",\"operator\":\"greaterThan\",\"value\":\"2\"}]}}',563,111),(107,'{\"operators\":{},\"actions\":{\"name\":\"action-select\",\"value\":\"Yellow\"},\"conditions\":{\"all\":[{\"name\":\"ageField\",\"operator\":\"equalTo\",\"value\":\"2\"}]}}',563,111),(108,'{\"operators\":{},\"actions\":{\"name\":\"action-select\",\"value\":\"Green\"},\"conditions\":{\"all\":[{\"operator\":\"lessThanEqual\",\"value\":\"1\"}]}}',563,111),(109,'{\"operators\":{},\"actions\":{\"name\":\"action-select\",\"value\":\"Red\"},\"conditions\":{\"all\":[{\"name\":\"ageField\",\"operator\":\"greaterThan\",\"value\":\"2\"}]}}',563,112),(110,'{\"operators\":{},\"actions\":{\"name\":\"action-select\",\"value\":\"Yellow\"},\"conditions\":{\"all\":[{\"name\":\"ageField\",\"operator\":\"equalTo\",\"value\":\"2\"}]}}',563,112),(111,'{\"operators\":{},\"actions\":{\"name\":\"action-select\",\"value\":\"Green\"},\"conditions\":{\"all\":[{\"name\":\"ageField\",\"operator\":\"lessThanEqual\",\"value\":\"1\"}]}}',563,112),(112,'{\"operators\":{},\"actions\":{\"name\":\"action-select\",\"value\":\"Red\"},\"conditions\":{\"all\":[{\"name\":\"ageField\",\"operator\":\"greaterThan\",\"value\":\"2\"}]}}',563,113),(113,'{\"operators\":{},\"actions\":{\"name\":\"action-select\",\"value\":\"Yellow\"},\"conditions\":{\"all\":[{\"name\":\"ageField\",\"operator\":\"equalTo\",\"value\":\"2\"}]}}',563,113),(114,'{\"operators\":{},\"actions\":{\"name\":\"action-select\",\"value\":\"Green\"},\"conditions\":{\"all\":[{\"name\":\"ageField\",\"operator\":\"lessThanEqual\",\"value\":\"2\"}]}}',563,113),(115,'{\"operators\":{},\"actions\":{\"name\":\"action-select\",\"value\":\"Red\"},\"conditions\":{\"all\":[{\"name\":\"ageField\",\"operator\":\"greaterThan\",\"value\":\"1\"}]}}',689,140),(116,'{\"operators\":{},\"actions\":{\"name\":\"action-select\",\"value\":\"Yellow\"},\"conditions\":{\"all\":[{\"name\":\"ageField\",\"operator\":\"lessThan\",\"value\":\"1\"}]}}',689,140),(117,'{\"operators\":{},\"actions\":{\"name\":\"action-select\",\"value\":\"Green\"},\"conditions\":{\"all\":[{\"name\":\"ageField\",\"operator\":\"equalTo\",\"value\":\"0\"}]}}',689,140),(118,'{\"operators\":{},\"actions\":{\"name\":\"action-select\",\"value\":\"Red\"},\"conditions\":{\"all\":[{\"name\":\"ageField\",\"operator\":\"greaterThan\",\"value\":\"1\"}]}}',647,148),(119,'{\"operators\":{},\"actions\":{\"name\":\"action-select\",\"value\":\"Yellow\"},\"conditions\":{\"all\":[{\"name\":\"ageField\",\"operator\":\"equalTo\",\"value\":\"1\"}]}}',647,148),(120,'{\"operators\":{},\"actions\":{\"name\":\"action-select\",\"value\":\"Green\"},\"conditions\":{\"all\":[{\"name\":\"ageField\",\"operator\":\"lessThan\",\"value\":\"0\"}]}}',647,148),(121,'{\"operators\":{},\"actions\":{\"name\":\"action-select\",\"value\":\"Red\"},\"conditions\":{\"all\":[{\"name\":\"ageField\",\"operator\":\"greaterThan\",\"value\":\"1\"}]}}',689,137),(122,'{\"operators\":{},\"actions\":{\"name\":\"action-select\",\"value\":\"Yellow\"},\"conditions\":{\"all\":[{\"name\":\"ageField\",\"operator\":\"lessThan\",\"value\":\"1\"}]}}',689,137),(123,'{\"operators\":{},\"actions\":{\"name\":\"action-select\",\"value\":\"Green\"},\"conditions\":{\"all\":[{\"name\":\"ageField\",\"operator\":\"lessThan\",\"value\":\"0\"}]}}',689,137),(124,'{\"operators\":{},\"actions\":{\"name\":\"action-select\",\"value\":\"Red\"},\"conditions\":{\"all\":[{\"name\":\"ageField\",\"operator\":\"equalTo\",\"value\":\"3\"}]}}',591,116),(125,'{\"operators\":{},\"actions\":{\"name\":\"action-select\",\"value\":\"Yellow\"},\"conditions\":{\"all\":[{\"name\":\"ageField\",\"operator\":\"lessThan\",\"value\":\"2\"}]}}',591,116),(126,'{\"operators\":{},\"actions\":{\"name\":\"action-select\",\"value\":\"Green\"},\"conditions\":{\"all\":[{\"name\":\"ageField\",\"operator\":\"equalTo\",\"value\":\"1\"}]}}',591,116);
/*!40000 ALTER TABLE `rules` ENABLE KEYS */;
UNLOCK TABLES;

--
-- Table structure for table `scorecard__lookup_data`
--

DROP TABLE IF EXISTS `scorecard__lookup_data`;
/*!40101 SET @saved_cs_client     = @@character_set_client */;
/*!40101 SET character_set_client = utf8 */;
CREATE TABLE `scorecard__lookup_data` (
  `id` int(11) NOT NULL AUTO_INCREMENT,
  `individualKpiAverageScore` varchar(255) COLLATE utf8_unicode_ci NOT NULL,
  `elementcolor` varchar(255) COLLATE utf8_unicode_ci NOT NULL,
  `kpiColor` varchar(255) COLLATE utf8_unicode_ci NOT NULL,
  `monthdetail` date NOT NULL,
  `shipDetailsId` varchar(255) COLLATE utf8_unicode_ci NOT NULL,
  `KpiDetailsId` int(11) DEFAULT NULL,
  `ElementDetailsId` int(11) DEFAULT NULL,
  PRIMARY KEY (`id`),
  KEY `IDX_2587F07BF10FA648` (`KpiDetailsId`),
  KEY `IDX_2587F07BABFC5A8E` (`ElementDetailsId`),
  CONSTRAINT `FK_2587F07BABFC5A8E` FOREIGN KEY (`ElementDetailsId`) REFERENCES `element_details` (`id`),
  CONSTRAINT `FK_2587F07BF10FA648` FOREIGN KEY (`KpiDetailsId`) REFERENCES `kpi_details` (`id`)
) ENGINE=InnoDB AUTO_INCREMENT=2340 DEFAULT CHARSET=utf8 COLLATE=utf8_unicode_ci;
/*!40101 SET character_set_client = @saved_cs_client */;

--
-- Dumping data for table `scorecard__lookup_data`
--

LOCK TABLES `scorecard__lookup_data` WRITE;
/*!40000 ALTER TABLE `scorecard__lookup_data` DISABLE KEYS */;
INSERT INTO `scorecard__lookup_data` VALUES (132,'3','Green','Green','2016-07-31','26,27',661,128),(133,'3','Green','Green','2016-07-31','26,27',661,129),(134,'3','Green','Green','2016-07-31','26,27',661,130),(135,'3','Green','Green','2016-07-31','26,27',661,131),(136,'3','Green','Green','2016-07-31','26,27',577,114),(137,'1.5','Red','Red','2016-07-31','26,27',675,132),(138,'1.5','Yellow','Red','2016-07-31','26,27',675,133),(139,'0.85','Red','Red','2016-07-31','26,27',689,135),(140,'0.85','Red','Red','2016-07-31','26,27',689,137),(141,'0.85','Red','Red','2016-07-31','26,27',689,138),(142,'0.85','Red','Red','2016-07-31','26,27',689,140),(143,'0.3','Red','Red','2016-07-31','26,27',647,124),(144,'0.3','false','Red','2016-07-31','26,27',647,125),(145,'0.3','false','Red','2016-07-31','26,27',647,148),(146,'2','Yellow','Yellow','2016-07-31','26,27',703,141),(147,'2','Yellow','Yellow','2016-07-31','26,27',703,142),(148,'2','Yellow','Yellow','2016-07-31','26,27',703,143),(149,'2','Yellow','Yellow','2016-07-31','26,27',703,145),(150,'2','Yellow','Yellow','2016-07-31','26,27',703,146),(151,'2','Yellow','Yellow','2016-07-31','26,27',703,147),(152,'1.9','Green','Yellow','2016-07-31','26,27',605,118),(153,'1.9','Red','Yellow','2016-07-31','26,27',605,119),(154,'1.9','Yellow','Yellow','2016-07-31','26,27',605,120),(155,'3','Green','Green','2016-07-31','26,27',619,121),(156,'2','Yellow','Yellow','2016-07-31','26,27',591,116),(157,'2','Yellow','Yellow','2016-07-31','26,27',591,117),(158,'1','Red','Red','2016-07-31','26,27',633,122),(159,'1','Red','Red','2016-07-31','26,27',633,123),(160,'3','Green','Green','2016-07-31','26,27',549,110),(161,'3','Green','Green','2016-07-31','26,27',563,111),(162,'3','Green','Green','2016-07-31','26,27',563,112),(163,'3','Green','Green','2016-07-31','26,27',563,113),(580,'3','Green','Green','2016-02-29','26,27,28,29,30,31,32,33,34,35,36,37,38,39',661,128),(581,'3','Green','Green','2016-02-29','26,27,28,29,30,31,32,33,34,35,36,37,38,39',661,129),(582,'3','Green','Green','2016-02-29','26,27,28,29,30,31,32,33,34,35,36,37,38,39',661,130),(583,'3','Green','Green','2016-02-29','26,27,28,29,30,31,32,33,34,35,36,37,38,39',661,131),(584,'1','Red','Red','2016-02-29','26,27,28,29,30,31,32,33,34,35,36,37,38,39',577,114),(585,'2.5','Green','Green','2016-02-29','26,27,28,29,30,31,32,33,34,35,36,37,38,39',675,132),(586,'2.5','Yellow','Green','2016-02-29','26,27,28,29,30,31,32,33,34,35,36,37,38,39',675,133),(587,'1.7','Yellow','Yellow','2016-02-29','26,27,28,29,30,31,32,33,34,35,36,37,38,39',689,135),(588,'1.7','Yellow','Yellow','2016-02-29','26,27,28,29,30,31,32,33,34,35,36,37,38,39',689,137),(589,'1.7','Yellow','Yellow','2016-02-29','26,27,28,29,30,31,32,33,34,35,36,37,38,39',689,138),(590,'1.7','Yellow','Yellow','2016-02-29','26,27,28,29,30,31,32,33,34,35,36,37,38,39',689,140),(591,'0.6','Red','Red','2016-02-29','26,27,28,29,30,31,32,33,34,35,36,37,38,39',647,124),(592,'0.6','Red','Red','2016-02-29','26,27,28,29,30,31,32,33,34,35,36,37,38,39',647,125),(593,'0.6','false','Red','2016-02-29','26,27,28,29,30,31,32,33,34,35,36,37,38,39',647,148),(594,'1.85','Yellow','Yellow','2016-02-29','26,27,28,29,30,31,32,33,34,35,36,37,38,39',703,141),(595,'1.85','Yellow','Yellow','2016-02-29','26,27,28,29,30,31,32,33,34,35,36,37,38,39',703,142),(596,'1.85','Yellow','Yellow','2016-02-29','26,27,28,29,30,31,32,33,34,35,36,37,38,39',703,143),(597,'1.85','Yellow','Yellow','2016-02-29','26,27,28,29,30,31,32,33,34,35,36,37,38,39',703,145),(598,'1.85','Yellow','Yellow','2016-02-29','26,27,28,29,30,31,32,33,34,35,36,37,38,39',703,146),(599,'1.85','Red','Yellow','2016-02-29','26,27,28,29,30,31,32,33,34,35,36,37,38,39',703,147),(600,'1.3','Red','Red','2016-02-29','26,27,28,29,30,31,32,33,34,35,36,37,38,39',605,118),(601,'1.3','Red','Red','2016-02-29','26,27,28,29,30,31,32,33,34,35,36,37,38,39',605,119),(602,'1.3','Yellow','Red','2016-02-29','26,27,28,29,30,31,32,33,34,35,36,37,38,39',605,120),(603,'0','false','Red','2016-02-29','26,27,28,29,30,31,32,33,34,35,36,37,38,39',619,121),(604,'2','Yellow','Yellow','2016-02-29','26,27,28,29,30,31,32,33,34,35,36,37,38,39',591,116),(605,'2','Yellow','Yellow','2016-02-29','26,27,28,29,30,31,32,33,34,35,36,37,38,39',591,117),(606,'1','Red','Red','2016-02-29','26,27,28,29,30,31,32,33,34,35,36,37,38,39',633,122),(607,'1','Red','Red','2016-02-29','26,27,28,29,30,31,32,33,34,35,36,37,38,39',633,123),(608,'3','Green','Green','2016-02-29','26,27,28,29,30,31,32,33,34,35,36,37,38,39',549,110),(609,'1.8','false','Yellow','2016-02-29','26,27,28,29,30,31,32,33,34,35,36,37,38,39',563,111),(610,'1.8','Green','Yellow','2016-02-29','26,27,28,29,30,31,32,33,34,35,36,37,38,39',563,112),(611,'1.8','Green','Yellow','2016-02-29','26,27,28,29,30,31,32,33,34,35,36,37,38,39',563,113),(996,'3','Green','Green','2016-01-31','26,27,28,29,30,31,32,33,34,35,36,37,38,39',661,128),(997,'3','Green','Green','2016-01-31','26,27,28,29,30,31,32,33,34,35,36,37,38,39',661,129),(998,'3','Green','Green','2016-01-31','26,27,28,29,30,31,32,33,34,35,36,37,38,39',661,130),(999,'3','Green','Green','2016-01-31','26,27,28,29,30,31,32,33,34,35,36,37,38,39',661,131),(1000,'1','Red','Red','2016-01-31','26,27,28,29,30,31,32,33,34,35,36,37,38,39',577,114),(1001,'2','Green','Yellow','2016-01-31','26,27,28,29,30,31,32,33,34,35,36,37,38,39',675,132),(1002,'2','Red','Yellow','2016-01-31','26,27,28,29,30,31,32,33,34,35,36,37,38,39',675,133),(1003,'1.7','Yellow','Yellow','2016-01-31','26,27,28,29,30,31,32,33,34,35,36,37,38,39',689,135),(1004,'1.7','Yellow','Yellow','2016-01-31','26,27,28,29,30,31,32,33,34,35,36,37,38,39',689,137),(1005,'1.7','Yellow','Yellow','2016-01-31','26,27,28,29,30,31,32,33,34,35,36,37,38,39',689,138),(1006,'1.7','Yellow','Yellow','2016-01-31','26,27,28,29,30,31,32,33,34,35,36,37,38,39',689,140),(1007,'0.6','Red','Red','2016-01-31','26,27,28,29,30,31,32,33,34,35,36,37,38,39',647,124),(1008,'0.6','Red','Red','2016-01-31','26,27,28,29,30,31,32,33,34,35,36,37,38,39',647,125),(1009,'0.6','false','Red','2016-01-31','26,27,28,29,30,31,32,33,34,35,36,37,38,39',647,148),(1010,'1.85','Yellow','Yellow','2016-01-31','26,27,28,29,30,31,32,33,34,35,36,37,38,39',703,141),(1011,'1.85','Yellow','Yellow','2016-01-31','26,27,28,29,30,31,32,33,34,35,36,37,38,39',703,142),(1012,'1.85','Yellow','Yellow','2016-01-31','26,27,28,29,30,31,32,33,34,35,36,37,38,39',703,143),(1013,'1.85','Yellow','Yellow','2016-01-31','26,27,28,29,30,31,32,33,34,35,36,37,38,39',703,145),(1014,'1.85','Yellow','Yellow','2016-01-31','26,27,28,29,30,31,32,33,34,35,36,37,38,39',703,146),(1015,'1.85','Red','Yellow','2016-01-31','26,27,28,29,30,31,32,33,34,35,36,37,38,39',703,147),(1016,'1.3','Red','Red','2016-01-31','26,27,28,29,30,31,32,33,34,35,36,37,38,39',605,118),(1017,'1.3','Red','Red','2016-01-31','26,27,28,29,30,31,32,33,34,35,36,37,38,39',605,119),(1018,'1.3','Yellow','Red','2016-01-31','26,27,28,29,30,31,32,33,34,35,36,37,38,39',605,120),(1019,'1','Red','Red','2016-01-31','26,27,28,29,30,31,32,33,34,35,36,37,38,39',619,121),(1020,'2','Yellow','Yellow','2016-01-31','26,27,28,29,30,31,32,33,34,35,36,37,38,39',591,116),(1021,'2','Yellow','Yellow','2016-01-31','26,27,28,29,30,31,32,33,34,35,36,37,38,39',591,117),(1022,'1','Red','Red','2016-01-31','26,27,28,29,30,31,32,33,34,35,36,37,38,39',633,122),(1023,'1','Red','Red','2016-01-31','26,27,28,29,30,31,32,33,34,35,36,37,38,39',633,123),(1024,'3','Green','Green','2016-01-31','26,27,28,29,30,31,32,33,34,35,36,37,38,39',549,110),(1025,'1.8','false','Yellow','2016-01-31','26,27,28,29,30,31,32,33,34,35,36,37,38,39',563,111),(1026,'1.8','Green','Yellow','2016-01-31','26,27,28,29,30,31,32,33,34,35,36,37,38,39',563,112),(1027,'1.8','Green','Yellow','2016-01-31','26,27,28,29,30,31,32,33,34,35,36,37,38,39',563,113),(1412,'3','Green','Green','2016-05-31','26,27,28,29,30,31,32,33,34,35,36,37,38,39',661,128),(1413,'3','Green','Green','2016-05-31','26,27,28,29,30,31,32,33,34,35,36,37,38,39',661,129),(1414,'3','Green','Green','2016-05-31','26,27,28,29,30,31,32,33,34,35,36,37,38,39',661,130),(1415,'3','Green','Green','2016-05-31','26,27,28,29,30,31,32,33,34,35,36,37,38,39',661,131),(1416,'1','Red','Red','2016-05-31','26,27,28,29,30,31,32,33,34,35,36,37,38,39',577,114),(1417,'1.5','Red','Red','2016-05-31','26,27,28,29,30,31,32,33,34,35,36,37,38,39',675,132),(1418,'1.5','Yellow','Red','2016-05-31','26,27,28,29,30,31,32,33,34,35,36,37,38,39',675,133),(1419,'1.7','Yellow','Yellow','2016-05-31','26,27,28,29,30,31,32,33,34,35,36,37,38,39',689,135),(1420,'1.7','Yellow','Yellow','2016-05-31','26,27,28,29,30,31,32,33,34,35,36,37,38,39',689,137),(1421,'1.7','Yellow','Yellow','2016-05-31','26,27,28,29,30,31,32,33,34,35,36,37,38,39',689,138),(1422,'1.7','Yellow','Yellow','2016-05-31','26,27,28,29,30,31,32,33,34,35,36,37,38,39',689,140),(1423,'1','Yellow','Red','2016-05-31','26,27,28,29,30,31,32,33,34,35,36,37,38,39',647,124),(1424,'1','false','Red','2016-05-31','26,27,28,29,30,31,32,33,34,35,36,37,38,39',647,125),(1425,'1','Red','Red','2016-05-31','26,27,28,29,30,31,32,33,34,35,36,37,38,39',647,148),(1426,'2','Yellow','Yellow','2016-05-31','26,27,28,29,30,31,32,33,34,35,36,37,38,39',703,141),(1427,'2','Yellow','Yellow','2016-05-31','26,27,28,29,30,31,32,33,34,35,36,37,38,39',703,142),(1428,'2','Yellow','Yellow','2016-05-31','26,27,28,29,30,31,32,33,34,35,36,37,38,39',703,143),(1429,'2','Yellow','Yellow','2016-05-31','26,27,28,29,30,31,32,33,34,35,36,37,38,39',703,145),(1430,'2','Yellow','Yellow','2016-05-31','26,27,28,29,30,31,32,33,34,35,36,37,38,39',703,146),(1431,'2','Yellow','Yellow','2016-05-31','26,27,28,29,30,31,32,33,34,35,36,37,38,39',703,147),(1432,'1.3','Red','Red','2016-05-31','26,27,28,29,30,31,32,33,34,35,36,37,38,39',605,118),(1433,'1.3','Red','Red','2016-05-31','26,27,28,29,30,31,32,33,34,35,36,37,38,39',605,119),(1434,'1.3','Yellow','Red','2016-05-31','26,27,28,29,30,31,32,33,34,35,36,37,38,39',605,120),(1435,'3','Green','Green','2016-05-31','26,27,28,29,30,31,32,33,34,35,36,37,38,39',619,121),(1436,'2','Yellow','Yellow','2016-05-31','26,27,28,29,30,31,32,33,34,35,36,37,38,39',591,116),(1437,'2','Yellow','Yellow','2016-05-31','26,27,28,29,30,31,32,33,34,35,36,37,38,39',591,117),(1438,'1','Red','Red','2016-05-31','26,27,28,29,30,31,32,33,34,35,36,37,38,39',633,122),(1439,'1','Red','Red','2016-05-31','26,27,28,29,30,31,32,33,34,35,36,37,38,39',633,123),(1440,'2','Yellow','Yellow','2016-05-31','26,27,28,29,30,31,32,33,34,35,36,37,38,39',549,110),(1441,'1.8','false','Yellow','2016-05-31','26,27,28,29,30,31,32,33,34,35,36,37,38,39',563,111),(1442,'1.8','Green','Yellow','2016-05-31','26,27,28,29,30,31,32,33,34,35,36,37,38,39',563,112),(1443,'1.8','Green','Yellow','2016-05-31','26,27,28,29,30,31,32,33,34,35,36,37,38,39',563,113),(1860,'3','Green','Green','2015-12-31','26,27,28,29,30,31,32,33,34,35,36,37,38,39',661,128),(1861,'3','Green','Green','2015-12-31','26,27,28,29,30,31,32,33,34,35,36,37,38,39',661,129),(1862,'3','Green','Green','2015-12-31','26,27,28,29,30,31,32,33,34,35,36,37,38,39',661,130),(1863,'3','Green','Green','2015-12-31','26,27,28,29,30,31,32,33,34,35,36,37,38,39',661,131),(1864,'1','Red','Red','2015-12-31','26,27,28,29,30,31,32,33,34,35,36,37,38,39',577,114),(1865,'2.5','Green','Green','2015-12-31','26,27,28,29,30,31,32,33,34,35,36,37,38,39',675,132),(1866,'2.5','Yellow','Green','2015-12-31','26,27,28,29,30,31,32,33,34,35,36,37,38,39',675,133),(1867,'1.7','Yellow','Yellow','2015-12-31','26,27,28,29,30,31,32,33,34,35,36,37,38,39',689,135),(1868,'1.7','Yellow','Yellow','2015-12-31','26,27,28,29,30,31,32,33,34,35,36,37,38,39',689,137),(1869,'1.7','Yellow','Yellow','2015-12-31','26,27,28,29,30,31,32,33,34,35,36,37,38,39',689,138),(1870,'1.7','Yellow','Yellow','2015-12-31','26,27,28,29,30,31,32,33,34,35,36,37,38,39',689,140),(1871,'0.3','Red','Red','2015-12-31','26,27,28,29,30,31,32,33,34,35,36,37,38,39',647,124),(1872,'0.3','false','Red','2015-12-31','26,27,28,29,30,31,32,33,34,35,36,37,38,39',647,125),(1873,'0.3','false','Red','2015-12-31','26,27,28,29,30,31,32,33,34,35,36,37,38,39',647,148),(1874,'2','Yellow','Yellow','2015-12-31','26,27,28,29,30,31,32,33,34,35,36,37,38,39',703,141),(1875,'2','Yellow','Yellow','2015-12-31','26,27,28,29,30,31,32,33,34,35,36,37,38,39',703,142),(1876,'2','Yellow','Yellow','2015-12-31','26,27,28,29,30,31,32,33,34,35,36,37,38,39',703,143),(1877,'2','Yellow','Yellow','2015-12-31','26,27,28,29,30,31,32,33,34,35,36,37,38,39',703,145),(1878,'2','Yellow','Yellow','2015-12-31','26,27,28,29,30,31,32,33,34,35,36,37,38,39',703,146),(1879,'2','Yellow','Yellow','2015-12-31','26,27,28,29,30,31,32,33,34,35,36,37,38,39',703,147),(1880,'1.3','Red','Red','2015-12-31','26,27,28,29,30,31,32,33,34,35,36,37,38,39',605,118),(1881,'1.3','Red','Red','2015-12-31','26,27,28,29,30,31,32,33,34,35,36,37,38,39',605,119),(1882,'1.3','Yellow','Red','2015-12-31','26,27,28,29,30,31,32,33,34,35,36,37,38,39',605,120),(1883,'1','Red','Red','2015-12-31','26,27,28,29,30,31,32,33,34,35,36,37,38,39',619,121),(1884,'2','Yellow','Yellow','2015-12-31','26,27,28,29,30,31,32,33,34,35,36,37,38,39',591,116),(1885,'2','Yellow','Yellow','2015-12-31','26,27,28,29,30,31,32,33,34,35,36,37,38,39',591,117),(1886,'1','Red','Red','2015-12-31','26,27,28,29,30,31,32,33,34,35,36,37,38,39',633,122),(1887,'1','Red','Red','2015-12-31','26,27,28,29,30,31,32,33,34,35,36,37,38,39',633,123),(1888,'3','Green','Green','2015-12-31','26,27,28,29,30,31,32,33,34,35,36,37,38,39',549,110),(1889,'1.8','false','Yellow','2015-12-31','26,27,28,29,30,31,32,33,34,35,36,37,38,39',563,111),(1890,'1.8','Green','Yellow','2015-12-31','26,27,28,29,30,31,32,33,34,35,36,37,38,39',563,112),(1891,'1.8','Green','Yellow','2015-12-31','26,27,28,29,30,31,32,33,34,35,36,37,38,39',563,113),(2308,'3','Green','Green','2015-11-30','26,27,28,29,30,31,32,33,34,35,36,37,38,39',661,128),(2309,'3','Green','Green','2015-11-30','26,27,28,29,30,31,32,33,34,35,36,37,38,39',661,129),(2310,'3','Green','Green','2015-11-30','26,27,28,29,30,31,32,33,34,35,36,37,38,39',661,130),(2311,'3','Green','Green','2015-11-30','26,27,28,29,30,31,32,33,34,35,36,37,38,39',661,131),(2312,'1','Red','Red','2015-11-30','26,27,28,29,30,31,32,33,34,35,36,37,38,39',577,114),(2313,'1.5','Red','Red','2015-11-30','26,27,28,29,30,31,32,33,34,35,36,37,38,39',675,132),(2314,'1.5','Yellow','Red','2015-11-30','26,27,28,29,30,31,32,33,34,35,36,37,38,39',675,133),(2315,'1.7','Yellow','Yellow','2015-11-30','26,27,28,29,30,31,32,33,34,35,36,37,38,39',689,135),(2316,'1.7','Yellow','Yellow','2015-11-30','26,27,28,29,30,31,32,33,34,35,36,37,38,39',689,137),(2317,'1.7','Yellow','Yellow','2015-11-30','26,27,28,29,30,31,32,33,34,35,36,37,38,39',689,138),(2318,'1.7','Yellow','Yellow','2015-11-30','26,27,28,29,30,31,32,33,34,35,36,37,38,39',689,140),(2319,'0.3','Red','Red','2015-11-30','26,27,28,29,30,31,32,33,34,35,36,37,38,39',647,124),(2320,'0.3','false','Red','2015-11-30','26,27,28,29,30,31,32,33,34,35,36,37,38,39',647,125),(2321,'0.3','false','Red','2015-11-30','26,27,28,29,30,31,32,33,34,35,36,37,38,39',647,148),(2322,'1.85','Yellow','Yellow','2015-11-30','26,27,28,29,30,31,32,33,34,35,36,37,38,39',703,141),(2323,'1.85','Yellow','Yellow','2015-11-30','26,27,28,29,30,31,32,33,34,35,36,37,38,39',703,142),(2324,'1.85','Yellow','Yellow','2015-11-30','26,27,28,29,30,31,32,33,34,35,36,37,38,39',703,143),(2325,'1.85','Yellow','Yellow','2015-11-30','26,27,28,29,30,31,32,33,34,35,36,37,38,39',703,145),(2326,'1.85','Yellow','Yellow','2015-11-30','26,27,28,29,30,31,32,33,34,35,36,37,38,39',703,146),(2327,'1.85','Red','Yellow','2015-11-30','26,27,28,29,30,31,32,33,34,35,36,37,38,39',703,147),(2328,'1.3','Red','Red','2015-11-30','26,27,28,29,30,31,32,33,34,35,36,37,38,39',605,118),(2329,'1.3','Red','Red','2015-11-30','26,27,28,29,30,31,32,33,34,35,36,37,38,39',605,119),(2330,'1.3','Yellow','Red','2015-11-30','26,27,28,29,30,31,32,33,34,35,36,37,38,39',605,120),(2331,'3','Green','Green','2015-11-30','26,27,28,29,30,31,32,33,34,35,36,37,38,39',619,121),(2332,'2','Yellow','Yellow','2015-11-30','26,27,28,29,30,31,32,33,34,35,36,37,38,39',591,116),(2333,'2','Yellow','Yellow','2015-11-30','26,27,28,29,30,31,32,33,34,35,36,37,38,39',591,117),(2334,'1','Red','Red','2015-11-30','26,27,28,29,30,31,32,33,34,35,36,37,38,39',633,122),(2335,'1','Red','Red','2015-11-30','26,27,28,29,30,31,32,33,34,35,36,37,38,39',633,123),(2336,'3','Green','Green','2015-11-30','26,27,28,29,30,31,32,33,34,35,36,37,38,39',549,110),(2337,'1.8','false','Yellow','2015-11-30','26,27,28,29,30,31,32,33,34,35,36,37,38,39',563,111),(2338,'1.8','Green','Yellow','2015-11-30','26,27,28,29,30,31,32,33,34,35,36,37,38,39',563,112),(2339,'1.8','Green','Yellow','2015-11-30','26,27,28,29,30,31,32,33,34,35,36,37,38,39',563,113);
/*!40000 ALTER TABLE `scorecard__lookup_data` ENABLE KEYS */;
UNLOCK TABLES;

--
-- Table structure for table `scorecard__lookup_status`
--

DROP TABLE IF EXISTS `scorecard__lookup_status`;
/*!40101 SET @saved_cs_client     = @@character_set_client */;
/*!40101 SET character_set_client = utf8 */;
CREATE TABLE `scorecard__lookup_status` (
  `id` int(11) NOT NULL AUTO_INCREMENT,
  `shipid` varchar(255) COLLATE utf8_unicode_ci NOT NULL,
  `status` int(11) NOT NULL,
  `dataofmonth` datetime NOT NULL,
  `datetime` datetime NOT NULL,
  `userid` varchar(255) COLLATE utf8_unicode_ci NOT NULL,
  PRIMARY KEY (`id`)
) ENGINE=InnoDB AUTO_INCREMENT=7 DEFAULT CHARSET=utf8 COLLATE=utf8_unicode_ci;
/*!40101 SET character_set_client = @saved_cs_client */;

--
-- Dumping data for table `scorecard__lookup_status`
--

LOCK TABLES `scorecard__lookup_status` WRITE;
/*!40000 ALTER TABLE `scorecard__lookup_status` DISABLE KEYS */;
INSERT INTO `scorecard__lookup_status` VALUES (1,'26,27,28,29,30,31,32,33,34,35,36,37,38,39',4,'2016-01-31 00:00:00','2016-06-09 12:00:42','133'),(2,'26,27,28,29,30,31,32,33,34,35,36,37,38,39',4,'2016-07-31 00:00:00','2016-04-12 00:00:00','133'),(3,'26,27,28,29,30,31,32,33,34,35,36,37,38,39',4,'2016-02-29 00:00:00','2016-04-12 00:00:00','133'),(4,'26,27,28,29,30,31,32,33,34,35,36,37,38,39',4,'2016-05-31 00:00:00','2016-06-09 12:11:23','133'),(5,'26,27,28,29,30,31,32,33,34,35,36,37,38,39',4,'2015-12-31 00:00:00','2016-06-09 12:24:37','133'),(6,'28,29,30,31,32,33,34,35,36,37,38,39',4,'2015-11-30 00:00:00','2016-04-12 00:00:00','133');
/*!40000 ALTER TABLE `scorecard__lookup_status` ENABLE KEYS */;
UNLOCK TABLES;

--
-- Table structure for table `send_command`
--

DROP TABLE IF EXISTS `send_command`;
/*!40101 SET @saved_cs_client     = @@character_set_client */;
/*!40101 SET character_set_client = utf8 */;
CREATE TABLE `send_command` (
  `id` int(11) NOT NULL AUTO_INCREMENT,
  `useremialid` varchar(35) COLLATE utf8_unicode_ci DEFAULT NULL,
  `comment` varchar(35) COLLATE utf8_unicode_ci NOT NULL,
  `clientemail` varchar(35) COLLATE utf8_unicode_ci DEFAULT NULL,
  `datetime` datetime DEFAULT NULL,
  `filename` varchar(35) COLLATE utf8_unicode_ci DEFAULT NULL,
  `kpiid` int(11) DEFAULT NULL,
  `shipid` int(11) DEFAULT NULL,
  PRIMARY KEY (`id`)
) ENGINE=InnoDB AUTO_INCREMENT=22 DEFAULT CHARSET=utf8 COLLATE=utf8_unicode_ci;
/*!40101 SET character_set_client = @saved_cs_client */;

--
-- Dumping data for table `send_command`
--

LOCK TABLES `send_command` WRITE;
/*!40000 ALTER TABLE `send_command` DISABLE KEYS */;
INSERT INTO `send_command` VALUES (1,'doss.cclawrance226@gmail.com','haiii','lawrance@commusoft.co.uk','2016-03-14 11:41:06','chart_2016-03-14 17-10-54.pdf',385,NULL),(2,'sathishr29@gmail.com','haiiii sathish','lawrance@commusoft.co.uk','2016-03-14 13:22:20','chart_2016-03-14 18-52-08.pdf',380,NULL),(3,'sathishr29@gmail.com','haiiiiiiiiiiiiiiiiiiiiiii','star123@gmail.com','2016-03-14 13:27:51','chart_2016-03-14 18-57-42.pdf',381,NULL),(4,NULL,'','star123@gmail.com','2016-04-14 17:33:41',NULL,661,NULL),(5,NULL,'new comment','star123@gmail.com','2016-04-19 13:37:57',NULL,661,NULL),(6,NULL,' hi','star123@gmail.com','2016-04-19 13:38:22',NULL,661,NULL),(7,NULL,'save','star123@gmail.com','2016-04-20 07:33:51',NULL,577,NULL),(8,NULL,'save','star123@gmail.com','2016-04-20 10:30:38','chart_2016-04-20 10-59-06.pdf',647,NULL),(9,NULL,'save one','star123@gmail.com','2016-04-20 11:00:16',NULL,577,NULL),(10,NULL,'new comment','star123@gmail.com','2016-04-20 11:04:28',NULL,577,NULL),(11,NULL,'save','star123@gmail.com','2016-04-20 11:08:47',NULL,577,NULL),(12,NULL,'welcome','star123@gmail.com','2016-04-20 11:09:30',NULL,577,NULL),(13,NULL,'avc','star123@gmail.com','2016-04-20 11:10:12',NULL,577,NULL),(14,NULL,'Hi welcome','star123@gmail.com','2016-04-26 14:28:35',NULL,633,NULL),(15,NULL,'Hi welcome','star123@gmail.com','2016-04-28 09:54:05',NULL,661,NULL),(16,NULL,'Hi Comment added','star123@gmail.com','2016-04-28 10:25:48','chart_2016-04-28 11-23-59.pdf',661,NULL),(17,NULL,'Sample comment','star123@gmail.com','2016-05-11 18:52:01',NULL,661,NULL),(18,NULL,'Second Comment','star123@gmail.com','2016-05-11 18:52:24',NULL,661,NULL),(19,NULL,'','star123@gmail.com','2016-05-11 18:53:51',NULL,661,NULL),(20,NULL,'First Commet','star123@gmail.com','2016-05-20 11:36:17',NULL,689,NULL),(21,NULL,' Hi xxxxxxxxx','star123@gmail.com','2016-06-08 10:16:38',NULL,633,NULL);
/*!40000 ALTER TABLE `send_command` ENABLE KEYS */;
UNLOCK TABLES;

--
-- Table structure for table `send_command_ranking`
--

DROP TABLE IF EXISTS `send_command_ranking`;
/*!40101 SET @saved_cs_client     = @@character_set_client */;
/*!40101 SET character_set_client = utf8 */;
CREATE TABLE `send_command_ranking` (
  `id` int(11) NOT NULL AUTO_INCREMENT,
  `comment` varchar(35) COLLATE utf8_unicode_ci NOT NULL,
  `filename` varchar(35) COLLATE utf8_unicode_ci DEFAULT NULL,
  `clientemail` varchar(35) COLLATE utf8_unicode_ci DEFAULT NULL,
  `useremialid` varchar(35) COLLATE utf8_unicode_ci DEFAULT NULL,
  `datetime` datetime DEFAULT NULL,
  `kpiid` int(11) DEFAULT NULL,
  `shipid` int(11) DEFAULT NULL,
  PRIMARY KEY (`id`)
) ENGINE=InnoDB AUTO_INCREMENT=14 DEFAULT CHARSET=utf8 COLLATE=utf8_unicode_ci;
/*!40101 SET character_set_client = @saved_cs_client */;

--
-- Dumping data for table `send_command_ranking`
--

LOCK TABLES `send_command_ranking` WRITE;
/*!40000 ALTER TABLE `send_command_ranking` DISABLE KEYS */;
INSERT INTO `send_command_ranking` VALUES (1,'Hi welcome',NULL,'star123@gmail.com',NULL,'2016-04-18 18:14:50',NULL,0),(2,'new comment','chart_2016-04-18 18-32-17.pdf','star123@gmail.com',NULL,'2016-04-18 18:17:39',NULL,36),(3,'add comment','chart_2016-04-19 14-00-35.pdf','star123@gmail.com',NULL,'2016-04-19 13:58:35',NULL,26),(4,'afasdf',NULL,'star123@gmail.com',NULL,'2016-04-26 16:19:13',NULL,27),(5,'Hi Welcome',NULL,'star123@gmail.com',NULL,'2016-04-27 18:23:38',NULL,27),(6,'HI Welcome',NULL,'star123@gmail.com',NULL,'2016-04-27 18:27:18',NULL,27),(7,'HI welcome',NULL,'star123@gmail.com',NULL,'2016-04-27 18:28:51',NULL,27),(8,'HI welcome',NULL,'star123@gmail.com',NULL,'2016-04-27 18:39:15',NULL,27),(9,'Hi welcome','chart_2016-04-27 19-25-34.pdf','star123@gmail.com',NULL,'2016-04-27 18:40:30',NULL,27),(10,'Hi Welcome','chart_2016-04-27 19-38-03.pdf','star123@gmail.com',NULL,'2016-04-27 19:28:28',NULL,27),(11,'Hi Welcome','chart_2016-04-27 19-54-10.pdf','star123@gmail.com',NULL,'2016-04-27 19:51:21',184,NULL),(12,'Hi welcome','chart_2016-04-27 20-26-26.pdf','star123@gmail.com',NULL,'2016-04-27 20:21:51',198,NULL),(13,'',NULL,'star123@gmail.com',NULL,'2016-05-11 19:54:57',170,NULL);
/*!40000 ALTER TABLE `send_command_ranking` ENABLE KEYS */;
UNLOCK TABLES;

--
-- Table structure for table `ship_details`
--

DROP TABLE IF EXISTS `ship_details`;
/*!40101 SET @saved_cs_client     = @@character_set_client */;
/*!40101 SET character_set_client = utf8 */;
CREATE TABLE `ship_details` (
  `id` int(11) NOT NULL AUTO_INCREMENT,
  `ShipName` varchar(100) COLLATE utf8_unicode_ci NOT NULL,
  `companyDetailsId` int(11) DEFAULT NULL,
  `description` varchar(125) COLLATE utf8_unicode_ci DEFAULT NULL,
  `Imonumber` varchar(125) COLLATE utf8_unicode_ci NOT NULL,
  `location` varchar(125) COLLATE utf8_unicode_ci NOT NULL,
  `manufacturingYear` varchar(125) COLLATE utf8_unicode_ci NOT NULL,
  `built` varchar(125) COLLATE utf8_unicode_ci NOT NULL,
  `size` varchar(125) COLLATE utf8_unicode_ci NOT NULL,
  `gt` varchar(125) COLLATE utf8_unicode_ci NOT NULL,
  `shipType` int(11) DEFAULT NULL,
  `country` int(11) DEFAULT NULL,
  PRIMARY KEY (`id`),
  UNIQUE KEY `UNIQ_7C0B3BE7FAE99B7` (`ShipName`),
  KEY `IDX_7C0B3BE7C8A54A33` (`companyDetailsId`),
  KEY `IDX_7C0B3BE72425D2CE` (`shipType`),
  KEY `IDX_7C0B3BE75373C966` (`country`),
  CONSTRAINT `FK_7C0B3BE72425D2CE` FOREIGN KEY (`shipType`) REFERENCES `ship_types` (`id`),
  CONSTRAINT `FK_7C0B3BE75373C966` FOREIGN KEY (`country`) REFERENCES `apps_countries` (`id`),
  CONSTRAINT `FK_7C0B3BE7C8A54A33` FOREIGN KEY (`companyDetailsId`) REFERENCES `company_details` (`id`)
) ENGINE=InnoDB AUTO_INCREMENT=40 DEFAULT CHARSET=utf8 COLLATE=utf8_unicode_ci;
/*!40101 SET character_set_client = @saved_cs_client */;

--
-- Dumping data for table `ship_details`
--

LOCK TABLES `ship_details` WRITE;
/*!40000 ALTER TABLE `ship_details` DISABLE KEYS */;
INSERT INTO `ship_details` VALUES (26,'Azure',10,'About the ship details','081234','Karachi','2012','available','4000','nil',NULL,NULL),(27,'Calm',10,'working okay','098722','Sydney','2009','available','4000','available',2,13),(28,'Eden',10,'ship working ok','00234','canni','2009','available','6000','nil',3,30),(29,'Emerald',10,'ship performance good','00865','vetanam','2009','available','4000','available',4,44),(30,'Falcon',10,'shipp asff','80076','egyia','2007','available','4000','available',5,62),(31,'Fortune',10,'performance good','000987','chennai','2011','available','3000','available',3,99),(32,'Halong',10,'performance bad','20098','Delhi','2008','available','4000','available',6,99),(33,'Jupiter',10,'shipp asff','000865','Kolkota','2011','available','5000','available',2,99),(34,'Mykonos',10,'ship working ok','00234','bengaluru','2013','available','4000','available',3,99),(35,'Orion',10,'working okay','80034','Pune','2008','available','3000','available',5,99),(36,'Paradise',10,'performance good','20067','punjab','2006','available','300','available',3,99),(37,'Reunion',10,'ship performance good','000978','rajasthan','2008','available','2000','available',6,99),(38,'Teal',10,'ship performance good','00765','hanhsi','2008','available','3000','available',1,96),(39,'Venus',10,'working okay','00345','kirani','2005','available','2000','available',3,118);
/*!40000 ALTER TABLE `ship_details` ENABLE KEYS */;
UNLOCK TABLES;

--
-- Table structure for table `ship_status_details`
--

DROP TABLE IF EXISTS `ship_status_details`;
/*!40101 SET @saved_cs_client     = @@character_set_client */;
/*!40101 SET character_set_client = utf8 */;
CREATE TABLE `ship_status_details` (
  `id` int(11) NOT NULL AUTO_INCREMENT,
  `ActiveDate` datetime DEFAULT NULL,
  `EndDate` datetime DEFAULT NULL,
  `status` varchar(125) COLLATE utf8_unicode_ci NOT NULL,
  `ShipDetailsId` int(11) DEFAULT NULL,
  PRIMARY KEY (`id`),
  KEY `IDX_4D63CA015041247E` (`ShipDetailsId`),
  CONSTRAINT `FK_4D63CA015041247E` FOREIGN KEY (`ShipDetailsId`) REFERENCES `ship_details` (`id`)
) ENGINE=InnoDB AUTO_INCREMENT=71 DEFAULT CHARSET=utf8 COLLATE=utf8_unicode_ci;
/*!40101 SET character_set_client = @saved_cs_client */;

--
-- Dumping data for table `ship_status_details`
--

LOCK TABLES `ship_status_details` WRITE;
/*!40000 ALTER TABLE `ship_status_details` DISABLE KEYS */;
INSERT INTO `ship_status_details` VALUES (1,'2016-05-11 13:39:29',NULL,'1',26),(2,NULL,'2016-05-11 15:18:32','0',26),(3,'2016-05-11 15:56:48',NULL,'1',27),(4,'2016-05-11 19:01:48',NULL,'1',28),(5,'2016-05-11 19:04:09',NULL,'1',30),(6,'2016-05-11 19:04:14',NULL,'1',32),(7,'2016-05-11 19:04:18',NULL,'1',33),(8,'2016-05-11 19:04:23',NULL,'1',34),(9,NULL,'2016-05-11 19:04:48','0',27),(11,'2016-05-13 12:25:21',NULL,'1',39),(12,'2016-05-13 12:25:26',NULL,'1',38),(13,'2016-05-13 12:25:32',NULL,'1',37),(14,'2016-05-13 12:25:37',NULL,'1',36),(15,NULL,'2016-05-13 12:32:03','0',28),(16,'2016-05-13 18:13:31',NULL,'1',29),(17,'2016-05-18 13:02:23',NULL,'1',26),(18,NULL,'2016-05-20 12:40:04','0',26),(19,'2016-05-20 12:41:44',NULL,'1',35),(20,'2016-05-20 12:46:12',NULL,'1',26),(21,NULL,'2016-05-20 15:43:52','0',26),(22,'2016-05-20 15:50:50',NULL,'1',26),(23,'2016-05-20 15:57:40',NULL,'1',27),(24,NULL,'2016-05-20 15:58:48','0',26),(25,'2016-05-20 16:06:12',NULL,'1',26),(26,NULL,'2016-05-20 16:12:14','0',26),(27,'2016-05-20 16:31:25',NULL,'1',26),(28,NULL,'2016-05-20 16:48:45','0',26),(29,'2016-05-20 17:56:01',NULL,'1',26),(30,NULL,'2016-05-20 18:12:41','0',26),(31,'2016-05-20 18:12:50',NULL,'1',26),(32,NULL,'2016-05-20 18:12:56','0',26),(33,'2016-05-20 18:12:59',NULL,'1',26),(34,NULL,'2016-05-20 18:15:14','0',26),(35,'2016-05-20 18:20:55',NULL,'1',26),(36,NULL,'2016-05-20 18:21:56','0',29),(37,'2016-05-20 18:22:03',NULL,'1',28),(38,NULL,'2016-05-20 18:25:44','0',28),(39,NULL,'2016-05-20 18:27:56','0',35),(40,'2016-05-20 18:28:52',NULL,'1',29),(41,NULL,'2016-05-20 18:31:02','0',34),(42,'2016-05-20 18:31:05',NULL,'1',34),(43,NULL,'2016-05-20 18:33:29','0',27),(44,'2016-05-20 19:01:30',NULL,'1',27),(45,NULL,'2016-05-20 19:01:34','0',27),(46,NULL,'2016-05-21 14:00:00','0',26),(47,'2016-05-21 14:00:21',NULL,'1',26),(48,NULL,'2016-05-21 16:58:52','0',30),(49,'2016-05-21 16:58:59',NULL,'1',30),(50,'2016-05-23 10:42:20',NULL,'1',27),(51,NULL,'2016-05-23 10:42:22','0',27),(52,NULL,'2016-05-23 10:45:27','0',26),(53,'2016-05-23 10:45:29',NULL,'1',26),(54,NULL,'2016-05-23 10:45:30','0',26),(55,'2016-05-23 10:45:32',NULL,'1',26),(56,NULL,'2016-05-23 10:48:34','0',29),(57,'2016-05-23 10:48:36',NULL,'1',29),(58,NULL,'2016-05-23 10:48:37','0',29),(59,'2016-05-23 10:48:39',NULL,'1',29),(60,NULL,'2016-05-23 10:59:50','0',26),(61,'2016-05-23 10:59:53',NULL,'1',26),(62,'2016-05-23 11:15:42',NULL,'1',28),(63,NULL,'2016-05-23 11:15:49','0',28),(69,NULL,'2016-05-25 19:13:46','0',26),(70,'2016-05-25 19:13:48',NULL,'1',26);
/*!40000 ALTER TABLE `ship_status_details` ENABLE KEYS */;
UNLOCK TABLES;

--
-- Table structure for table `ship_types`
--

DROP TABLE IF EXISTS `ship_types`;
/*!40101 SET @saved_cs_client     = @@character_set_client */;
/*!40101 SET character_set_client = utf8 */;
CREATE TABLE `ship_types` (
  `id` int(11) NOT NULL AUTO_INCREMENT,
  `ShipType` varchar(255) COLLATE utf8_unicode_ci NOT NULL,
  PRIMARY KEY (`id`)
) ENGINE=InnoDB AUTO_INCREMENT=7 DEFAULT CHARSET=utf8 COLLATE=utf8_unicode_ci;
/*!40101 SET character_set_client = @saved_cs_client */;

--
-- Dumping data for table `ship_types`
--

LOCK TABLES `ship_types` WRITE;
/*!40000 ALTER TABLE `ship_types` DISABLE KEYS */;
INSERT INTO `ship_types` VALUES (1,'Cargo Ships'),(2,'Fishing Ships'),(3,'Passenger/Cruise ships'),(4,'Tankers'),(5,'High speed crafts'),(6,'Military ships');
/*!40000 ALTER TABLE `ship_types` ENABLE KEYS */;
UNLOCK TABLES;

--
-- Table structure for table `sub_element_details`
--

DROP TABLE IF EXISTS `sub_element_details`;
/*!40101 SET @saved_cs_client     = @@character_set_client */;
/*!40101 SET character_set_client = utf8 */;
CREATE TABLE `sub_element_details` (
  `id` int(11) NOT NULL AUTO_INCREMENT,
  `SubElementName` varchar(120) COLLATE utf8_unicode_ci NOT NULL,
  `Description` varchar(120) COLLATE utf8_unicode_ci NOT NULL,
  `CellName` varchar(30) COLLATE utf8_unicode_ci NOT NULL,
  `CellDetails` varchar(120) COLLATE utf8_unicode_ci NOT NULL,
  `ActivatedDate` date NOT NULL,
  `EndDate` date NOT NULL,
  `Weightage` varchar(50) COLLATE utf8_unicode_ci NOT NULL,
  `ElementDetailsId` int(11) DEFAULT NULL,
  PRIMARY KEY (`id`),
  KEY `IDX_9F763BF1ABFC5A8E` (`ElementDetailsId`),
  CONSTRAINT `FK_9F763BF1ABFC5A8E` FOREIGN KEY (`ElementDetailsId`) REFERENCES `element_details` (`id`)
) ENGINE=InnoDB DEFAULT CHARSET=utf8 COLLATE=utf8_unicode_ci;
/*!40101 SET character_set_client = @saved_cs_client */;

--
-- Dumping data for table `sub_element_details`
--

LOCK TABLES `sub_element_details` WRITE;
/*!40000 ALTER TABLE `sub_element_details` DISABLE KEYS */;
/*!40000 ALTER TABLE `sub_element_details` ENABLE KEYS */;
UNLOCK TABLES;

--
-- Table structure for table `user_role`
--

DROP TABLE IF EXISTS `user_role`;
/*!40101 SET @saved_cs_client     = @@character_set_client */;
/*!40101 SET character_set_client = utf8 */;
CREATE TABLE `user_role` (
  `id` int(11) NOT NULL AUTO_INCREMENT,
  `RoleName` varchar(75) COLLATE utf8_unicode_ci NOT NULL,
  PRIMARY KEY (`id`),
  UNIQUE KEY `UNIQ_2DE8C6A3FE6E2EE6` (`RoleName`)
) ENGINE=InnoDB DEFAULT CHARSET=utf8 COLLATE=utf8_unicode_ci;
/*!40101 SET character_set_client = @saved_cs_client */;

--
-- Dumping data for table `user_role`
--

LOCK TABLES `user_role` WRITE;
/*!40000 ALTER TABLE `user_role` DISABLE KEYS */;
/*!40000 ALTER TABLE `user_role` ENABLE KEYS */;
UNLOCK TABLES;
/*!40103 SET TIME_ZONE=@OLD_TIME_ZONE */;

/*!40101 SET SQL_MODE=@OLD_SQL_MODE */;
/*!40014 SET FOREIGN_KEY_CHECKS=@OLD_FOREIGN_KEY_CHECKS */;
/*!40014 SET UNIQUE_CHECKS=@OLD_UNIQUE_CHECKS */;
/*!40101 SET CHARACTER_SET_CLIENT=@OLD_CHARACTER_SET_CLIENT */;
/*!40101 SET CHARACTER_SET_RESULTS=@OLD_CHARACTER_SET_RESULTS */;
/*!40101 SET COLLATION_CONNECTION=@OLD_COLLATION_CONNECTION */;
/*!40111 SET SQL_NOTES=@OLD_SQL_NOTES */;

-- Dump completed on 2016-06-16 12:38:37
