-- MySQL dump 10.13  Distrib 5.5.46, for debian-linux-gnu (x86_64)
--
-- Host: localhost    Database: shipping_development
-- ------------------------------------------------------
-- Server version	5.5.46-0ubuntu0.14.04.2

/*!40101 SET @OLD_CHARACTER_SET_CLIENT=@@CHARACTER_SET_CLIENT */;
/*!40101 SET @OLD_CHARACTER_SET_RESULTS=@@CHARACTER_SET_RESULTS */;
/*!40101 SET @OLD_COLLATION_CONNECTION=@@COLLATION_CONNECTION */;
/*!40101 SET NAMES utf8 */;
/*!40103 SET @OLD_TIME_ZONE=@@TIME_ZONE */;
/*!40103 SET TIME_ZONE='+00:00' */;
/*!40014 SET @OLD_UNIQUE_CHECKS=@@UNIQUE_CHECKS, UNIQUE_CHECKS=0 */;
/*!40014 SET @OLD_FOREIGN_KEY_CHECKS=@@FOREIGN_KEY_CHECKS, FOREIGN_KEY_CHECKS=0 */;
/*!40101 SET @OLD_SQL_MODE=@@SQL_MODE, SQL_MODE='NO_AUTO_VALUE_ON_ZERO' */;
/*!40111 SET @OLD_SQL_NOTES=@@SQL_NOTES, SQL_NOTES=0 */;

--
-- Table structure for table `acl_classes`
--

DROP TABLE IF EXISTS `acl_classes`;
/*!40101 SET @saved_cs_client     = @@character_set_client */;
/*!40101 SET character_set_client = utf8 */;
CREATE TABLE `acl_classes` (
  `id` int(10) unsigned NOT NULL AUTO_INCREMENT,
  `class_type` varchar(200) COLLATE utf8_unicode_ci NOT NULL,
  PRIMARY KEY (`id`),
  UNIQUE KEY `UNIQ_69DD750638A36066` (`class_type`)
) ENGINE=InnoDB DEFAULT CHARSET=utf8 COLLATE=utf8_unicode_ci;
/*!40101 SET character_set_client = @saved_cs_client */;

--
-- Dumping data for table `acl_classes`
--

LOCK TABLES `acl_classes` WRITE;
/*!40000 ALTER TABLE `acl_classes` DISABLE KEYS */;
/*!40000 ALTER TABLE `acl_classes` ENABLE KEYS */;
UNLOCK TABLES;

--
-- Table structure for table `acl_entries`
--

DROP TABLE IF EXISTS `acl_entries`;
/*!40101 SET @saved_cs_client     = @@character_set_client */;
/*!40101 SET character_set_client = utf8 */;
CREATE TABLE `acl_entries` (
  `id` int(10) unsigned NOT NULL AUTO_INCREMENT,
  `class_id` int(10) unsigned NOT NULL,
  `object_identity_id` int(10) unsigned DEFAULT NULL,
  `security_identity_id` int(10) unsigned NOT NULL,
  `field_name` varchar(50) COLLATE utf8_unicode_ci DEFAULT NULL,
  `ace_order` smallint(5) unsigned NOT NULL,
  `mask` int(11) NOT NULL,
  `granting` tinyint(1) NOT NULL,
  `granting_strategy` varchar(30) COLLATE utf8_unicode_ci NOT NULL,
  `audit_success` tinyint(1) NOT NULL,
  `audit_failure` tinyint(1) NOT NULL,
  PRIMARY KEY (`id`),
  UNIQUE KEY `UNIQ_46C8B806EA000B103D9AB4A64DEF17BCE4289BF4` (`class_id`,`object_identity_id`,`field_name`,`ace_order`),
  KEY `IDX_46C8B806EA000B103D9AB4A6DF9183C9` (`class_id`,`object_identity_id`,`security_identity_id`),
  KEY `IDX_46C8B806EA000B10` (`class_id`),
  KEY `IDX_46C8B8063D9AB4A6` (`object_identity_id`),
  KEY `IDX_46C8B806DF9183C9` (`security_identity_id`),
  CONSTRAINT `FK_46C8B8063D9AB4A6` FOREIGN KEY (`object_identity_id`) REFERENCES `acl_object_identities` (`id`) ON DELETE CASCADE ON UPDATE CASCADE,
  CONSTRAINT `FK_46C8B806DF9183C9` FOREIGN KEY (`security_identity_id`) REFERENCES `acl_security_identities` (`id`) ON DELETE CASCADE ON UPDATE CASCADE,
  CONSTRAINT `FK_46C8B806EA000B10` FOREIGN KEY (`class_id`) REFERENCES `acl_classes` (`id`) ON DELETE CASCADE ON UPDATE CASCADE
) ENGINE=InnoDB DEFAULT CHARSET=utf8 COLLATE=utf8_unicode_ci;
/*!40101 SET character_set_client = @saved_cs_client */;

--
-- Dumping data for table `acl_entries`
--

LOCK TABLES `acl_entries` WRITE;
/*!40000 ALTER TABLE `acl_entries` DISABLE KEYS */;
/*!40000 ALTER TABLE `acl_entries` ENABLE KEYS */;
UNLOCK TABLES;

--
-- Table structure for table `acl_object_identities`
--

DROP TABLE IF EXISTS `acl_object_identities`;
/*!40101 SET @saved_cs_client     = @@character_set_client */;
/*!40101 SET character_set_client = utf8 */;
CREATE TABLE `acl_object_identities` (
  `id` int(10) unsigned NOT NULL AUTO_INCREMENT,
  `parent_object_identity_id` int(10) unsigned DEFAULT NULL,
  `class_id` int(10) unsigned NOT NULL,
  `object_identifier` varchar(100) COLLATE utf8_unicode_ci NOT NULL,
  `entries_inheriting` tinyint(1) NOT NULL,
  PRIMARY KEY (`id`),
  UNIQUE KEY `UNIQ_9407E5494B12AD6EA000B10` (`object_identifier`,`class_id`),
  KEY `IDX_9407E54977FA751A` (`parent_object_identity_id`),
  CONSTRAINT `FK_9407E54977FA751A` FOREIGN KEY (`parent_object_identity_id`) REFERENCES `acl_object_identities` (`id`)
) ENGINE=InnoDB DEFAULT CHARSET=utf8 COLLATE=utf8_unicode_ci;
/*!40101 SET character_set_client = @saved_cs_client */;

--
-- Dumping data for table `acl_object_identities`
--

LOCK TABLES `acl_object_identities` WRITE;
/*!40000 ALTER TABLE `acl_object_identities` DISABLE KEYS */;
/*!40000 ALTER TABLE `acl_object_identities` ENABLE KEYS */;
UNLOCK TABLES;

--
-- Table structure for table `acl_object_identity_ancestors`
--

DROP TABLE IF EXISTS `acl_object_identity_ancestors`;
/*!40101 SET @saved_cs_client     = @@character_set_client */;
/*!40101 SET character_set_client = utf8 */;
CREATE TABLE `acl_object_identity_ancestors` (
  `object_identity_id` int(10) unsigned NOT NULL,
  `ancestor_id` int(10) unsigned NOT NULL,
  PRIMARY KEY (`object_identity_id`,`ancestor_id`),
  KEY `IDX_825DE2993D9AB4A6` (`object_identity_id`),
  KEY `IDX_825DE299C671CEA1` (`ancestor_id`),
  CONSTRAINT `FK_825DE2993D9AB4A6` FOREIGN KEY (`object_identity_id`) REFERENCES `acl_object_identities` (`id`) ON DELETE CASCADE ON UPDATE CASCADE,
  CONSTRAINT `FK_825DE299C671CEA1` FOREIGN KEY (`ancestor_id`) REFERENCES `acl_object_identities` (`id`) ON DELETE CASCADE ON UPDATE CASCADE
) ENGINE=InnoDB DEFAULT CHARSET=utf8 COLLATE=utf8_unicode_ci;
/*!40101 SET character_set_client = @saved_cs_client */;

--
-- Dumping data for table `acl_object_identity_ancestors`
--

LOCK TABLES `acl_object_identity_ancestors` WRITE;
/*!40000 ALTER TABLE `acl_object_identity_ancestors` DISABLE KEYS */;
/*!40000 ALTER TABLE `acl_object_identity_ancestors` ENABLE KEYS */;
UNLOCK TABLES;

--
-- Table structure for table `acl_security_identities`
--

DROP TABLE IF EXISTS `acl_security_identities`;
/*!40101 SET @saved_cs_client     = @@character_set_client */;
/*!40101 SET character_set_client = utf8 */;
CREATE TABLE `acl_security_identities` (
  `id` int(10) unsigned NOT NULL AUTO_INCREMENT,
  `identifier` varchar(200) COLLATE utf8_unicode_ci NOT NULL,
  `username` tinyint(1) NOT NULL,
  PRIMARY KEY (`id`),
  UNIQUE KEY `UNIQ_8835EE78772E836AF85E0677` (`identifier`,`username`)
) ENGINE=InnoDB DEFAULT CHARSET=utf8 COLLATE=utf8_unicode_ci;
/*!40101 SET character_set_client = @saved_cs_client */;

--
-- Dumping data for table `acl_security_identities`
--

LOCK TABLES `acl_security_identities` WRITE;
/*!40000 ALTER TABLE `acl_security_identities` DISABLE KEYS */;
/*!40000 ALTER TABLE `acl_security_identities` ENABLE KEYS */;
UNLOCK TABLES;

--
-- Table structure for table `apps_countries`
--

DROP TABLE IF EXISTS `apps_countries`;
/*!40101 SET @saved_cs_client     = @@character_set_client */;
/*!40101 SET character_set_client = utf8 */;
CREATE TABLE `apps_countries` (
  `id` int(11) NOT NULL AUTO_INCREMENT,
  `CountryCode` varchar(4) COLLATE utf8_unicode_ci NOT NULL,
  `CountryName` varchar(255) COLLATE utf8_unicode_ci NOT NULL,
  PRIMARY KEY (`id`)
) ENGINE=InnoDB AUTO_INCREMENT=247 DEFAULT CHARSET=utf8 COLLATE=utf8_unicode_ci;
/*!40101 SET character_set_client = @saved_cs_client */;

--
-- Dumping data for table `apps_countries`
--

LOCK TABLES `apps_countries` WRITE;
/*!40000 ALTER TABLE `apps_countries` DISABLE KEYS */;
INSERT INTO `apps_countries` VALUES (1,'AF','Afghanistan'),(2,'AL','Albania'),(3,'DZ','Algeria'),(4,'DS','American Samoa'),(5,'AD','Andorra'),(6,'AO','Angola'),(7,'AI','Anguilla'),(8,'AQ','Antarctica'),(9,'AG','Antigua and Barbuda'),(10,'AR','Argentina'),(11,'AM','Armenia'),(12,'AW','Aruba'),(13,'AU','Australia'),(14,'AT','Austria'),(15,'AZ','Azerbaijan'),(16,'BS','Bahamas'),(17,'BH','Bahrain'),(18,'BD','Bangladesh'),(19,'BB','Barbados'),(20,'BY','Belarus'),(21,'BE','Belgium'),(22,'BZ','Belize'),(23,'BJ','Benin'),(24,'BM','Bermuda'),(25,'BT','Bhutan'),(26,'BO','Bolivia'),(27,'BA','Bosnia and Herzegovina'),(28,'BW','Botswana'),(29,'BV','Bouvet Island'),(30,'BR','Brazil'),(31,'IO','British Indian Ocean Territory'),(32,'BN','Brunei Darussalam'),(33,'BG','Bulgaria'),(34,'BF','Burkina Faso'),(35,'BI','Burundi'),(36,'KH','Cambodia'),(37,'CM','Cameroon'),(38,'CA','Canada'),(39,'CV','Cape Verde'),(40,'KY','Cayman Islands'),(41,'CF','Central African Republic'),(42,'TD','Chad'),(43,'CL','Chile'),(44,'CN','China'),(45,'CX','Christmas Island'),(46,'CC','Cocos (Keeling) Islands'),(47,'CO','Colombia'),(48,'KM','Comoros'),(49,'CG','Congo'),(50,'CK','Cook Islands'),(51,'CR','Costa Rica'),(52,'HR','Croatia (Hrvatska)'),(53,'CU','Cuba'),(54,'CY','Cyprus'),(55,'CZ','Czech Republic'),(56,'DK','Denmark'),(57,'DJ','Djibouti'),(58,'DM','Dominica'),(59,'DO','Dominican Republic'),(60,'TP','East Timor'),(61,'EC','Ecuador'),(62,'EG','Egypt'),(63,'SV','El Salvador'),(64,'GQ','Equatorial Guinea'),(65,'ER','Eritrea'),(66,'EE','Estonia'),(67,'ET','Ethiopia'),(68,'FK','Falkland Islands (Malvinas)'),(69,'FO','Faroe Islands'),(70,'FJ','Fiji'),(71,'FI','Finland'),(72,'FR','France'),(73,'FX','France, Metropolitan'),(74,'GF','French Guiana'),(75,'PF','French Polynesia'),(76,'TF','French Southern Territories'),(77,'GA','Gabon'),(78,'GM','Gambia'),(79,'GE','Georgia'),(80,'DE','Germany'),(81,'GH','Ghana'),(82,'GI','Gibraltar'),(83,'GK','Guernsey'),(84,'GR','Greece'),(85,'GL','Greenland'),(86,'GD','Grenada'),(87,'GP','Guadeloupe'),(88,'GU','Guam'),(89,'GT','Guatemala'),(90,'GN','Guinea'),(91,'GW','Guinea-Bissau'),(92,'GY','Guyana'),(93,'HT','Haiti'),(94,'HM','Heard and Mc Donald Islands'),(95,'HN','Honduras'),(96,'HK','Hong Kong'),(97,'HU','Hungary'),(98,'IS','Iceland'),(99,'IN','India'),(100,'IM','Isle of Man'),(101,'ID','Indonesia'),(102,'IR','Iran (Islamic Republic of)'),(103,'IQ','Iraq'),(104,'IE','Ireland'),(105,'IL','Israel'),(106,'IT','Italy'),(107,'CI','Ivory Coast'),(108,'JE','Jersey'),(109,'JM','Jamaica'),(110,'JP','Japan'),(111,'JO','Jordan'),(112,'KZ','Kazakhstan'),(113,'KE','Kenya'),(114,'KI','Kiribati'),(115,'KP','Korea, Democratic People\'s Republic of'),(116,'KR','Korea, Republic of'),(117,'XK','Kosovo'),(118,'KW','Kuwait'),(119,'KG','Kyrgyzstan'),(120,'LA','Lao People\'s Democratic Republic'),(121,'LV','Latvia'),(122,'LB','Lebanon'),(123,'LS','Lesotho'),(124,'LR','Liberia'),(125,'LY','Libyan Arab Jamahiriya'),(126,'LI','Liechtenstein'),(127,'LT','Lithuania'),(128,'LU','Luxembourg'),(129,'MO','Macau'),(130,'MK','Macedonia'),(131,'MG','Madagascar'),(132,'MW','Malawi'),(133,'MY','Malaysia'),(134,'MV','Maldives'),(135,'ML','Mali'),(136,'MT','Malta'),(137,'MH','Marshall Islands'),(138,'MQ','Martinique'),(139,'MR','Mauritania'),(140,'MU','Mauritius'),(141,'TY','Mayotte'),(142,'MX','Mexico'),(143,'FM','Micronesia, Federated States of'),(144,'MD','Moldova, Republic of'),(145,'MC','Monaco'),(146,'MN','Mongolia'),(147,'ME','Montenegro'),(148,'MS','Montserrat'),(149,'MA','Morocco'),(150,'MZ','Mozambique'),(151,'MM','Myanmar'),(152,'NA','Namibia'),(153,'NR','Nauru'),(154,'NP','Nepal'),(155,'NL','Netherlands'),(156,'AN','Netherlands Antilles'),(157,'NC','New Caledonia'),(158,'NZ','New Zealand'),(159,'NI','Nicaragua'),(160,'NE','Niger'),(161,'NG','Nigeria'),(162,'NU','Niue'),(163,'NF','Norfolk Island'),(164,'MP','Northern Mariana Islands'),(165,'NO','Norway'),(166,'OM','Oman'),(167,'PK','Pakistan'),(168,'PW','Palau'),(169,'PS','Palestine'),(170,'PA','Panama'),(171,'PG','Papua New Guinea'),(172,'PY','Paraguay'),(173,'PE','Peru'),(174,'PH','Philippines'),(175,'PN','Pitcairn'),(176,'PL','Poland'),(177,'PT','Portugal'),(178,'PR','Puerto Rico'),(179,'QA','Qatar'),(180,'RE','Reunion'),(181,'RO','Romania'),(182,'RU','Russian Federation'),(183,'RW','Rwanda'),(184,'KN','Saint Kitts and Nevis'),(185,'LC','Saint Lucia'),(186,'VC','Saint Vincent and the Grenadines'),(187,'WS','Samoa'),(188,'SM','San Marino'),(189,'ST','Sao Tome and Principe'),(190,'SA','Saudi Arabia'),(191,'SN','Senegal'),(192,'RS','Serbia'),(193,'SC','Seychelles'),(194,'SL','Sierra Leone'),(195,'SG','Singapore'),(196,'SK','Slovakia'),(197,'SI','Slovenia'),(198,'SB','Solomon Islands'),(199,'SO','Somalia'),(200,'ZA','South Africa'),(201,'GS','South Georgia South Sandwich Islands'),(202,'ES','Spain'),(203,'LK','Sri Lanka'),(204,'SH','St. Helena'),(205,'PM','St. Pierre and Miquelon'),(206,'SD','Sudan'),(207,'SR','Suriname'),(208,'SJ','Svalbard and Jan Mayen Islands'),(209,'SZ','Swaziland'),(210,'SE','Sweden'),(211,'CH','Switzerland'),(212,'SY','Syrian Arab Republic'),(213,'TW','Taiwan'),(214,'TJ','Tajikistan'),(215,'TZ','Tanzania, United Republic of'),(216,'TH','Thailand'),(217,'TG','Togo'),(218,'TK','Tokelau'),(219,'TO','Tonga'),(220,'TT','Trinidad and Tobago'),(221,'TN','Tunisia'),(222,'TR','Turkey'),(223,'TM','Turkmenistan'),(224,'TC','Turks and Caicos Islands'),(225,'TV','Tuvalu'),(226,'UG','Uganda'),(227,'UA','Ukraine'),(228,'AE','United Arab Emirates'),(229,'GB','United Kingdom'),(230,'US','United States'),(231,'UM','United States minor outlying islands'),(232,'UY','Uruguay'),(233,'UZ','Uzbekistan'),(234,'VU','Vanuatu'),(235,'VA','Vatican City State'),(236,'VE','Venezuela'),(237,'VN','Vietnam'),(238,'VG','Virgin Islands (British)'),(239,'VI','Virgin Islands (U.S.)'),(240,'WF','Wallis and Futuna Islands'),(241,'EH','Western Sahara'),(242,'YE','Yemen'),(243,'YU','Yugoslavia'),(244,'ZR','Zaire'),(245,'ZM','Zambia'),(246,'ZW','Zimbabwe');
/*!40000 ALTER TABLE `apps_countries` ENABLE KEYS */;
UNLOCK TABLES;

--
-- Table structure for table `calculation_rules`
--

DROP TABLE IF EXISTS `calculation_rules`;
/*!40101 SET @saved_cs_client     = @@character_set_client */;
/*!40101 SET character_set_client = utf8 */;
CREATE TABLE `calculation_rules` (
  `id` int(11) NOT NULL AUTO_INCREMENT,
  `Rules` varchar(255) COLLATE utf8_unicode_ci NOT NULL,
  `RuleConditions` varchar(255) COLLATE utf8_unicode_ci NOT NULL,
  `RuleActions` varchar(255) COLLATE utf8_unicode_ci NOT NULL,
  `KpiDetailsId` int(11) DEFAULT NULL,
  `ElementDetailsId` int(11) DEFAULT NULL,
  PRIMARY KEY (`id`),
  KEY `IDX_FD574383F10FA648` (`KpiDetailsId`),
  KEY `IDX_FD574383ABFC5A8E` (`ElementDetailsId`),
  CONSTRAINT `FK_FD574383ABFC5A8E` FOREIGN KEY (`ElementDetailsId`) REFERENCES `element_details` (`id`),
  CONSTRAINT `FK_FD574383F10FA648` FOREIGN KEY (`KpiDetailsId`) REFERENCES `kpi_details` (`id`)
) ENGINE=InnoDB DEFAULT CHARSET=utf8 COLLATE=utf8_unicode_ci;
/*!40101 SET character_set_client = @saved_cs_client */;

--
-- Dumping data for table `calculation_rules`
--

LOCK TABLES `calculation_rules` WRITE;
/*!40000 ALTER TABLE `calculation_rules` DISABLE KEYS */;
/*!40000 ALTER TABLE `calculation_rules` ENABLE KEYS */;
UNLOCK TABLES;

--
-- Table structure for table `chart`
--

DROP TABLE IF EXISTS `chart`;
/*!40101 SET @saved_cs_client     = @@character_set_client */;
/*!40101 SET character_set_client = utf8 */;
CREATE TABLE `chart` (
  `id` int(11) NOT NULL AUTO_INCREMENT,
  `kpiname` varchar(255) COLLATE utf8_unicode_ci NOT NULL,
  `fromdate` date NOT NULL,
  `todate` date NOT NULL,
  `KpiDetailsId` int(11) DEFAULT NULL,
  PRIMARY KEY (`id`),
  KEY `IDX_E5562A2AF10FA648` (`KpiDetailsId`),
  CONSTRAINT `FK_E5562A2AF10FA648` FOREIGN KEY (`KpiDetailsId`) REFERENCES `kpi_details` (`id`)
) ENGINE=InnoDB DEFAULT CHARSET=utf8 COLLATE=utf8_unicode_ci;
/*!40101 SET character_set_client = @saved_cs_client */;

--
-- Dumping data for table `chart`
--

LOCK TABLES `chart` WRITE;
/*!40000 ALTER TABLE `chart` DISABLE KEYS */;
/*!40000 ALTER TABLE `chart` ENABLE KEYS */;
UNLOCK TABLES;

--
-- Table structure for table `company_details`
--

DROP TABLE IF EXISTS `company_details`;
/*!40101 SET @saved_cs_client     = @@character_set_client */;
/*!40101 SET character_set_client = utf8 */;
CREATE TABLE `company_details` (
  `id` int(11) NOT NULL AUTO_INCREMENT,
  `CompanyName` varchar(125) COLLATE utf8_unicode_ci NOT NULL,
  `AdminName` varchar(75) COLLATE utf8_unicode_ci NOT NULL,
  `EmailId` varchar(75) COLLATE utf8_unicode_ci NOT NULL,
  PRIMARY KEY (`id`),
  UNIQUE KEY `UNIQ_5274115D3115C37D` (`CompanyName`),
  UNIQUE KEY `UNIQ_5274115DF7E01C19` (`EmailId`)
) ENGINE=InnoDB AUTO_INCREMENT=13 DEFAULT CHARSET=utf8 COLLATE=utf8_unicode_ci;
/*!40101 SET character_set_client = @saved_cs_client */;

--
-- Dumping data for table `company_details`
--

LOCK TABLES `company_details` WRITE;
/*!40000 ALTER TABLE `company_details` DISABLE KEYS */;
INSERT INTO `company_details` VALUES (10,'Star','sathish','star123@gmail.com'),(11,'Google','google','google12@gmail.com'),(12,'10','satz','satz@gmail.com');
/*!40000 ALTER TABLE `company_details` ENABLE KEYS */;
UNLOCK TABLES;

--
-- Table structure for table `company_users`
--

DROP TABLE IF EXISTS `company_users`;
/*!40101 SET @saved_cs_client     = @@character_set_client */;
/*!40101 SET character_set_client = utf8 */;
CREATE TABLE `company_users` (
  `id` int(11) NOT NULL AUTO_INCREMENT,
  `companyName` int(11) DEFAULT NULL,
  `UserName` varchar(125) COLLATE utf8_unicode_ci NOT NULL,
  `role` int(11) DEFAULT NULL,
  `EmailId` varchar(75) COLLATE utf8_unicode_ci NOT NULL,
  PRIMARY KEY (`id`),
  UNIQUE KEY `UNIQ_5372078CF7E01C19` (`EmailId`),
  KEY `IDX_5372078CB7894CAA` (`companyName`),
  KEY `IDX_5372078C57698A6A` (`role`),
  CONSTRAINT `FK_5372078C57698A6A` FOREIGN KEY (`role`) REFERENCES `user_role` (`id`),
  CONSTRAINT `FK_5372078CB7894CAA` FOREIGN KEY (`companyName`) REFERENCES `company_details` (`id`)
) ENGINE=InnoDB AUTO_INCREMENT=3 DEFAULT CHARSET=utf8 COLLATE=utf8_unicode_ci;
/*!40101 SET character_set_client = @saved_cs_client */;

--
-- Dumping data for table `company_users`
--

LOCK TABLES `company_users` WRITE;
/*!40000 ALTER TABLE `company_users` DISABLE KEYS */;
INSERT INTO `company_users` VALUES (1,NULL,'Murali',NULL,'murali12@gmail.com'),(2,NULL,'Mani',NULL,'mani123@gmail.com');
/*!40000 ALTER TABLE `company_users` ENABLE KEYS */;
UNLOCK TABLES;

--
-- Table structure for table `element_details`
--

DROP TABLE IF EXISTS `element_details`;
/*!40101 SET @saved_cs_client     = @@character_set_client */;
/*!40101 SET character_set_client = utf8 */;
CREATE TABLE `element_details` (
  `id` int(11) NOT NULL AUTO_INCREMENT,
  `KpiDetailsId` int(11) DEFAULT NULL,
  `ElementName` varchar(125) COLLATE utf8_unicode_ci NOT NULL,
  `Description` varchar(75) COLLATE utf8_unicode_ci DEFAULT NULL,
  `CellName` varchar(35) COLLATE utf8_unicode_ci NOT NULL,
  `CellDetails` varchar(75) COLLATE utf8_unicode_ci DEFAULT NULL,
  `ActivatedDate` date NOT NULL,
  `EndDate` date NOT NULL,
  `Weightage` varchar(50) COLLATE utf8_unicode_ci NOT NULL,
  `Rules` varchar(255) COLLATE utf8_unicode_ci NOT NULL,
  PRIMARY KEY (`id`),
  KEY `IDX_85CD4BDEF10FA648` (`KpiDetailsId`),
  CONSTRAINT `FK_85CD4BDEF10FA648` FOREIGN KEY (`KpiDetailsId`) REFERENCES `kpi_details` (`id`)
) ENGINE=InnoDB AUTO_INCREMENT=149 DEFAULT CHARSET=utf8 COLLATE=utf8_unicode_ci;
/*!40101 SET character_set_client = @saved_cs_client */;

--
-- Dumping data for table `element_details`
--

LOCK TABLES `element_details` WRITE;
/*!40000 ALTER TABLE `element_details` DISABLE KEYS */;
INSERT INTO `element_details` VALUES (110,549,'Claims from Charterer on Speed  and Fuel Consumption','good one','C7','good ok','2011-01-01','2011-01-01','100',''),(111,563,'Cargo Hold & Log Readiness','star systems ships','C8','shio23','2011-01-01','2013-01-01','40',''),(112,563,'Hatch Cover water tightness','good','C9','okk','2015-01-01','2011-01-01','sdfd',''),(113,563,'Cargo Crane Operation ','mine shi','C10','good','2011-01-01','2011-01-01','40',''),(114,577,'Variance between Tank Soundings & Log Book Figs','good','C11','shio','2013-01-01','2011-01-01','100',''),(116,591,'Reports to Owner ','good okayy','C12','okayy','2011-01-01','2011-01-01','50',''),(117,591,'Logistics','performance ok','C13','shio23','2011-06-01','2011-10-01','50',''),(118,605,'SCOC','good','C14','shio','2011-01-01','2011-01-01','30',''),(119,605,'Bulk Stem ','nmnm,m','C15','shio','2011-01-01','2011-01-01','40',''),(120,605,'Late Order Charge & Minimum Delivery Charge ','working ok','C17','shio23','2011-01-01','2011-01-01','30',''),(121,619,'Percentage of Jobs based on PMS','good','C18','okayyy','2011-01-01','2011-01-01','100',''),(122,633,'Unplanned Technical Downtime - YTD','good','C20','dsfadfsdf','2011-01-01','2011-01-01','80',''),(123,633,'Planned Technical Downtime per Vessel - YTD','good okayy','C22','god','2014-01-01','2014-01-01','20',''),(124,647,'LTIF for Fleet','ok','C23','good','2011-01-01','2011-01-01','30',''),(125,647,'TRCF for Fleet','okayy','C24','good','2011-04-01','2011-01-01','30',''),(128,661,'Total  Operating Expense','good','C26','works ok','2011-01-01','2011-01-01','30',''),(129,661,'Technical Expense','good','C27','finey','2011-01-01','2011-01-01','25',''),(130,661,'Manning Expense','mines','C28','okayy','2018-03-01','2018-01-01','40',''),(131,661,'Voyage Related Expense/OAE','good','C29','good','2011-01-01','2011-01-01','5',''),(132,675,'Retention Rate for Indian Crew','performance ok','C30','good ok','2011-01-01','2011-01-01','50',''),(133,675,'Ability to implement specific & cost effective training for deck officers, engineers and crew. ','good','C31','gikieew2','2011-01-01','2011-01-01','50',''),(135,689,'Total Docking Cost vs Budget','gooof','C32','good','2011-01-01','2011-01-01','15',''),(137,689,'Total Time in Dock vs Budget','nmnmm','30','good','2011-01-01','2011-01-01','35',''),(138,689,'Final Docking Report Timelines','goof','C34','dsfadfsdf','2011-01-01','2011-01-01','20',''),(140,689,'Vessel Load Ready Timelines','msinesd','C35','dsfadfsdf','2011-01-01','2011-01-01','15',''),(141,703,'No. Of PSC Deficiencies Per Inspection','sooe','C36','good','2011-01-01','2011-01-01','15',''),(142,703,'PSC Detention Rate','works hook','C37','good','2011-01-01','2011-01-01','15',''),(143,703,'No. Of PSC Inspections without Deficiencies Per Inspection','good','C38','shio23','2012-02-01','2014-06-01','15',''),(145,703,'ISM/ISPS/MLC (shipboard) Audit Major NCR ','okayy','C40','godd','2011-01-01','2011-01-01','20',''),(146,703,'Right Ship Rating ','performance ok','C41','good ok','2011-01-01','2011-01-01','20',''),(147,703,'DOC (office) Audit  Major NCR ','ok','C43','good','2011-01-01','2011-01-01','15',''),(148,563,'Major Incidents','okayy','C4','good','2016-04-08','2003-05-01','40','');
/*!40000 ALTER TABLE `element_details` ENABLE KEYS */;
UNLOCK TABLES;

--
-- Table structure for table `element_rules`
--

DROP TABLE IF EXISTS `element_rules`;
/*!40101 SET @saved_cs_client     = @@character_set_client */;
/*!40101 SET character_set_client = utf8 */;
CREATE TABLE `element_rules` (
  `id` int(11) NOT NULL AUTO_INCREMENT,
  `Rules` varchar(255) COLLATE utf8_unicode_ci NOT NULL,
  `ElementDetailsId` int(11) DEFAULT NULL,
  PRIMARY KEY (`id`),
  KEY `IDX_4DB8EDA5ABFC5A8E` (`ElementDetailsId`),
  CONSTRAINT `FK_4DB8EDA5ABFC5A8E` FOREIGN KEY (`ElementDetailsId`) REFERENCES `element_details` (`id`)
) ENGINE=InnoDB DEFAULT CHARSET=utf8 COLLATE=utf8_unicode_ci;
/*!40101 SET character_set_client = @saved_cs_client */;

--
-- Dumping data for table `element_rules`
--

LOCK TABLES `element_rules` WRITE;
/*!40000 ALTER TABLE `element_rules` DISABLE KEYS */;
/*!40000 ALTER TABLE `element_rules` ENABLE KEYS */;
UNLOCK TABLES;

--
-- Table structure for table `email_group`
--

DROP TABLE IF EXISTS `email_group`;
/*!40101 SET @saved_cs_client     = @@character_set_client */;
/*!40101 SET character_set_client = utf8 */;
CREATE TABLE `email_group` (
  `id` int(11) NOT NULL AUTO_INCREMENT,
  `companyid` int(11) DEFAULT NULL,
  `groupname` varchar(255) COLLATE utf8_unicode_ci NOT NULL,
  `groupstatus` int(11) NOT NULL,
  PRIMARY KEY (`id`),
  KEY `IDX_F08D054AB104C381` (`companyid`),
  CONSTRAINT `FK_F08D054AB104C381` FOREIGN KEY (`companyid`) REFERENCES `company_details` (`id`)
) ENGINE=InnoDB AUTO_INCREMENT=3 DEFAULT CHARSET=utf8 COLLATE=utf8_unicode_ci;
/*!40101 SET character_set_client = @saved_cs_client */;

--
-- Dumping data for table `email_group`
--

LOCK TABLES `email_group` WRITE;
/*!40000 ALTER TABLE `email_group` DISABLE KEYS */;
INSERT INTO `email_group` VALUES (1,10,'Star Systems',0),(2,10,'Sample',0);
/*!40000 ALTER TABLE `email_group` ENABLE KEYS */;
UNLOCK TABLES;

--
-- Table structure for table `email_users`
--

DROP TABLE IF EXISTS `email_users`;
/*!40101 SET @saved_cs_client     = @@character_set_client */;
/*!40101 SET character_set_client = utf8 */;
CREATE TABLE `email_users` (
  `id` int(11) NOT NULL AUTO_INCREMENT,
  `groupid` int(11) DEFAULT NULL,
  `useremailid` varchar(255) COLLATE utf8_unicode_ci NOT NULL,
  PRIMARY KEY (`id`),
  KEY `IDX_89CEE4667805AC12` (`groupid`),
  CONSTRAINT `FK_89CEE4667805AC12` FOREIGN KEY (`groupid`) REFERENCES `email_group` (`id`)
) ENGINE=InnoDB AUTO_INCREMENT=5 DEFAULT CHARSET=utf8 COLLATE=utf8_unicode_ci;
/*!40101 SET character_set_client = @saved_cs_client */;

--
-- Dumping data for table `email_users`
--

LOCK TABLES `email_users` WRITE;
/*!40000 ALTER TABLE `email_users` DISABLE KEYS */;
INSERT INTO `email_users` VALUES (1,1,'doss.cclawrance226@gmail.com'),(2,1,'lawrance@coumsoft.co.uk'),(3,2,'sample@gmail.com'),(4,2,'abc@gmail.com');
/*!40000 ALTER TABLE `email_users` ENABLE KEYS */;
UNLOCK TABLES;

--
-- Table structure for table `excel_file_details`
--

DROP TABLE IF EXISTS `excel_file_details`;
/*!40101 SET @saved_cs_client     = @@character_set_client */;
/*!40101 SET character_set_client = utf8 */;
CREATE TABLE `excel_file_details` (
  `id` int(11) NOT NULL AUTO_INCREMENT,
  `filename` varchar(255) COLLATE utf8_unicode_ci NOT NULL,
  `data_of_month` date NOT NULL,
  `userid` varchar(255) COLLATE utf8_unicode_ci NOT NULL,
  `datetime` datetime NOT NULL,
  `company_id` int(11) NOT NULL,
  PRIMARY KEY (`id`)
) ENGINE=InnoDB AUTO_INCREMENT=24 DEFAULT CHARSET=utf8 COLLATE=utf8_unicode_ci;
/*!40101 SET character_set_client = @saved_cs_client */;

--
-- Dumping data for table `excel_file_details`
--

LOCK TABLES `excel_file_details` WRITE;
/*!40000 ALTER TABLE `excel_file_details` DISABLE KEYS */;
INSERT INTO `excel_file_details` VALUES (22,'newexcel2016-03-12 16-31-34.xlsx','2016-03-31','sathish','2016-03-12 16:38:14',10),(23,'aksdfjskdafef','2016-04-30','sathish','2016-03-03 00:00:00',10);
/*!40000 ALTER TABLE `excel_file_details` ENABLE KEYS */;
UNLOCK TABLES;

--
-- Table structure for table `excel_file_details_ranking`
--

DROP TABLE IF EXISTS `excel_file_details_ranking`;
/*!40101 SET @saved_cs_client     = @@character_set_client */;
/*!40101 SET character_set_client = utf8 */;
CREATE TABLE `excel_file_details_ranking` (
  `id` int(11) NOT NULL AUTO_INCREMENT,
  `filename` varchar(255) COLLATE utf8_unicode_ci NOT NULL,
  `data_of_month` date NOT NULL,
  `userid` varchar(255) COLLATE utf8_unicode_ci NOT NULL,
  `datetime` datetime NOT NULL,
  `company_id` int(11) NOT NULL,
  PRIMARY KEY (`id`)
) ENGINE=InnoDB DEFAULT CHARSET=utf8 COLLATE=utf8_unicode_ci;
/*!40101 SET character_set_client = @saved_cs_client */;

--
-- Dumping data for table `excel_file_details_ranking`
--

LOCK TABLES `excel_file_details_ranking` WRITE;
/*!40000 ALTER TABLE `excel_file_details_ranking` DISABLE KEYS */;
/*!40000 ALTER TABLE `excel_file_details_ranking` ENABLE KEYS */;
UNLOCK TABLES;

--
-- Table structure for table `fos_user`
--

DROP TABLE IF EXISTS `fos_user`;
/*!40101 SET @saved_cs_client     = @@character_set_client */;
/*!40101 SET character_set_client = utf8 */;
CREATE TABLE `fos_user` (
  `id` int(11) NOT NULL AUTO_INCREMENT,
  `username` varchar(255) COLLATE utf8_unicode_ci NOT NULL,
  `username_canonical` varchar(255) COLLATE utf8_unicode_ci NOT NULL,
  `email` varchar(255) COLLATE utf8_unicode_ci NOT NULL,
  `email_canonical` varchar(255) COLLATE utf8_unicode_ci NOT NULL,
  `enabled` tinyint(1) NOT NULL,
  `salt` varchar(255) COLLATE utf8_unicode_ci NOT NULL,
  `password` varchar(255) COLLATE utf8_unicode_ci NOT NULL,
  `last_login` datetime DEFAULT NULL,
  `locked` tinyint(1) NOT NULL,
  `expired` tinyint(1) NOT NULL,
  `expires_at` datetime DEFAULT NULL,
  `confirmation_token` varchar(255) COLLATE utf8_unicode_ci DEFAULT NULL,
  `password_requested_at` datetime DEFAULT NULL,
  `roles` longtext COLLATE utf8_unicode_ci NOT NULL COMMENT '(DC2Type:array)',
  `credentials_expired` tinyint(1) NOT NULL,
  `credentials_expire_at` datetime DEFAULT NULL,
  `companyid` int(11) DEFAULT NULL,
  `mobile` varchar(255) COLLATE utf8_unicode_ci DEFAULT NULL,
  `fullname` varchar(255) COLLATE utf8_unicode_ci DEFAULT NULL,
  PRIMARY KEY (`id`),
  UNIQUE KEY `UNIQ_957A647992FC23A8` (`username_canonical`),
  UNIQUE KEY `UNIQ_957A6479A0D96FBF` (`email_canonical`),
  KEY `IDX_957A6479B104C381` (`companyid`),
  CONSTRAINT `FK_957A6479B104C381` FOREIGN KEY (`companyid`) REFERENCES `company_details` (`id`)
) ENGINE=InnoDB AUTO_INCREMENT=135 DEFAULT CHARSET=utf8 COLLATE=utf8_unicode_ci;
/*!40101 SET character_set_client = @saved_cs_client */;

--
-- Dumping data for table `fos_user`
--

LOCK TABLES `fos_user` WRITE;
/*!40000 ALTER TABLE `fos_user` DISABLE KEYS */;
INSERT INTO `fos_user` VALUES (62,'StarSystems','starsystems','star@gmail.com','star@gmail.com',1,'94otyyycz5kwokw8s88og0skosoowgg','$2y$13$94otyyycz5kwokw8s88ogu.JeWg5QjHotPsE9Ksi1OZveSIN1RteG','2016-03-17 20:28:55',0,0,NULL,NULL,NULL,'a:1:{i:0;s:16:\"ROLE_SUPER_ADMIN\";}',0,NULL,NULL,NULL,NULL),(63,'sathish','sathish','star123@gmail.com','star123@gmail.com',1,'nx5ffv3cexc8kks4c88cg480sgo44c4','$2y$13$nx5ffv3cexc8kks4c88cgu2lXLUVpoXRQ/prRkklLloda7oETzsUK','2016-05-20 13:17:49',0,0,NULL,NULL,NULL,'a:1:{i:0;s:10:\"ROLE_ADMIN\";}',0,NULL,NULL,NULL,NULL),(64,'google','google','google12@gmail.com','google12@gmail.com',1,'smfyuavw4f4k4cwog0kcg8o440s4o8k','$2y$13$smfyuavw4f4k4cwog0kcguq7/DmIxE0wvHiQK2Uk0gE002IV8YVQy','2016-03-15 15:35:58',0,0,NULL,NULL,NULL,'a:1:{i:0;s:10:\"ROLE_ADMIN\";}',0,NULL,NULL,NULL,NULL),(66,'deva','deva','devakumar@gmail.com','devakumar@gmail.com',1,'qemxph5pl0080oks404cws8gs08coc0','$2y$13$qemxph5pl0080oks404cweCcmII73Dv22qUrR1wm4kBjmZJy0jMVS',NULL,0,0,NULL,NULL,NULL,'a:1:{i:0;s:12:\"ROLE_MANAGER\";}',0,NULL,10,NULL,NULL),(79,'prakash','prakash','prakash12@gmail.com','prakash12@gmail.com',1,'16mp9k9a12808wowcks44wwcsw48o8k','$2y$13$16mp9k9a12808wowcks44uITnSq/crDq6oiFtb3CE0QUby/fjHuQ.',NULL,0,0,NULL,NULL,NULL,'a:1:{i:0;s:11:\"REPORT USER\";}',0,NULL,10,NULL,NULL),(80,'Sathishkumar','sathishkumar','sathish22@gmail.com','sathish22@gmail.com',1,'lyy9bcpa3oggsccow8kcggw4osgwosk','$2y$13$lyy9bcpa3oggsccow8kcgevbyhkUvRBU5p/MgJyo6uQsHLnxrnu5y','2016-03-23 17:52:49',0,0,NULL,NULL,NULL,'a:1:{i:0;s:10:\"ROLE_ADMIN\";}',0,NULL,10,NULL,NULL),(81,'lawrenceraj','lawrenceraj','larwence23@gmail.com','larwence23@gmail.com',1,'racthcqljesko0wows4c00o0wwgock0','$2y$13$racthcqljesko0wows4c0uNhNvidQilV/7IRR2PvP79sg0fg9aipa',NULL,0,0,NULL,NULL,NULL,'a:1:{i:0;s:11:\"KPI MANAGER\";}',0,NULL,10,NULL,NULL),(85,'Ganeshkumar','ganeshkumar','ganeshkumar12334@gmail.co','ganeshkumar12334@gmail.co',1,'darm7v0d568s8ockcc8c8cccwwoc0gw','$2y$13$darm7v0d568s8ockcc8c8OVLhzTsx161fu/g18DJsND/Om1LfklLu',NULL,0,0,NULL,NULL,NULL,'a:1:{i:0;s:0:\"\";}',0,NULL,10,NULL,NULL),(86,'vijayprakash','vijayprakash','veeajay12@gmail.com','veeajay12@gmail.com',1,'nepcyn7y228scg08ow4k4ko4ksc8cks','$2y$13$nepcyn7y228scg08ow4k4eFFpw.CIle/jmKBuz4T8t4aFNneNsH2q','2016-03-23 17:41:23',0,0,NULL,NULL,NULL,'a:1:{i:0;s:11:\"KPI MANAGER\";}',0,NULL,10,NULL,NULL),(87,'krishnan','krishnan','krishnakumar123@gmail.com','krishnakumar123@gmail.com',1,'dy2b4fzss5c04kss4sgkk84o4o8gwc4','$2y$13$dy2b4fzss5c04kss4sgkkur4KhiSKrjnnneGDY8Owx0Fd6eMVEb7a','2016-03-23 18:27:09',0,0,NULL,NULL,NULL,'a:1:{i:0;s:5:\"ADMIN\";}',0,NULL,10,NULL,NULL),(88,'sharathkumar','sharathkumar','sharathkumar12@gmail.com','sharathkumar12@gmail.com',1,'etdbj5vyh28k8kokow8okw44kg0ws8w','$2y$13$etdbj5vyh28k8kokow8okuwpqvCUmmMTUymB7koeXnpQxO4w4R15W','2016-04-04 17:49:30',0,0,NULL,NULL,NULL,'a:1:{i:0;s:5:\"ADMIN\";}',0,NULL,10,NULL,NULL),(97,'harikumar','harikumar','hari1kumar2@gmail.com','hari1kumar2@gmail.com',1,'kprgg2ow6kgwsowkkg8w0c80s8cwk4c','$2y$13$kprgg2ow6kgwsowkkg8w0ODrKcRWGaW.KhVucnirCPiCvZMmveTI2','2016-04-04 19:27:55',0,0,NULL,NULL,NULL,'a:1:{i:0;s:5:\"ADMIN\";}',0,NULL,10,NULL,NULL),(104,'aswinkumar','aswinkumar','aswin123@gmail.com','aswin123@gmail.com',0,'iscnyprx0rsoo0ggc4o4c4c40ssgcsw','$2y$13$iscnyprx0rsoo0ggc4o4cuWZLgiKsjE2jsAYwJwMZUVg4xU5JHbTK',NULL,0,0,NULL,NULL,NULL,'a:1:{i:0;s:17:\"KPI INFO PROVIDER\";}',0,NULL,10,NULL,NULL),(108,'santhosh','santhosh','santhosh007@gmail.com','santhosh007@gmail.com',0,'3brfy18lx6048k0ks8os8w48ccko8g','$2y$13$3brfy18lx6048k0ks8os8uDZ4P52KctyXhL5PKEdndiIP3z7Tzp56',NULL,0,0,NULL,NULL,NULL,'a:1:{i:0;s:5:\"ADMIN\";}',0,NULL,10,NULL,NULL),(119,'kohli','kohli','kohli23@gmail.com','kohli23@gmail.com',0,'ha7wyxj5ydc0k40go44gs44gccco88o','$2y$13$ha7wyxj5ydc0k40go44gsunkL/BaNZYin3WRIDJ5NgxtF65R9uJ.a',NULL,0,0,NULL,NULL,NULL,'a:1:{i:0;s:5:\"ADMIN\";}',0,NULL,10,'9008654322','Virat kohli'),(120,'Manish','manish','mani123@gmail.com','mani123@gmail.com',0,'chwl683k5cocgs0kgkc4gcgs48o8co8','$2y$13$chwl683k5cocgs0kgkc4gOqpQSZB0RuHpPUH8y4dVDYwBQR/9KZj2',NULL,0,0,NULL,NULL,NULL,'a:1:{i:0;s:5:\"ADMIN\";}',0,NULL,10,'9123465890','manikandan'),(122,'sathya','sathya','sathya12@gmail.com','sathya12@gmail.com',0,'nnrjdqvt5pcgg8gggwowkowccok40ko','$2y$13$nnrjdqvt5pcgg8gggwowker/IL5bdoaQJJsSN1FK9cOQuVa06HWde',NULL,0,0,NULL,NULL,NULL,'a:1:{i:0;s:5:\"ADMIN\";}',0,NULL,10,'9333456893','sathyaprakash'),(123,'rahul','rahul','rahu12@gmail.com','rahu12@gmail.com',0,'gjzxkhf4b0g0g8w44cgso4s4kksks04','$2y$13$gjzxkhf4b0g0g8w44cgsourciNHmDYIrB9MSBgU.8vaiwVLSH3fEi',NULL,0,0,NULL,NULL,NULL,'a:1:{i:0;s:5:\"ADMIN\";}',0,NULL,10,'9008654333','Rahukkumar'),(124,'tamil','tamil','tamil2@gmail.com','tamil2@gmail.com',0,'o8bka397ff4cc0sgc8gkccscwcg0gkk','$2y$13$o8bka397ff4cc0sgc8gkcOmUi1J.nYV7V/PY.g/a71RdWoF.LEBO2',NULL,0,0,NULL,NULL,NULL,'a:1:{i:0;s:12:\"ROLE_MANAGER\";}',0,NULL,10,'9008654333','Tamil'),(125,'arun','arun','arun22@gmail.com','arun22@gmail.com',0,'f9jf8vkpk0ock0c8kwog840sw88coo8','$2y$13$f9jf8vkpk0ock0c8kwog8ubvMD3TRUIrlkQnI4OTUwqoBMkMaKzFO',NULL,0,0,NULL,NULL,NULL,'a:1:{i:0;s:10:\"ROLE_ADMIN\";}',0,NULL,10,'9008654324','Arunkumar'),(126,'manojkumar','manojkumar','manoj22@gmail.com','manoj22@gmail.com',0,'6loz420bnyosog8o8ocgk4s0kkwokks','$2y$13$6loz420bnyosog8o8ocgkuXYNjUQtJ0YlaW889SH2F.pZra04nS/2',NULL,0,0,NULL,NULL,NULL,'a:1:{i:0;s:16:\"ROLE_REPORT_USER\";}',0,NULL,10,'9008654321','manoj'),(127,'akash','akash','akash123@gmail.com','akash123@gmail.com',1,'fbxn527fxk0kgo40gs8c0s0wokss00s','$2y$13$fbxn527fxk0kgo40gs8c0eqSihJ6K1/Onozq/x7ayWcqMsABVIKxS','2016-04-09 04:34:15',0,0,NULL,NULL,NULL,'a:1:{i:0;s:12:\"ROLE_MANAGER\";}',0,NULL,10,'9008654322','Akashkumar'),(129,'Naresh','naresh','nares23@gmail.com','nares23@gmail.com',1,'stk2qzhl428cw4s44swcw48ssg44gwc','$2y$13$stk2qzhl428cw4s44swcwutfRLuUmwEwyivdQTPaKA1wN33lP/oIC',NULL,0,0,NULL,NULL,NULL,'a:1:{i:0;s:16:\"ROLE_REPORT_USER\";}',0,NULL,10,'9333456824','NareshKumar'),(130,'Vships','vships','vship123@gmail.com','vship123@gmail.com',1,'gn2fr3aicl4w048cw4cg8wkckskg08g','$2y$13$gn2fr3aicl4w048cw4cg8uTSn9hdJNUf7Hj5HPjz27AhZ/Onljrpe','2016-04-08 17:53:07',0,0,NULL,NULL,NULL,'a:1:{i:0;s:22:\"ROLE_KPI_INFO PROVIDER\";}',0,NULL,10,'9008765432','VShips'),(132,'Manager','manager','man@gmail.com','man@gmail.com',1,'fx60syqzpyosg0ck0ko8ok08w0kcwcs','$2y$13$fx60syqzpyosg0ck0ko8oeep0RRl83Zdk23jPN/iuvABF3tqCqiUa','2016-05-19 12:45:23',0,0,NULL,NULL,NULL,'a:1:{i:0;s:12:\"ROLE_MANAGER\";}',0,NULL,10,NULL,NULL),(133,'kpiadmin','kpiadmin','kpi@gamil.com','kpi@gamil.com',1,'dnwrxg6vrhcggws0ck0w4880k44wg','$2y$13$dnwrxg6vrhcggws0ck0w4u67xEz20lwRuvxVnRsRSoKZrM6aqWKu2','2016-05-19 11:25:14',0,0,NULL,NULL,NULL,'a:1:{i:0;s:22:\"ROLE_KPI_INFO_PROVIDER\";}',0,NULL,10,NULL,NULL),(134,'Hari','hari','har123@gmail.com','har123@gmail.com',1,'n3liilffk408skg88swok0kgg8g8088','$2y$13$n3liilffk408skg88swokuR51VJtDsoOHJwI6b1JAm1Uno751FAYi','2016-04-11 23:20:58',0,0,NULL,NULL,NULL,'a:1:{i:0;s:12:\"ROLE_MANAGER\";}',0,NULL,10,'9008765432','hariprakash');
/*!40000 ALTER TABLE `fos_user` ENABLE KEYS */;
UNLOCK TABLES;

--
-- Table structure for table `kpi_details`
--

DROP TABLE IF EXISTS `kpi_details`;
/*!40101 SET @saved_cs_client     = @@character_set_client */;
/*!40101 SET character_set_client = utf8 */;
CREATE TABLE `kpi_details` (
  `id` int(11) NOT NULL AUTO_INCREMENT,
  `KpiName` varchar(125) COLLATE utf8_unicode_ci NOT NULL,
  `Description` varchar(150) COLLATE utf8_unicode_ci DEFAULT NULL,
  `ActiveDate` date NOT NULL,
  `EndDate` date NOT NULL,
  `CellName` varchar(35) COLLATE utf8_unicode_ci NOT NULL,
  `CellDetails` varchar(75) COLLATE utf8_unicode_ci DEFAULT NULL,
  `ShipDetailsId` int(11) DEFAULT NULL,
  `weightage` int(11) NOT NULL,
  PRIMARY KEY (`id`),
  KEY `IDX_7DB727695041247E` (`ShipDetailsId`),
  CONSTRAINT `FK_7DB727695041247E` FOREIGN KEY (`ShipDetailsId`) REFERENCES `ship_details` (`id`)
) ENGINE=InnoDB AUTO_INCREMENT=731 DEFAULT CHARSET=utf8 COLLATE=utf8_unicode_ci;
/*!40101 SET character_set_client = @saved_cs_client */;

--
-- Dumping data for table `kpi_details`
--

LOCK TABLES `kpi_details` WRITE;
/*!40000 ALTER TABLE `kpi_details` DISABLE KEYS */;
INSERT INTO `kpi_details` VALUES (549,'Vessel Performance','performance good','2015-04-01','2013-06-01','B7','good',26,0),(550,'Vessel Performance','performance good','2015-04-01','2013-06-01','B7','good',27,0),(551,'Vessel Performance','performance good','2015-04-01','2013-06-01','B7','good',28,0),(552,'Vessel Performance','performance good','2015-04-01','2013-06-01','B7','good',29,0),(553,'Vessel Performance','performance good','2015-04-01','2013-06-01','B7','good',30,0),(554,'Vessel Performance','performance good','2015-04-01','2013-06-01','B7','good',31,0),(555,'Vessel Performance','performance good','2015-04-01','2013-06-01','B7','good',32,0),(556,'Vessel Performance','performance good','2015-04-01','2013-06-01','B7','good',33,0),(557,'Vessel Performance','performance good','2015-04-01','2013-06-01','B7','good',34,0),(558,'Vessel Performance','performance good','2015-04-01','2013-06-01','B7','good',35,0),(559,'Vessel Performance','performance good','2015-04-01','2013-06-01','B7','good',36,0),(560,'Vessel Performance','performance good','2015-04-01','2013-06-01','B7','good',37,0),(561,'Vessel Performance','performance good','2015-04-01','2013-06-01','B7','good',38,0),(562,'Vessel Performance','performance good','2015-04-01','2013-06-01','B7','good',39,0),(563,'Vessel turn around in Port  ','performance bad','2015-02-01','2015-04-01','B8','good',26,5),(564,'Vessel turn around in Port  ','performance bad','2015-02-01','2015-04-01','B8','good',27,5),(565,'Vessel turn around in Port  ','performance bad','2015-02-01','2015-04-01','B8','good',28,5),(566,'Vessel turn around in Port  ','performance bad','2015-02-01','2015-04-01','B8','good',29,5),(567,'Vessel turn around in Port  ','performance bad','2015-02-01','2015-04-01','B8','good',30,5),(568,'Vessel turn around in Port  ','performance bad','2015-02-01','2015-04-01','B8','good',31,5),(569,'Vessel turn around in Port  ','performance bad','2015-02-01','2015-04-01','B8','good',32,5),(570,'Vessel turn around in Port  ','performance bad','2015-02-01','2015-04-01','B8','good',33,5),(571,'Vessel turn around in Port  ','performance bad','2015-02-01','2015-04-01','B8','good',34,5),(572,'Vessel turn around in Port  ','performance bad','2015-02-01','2015-04-01','B8','good',35,5),(573,'Vessel turn around in Port  ','performance bad','2015-02-01','2015-04-01','B8','good',36,5),(574,'Vessel turn around in Port  ','performance bad','2015-02-01','2015-04-01','B8','good',37,5),(575,'Vessel turn around in Port  ','performance bad','2015-02-01','2015-04-01','B8','good',38,5),(576,'Vessel turn around in Port  ','performance bad','2015-02-01','2015-04-01','B8','good',39,5),(577,'Bunker Management','performance bad','2011-01-01','2011-01-01','B11','pkk',26,10),(578,'Bunker Management','performance bad','2011-01-01','2011-01-01','B11','pkk',27,10),(579,'Bunker Management','performance bad','2011-01-01','2011-01-01','B11','pkk',28,10),(580,'Bunker Management','performance bad','2011-01-01','2011-01-01','B11','pkk',29,10),(581,'Bunker Management','performance bad','2011-01-01','2011-01-01','B11','pkk',30,10),(582,'Bunker Management','performance bad','2011-01-01','2011-01-01','B11','pkk',31,10),(583,'Bunker Management','performance bad','2011-01-01','2011-01-01','B11','pkk',32,10),(584,'Bunker Management','performance bad','2011-01-01','2011-01-01','B11','pkk',33,10),(585,'Bunker Management','performance bad','2011-01-01','2011-01-01','B11','pkk',34,10),(586,'Bunker Management','performance bad','2011-01-01','2011-01-01','B11','pkk',35,10),(587,'Bunker Management','performance bad','2011-01-01','2011-01-01','B11','pkk',36,10),(588,'Bunker Management','performance bad','2011-01-01','2011-01-01','B11','pkk',37,10),(589,'Bunker Management','performance bad','2011-01-01','2011-01-01','B11','pkk',38,10),(590,'Bunker Management','performance bad','2011-01-01','2011-01-01','B11','pkk',39,10),(591,'On Time Delivery','performance bad','2011-01-01','2011-01-01','B12','kooo',26,5),(592,'On Time Delivery','performance bad','2011-01-01','2011-01-01','B12','kooo',27,5),(593,'On Time Delivery','performance bad','2011-01-01','2011-01-01','B12','kooo',28,5),(594,'On Time Delivery','performance bad','2011-01-01','2011-01-01','B12','kooo',29,5),(595,'On Time Delivery','performance bad','2011-01-01','2011-01-01','B12','kooo',30,5),(596,'On Time Delivery','performance bad','2011-01-01','2011-01-01','B12','kooo',31,5),(597,'On Time Delivery','performance bad','2011-01-01','2011-01-01','B12','kooo',32,5),(598,'On Time Delivery','performance bad','2011-01-01','2011-01-01','B12','kooo',33,5),(599,'On Time Delivery','performance bad','2011-01-01','2011-01-01','B12','kooo',34,5),(600,'On Time Delivery','performance bad','2011-01-01','2011-01-01','B12','kooo',35,5),(601,'On Time Delivery','performance bad','2011-01-01','2011-01-01','B12','kooo',36,5),(602,'On Time Delivery','performance bad','2011-01-01','2011-01-01','B12','kooo',37,5),(603,'On Time Delivery','performance bad','2011-01-01','2011-01-01','B12','kooo',38,5),(604,'On Time Delivery','performance bad','2011-01-01','2011-01-01','B12','kooo',39,5),(605,'Lubricating Oil Management ','everythingg ','2011-01-01','2011-01-01','B14','jjj',26,5),(606,'Lubricating Oil Management ','everythingg ','2011-01-01','2011-01-01','B14','jjj',27,5),(607,'Lubricating Oil Management ','everythingg ','2011-01-01','2011-01-01','B14','jjj',28,5),(608,'Lubricating Oil Management ','everythingg ','2011-01-01','2011-01-01','B14','jjj',29,5),(609,'Lubricating Oil Management ','everythingg ','2011-01-01','2011-01-01','B14','jjj',30,5),(610,'Lubricating Oil Management ','everythingg ','2011-01-01','2011-01-01','B14','jjj',31,5),(611,'Lubricating Oil Management ','everythingg ','2011-01-01','2011-01-01','B14','jjj',32,5),(612,'Lubricating Oil Management ','everythingg ','2011-01-01','2011-01-01','B14','jjj',33,5),(613,'Lubricating Oil Management ','everythingg ','2011-01-01','2011-01-01','B14','jjj',34,5),(614,'Lubricating Oil Management ','everythingg ','2011-01-01','2011-01-01','B14','jjj',35,5),(615,'Lubricating Oil Management ','everythingg ','2011-01-01','2011-01-01','B14','jjj',36,5),(616,'Lubricating Oil Management ','everythingg ','2011-01-01','2011-01-01','B14','jjj',37,5),(617,'Lubricating Oil Management ','everythingg ','2011-01-01','2011-01-01','B14','jjj',38,5),(618,'Lubricating Oil Management ','everythingg ','2011-01-01','2011-01-01','B14','jjj',39,5),(619,'M&R Management','performance','2011-01-01','2011-01-01','B18','nnla',26,10),(620,'M&R Management','performance','2011-01-01','2011-01-01','B18','nnla',27,10),(621,'M&R Management','performance','2011-01-01','2011-01-01','B18','nnla',28,10),(622,'M&R Management','performance','2011-01-01','2011-01-01','B18','nnla',29,10),(623,'M&R Management','performance','2011-01-01','2011-01-01','B18','nnla',30,10),(624,'M&R Management','performance','2011-01-01','2011-01-01','B18','nnla',31,10),(625,'M&R Management','performance','2011-01-01','2011-01-01','B18','nnla',32,10),(626,'M&R Management','performance','2011-01-01','2011-01-01','B18','nnla',33,10),(627,'M&R Management','performance','2011-01-01','2011-01-01','B18','nnla',34,10),(628,'M&R Management','performance','2011-01-01','2011-01-01','B18','nnla',35,10),(629,'M&R Management','performance','2011-01-01','2011-01-01','B18','nnla',36,10),(630,'M&R Management','performance','2011-01-01','2011-01-01','B18','nnla',37,10),(631,'M&R Management','performance','2011-01-01','2011-01-01','B18','nnla',38,10),(632,'M&R Management','performance','2011-01-01','2011-01-01','B18','nnla',39,10),(633,'Technical Off-hire ','everythingg ','2011-01-01','2011-01-01','B19','jjj',26,10),(634,'Technical Off-hire ','everythingg ','2011-01-01','2011-01-01','B19','jjj',27,10),(635,'Technical Off-hire ','everythingg ','2011-01-01','2011-01-01','B19','jjj',28,10),(636,'Technical Off-hire ','everythingg ','2011-01-01','2011-01-01','B19','jjj',29,10),(637,'Technical Off-hire ','everythingg ','2011-01-01','2011-01-01','B19','jjj',30,10),(638,'Technical Off-hire ','everythingg ','2011-01-01','2011-01-01','B19','jjj',31,10),(639,'Technical Off-hire ','everythingg ','2011-01-01','2011-01-01','B19','jjj',32,10),(640,'Technical Off-hire ','everythingg ','2011-01-01','2011-01-01','B19','jjj',33,10),(641,'Technical Off-hire ','everythingg ','2011-01-01','2011-01-01','B19','jjj',34,10),(642,'Technical Off-hire ','everythingg ','2011-01-01','2011-01-01','B19','jjj',35,10),(643,'Technical Off-hire ','everythingg ','2011-01-01','2011-01-01','B19','jjj',36,10),(644,'Technical Off-hire ','everythingg ','2011-01-01','2011-01-01','B19','jjj',37,10),(645,'Technical Off-hire ','everythingg ','2011-01-01','2011-01-01','B19','jjj',38,10),(646,'Technical Off-hire ','everythingg ','2011-01-01','2011-01-01','B19','jjj',39,10),(647,'Fleet Safety','starrrr ','2011-01-01','2011-01-01','B23','jjj',26,10),(648,'Fleet Safety','starrrr ','2011-01-01','2011-01-01','B23','jjj',27,10),(649,'Fleet Safety','starrrr ','2011-01-01','2011-01-01','B23','jjj',28,10),(650,'Fleet Safety','starrrr ','2011-01-01','2011-01-01','B23','jjj',29,10),(651,'Fleet Safety','starrrr ','2011-01-01','2011-01-01','B23','jjj',30,10),(652,'Fleet Safety','starrrr ','2011-01-01','2011-01-01','B23','jjj',31,10),(653,'Fleet Safety','starrrr ','2011-01-01','2011-01-01','B23','jjj',32,10),(654,'Fleet Safety','starrrr ','2011-01-01','2011-01-01','B23','jjj',33,10),(655,'Fleet Safety','starrrr ','2011-01-01','2011-01-01','B23','jjj',34,10),(656,'Fleet Safety','starrrr ','2011-01-01','2011-01-01','B23','jjj',35,10),(657,'Fleet Safety','starrrr ','2011-01-01','2011-01-01','B23','jjj',36,10),(658,'Fleet Safety','starrrr ','2011-01-01','2011-01-01','B23','jjj',37,10),(659,'Fleet Safety','starrrr ','2011-01-01','2011-01-01','B23','jjj',38,10),(660,'Fleet Safety','starrrr ','2011-01-01','2011-01-01','B23','jjj',39,10),(661,'Budget performance ','working okay','2011-01-01','2011-01-01','B26','f4',26,10),(662,'Budget performance ','working okay','2011-01-01','2011-01-01','B26','f4',27,10),(663,'Budget performance ','working okay','2011-01-01','2011-01-01','B26','f4',28,10),(664,'Budget performance ','working okay','2011-01-01','2011-01-01','B26','f4',29,10),(665,'Budget performance ','working okay','2011-01-01','2011-01-01','B26','f4',30,10),(666,'Budget performance ','working okay','2011-01-01','2011-01-01','B26','f4',31,10),(667,'Budget performance ','working okay','2011-01-01','2011-01-01','B26','f4',32,10),(668,'Budget performance ','working okay','2011-01-01','2011-01-01','B26','f4',33,10),(669,'Budget performance ','working okay','2011-01-01','2011-01-01','B26','f4',34,10),(670,'Budget performance ','working okay','2011-01-01','2011-01-01','B26','f4',35,10),(671,'Budget performance ','working okay','2011-01-01','2011-01-01','B26','f4',36,10),(672,'Budget performance ','working okay','2011-01-01','2011-01-01','B26','f4',37,10),(673,'Budget performance ','working okay','2011-01-01','2011-01-01','B26','f4',38,10),(674,'Budget performance ','working okay','2011-01-01','2011-01-01','B26','f4',39,10),(675,'Crewing','performance good','2011-01-01','2011-01-01','B30','okayy',26,5),(676,'Crewing','performance good','2011-01-01','2011-01-01','B30','okayy',27,5),(677,'Crewing','performance good','2011-01-01','2011-01-01','B30','okayy',28,5),(678,'Crewing','performance good','2011-01-01','2011-01-01','B30','okayy',29,5),(679,'Crewing','performance good','2011-01-01','2011-01-01','B30','okayy',30,5),(680,'Crewing','performance good','2011-01-01','2011-01-01','B30','okayy',31,5),(681,'Crewing','performance good','2011-01-01','2011-01-01','B30','okayy',32,5),(682,'Crewing','performance good','2011-01-01','2011-01-01','B30','okayy',33,5),(683,'Crewing','performance good','2011-01-01','2011-01-01','B30','okayy',34,5),(684,'Crewing','performance good','2011-01-01','2011-01-01','B30','okayy',35,5),(685,'Crewing','performance good','2011-01-01','2011-01-01','B30','okayy',36,5),(686,'Crewing','performance good','2011-01-01','2011-01-01','B30','okayy',37,5),(687,'Crewing','performance good','2011-01-01','2011-01-01','B30','okayy',38,5),(688,'Crewing','performance good','2011-01-01','2011-01-01','B30','okayy',39,5),(689,'Dry Dock Management','performance good','2011-01-01','2011-01-01','B32','okayy',26,10),(690,'Dry Dock Management','performance good','2011-01-01','2011-01-01','B32','okayy',27,10),(691,'Dry Dock Management','performance good','2011-01-01','2011-01-01','B32','okayy',28,10),(692,'Dry Dock Management','performance good','2011-01-01','2011-01-01','B32','okayy',29,10),(693,'Dry Dock Management','performance good','2011-01-01','2011-01-01','B32','okayy',30,10),(694,'Dry Dock Management','performance good','2011-01-01','2011-01-01','B32','okayy',31,10),(695,'Dry Dock Management','performance good','2011-01-01','2011-01-01','B32','okayy',32,10),(696,'Dry Dock Management','performance good','2011-01-01','2011-01-01','B32','okayy',33,10),(697,'Dry Dock Management','performance good','2011-01-01','2011-01-01','B32','okayy',34,10),(698,'Dry Dock Management','performance good','2011-01-01','2011-01-01','B32','okayy',35,10),(699,'Dry Dock Management','performance good','2011-01-01','2011-01-01','B32','okayy',36,10),(700,'Dry Dock Management','performance good','2011-01-01','2011-01-01','B32','okayy',37,10),(701,'Dry Dock Management','performance good','2011-01-01','2011-01-01','B32','okayy',38,10),(702,'Dry Dock Management','performance good','2011-01-01','2011-01-01','B32','okayy',39,10),(703,'Inspections & Audit','performancegood','2011-01-01','2011-01-01','B36','jjj',26,10),(704,'Inspections & Audit','performancegood','2011-01-01','2011-01-01','B36','jjj',27,10),(705,'Inspections & Audit','performancegood','2011-01-01','2011-01-01','B36','jjj',28,10),(706,'Inspections & Audit','performancegood','2011-01-01','2011-01-01','B36','jjj',29,10),(707,'Inspections & Audit','performancegood','2011-01-01','2011-01-01','B36','jjj',30,10),(708,'Inspections & Audit','performancegood','2011-01-01','2011-01-01','B36','jjj',31,10),(709,'Inspections & Audit','performancegood','2011-01-01','2011-01-01','B36','jjj',32,10),(710,'Inspections & Audit','performancegood','2011-01-01','2011-01-01','B36','jjj',33,10),(711,'Inspections & Audit','performancegood','2011-01-01','2011-01-01','B36','jjj',34,10),(712,'Inspections & Audit','performancegood','2011-01-01','2011-01-01','B36','jjj',35,10),(713,'Inspections & Audit','performancegood','2011-01-01','2011-01-01','B36','jjj',36,10),(714,'Inspections & Audit','performancegood','2011-01-01','2011-01-01','B36','jjj',37,10),(715,'Inspections & Audit','performancegood','2011-01-01','2011-01-01','B36','jjj',38,10),(716,'Inspections & Audit','performancegood','2011-01-01','2011-01-01','B36','jjj',39,10),(717,'afd','afsdf','2016-05-09','2018-01-01','adf','fd',26,3),(718,'afd','afsdf','2016-05-09','2018-01-01','adf','fd',27,3),(719,'afd','afsdf','2016-05-09','2018-01-01','adf','fd',28,3),(720,'afd','afsdf','2016-05-09','2018-01-01','adf','fd',29,3),(721,'afd','afsdf','2016-05-09','2018-01-01','adf','fd',30,3),(722,'afd','afsdf','2016-05-09','2018-01-01','adf','fd',31,3),(723,'afd','afsdf','2016-05-09','2018-01-01','adf','fd',32,3),(724,'afd','afsdf','2016-05-09','2018-01-01','adf','fd',33,3),(725,'afd','afsdf','2016-05-09','2018-01-01','adf','fd',34,3),(726,'afd','afsdf','2016-05-09','2018-01-01','adf','fd',35,3),(727,'afd','afsdf','2016-05-09','2018-01-01','adf','fd',36,3),(728,'afd','afsdf','2016-05-09','2018-01-01','adf','fd',37,3),(729,'afd','afsdf','2016-05-09','2018-01-01','adf','fd',38,3),(730,'afd','afsdf','2016-05-09','2018-01-01','adf','fd',39,3);
/*!40000 ALTER TABLE `kpi_details` ENABLE KEYS */;
UNLOCK TABLES;

--
-- Table structure for table `kpi_rules`
--

DROP TABLE IF EXISTS `kpi_rules`;
/*!40101 SET @saved_cs_client     = @@character_set_client */;
/*!40101 SET character_set_client = utf8 */;
CREATE TABLE `kpi_rules` (
  `id` int(11) NOT NULL AUTO_INCREMENT,
  `Rules` varchar(255) COLLATE utf8_unicode_ci NOT NULL,
  `KpiDetailsId` int(11) DEFAULT NULL,
  PRIMARY KEY (`id`),
  KEY `IDX_38214772F10FA648` (`KpiDetailsId`),
  CONSTRAINT `FK_38214772F10FA648` FOREIGN KEY (`KpiDetailsId`) REFERENCES `kpi_details` (`id`)
) ENGINE=InnoDB AUTO_INCREMENT=63 DEFAULT CHARSET=utf8 COLLATE=utf8_unicode_ci;
/*!40101 SET character_set_client = @saved_cs_client */;

--
-- Dumping data for table `kpi_rules`
--

LOCK TABLES `kpi_rules` WRITE;
/*!40000 ALTER TABLE `kpi_rules` DISABLE KEYS */;
INSERT INTO `kpi_rules` VALUES (26,'{\"operators\":{},\"actions\":{\"name\":\"action-select\",\"value\":\"Red\"},\"conditions\":{\"all\":[{\"name\":\"ageField\",\"operator\":\"lessThan\",\"value\":\"1.58\"}]}}',549),(27,'{\"operators\":{},\"actions\":{\"name\":\"action-select\",\"value\":\"Green\"},\"conditions\":{\"all\":[{\"name\":\"ageField\",\"operator\":\"greaterThanEqual\",\"value\":\"2.42\"}]}}',549),(28,'{\"operators\":{},\"actions\":{\"name\":\"action-select\",\"value\":\"Yellow\"},\"conditions\":{\"all\":[{\"name\":\"ageField\",\"operator\":\"greaterThanEqual\",\"value\":\"1.58\"}]}}',549),(29,'{\"operators\":{},\"actions\":{\"name\":\"action-select\",\"value\":\"Red\"},\"conditions\":{\"all\":[{\"name\":\"ageField\",\"operator\":\"lessThan\",\"value\":\"1.58\"}]}}',563),(30,'{\"operators\":{},\"actions\":{\"name\":\"action-select\",\"value\":\"Green\"},\"conditions\":{\"all\":[{\"name\":\"ageField\",\"operator\":\"greaterThanEqual\",\"value\":\"2.42\"}]}}',563),(31,'{\"operators\":{},\"actions\":{\"name\":\"action-select\",\"value\":\"Yellow\"},\"conditions\":{\"all\":[{\"name\":\"ageField\",\"operator\":\"greaterThanEqual\",\"value\":\"1.58\"}]}}\n',563),(32,'{\"operators\":{},\"actions\":{\"name\":\"action-select\",\"value\":\"Red\"},\"conditions\":{\"all\":[{\"name\":\"ageField\",\"operator\":\"lessThan\",\"value\":\"1.58\"}]}}',577),(33,'{\"operators\":{},\"actions\":{\"name\":\"action-select\",\"value\":\"Green\"},\"conditions\":{\"all\":[{\"name\":\"ageField\",\"operator\":\"greaterThanEqual\",\"value\":\"2.42\"}]}}',577),(34,'{\"operators\":{},\"actions\":{\"name\":\"action-select\",\"value\":\"Yellow\"},\"conditions\":{\"all\":[{\"name\":\"ageField\",\"operator\":\"greaterThanEqual\",\"value\":\"1.58\"}]}}\n',577),(35,'{\"operators\":{},\"actions\":{\"name\":\"action-select\",\"value\":\"Red\"},\"conditions\":{\"all\":[{\"name\":\"ageField\",\"operator\":\"lessThan\",\"value\":\"1.58\"}]}}',591),(36,'{\"operators\":{},\"actions\":{\"name\":\"action-select\",\"value\":\"Yellow\"},\"conditions\":{\"all\":[{\"name\":\"ageField\",\"operator\":\"greaterThanEqual\",\"value\":\"1.58\"}]}}',591),(37,'{\"operators\":{},\"actions\":{\"name\":\"action-select\",\"value\":\"Green\"},\"conditions\":{\"all\":[{\"name\":\"ageField\",\"operator\":\"greaterThanEqual\",\"value\":\"2.42\"}]}}',591),(38,'{\"operators\":{},\"actions\":{\"name\":\"action-select\",\"value\":\"Red\"},\"conditions\":{\"all\":[{\"name\":\"ageField\",\"operator\":\"lessThan\",\"value\":\"1.58\"}]}}',605),(39,'{\"operators\":{},\"actions\":{\"name\":\"action-select\",\"value\":\"Yellow\"},\"conditions\":{\"all\":[{\"name\":\"ageField\",\"operator\":\"greaterThanEqual\",\"value\":\"1.58\"}]}}',605),(40,'{\"operators\":{},\"actions\":{\"name\":\"action-select\",\"value\":\"Green\"},\"conditions\":{\"all\":[{\"name\":\"ageField\",\"operator\":\"greaterThanEqual\",\"value\":\"2.42\"}]}}',605),(41,'{\"operators\":{},\"actions\":{\"name\":\"action-select\",\"value\":\"Red\"},\"conditions\":{\"all\":[{\"name\":\"ageField\",\"operator\":\"lessThan\",\"value\":\"1.58\"}]}}',619),(42,'{\"operators\":{},\"actions\":{\"name\":\"action-select\",\"value\":\"Yellow\"},\"conditions\":{\"all\":[{\"name\":\"ageField\",\"operator\":\"greaterThanEqual\",\"value\":\"1.58\"}]}}',619),(43,'{\"operators\":{},\"actions\":{\"name\":\"action-select\",\"value\":\"Green\"},\"conditions\":{\"all\":[{\"name\":\"ageField\",\"operator\":\"greaterThanEqual\",\"value\":\"2.42\"}]}}',619),(44,'{\"operators\":{},\"actions\":{\"name\":\"action-select\",\"value\":\"Red\"},\"conditions\":{\"all\":[{\"name\":\"ageField\",\"operator\":\"lessThan\",\"value\":\"1.58\"}]}}',633),(45,'{\"operators\":{},\"actions\":{\"name\":\"action-select\",\"value\":\"Yellow\"},\"conditions\":{\"all\":[{\"name\":\"ageField\",\"operator\":\"greaterThanEqual\",\"value\":\"1.58\"}]}}',633),(46,'{\"operators\":{},\"actions\":{\"name\":\"action-select\",\"value\":\"Green\"},\"conditions\":{\"all\":[{\"name\":\"ageField\",\"operator\":\"greaterThanEqual\",\"value\":\"2.42\"}]}}',633),(47,'{\"operators\":{},\"actions\":{\"name\":\"action-select\",\"value\":\"Red\"},\"conditions\":{\"all\":[{\"name\":\"ageField\",\"operator\":\"lessThan\",\"value\":\"1.58\"}]}}',647),(48,'{\"operators\":{},\"actions\":{\"name\":\"action-select\",\"value\":\"Yellow\"},\"conditions\":{\"all\":[{\"name\":\"ageField\",\"operator\":\"greaterThanEqual\",\"value\":\"1.58\"}]}}',647),(49,'{\"operators\":{},\"actions\":{\"name\":\"action-select\",\"value\":\"Green\"},\"conditions\":{\"all\":[{\"name\":\"ageField\",\"operator\":\"greaterThanEqual\",\"value\":\"2.42\"}]}}',647),(50,'{\"operators\":{},\"actions\":{\"name\":\"action-select\",\"value\":\"Red\"},\"conditions\":{\"all\":[{\"name\":\"ageField\",\"operator\":\"lessThan\",\"value\":\"1.58\"}]}}',661),(51,'{\"operators\":{},\"actions\":{\"name\":\"action-select\",\"value\":\"Green\"},\"conditions\":{\"all\":[{\"name\":\"ageField\",\"operator\":\"greaterThanEqual\",\"value\":\"2.42\"}]}}',661),(52,'{\"operators\":{},\"actions\":{\"name\":\"action-select\",\"value\":\"Red\"},\"conditions\":{\"all\":[{\"name\":\"ageField\",\"operator\":\"lessThan\",\"value\":\"1.58\"}]}}',675),(53,'{\"operators\":{},\"actions\":{\"name\":\"action-select\",\"value\":\"Yellow\"},\"conditions\":{\"all\":[{\"name\":\"ageField\",\"operator\":\"greaterThanEqual\",\"value\":\"1.58\"}]}}',675),(54,'{\"operators\":{},\"actions\":{\"name\":\"action-select\",\"value\":\"Green\"},\"conditions\":{\"all\":[{\"name\":\"ageField\",\"operator\":\"greaterThanEqual\",\"value\":\"2.42\"}]}}',675),(55,'{\"operators\":{},\"actions\":{\"name\":\"action-select\",\"value\":\"Red\"},\"conditions\":{\"all\":[{\"name\":\"ageField\",\"operator\":\"lessThan\",\"value\":\"1.58\"}]}}',689),(56,'{\"operators\":{},\"actions\":{\"name\":\"action-select\",\"value\":\"Green\"},\"conditions\":{\"all\":[{\"name\":\"ageField\",\"operator\":\"greaterThanEqual\",\"value\":\"2.42\"}]}}',689),(57,'{\"operators\":{},\"actions\":{\"name\":\"action-select\",\"value\":\"Red\"},\"conditions\":{\"all\":[{\"name\":\"ageField\",\"operator\":\"lessThan\",\"value\":\"1.58\"}]}}',703),(58,'{\"operators\":{},\"actions\":{\"name\":\"action-select\",\"value\":\"Yellow\"},\"conditions\":{\"all\":[{\"name\":\"ageField\",\"operator\":\"greaterThanEqual\",\"value\":\"1.58\"}]}}',703),(59,'{\"operators\":{},\"actions\":{\"name\":\"action-select\",\"value\":\"Green\"},\"conditions\":{\"all\":[{\"name\":\"ageField\",\"operator\":\"greaterThanEqual\",\"value\":\"2.42\"}]}}',703),(60,'{\"operators\":{},\"actions\":{\"name\":\"action-select\",\"value\":\"Yellow\"},\"conditions\":{\"all\":[{\"name\":\"ageField\",\"operator\":\"greaterThanEqual\",\"value\":\"1.58\"}]}}',661),(61,'{\"operators\":{},\"actions\":{\"name\":\"action-select\",\"value\":\"Green\"},\"conditions\":{\"all\":[{\"operator\":\"lessThan\",\"value\":\"10\"}]}}',717),(62,'{\"operators\":{},\"actions\":{\"name\":\"action-select\",\"value\":\"Red\"},\"conditions\":{\"all\":[{\"operator\":\"notEqualTo\",\"value\":\"7\"},{\"operator\":\"equalTo\",\"value\":\"5\"}]}}',717);
/*!40000 ALTER TABLE `kpi_rules` ENABLE KEYS */;
UNLOCK TABLES;

--
-- Table structure for table `mailing`
--

DROP TABLE IF EXISTS `mailing`;
/*!40101 SET @saved_cs_client     = @@character_set_client */;
/*!40101 SET character_set_client = utf8 */;
CREATE TABLE `mailing` (
  `id` int(11) NOT NULL AUTO_INCREMENT,
  `companyid` int(11) DEFAULT NULL,
  `username` varchar(255) COLLATE utf8_unicode_ci NOT NULL,
  `emailid` varchar(255) COLLATE utf8_unicode_ci NOT NULL,
  PRIMARY KEY (`id`),
  KEY `IDX_3ED9315EB104C381` (`companyid`),
  CONSTRAINT `FK_3ED9315EB104C381` FOREIGN KEY (`companyid`) REFERENCES `company_details` (`id`)
) ENGINE=InnoDB DEFAULT CHARSET=utf8 COLLATE=utf8_unicode_ci;
/*!40101 SET character_set_client = @saved_cs_client */;

--
-- Dumping data for table `mailing`
--

LOCK TABLES `mailing` WRITE;
/*!40000 ALTER TABLE `mailing` DISABLE KEYS */;
/*!40000 ALTER TABLE `mailing` ENABLE KEYS */;
UNLOCK TABLES;

--
-- Table structure for table `mailing_group`
--

DROP TABLE IF EXISTS `mailing_group`;
/*!40101 SET @saved_cs_client     = @@character_set_client */;
/*!40101 SET character_set_client = utf8 */;
CREATE TABLE `mailing_group` (
  `id` int(11) NOT NULL AUTO_INCREMENT,
  `emailreferenceid` int(11) DEFAULT NULL,
  `groupname` varchar(255) COLLATE utf8_unicode_ci NOT NULL,
  PRIMARY KEY (`id`),
  KEY `IDX_38946E611E2E73F2` (`emailreferenceid`),
  CONSTRAINT `FK_38946E611E2E73F2` FOREIGN KEY (`emailreferenceid`) REFERENCES `mailing` (`id`)
) ENGINE=InnoDB DEFAULT CHARSET=utf8 COLLATE=utf8_unicode_ci;
/*!40101 SET character_set_client = @saved_cs_client */;

--
-- Dumping data for table `mailing_group`
--

LOCK TABLES `mailing_group` WRITE;
/*!40000 ALTER TABLE `mailing_group` DISABLE KEYS */;
/*!40000 ALTER TABLE `mailing_group` ENABLE KEYS */;
UNLOCK TABLES;

--
-- Table structure for table `ranking__lookup_data`
--

DROP TABLE IF EXISTS `ranking__lookup_data`;
/*!40101 SET @saved_cs_client     = @@character_set_client */;
/*!40101 SET character_set_client = utf8 */;
CREATE TABLE `ranking__lookup_data` (
  `id` int(11) NOT NULL AUTO_INCREMENT,
  `elementdata` varchar(255) COLLATE utf8_unicode_ci NOT NULL,
  `elementcolor` varchar(255) COLLATE utf8_unicode_ci NOT NULL,
  `monthdetail` date NOT NULL,
  `ShipDetailsId` int(11) DEFAULT NULL,
  `KpiDetailsId` int(11) DEFAULT NULL,
  `ElementDetailsId` int(11) DEFAULT NULL,
  PRIMARY KEY (`id`),
  KEY `IDX_BBB3C63D5041247E` (`ShipDetailsId`),
  KEY `IDX_BBB3C63DF10FA648` (`KpiDetailsId`),
  KEY `IDX_BBB3C63DABFC5A8E` (`ElementDetailsId`),
  CONSTRAINT `FK_BBB3C63D5041247E` FOREIGN KEY (`ShipDetailsId`) REFERENCES `ship_details` (`id`),
  CONSTRAINT `FK_BBB3C63DABFC5A8E` FOREIGN KEY (`ElementDetailsId`) REFERENCES `ranking_element_details` (`id`),
  CONSTRAINT `FK_BBB3C63DF10FA648` FOREIGN KEY (`KpiDetailsId`) REFERENCES `ranking_kpi_details` (`id`)
) ENGINE=InnoDB AUTO_INCREMENT=341 DEFAULT CHARSET=utf8 COLLATE=utf8_unicode_ci;
/*!40101 SET character_set_client = @saved_cs_client */;

--
-- Dumping data for table `ranking__lookup_data`
--

LOCK TABLES `ranking__lookup_data` WRITE;
/*!40000 ALTER TABLE `ranking__lookup_data` DISABLE KEYS */;
INSERT INTO `ranking__lookup_data` VALUES (317,'100','Green','2016-04-30',27,169,5),(318,'40','Green','2016-04-30',27,183,6),(319,'40','Green','2016-04-30',27,183,7),(320,'20','Green','2016-04-30',27,183,8),(321,'50','Green','2016-04-30',27,197,9),(322,'50','Green','2016-04-30',27,197,10),(323,'14','Green','2016-04-30',27,211,11),(324,'14','Green','2016-04-30',27,211,12),(325,'14','Green','2016-04-30',27,211,13),(326,'14','Green','2016-04-30',27,211,14),(327,'10','Green','2016-04-30',27,211,15),(328,'10','Green','2016-04-30',27,211,16),(329,'6','Green','2016-04-30',27,211,17),(330,'6','Green','2016-04-30',27,211,18),(331,'6','Green','2016-04-30',27,211,19),(332,'6','Green','2016-04-30',27,211,20),(333,'40','Green','2016-04-30',27,225,21),(334,'20','Green','2016-04-30',27,225,22),(335,'40','Green','2016-04-30',27,225,23),(336,'50','Green','2016-04-30',27,239,24),(337,'50','Green','2016-04-30',27,239,25),(338,'30','Green','2016-04-30',27,253,26),(339,'70','Green','2016-04-30',27,253,27),(340,'50','Yellow','2016-04-30',27,281,28);
/*!40000 ALTER TABLE `ranking__lookup_data` ENABLE KEYS */;
UNLOCK TABLES;

--
-- Table structure for table `ranking__lookup_status`
--

DROP TABLE IF EXISTS `ranking__lookup_status`;
/*!40101 SET @saved_cs_client     = @@character_set_client */;
/*!40101 SET character_set_client = utf8 */;
CREATE TABLE `ranking__lookup_status` (
  `id` int(11) NOT NULL AUTO_INCREMENT,
  `shipid` int(11) DEFAULT NULL,
  `status` int(11) NOT NULL,
  `dataofmonth` datetime NOT NULL,
  `datetime` datetime NOT NULL,
  `userid` varchar(255) COLLATE utf8_unicode_ci NOT NULL,
  PRIMARY KEY (`id`),
  KEY `IDX_98BC7A579094736` (`shipid`),
  CONSTRAINT `FK_98BC7A579094736` FOREIGN KEY (`shipid`) REFERENCES `ship_details` (`id`)
) ENGINE=InnoDB AUTO_INCREMENT=10 DEFAULT CHARSET=utf8 COLLATE=utf8_unicode_ci;
/*!40101 SET character_set_client = @saved_cs_client */;

--
-- Dumping data for table `ranking__lookup_status`
--

LOCK TABLES `ranking__lookup_status` WRITE;
/*!40000 ALTER TABLE `ranking__lookup_status` DISABLE KEYS */;
INSERT INTO `ranking__lookup_status` VALUES (3,27,4,'2016-04-30 00:00:00','2016-04-22 15:20:56','133'),(4,39,3,'2016-04-30 00:00:00','2016-04-27 11:03:35','133'),(6,39,3,'2016-03-31 00:00:00','2016-04-27 12:42:09','133'),(7,27,1,'2016-05-31 00:00:00','2016-05-13 16:56:54','133'),(8,28,1,'2016-05-31 00:00:00','2016-05-13 16:57:20','133'),(9,29,1,'2016-05-31 00:00:00','2016-05-19 12:25:38','133');
/*!40000 ALTER TABLE `ranking__lookup_status` ENABLE KEYS */;
UNLOCK TABLES;

--
-- Table structure for table `ranking_element_details`
--

DROP TABLE IF EXISTS `ranking_element_details`;
/*!40101 SET @saved_cs_client     = @@character_set_client */;
/*!40101 SET character_set_client = utf8 */;
CREATE TABLE `ranking_element_details` (
  `id` int(11) NOT NULL AUTO_INCREMENT,
  `ElementName` varchar(255) COLLATE utf8_unicode_ci NOT NULL,
  `Description` varchar(255) COLLATE utf8_unicode_ci DEFAULT NULL,
  `CellName` varchar(255) COLLATE utf8_unicode_ci NOT NULL,
  `CellDetails` varchar(255) COLLATE utf8_unicode_ci DEFAULT NULL,
  `ActiveDate` date NOT NULL,
  `EndDate` date NOT NULL,
  `Weightage` varchar(255) COLLATE utf8_unicode_ci NOT NULL,
  `Rules` varchar(255) COLLATE utf8_unicode_ci NOT NULL,
  `KpiDetailsId` int(11) DEFAULT NULL,
  PRIMARY KEY (`id`),
  KEY `IDX_6DF1AF6BF10FA648` (`KpiDetailsId`),
  CONSTRAINT `FK_6DF1AF6BF10FA648` FOREIGN KEY (`KpiDetailsId`) REFERENCES `ranking_kpi_details` (`id`)
) ENGINE=InnoDB AUTO_INCREMENT=29 DEFAULT CHARSET=utf8 COLLATE=utf8_unicode_ci;
/*!40101 SET character_set_client = @saved_cs_client */;

--
-- Dumping data for table `ranking_element_details`
--

LOCK TABLES `ranking_element_details` WRITE;
/*!40000 ALTER TABLE `ranking_element_details` DISABLE KEYS */;
INSERT INTO `ranking_element_details` VALUES (5,'No of incidents','okayy','C22','good','2011-04-01','2011-01-01','100','1',169),(6,'Manning Expense YTD','good','C23','okayy','2015-03-01','2013-01-01','40','0',183),(7,'Technical Expense','okayy','C24','ghhhh','2011-01-01','2011-01-01','40','0',183),(8,'Management Expense ','performance good','C25','ve3','2011-01-01','2011-01-01','20','0',183),(9,'CP performance','good','C26','okayy','2011-01-01','2011-01-01','50','0',197),(10,'Engine performance','performance good','C27','EE','2015-01-01','2015-01-01','50','0',197),(11,'PSC Detention','okayy','C28','okayy','2011-01-01','2011-01-01','14','0',211),(12,'ISPS NC','good','C28','okayy','2011-01-01','2011-01-01','14','0',211),(13,'MLC Deficiency','performance good','C29','hhh','2011-01-01','2011-01-01','14','0',211),(14,'ISM Major NC','okayy','C30','ghhhh','2011-01-01','2011-01-01','14','0',211),(15,'Flag state deficeincy','okk','C31','okk','2011-01-01','2011-01-01','10','0',211),(16,'PSC deficiency/inspect','okkk','CC','wee3','2011-01-01','2011-01-01','10','0',211),(17,'COC','okk','C4','bbb','2011-01-01','2011-01-01','6','0',211),(18,'Right ship','good','c45','okk','2011-01-01','2011-01-01','6','0',211),(19,'PSC Nil deficiency/inspect','performance good','C33','okk','2011-01-01','2011-01-01','6','0',211),(20,'DOC deficiency','good','C36','nnn','2011-01-01','2011-01-01','6','0',211),(21,'Hold and cargo readyness','okk','C24','ghhhh','2011-01-01','2011-01-01','40','0',225),(22,'Hatch cover tightness','good','C43','ccc','2011-01-01','2011-01-01','20','0',225),(23,'Crane stoppages','good','c3','sss','2011-01-01','2011-01-01','40','0',225),(24,'LTIF','okkay','C33','good','2011-01-01','2011-01-01','50','0',239),(25,'TRCF','okayy','C23','vvv','2013-03-01','2012-03-01','50','0',239),(26,'Planned','okk','C44','ddd','2011-01-01','2011-01-01','30','0',253),(27,'Unplanned','performance good','C33','good','2011-01-01','2011-01-01','70','0',253),(28,'Variation','performance good','C33','fff','2011-01-01','2011-01-01','100','0',281);
/*!40000 ALTER TABLE `ranking_element_details` ENABLE KEYS */;
UNLOCK TABLES;

--
-- Table structure for table `ranking_element_rules`
--

DROP TABLE IF EXISTS `ranking_element_rules`;
/*!40101 SET @saved_cs_client     = @@character_set_client */;
/*!40101 SET character_set_client = utf8 */;
CREATE TABLE `ranking_element_rules` (
  `id` int(11) NOT NULL AUTO_INCREMENT,
  `Rules` varchar(255) COLLATE utf8_unicode_ci NOT NULL,
  `ElementDetailsId` int(11) DEFAULT NULL,
  PRIMARY KEY (`id`),
  KEY `IDX_C37F74B6ABFC5A8E` (`ElementDetailsId`),
  CONSTRAINT `FK_C37F74B6ABFC5A8E` FOREIGN KEY (`ElementDetailsId`) REFERENCES `ranking_element_details` (`id`)
) ENGINE=InnoDB DEFAULT CHARSET=utf8 COLLATE=utf8_unicode_ci;
/*!40101 SET character_set_client = @saved_cs_client */;

--
-- Dumping data for table `ranking_element_rules`
--

LOCK TABLES `ranking_element_rules` WRITE;
/*!40000 ALTER TABLE `ranking_element_rules` DISABLE KEYS */;
/*!40000 ALTER TABLE `ranking_element_rules` ENABLE KEYS */;
UNLOCK TABLES;

--
-- Table structure for table `ranking_kpi_details`
--

DROP TABLE IF EXISTS `ranking_kpi_details`;
/*!40101 SET @saved_cs_client     = @@character_set_client */;
/*!40101 SET character_set_client = utf8 */;
CREATE TABLE `ranking_kpi_details` (
  `id` int(11) NOT NULL AUTO_INCREMENT,
  `KpiName` varchar(255) COLLATE utf8_unicode_ci NOT NULL,
  `Description` varchar(255) COLLATE utf8_unicode_ci DEFAULT NULL,
  `ActiveDate` date NOT NULL,
  `EndDate` date NOT NULL,
  `CellName` varchar(255) COLLATE utf8_unicode_ci NOT NULL,
  `CellDetails` varchar(255) COLLATE utf8_unicode_ci DEFAULT NULL,
  `Weightage` varchar(255) COLLATE utf8_unicode_ci NOT NULL,
  `ShipDetailsId` int(11) DEFAULT NULL,
  PRIMARY KEY (`id`),
  KEY `IDX_D7E51E605041247E` (`ShipDetailsId`),
  CONSTRAINT `FK_D7E51E605041247E` FOREIGN KEY (`ShipDetailsId`) REFERENCES `ship_details` (`id`)
) ENGINE=InnoDB AUTO_INCREMENT=295 DEFAULT CHARSET=utf8 COLLATE=utf8_unicode_ci;
/*!40101 SET character_set_client = @saved_cs_client */;

--
-- Dumping data for table `ranking_kpi_details`
--

LOCK TABLES `ranking_kpi_details` WRITE;
/*!40000 ALTER TABLE `ranking_kpi_details` DISABLE KEYS */;
INSERT INTO `ranking_kpi_details` VALUES (169,'Major incident','okayy','2011-01-01','2011-01-01','L7','hhh','kajfdklsa',26),(170,'Major incident','okayy','2011-01-01','2011-01-01','L7','hhh','kajfdklsa',27),(171,'Major incident','okayy','2011-01-01','2011-01-01','L7','hhh','kajfdklsa',28),(172,'Major incident','okayy','2011-01-01','2011-01-01','L7','hhh','kajfdklsa',29),(173,'Major incident','okayy','2011-01-01','2011-01-01','L7','hhh','kajfdklsa',30),(174,'Major incident','okayy','2011-01-01','2011-01-01','L7','hhh','kajfdklsa',31),(175,'Major incident','okayy','2011-01-01','2011-01-01','L7','hhh','kajfdklsa',32),(176,'Major incident','okayy','2011-01-01','2011-01-01','L7','hhh','kajfdklsa',33),(177,'Major incident','okayy','2011-01-01','2011-01-01','L7','hhh','kajfdklsa',34),(178,'Major incident','okayy','2011-01-01','2011-01-01','L7','hhh','kajfdklsa',35),(179,'Major incident','okayy','2011-01-01','2011-01-01','L7','hhh','kajfdklsa',36),(180,'Major incident','okayy','2011-01-01','2011-01-01','L7','hhh','kajfdklsa',37),(181,'Major incident','okayy','2011-01-01','2011-01-01','L7','hhh','kajfdklsa',38),(182,'Major incident','okayy','2011-01-01','2011-01-01','L7','hhh','kajfdklsa',39),(183,'Operational expenses','good','2011-01-01','2011-01-01','K10','okk','14',26),(184,'Operational expenses','good','2011-01-01','2011-01-01','K10','okk','14',27),(185,'Operational expenses','good','2011-01-01','2011-01-01','K10','okk','14',28),(186,'Operational expenses','good','2011-01-01','2011-01-01','K10','okk','14',29),(187,'Operational expenses','good','2011-01-01','2011-01-01','K10','okk','14',30),(188,'Operational expenses','good','2011-01-01','2011-01-01','K10','okk','14',31),(189,'Operational expenses','good','2011-01-01','2011-01-01','K10','okk','14',32),(190,'Operational expenses','good','2011-01-01','2011-01-01','K10','okk','14',33),(191,'Operational expenses','good','2011-01-01','2011-01-01','K10','okk','14',34),(192,'Operational expenses','good','2011-01-01','2011-01-01','K10','okk','14',35),(193,'Operational expenses','good','2011-01-01','2011-01-01','K10','okk','14',36),(194,'Operational expenses','good','2011-01-01','2011-01-01','K10','okk','14',37),(195,'Operational expenses','good','2011-01-01','2011-01-01','K10','okk','14',38),(196,'Operational expenses','good','2011-01-01','2011-01-01','K10','okk','14',39),(197,'Vessel performance','okayy','2011-01-01','2011-01-01','K11','jjkk','14',26),(198,'Vessel performance','okayy','2011-01-01','2011-01-01','K11','jjkk','14',27),(199,'Vessel performance','okayy','2011-01-01','2011-01-01','K11','jjkk','14',28),(200,'Vessel performance','okayy','2011-01-01','2011-01-01','K11','jjkk','14',29),(201,'Vessel performance','okayy','2011-01-01','2011-01-01','K11','jjkk','14',30),(202,'Vessel performance','okayy','2011-01-01','2011-01-01','K11','jjkk','14',31),(203,'Vessel performance','okayy','2011-01-01','2011-01-01','K11','jjkk','14',32),(204,'Vessel performance','okayy','2011-01-01','2011-01-01','K11','jjkk','14',33),(205,'Vessel performance','okayy','2011-01-01','2011-01-01','K11','jjkk','14',34),(206,'Vessel performance','okayy','2011-01-01','2011-01-01','K11','jjkk','14',35),(207,'Vessel performance','okayy','2011-01-01','2011-01-01','K11','jjkk','14',36),(208,'Vessel performance','okayy','2011-01-01','2011-01-01','K11','jjkk','14',37),(209,'Vessel performance','okayy','2011-01-01','2011-01-01','K11','jjkk','14',38),(210,'Vessel performance','okayy','2011-01-01','2011-01-01','K11','jjkk','14',39),(211,'Third party inpection','good','2011-03-01','2011-09-01','K12','CCCC','12',26),(212,'Third party inpection','good','2011-03-01','2011-09-01','K12','CCCC','12',27),(213,'Third party inpection','good','2011-03-01','2011-09-01','K12','CCCC','12',28),(214,'Third party inpection','good','2011-03-01','2011-09-01','K12','CCCC','12',29),(215,'Third party inpection','good','2011-03-01','2011-09-01','K12','CCCC','12',30),(216,'Third party inpection','good','2011-03-01','2011-09-01','K12','CCCC','12',31),(217,'Third party inpection','good','2011-03-01','2011-09-01','K12','CCCC','12',32),(218,'Third party inpection','good','2011-03-01','2011-09-01','K12','CCCC','12',33),(219,'Third party inpection','good','2011-03-01','2011-09-01','K12','CCCC','12',34),(220,'Third party inpection','good','2011-03-01','2011-09-01','K12','CCCC','12',35),(221,'Third party inpection','good','2011-03-01','2011-09-01','K12','CCCC','12',36),(222,'Third party inpection','good','2011-03-01','2011-09-01','K12','CCCC','12',37),(223,'Third party inpection','good','2011-03-01','2011-09-01','K12','CCCC','12',38),(224,'Third party inpection','good','2011-03-01','2011-09-01','K12','CCCC','12',39),(225,'Cargo Claims','good','2011-01-01','2011-01-01','K13','DDDD','12',26),(226,'Cargo Claims','good','2011-01-01','2011-01-01','K13','DDDD','12',27),(227,'Cargo Claims','good','2011-01-01','2011-01-01','K13','DDDD','12',28),(228,'Cargo Claims','good','2011-01-01','2011-01-01','K13','DDDD','12',29),(229,'Cargo Claims','good','2011-01-01','2011-01-01','K13','DDDD','12',30),(230,'Cargo Claims','good','2011-01-01','2011-01-01','K13','DDDD','12',31),(231,'Cargo Claims','good','2011-01-01','2011-01-01','K13','DDDD','12',32),(232,'Cargo Claims','good','2011-01-01','2011-01-01','K13','DDDD','12',33),(233,'Cargo Claims','good','2011-01-01','2011-01-01','K13','DDDD','12',34),(234,'Cargo Claims','good','2011-01-01','2011-01-01','K13','DDDD','12',35),(235,'Cargo Claims','good','2011-01-01','2011-01-01','K13','DDDD','12',36),(236,'Cargo Claims','good','2011-01-01','2011-01-01','K13','DDDD','12',37),(237,'Cargo Claims','good','2011-01-01','2011-01-01','K13','DDDD','12',38),(238,'Cargo Claims','good','2011-01-01','2011-01-01','K13','DDDD','12',39),(239,'Safety','performance good','2011-01-01','2011-01-01','K14','FF','10',26),(240,'Safety','performance good','2011-01-01','2011-01-01','K14','FF','10',27),(241,'Safety','performance good','2011-01-01','2011-01-01','K14','FF','10',28),(242,'Safety','performance good','2011-01-01','2011-01-01','K14','FF','10',29),(243,'Safety','performance good','2011-01-01','2011-01-01','K14','FF','10',30),(244,'Safety','performance good','2011-01-01','2011-01-01','K14','FF','10',31),(245,'Safety','performance good','2011-01-01','2011-01-01','K14','FF','10',32),(246,'Safety','performance good','2011-01-01','2011-01-01','K14','FF','10',33),(247,'Safety','performance good','2011-01-01','2011-01-01','K14','FF','10',34),(248,'Safety','performance good','2011-01-01','2011-01-01','K14','FF','10',35),(249,'Safety','performance good','2011-01-01','2011-01-01','K14','FF','10',36),(250,'Safety','performance good','2011-01-01','2011-01-01','K14','FF','10',37),(251,'Safety','performance good','2011-01-01','2011-01-01','K14','FF','10',38),(252,'Safety','performance good','2011-01-01','2011-01-01','K14','FF','10',39),(253,'Down time','fffk','2011-01-01','2011-01-01','K14','okayy','10',26),(254,'Down time','fffk','2011-01-01','2011-01-01','K14','okayy','10',27),(255,'Down time','fffk','2011-01-01','2011-01-01','K14','okayy','10',28),(256,'Down time','fffk','2011-01-01','2011-01-01','K14','okayy','10',29),(257,'Down time','fffk','2011-01-01','2011-01-01','K14','okayy','10',30),(258,'Down time','fffk','2011-01-01','2011-01-01','K14','okayy','10',31),(259,'Down time','fffk','2011-01-01','2011-01-01','K14','okayy','10',32),(260,'Down time','fffk','2011-01-01','2011-01-01','K14','okayy','10',33),(261,'Down time','fffk','2011-01-01','2011-01-01','K14','okayy','10',34),(262,'Down time','fffk','2011-01-01','2011-01-01','K14','okayy','10',35),(263,'Down time','fffk','2011-01-01','2011-01-01','K14','okayy','10',36),(264,'Down time','fffk','2011-01-01','2011-01-01','K14','okayy','10',37),(265,'Down time','fffk','2011-01-01','2011-01-01','K14','okayy','10',38),(266,'Down time','fffk','2011-01-01','2011-01-01','K14','okayy','10',39),(281,'Bunker','okayy','2011-01-01','2011-01-01','K17','pp3','7',26),(282,'Bunker','okayy','2011-01-01','2011-01-01','K17','pp3','7',27),(283,'Bunker','okayy','2011-01-01','2011-01-01','K17','pp3','7',28),(284,'Bunker','okayy','2011-01-01','2011-01-01','K17','pp3','7',29),(285,'Bunker','okayy','2011-01-01','2011-01-01','K17','pp3','7',30),(286,'Bunker','okayy','2011-01-01','2011-01-01','K17','pp3','7',31),(287,'Bunker','okayy','2011-01-01','2011-01-01','K17','pp3','7',32),(288,'Bunker','okayy','2011-01-01','2011-01-01','K17','pp3','7',33),(289,'Bunker','okayy','2011-01-01','2011-01-01','K17','pp3','7',34),(290,'Bunker','okayy','2011-01-01','2011-01-01','K17','pp3','7',35),(291,'Bunker','okayy','2011-01-01','2011-01-01','K17','pp3','7',36),(292,'Bunker','okayy','2011-01-01','2011-01-01','K17','pp3','7',37),(293,'Bunker','okayy','2011-01-01','2011-01-01','K17','pp3','7',38),(294,'Bunker','okayy','2011-01-01','2011-01-01','K17','pp3','7',39);
/*!40000 ALTER TABLE `ranking_kpi_details` ENABLE KEYS */;
UNLOCK TABLES;

--
-- Table structure for table `ranking_kpi_rules`
--

DROP TABLE IF EXISTS `ranking_kpi_rules`;
/*!40101 SET @saved_cs_client     = @@character_set_client */;
/*!40101 SET character_set_client = utf8 */;
CREATE TABLE `ranking_kpi_rules` (
  `id` int(11) NOT NULL AUTO_INCREMENT,
  `Rules` varchar(255) COLLATE utf8_unicode_ci NOT NULL,
  `KpiDetailsId` int(11) DEFAULT NULL,
  PRIMARY KEY (`id`),
  KEY `IDX_253B384FF10FA648` (`KpiDetailsId`),
  CONSTRAINT `FK_253B384FF10FA648` FOREIGN KEY (`KpiDetailsId`) REFERENCES `ranking_kpi_details` (`id`)
) ENGINE=InnoDB DEFAULT CHARSET=utf8 COLLATE=utf8_unicode_ci;
/*!40101 SET character_set_client = @saved_cs_client */;

--
-- Dumping data for table `ranking_kpi_rules`
--

LOCK TABLES `ranking_kpi_rules` WRITE;
/*!40000 ALTER TABLE `ranking_kpi_rules` DISABLE KEYS */;
/*!40000 ALTER TABLE `ranking_kpi_rules` ENABLE KEYS */;
UNLOCK TABLES;

--
-- Table structure for table `ranking_monthly_data`
--

DROP TABLE IF EXISTS `ranking_monthly_data`;
/*!40101 SET @saved_cs_client     = @@character_set_client */;
/*!40101 SET character_set_client = utf8 */;
CREATE TABLE `ranking_monthly_data` (
  `id` int(11) NOT NULL AUTO_INCREMENT,
  `value` varchar(255) COLLATE utf8_unicode_ci DEFAULT NULL,
  `monthdetail` date NOT NULL,
  `ShipDetailsId` int(11) DEFAULT NULL,
  `KpiDetailsId` int(11) DEFAULT NULL,
  `ElementDetailsId` int(11) DEFAULT NULL,
  `status` int(11) NOT NULL,
  PRIMARY KEY (`id`),
  KEY `IDX_40D230035041247E` (`ShipDetailsId`),
  KEY `IDX_40D23003F10FA648` (`KpiDetailsId`),
  KEY `IDX_40D23003ABFC5A8E` (`ElementDetailsId`),
  CONSTRAINT `FK_40D230035041247E` FOREIGN KEY (`ShipDetailsId`) REFERENCES `ship_details` (`id`),
  CONSTRAINT `FK_40D23003ABFC5A8E` FOREIGN KEY (`ElementDetailsId`) REFERENCES `ranking_element_details` (`id`),
  CONSTRAINT `FK_40D23003F10FA648` FOREIGN KEY (`KpiDetailsId`) REFERENCES `ranking_kpi_details` (`id`)
) ENGINE=InnoDB AUTO_INCREMENT=1756 DEFAULT CHARSET=utf8 COLLATE=utf8_unicode_ci;
/*!40101 SET character_set_client = @saved_cs_client */;

--
-- Dumping data for table `ranking_monthly_data`
--

LOCK TABLES `ranking_monthly_data` WRITE;
/*!40000 ALTER TABLE `ranking_monthly_data` DISABLE KEYS */;
INSERT INTO `ranking_monthly_data` VALUES (1,'0','2015-09-30',26,169,5,0),(25,'0','2015-09-30',27,169,5,0),(49,'0','2015-09-30',26,169,5,0),(73,'0','2015-09-30',29,169,5,0),(97,'0','2016-01-31',26,169,5,3),(98,'95','2016-01-31',26,183,6,3),(99,'165','2016-01-31',26,183,7,3),(100,'1','2016-01-31',26,183,8,3),(101,'0','2016-01-31',26,197,9,3),(102,'10','2016-01-31',26,197,10,3),(103,'0','2016-01-31',26,211,11,3),(104,'0','2016-01-31',26,211,12,3),(105,'0','2016-01-31',26,211,13,3),(106,'0','2016-01-31',26,211,14,3),(107,'0','2016-01-31',26,211,15,3),(108,'0','2016-01-31',26,211,16,3),(109,'0','2016-01-31',26,211,17,3),(110,'4','2016-01-31',26,211,18,3),(111,'1','2016-01-31',26,211,19,3),(112,'0','2016-01-31',26,211,20,3),(113,'0','2016-01-31',26,225,21,3),(114,'0','2016-01-31',26,225,22,3),(115,'0','2016-01-31',26,225,23,3),(116,'5','2016-01-31',26,239,24,3),(117,'5','2016-01-31',26,239,25,3),(118,'3','2016-01-31',26,253,26,3),(119,'7','2016-01-31',26,253,27,3),(120,'100','2016-01-31',26,281,28,3),(121,'0','2016-01-31',26,169,5,1),(145,'0','2016-01-31',27,169,5,3),(146,'1.03','2016-01-31',27,183,6,3),(147,'0.53','2016-01-31',27,183,7,3),(148,'0.71','2016-01-31',27,183,8,3),(149,'0','2016-01-31',27,197,9,3),(150,'10','2016-01-31',27,197,10,3),(151,'0','2016-01-31',27,211,11,3),(152,'0','2016-01-31',27,211,12,3),(153,'0','2016-01-31',27,211,13,3),(154,'0','2016-01-31',27,211,14,3),(155,'0','2016-01-31',27,211,15,3),(156,'0','2016-01-31',27,211,16,3),(157,'0','2016-01-31',27,211,17,3),(158,'5','2016-01-31',27,211,18,3),(159,'1','2016-01-31',27,211,19,3),(160,'0','2016-01-31',27,211,20,3),(161,'0','2016-01-31',27,225,21,3),(162,'0','2016-01-31',27,225,22,3),(163,'0','2016-01-31',27,225,23,3),(164,'5','2016-01-31',27,239,24,3),(165,'5','2016-01-31',27,239,25,3),(166,'3','2016-01-31',27,253,26,3),(167,'7','2016-01-31',27,253,27,3),(168,'1.46','2016-01-31',27,281,28,3),(169,'0','2016-01-31',28,169,5,3),(170,'102','2016-01-31',28,183,6,3),(171,'5','2016-01-31',28,183,7,3),(172,'154','2016-01-31',28,183,8,3),(173,'1','2016-01-31',28,197,9,3),(174,'10','2016-01-31',28,197,10,3),(175,'0','2016-01-31',28,211,11,3),(176,'0','2016-01-31',28,211,12,3),(177,'0','2016-01-31',28,211,13,3),(178,'0','2016-01-31',28,211,14,3),(179,'0','2016-01-31',28,211,15,3),(180,'0','2016-01-31',28,211,16,3),(181,'0','2016-01-31',28,211,17,3),(182,'4','2016-01-31',28,211,18,3),(183,'1','2016-01-31',28,211,19,3),(184,'0','2016-01-31',28,211,20,3),(185,'1','2016-01-31',28,225,21,3),(186,'0','2016-01-31',28,225,22,3),(187,'0','2016-01-31',28,225,23,3),(188,'5','2016-01-31',28,239,24,3),(189,'5','2016-01-31',28,239,25,3),(190,'3','2016-01-31',28,253,26,3),(191,'7','2016-01-31',28,253,27,3),(192,'1','2016-01-31',28,281,28,3),(193,'0','2016-01-31',29,169,5,3),(194,'92','2016-01-31',29,183,6,3),(195,'97','2016-01-31',29,183,7,3),(196,'26','2016-01-31',29,183,8,3),(197,'6','2016-01-31',29,197,9,3),(198,'10','2016-01-31',29,197,10,3),(199,'0','2016-01-31',29,211,11,3),(200,'0','2016-01-31',29,211,12,3),(201,'0','2016-01-31',29,211,13,3),(202,'0','2016-01-31',29,211,14,3),(203,'0','2016-01-31',29,211,15,3),(204,'0','2016-01-31',29,211,16,3),(205,'0','2016-01-31',29,211,17,3),(206,'5','2016-01-31',29,211,18,3),(207,'1','2016-01-31',29,211,19,3),(208,'0','2016-01-31',29,211,20,3),(209,'0','2016-01-31',29,225,21,3),(210,'0','2016-01-31',29,225,22,3),(211,'0','2016-01-31',29,225,23,3),(212,'5','2016-01-31',29,239,24,3),(213,'5','2016-01-31',29,239,25,3),(214,'3','2016-01-31',29,253,26,3),(215,'7','2016-01-31',29,253,27,3),(216,'0','2016-01-31',29,281,28,3),(217,'0','2016-01-31',30,169,5,3),(218,'96','2016-01-31',30,183,6,3),(219,'258','2016-01-31',30,183,7,3),(220,'279','2016-01-31',30,183,8,3),(221,'5','2016-01-31',30,197,9,3),(222,'10','2016-01-31',30,197,10,3),(223,'0','2016-01-31',30,211,11,3),(224,'0','2016-01-31',30,211,12,3),(225,'1','2016-01-31',30,211,13,3),(226,'0','2016-01-31',30,211,14,3),(227,'3','2016-01-31',30,211,15,3),(228,'0','2016-01-31',30,211,16,3),(229,'1','2016-01-31',30,211,17,3),(230,'5','2016-01-31',30,211,18,3),(231,'1','2016-01-31',30,211,19,3),(232,'0','2016-01-31',30,211,20,3),(233,'0','2016-01-31',30,225,21,3),(234,'0','2016-01-31',30,225,22,3),(235,'0','2016-01-31',30,225,23,3),(236,'5','2016-01-31',30,239,24,3),(237,'5','2016-01-31',30,239,25,3),(238,'3','2016-01-31',30,253,26,3),(239,'7','2016-01-31',30,253,27,3),(240,'0','2016-01-31',30,281,28,3),(241,'0','2016-01-31',31,169,5,3),(242,'102','2016-01-31',31,183,6,3),(243,'84','2016-01-31',31,183,7,3),(244,'41','2016-01-31',31,183,8,3),(245,'3.33','2016-01-31',31,197,9,3),(246,'10','2016-01-31',31,197,10,3),(247,'0','2016-01-31',31,211,11,3),(248,'0','2016-01-31',31,211,12,3),(249,'0','2016-01-31',31,211,13,3),(250,'0','2016-01-31',31,211,14,3),(251,'0','2016-01-31',31,211,15,3),(252,'0','2016-01-31',31,211,16,3),(253,'1','2016-01-31',31,211,17,3),(254,'4','2016-01-31',31,211,18,3),(255,'1','2016-01-31',31,211,19,3),(256,'0','2016-01-31',31,211,20,3),(257,'0','2016-01-31',31,225,21,3),(258,'0','2016-01-31',31,225,22,3),(259,'0','2016-01-31',31,225,23,3),(260,'5','2016-01-31',31,239,24,3),(261,'5','2016-01-31',31,239,25,3),(262,'3','2016-01-31',31,253,26,3),(263,'7','2016-01-31',31,253,27,3),(264,'0','2016-01-31',31,281,28,3),(265,'0','2016-01-31',32,169,5,3),(266,'88','2016-01-31',32,183,6,3),(267,'98','2016-01-31',32,183,7,3),(268,'24','2016-01-31',32,183,8,3),(269,'5','2016-01-31',32,197,9,3),(270,'10','2016-01-31',32,197,10,3),(271,'0','2016-01-31',32,211,11,3),(272,'0','2016-01-31',32,211,12,3),(273,'0','2016-01-31',32,211,13,3),(274,'0','2016-01-31',32,211,14,3),(275,'3','2016-01-31',32,211,15,3),(276,'0','2016-01-31',32,211,16,3),(277,'0','2016-01-31',32,211,17,3),(278,'5','2016-01-31',32,211,18,3),(279,'1','2016-01-31',32,211,19,3),(280,'0','2016-01-31',32,211,20,3),(281,'0','2016-01-31',32,225,21,3),(282,'0','2016-01-31',32,225,22,3),(283,'0','2016-01-31',32,225,23,3),(284,'5','2016-01-31',32,239,24,3),(285,'5','2016-01-31',32,239,25,3),(286,'3','2016-01-31',32,253,26,3),(287,'7','2016-01-31',32,253,27,3),(288,'0.3','2016-01-31',32,281,28,3),(289,'1','2016-01-31',33,169,5,3),(290,'93','2016-01-31',33,183,6,3),(291,'24','2016-01-31',33,183,7,3),(292,'6','2016-01-31',33,183,8,3),(293,'13','2016-01-31',33,197,9,3),(294,'10','2016-01-31',33,197,10,3),(295,'0','2016-01-31',33,211,11,3),(296,'0','2016-01-31',33,211,12,3),(297,'0','2016-01-31',33,211,13,3),(298,'0','2016-01-31',33,211,14,3),(299,'0','2016-01-31',33,211,15,3),(300,'0','2016-01-31',33,211,16,3),(301,'0','2016-01-31',33,211,17,3),(302,'5','2016-01-31',33,211,18,3),(303,'1','2016-01-31',33,211,19,3),(304,'0','2016-01-31',33,211,20,3),(305,'0','2016-01-31',33,225,21,3),(306,'0','2016-01-31',33,225,22,3),(307,'0','2016-01-31',33,225,23,3),(308,'5','2016-01-31',33,239,24,3),(309,'5','2016-01-31',33,239,25,3),(310,'3','2016-01-31',33,253,26,3),(311,'7','2016-01-31',33,253,27,3),(312,'1','2016-01-31',33,281,28,3),(313,'0','2016-01-31',34,169,5,3),(314,'92','2016-01-31',34,183,6,3),(315,'62','2016-01-31',34,183,7,3),(316,'40','2016-01-31',34,183,8,3),(317,'3','2016-01-31',34,197,9,3),(318,'10','2016-01-31',34,197,10,3),(319,'0','2016-01-31',34,211,11,3),(320,'0','2016-01-31',34,211,12,3),(321,'0','2016-01-31',34,211,13,3),(322,'0','2016-01-31',34,211,14,3),(323,'0','2016-01-31',34,211,15,3),(324,'0','2016-01-31',34,211,16,3),(325,'2','2016-01-31',34,211,17,3),(326,'5','2016-01-31',34,211,18,3),(327,'1','2016-01-31',34,211,19,3),(328,'0','2016-01-31',34,211,20,3),(329,'0','2016-01-31',34,225,21,3),(330,'0','2016-01-31',34,225,22,3),(331,'1','2016-01-31',34,225,23,3),(332,'5','2016-01-31',34,239,24,3),(333,'5','2016-01-31',34,239,25,3),(334,'3','2016-01-31',34,253,26,3),(335,'7','2016-01-31',34,253,27,3),(336,'0','2016-01-31',34,281,28,3),(337,'0','2016-01-31',35,169,5,3),(338,'100','2016-01-31',35,183,6,3),(339,'39','2016-01-31',35,183,7,3),(340,'30','2016-01-31',35,183,8,3),(341,'4','2016-01-31',35,197,9,3),(342,'10','2016-01-31',35,197,10,3),(343,'0','2016-01-31',35,211,11,3),(344,'0','2016-01-31',35,211,12,3),(345,'0','2016-01-31',35,211,13,3),(346,'0','2016-01-31',35,211,14,3),(347,'0','2016-01-31',35,211,15,3),(348,'0','2016-01-31',35,211,16,3),(349,'2','2016-01-31',35,211,17,3),(350,'5','2016-01-31',35,211,18,3),(351,'1','2016-01-31',35,211,19,3),(352,'0','2016-01-31',35,211,20,3),(353,'0','2016-01-31',35,225,21,3),(354,'0','2016-01-31',35,225,22,3),(355,'0','2016-01-31',35,225,23,3),(356,'5','2016-01-31',35,239,24,3),(357,'5','2016-01-31',35,239,25,3),(358,'3','2016-01-31',35,253,26,3),(359,'7','2016-01-31',35,253,27,3),(360,'0','2016-01-31',35,281,28,3),(361,'0','2016-01-31',36,169,5,3),(362,'102','2016-01-31',36,183,6,3),(363,'79','2016-01-31',36,183,7,3),(364,'7','2016-01-31',36,183,8,3),(365,'8','2016-01-31',36,197,9,3),(366,'10','2016-01-31',36,197,10,3),(367,'0','2016-01-31',36,211,11,3),(368,'0','2016-01-31',36,211,12,3),(369,'0','2016-01-31',36,211,13,3),(370,'0','2016-01-31',36,211,14,3),(371,'0','2016-01-31',36,211,15,3),(372,'0','2016-01-31',36,211,16,3),(373,'0','2016-01-31',36,211,17,3),(374,'4','2016-01-31',36,211,18,3),(375,'1','2016-01-31',36,211,19,3),(376,'0','2016-01-31',36,211,20,3),(377,'0','2016-01-31',36,225,21,3),(378,'0','2016-01-31',36,225,22,3),(379,'0','2016-01-31',36,225,23,3),(380,'5','2016-01-31',36,239,24,3),(381,'5','2016-01-31',36,239,25,3),(382,'3','2016-01-31',36,253,26,3),(383,'7','2016-01-31',36,253,27,3),(384,'31','2016-01-31',36,281,28,3),(385,'0','2016-01-31',37,169,5,3),(386,'92','2016-01-31',37,183,6,3),(387,'63','2016-01-31',37,183,7,3),(388,'483','2016-01-31',37,183,8,3),(389,'1','2016-01-31',37,197,9,3),(390,'10','2016-01-31',37,197,10,3),(391,'0','2016-01-31',37,211,11,3),(392,'0','2016-01-31',37,211,12,3),(393,'0','2016-01-31',37,211,13,3),(394,'0','2016-01-31',37,211,14,3),(395,'0','2016-01-31',37,211,15,3),(396,'0','2016-01-31',37,211,16,3),(397,'0','2016-01-31',37,211,17,3),(398,'5','2016-01-31',37,211,18,3),(399,'1','2016-01-31',37,211,19,3),(400,'0','2016-01-31',37,211,20,3),(401,'0','2016-01-31',37,225,21,3),(402,'0','2016-01-31',37,225,22,3),(403,'0','2016-01-31',37,225,23,3),(404,'5','2016-01-31',37,239,24,3),(405,'5','2016-01-31',37,239,25,3),(406,'3','2016-01-31',37,253,26,3),(407,'7','2016-01-31',37,253,27,3),(408,'0','2016-01-31',37,281,28,3),(409,'0','2016-01-31',38,169,5,3),(410,'103','2016-01-31',38,183,6,3),(411,'84','2016-01-31',38,183,7,3),(412,'35','2016-01-31',38,183,8,3),(413,'1','2016-01-31',38,197,9,3),(414,'10','2016-01-31',38,197,10,3),(415,'0','2016-01-31',38,211,11,3),(416,'0','2016-01-31',38,211,12,3),(417,'0','2016-01-31',38,211,13,3),(418,'0','2016-01-31',38,211,14,3),(419,'0','2016-01-31',38,211,15,3),(420,'0','2016-01-31',38,211,16,3),(421,'0','2016-01-31',38,211,17,3),(422,'5','2016-01-31',38,211,18,3),(423,'1','2016-01-31',38,211,19,3),(424,'0','2016-01-31',38,211,20,3),(425,'0','2016-01-31',38,225,21,3),(426,'0','2016-01-31',38,225,22,3),(770,'0','2016-04-30',27,169,5,3),(771,'1.03','2016-04-30',27,183,6,3),(772,'0.53','2016-04-30',27,183,7,3),(773,'0.71','2016-04-30',27,183,8,3),(774,'0','2016-04-30',27,197,9,3),(775,'10','2016-04-30',27,197,10,3),(776,'0','2016-04-30',27,211,11,3),(777,'0','2016-04-30',27,211,12,3),(778,'0','2016-04-30',27,211,13,3),(779,'0','2016-04-30',27,211,14,3),(780,'0','2016-04-30',27,211,15,3),(781,'0','2016-04-30',27,211,16,3),(782,'0','2016-04-30',27,211,17,3),(783,'5','2016-04-30',27,211,18,3),(784,'1','2016-04-30',27,211,19,3),(785,'0','2016-04-30',27,211,20,3),(786,'0','2016-04-30',27,225,21,3),(787,'0','2016-04-30',27,225,22,3),(788,'0','2016-04-30',27,225,23,3),(789,'5','2016-04-30',27,239,24,3),(790,'5','2016-04-30',27,239,25,3),(791,'3','2016-04-30',27,253,26,3),(792,'7','2016-04-30',27,253,27,3),(793,'1.46','2016-04-30',27,281,28,3),(794,'2','2016-02-29',26,169,5,3),(795,'195','2016-02-29',26,183,6,3),(796,'67','2016-02-29',26,183,7,3),(797,'0','2016-02-29',26,183,8,3),(798,'2','2016-02-29',26,197,9,3),(799,'10','2016-02-29',26,197,10,3),(800,'1','2016-02-29',26,211,11,3),(801,'1','2016-02-29',26,211,12,3),(802,'2','2016-02-29',26,211,13,3),(803,'3','2016-02-29',26,211,14,3),(804,'0','2016-02-29',26,211,15,3),(805,'3','2016-02-29',26,211,16,3),(806,'2','2016-02-29',26,211,17,3),(807,'4','2016-02-29',26,211,18,3),(808,'1','2016-02-29',26,211,19,3),(809,'1','2016-02-29',26,211,20,3),(810,'1','2016-02-29',26,225,21,3),(811,'1','2016-02-29',26,225,22,3),(812,'1','2016-02-29',26,225,23,3),(813,'5','2016-02-29',26,239,24,3),(814,'5','2016-02-29',26,239,25,3),(815,'3','2016-02-29',26,253,26,3),(816,'3','2016-02-29',26,253,27,3),(817,'100','2016-02-29',26,281,28,3),(818,'2','2016-02-29',26,169,5,1),(819,'2','2016-02-29',27,169,5,3),(820,'1.03','2016-02-29',27,183,6,3),(821,'0.53','2016-02-29',27,183,7,3),(822,'1','2016-02-29',27,183,8,3),(823,'2','2016-02-29',27,197,9,3),(824,'10','2016-02-29',27,197,10,3),(825,'1','2016-02-29',27,211,11,3),(826,'1','2016-02-29',27,211,12,3),(827,'1','2016-02-29',27,211,13,3),(828,'1','2016-02-29',27,211,14,3),(829,'1','2016-02-29',27,211,15,3),(830,'1','2016-02-29',27,211,16,3),(831,'1','2016-02-29',27,211,17,3),(832,'5','2016-02-29',27,211,18,3),(833,'1','2016-02-29',27,211,19,3),(834,'2','2016-02-29',27,211,20,3),(835,'2','2016-02-29',27,225,21,3),(836,'2','2016-02-29',27,225,22,3),(837,'2','2016-02-29',27,225,23,3),(838,'5','2016-02-29',27,239,24,3),(839,'5','2016-02-29',27,239,25,3),(840,'3','2016-02-29',27,253,26,3),(841,'7','2016-02-29',27,253,27,3),(842,'1.46','2016-02-29',27,281,28,3),(843,'0','2016-02-29',28,169,5,3),(844,'102','2016-02-29',28,183,6,3),(845,'5','2016-02-29',28,183,7,3),(846,'154','2016-02-29',28,183,8,3),(847,'1','2016-02-29',28,197,9,3),(848,'10','2016-02-29',28,197,10,3),(849,'1','2016-02-29',28,211,11,3),(850,'1','2016-02-29',28,211,12,3),(851,'1','2016-02-29',28,211,13,3),(852,'1','2016-02-29',28,211,14,3),(853,'1','2016-02-29',28,211,15,3),(854,'2','2016-02-29',28,211,16,3),(855,'0','2016-02-29',28,211,17,3),(856,'3','2016-02-29',28,211,18,3),(857,'1','2016-02-29',28,211,19,3),(858,'1','2016-02-29',28,211,20,3),(859,'1','2016-02-29',28,225,21,3),(860,'1','2016-02-29',28,225,22,3),(861,'1','2016-02-29',28,225,23,3),(862,'5','2016-02-29',28,239,24,3),(863,'5','2016-02-29',28,239,25,3),(864,'3','2016-02-29',28,253,26,3),(865,'7','2016-02-29',28,253,27,3),(866,'1','2016-02-29',28,281,28,3),(867,'0','2016-02-29',29,169,5,3),(868,'92','2016-02-29',29,183,6,3),(869,'97','2016-02-29',29,183,7,3),(870,'26','2016-02-29',29,183,8,3),(871,'6','2016-02-29',29,197,9,3),(872,'10','2016-02-29',29,197,10,3),(873,'2','2016-02-29',29,211,11,3),(874,'1','2016-02-29',29,211,12,3),(875,'1','2016-02-29',29,211,13,3),(876,'1','2016-02-29',29,211,14,3),(877,'1','2016-02-29',29,211,15,3),(878,'1','2016-02-29',29,211,16,3),(879,'1','2016-02-29',29,211,17,3),(880,'5','2016-02-29',29,211,18,3),(881,'1','2016-02-29',29,211,19,3),(882,'0','2016-02-29',29,211,20,3),(883,'0','2016-02-29',29,225,21,3),(884,'0','2016-02-29',29,225,22,3),(885,'0','2016-02-29',29,225,23,3),(886,'5','2016-02-29',29,239,24,3),(887,'5','2016-02-29',29,239,25,3),(888,'3','2016-02-29',29,253,26,3),(889,'7','2016-02-29',29,253,27,3),(890,'2','2016-02-29',29,281,28,3),(891,'2','2016-02-29',30,169,5,3),(892,'105','2016-02-29',30,183,6,3),(893,'258','2016-02-29',30,183,7,3),(894,'99','2016-02-29',30,183,8,3),(895,'5','2016-02-29',30,197,9,3),(896,'10','2016-02-29',30,197,10,3),(897,'2','2016-02-29',30,211,11,3),(898,'2','2016-02-29',30,211,12,3),(899,'1','2016-02-29',30,211,13,3),(900,'2','2016-02-29',30,211,14,3),(901,'3','2016-02-29',30,211,15,3),(902,'0','2016-02-29',30,211,16,3),(903,'1','2016-02-29',30,211,17,3),(904,'5','2016-02-29',30,211,18,3),(905,'1','2016-02-29',30,211,19,3),(906,'2','2016-02-29',30,211,20,3),(907,'2','2016-02-29',30,225,21,3),(908,'1','2016-02-29',30,225,22,3),(909,'1','2016-02-29',30,225,23,3),(910,'5','2016-02-29',30,239,24,3),(911,'5','2016-02-29',30,239,25,3),(912,'3','2016-02-29',30,253,26,3),(913,'7','2016-02-29',30,253,27,3),(914,'1','2016-02-29',30,281,28,3),(915,'1','2016-02-29',31,169,5,3),(916,'102','2016-02-29',31,183,6,3),(917,'84','2016-02-29',31,183,7,3),(918,'41','2016-02-29',31,183,8,3),(919,'5','2016-02-29',31,197,9,3),(920,'10','2016-02-29',31,197,10,3),(921,'2','2016-02-29',31,211,11,3),(922,'2','2016-02-29',31,211,12,3),(923,'1','2016-02-29',31,211,13,3),(924,'2','2016-02-29',31,211,14,3),(925,'2','2016-02-29',31,211,15,3),(926,'2','2016-02-29',31,211,16,3),(927,'1','2016-02-29',31,211,17,3),(928,'4','2016-02-29',31,211,18,3),(929,'1','2016-02-29',31,211,19,3),(930,'0','2016-02-29',31,211,20,3),(931,'0','2016-02-29',31,225,21,3),(932,'0','2016-02-29',31,225,22,3),(933,'0','2016-02-29',31,225,23,3),(934,'5','2016-02-29',31,239,24,3),(935,'5','2016-02-29',31,239,25,3),(936,'3','2016-02-29',31,253,26,3),(937,'7','2016-02-29',31,253,27,3),(938,'0','2016-02-29',31,281,28,3),(939,'0','2016-02-29',32,169,5,3),(940,'106','2016-02-29',32,183,6,3),(941,'101','2016-02-29',32,183,7,3),(942,'96','2016-02-29',32,183,8,3),(943,'7','2016-02-29',32,197,9,3),(944,'10','2016-02-29',32,197,10,3),(945,'0','2016-02-29',32,211,11,3),(946,'0','2016-02-29',32,211,12,3),(947,'0','2016-02-29',32,211,13,3),(948,'0','2016-02-29',32,211,14,3),(949,'3','2016-02-29',32,211,15,3),(950,'0','2016-02-29',32,211,16,3),(951,'0','2016-02-29',32,211,17,3),(952,'7','2016-02-29',32,211,18,3),(953,'1','2016-02-29',32,211,19,3),(954,'1','2016-02-29',32,211,20,3),(955,'0','2016-02-29',32,225,21,3),(956,'1','2016-02-29',32,225,22,3),(957,'1','2016-02-29',32,225,23,3),(958,'5','2016-02-29',32,239,24,3),(959,'5','2016-02-29',32,239,25,3),(960,'3','2016-02-29',32,253,26,3),(961,'7','2016-02-29',32,253,27,3),(962,'1','2016-02-29',32,281,28,3),(963,'1','2016-02-29',33,169,5,3),(964,'101','2016-02-29',33,183,6,3),(965,'63','2016-02-29',33,183,7,3),(966,'6','2016-02-29',33,183,8,3),(967,'13','2016-02-29',33,197,9,3),(968,'10','2016-02-29',33,197,10,3),(969,'1','2016-02-29',33,211,11,3),(970,'0','2016-02-29',33,211,12,3),(971,'1','2016-02-29',33,211,13,3),(972,'1','2016-02-29',33,211,14,3),(973,'1','2016-02-29',33,211,15,3),(974,'1','2016-02-29',33,211,16,3),(975,'1','2016-02-29',33,211,17,3),(976,'5','2016-02-29',33,211,18,3),(977,'1','2016-02-29',33,211,19,3),(978,'0','2016-02-29',33,211,20,3),(979,'0','2016-02-29',33,225,21,3),(980,'1','2016-02-29',33,225,22,3),(981,'0','2016-02-29',33,225,23,3),(982,'5','2016-02-29',33,239,24,3),(983,'5','2016-02-29',33,239,25,3),(984,'3','2016-02-29',33,253,26,3),(985,'7','2016-02-29',33,253,27,3),(986,'1','2016-02-29',33,281,28,3),(987,'1','2016-02-29',34,169,5,3),(988,'101','2016-02-29',34,183,6,3),(989,'92','2016-02-29',34,183,7,3),(990,'70','2016-02-29',34,183,8,3),(991,'3','2016-02-29',34,197,9,3),(992,'10','2016-02-29',34,197,10,3),(993,'1','2016-02-29',34,211,11,3),(994,'1','2016-02-29',34,211,12,3),(995,'1','2016-02-29',34,211,13,3),(996,'1','2016-02-29',34,211,14,3),(997,'1','2016-02-29',34,211,15,3),(998,'1','2016-02-29',34,211,16,3),(999,'3','2016-02-29',34,211,17,3),(1000,'5','2016-02-29',34,211,18,3),(1001,'1','2016-02-29',34,211,19,3),(1002,'1','2016-02-29',34,211,20,3),(1003,'1','2016-02-29',34,225,21,3),(1004,'1','2016-02-29',34,225,22,3),(1005,'1','2016-02-29',34,225,23,3),(1006,'5','2016-02-29',34,239,24,3),(1007,'5','2016-02-29',34,239,25,3),(1008,'3','2016-02-29',34,253,26,3),(1009,'7','2016-02-29',34,253,27,3),(1010,'0','2016-02-29',34,281,28,3),(1011,'0','2016-02-29',35,169,5,3),(1012,'101','2016-02-29',35,183,6,3),(1013,'39','2016-02-29',35,183,7,3),(1014,'30','2016-02-29',35,183,8,3),(1015,'4','2016-02-29',35,197,9,3),(1016,'10','2016-02-29',35,197,10,3),(1017,'0','2016-02-29',35,211,11,3),(1018,'0','2016-02-29',35,211,12,3),(1019,'0','2016-02-29',35,211,13,3),(1020,'0','2016-02-29',35,211,14,3),(1021,'0','2016-02-29',35,211,15,3),(1022,'0','2016-02-29',35,211,16,3),(1023,'2','2016-02-29',35,211,17,3),(1024,'5','2016-02-29',35,211,18,3),(1025,'1','2016-02-29',35,211,19,3),(1026,'0','2016-02-29',35,211,20,3),(1027,'0','2016-02-29',35,225,21,3),(1028,'0','2016-02-29',35,225,22,3),(1029,'0','2016-02-29',35,225,23,3),(1030,'5','2016-02-29',35,239,24,3),(1031,'5','2016-02-29',35,239,25,3),(1032,'3','2016-02-29',35,253,26,3),(1033,'7','2016-02-29',35,253,27,3),(1034,'0','2016-02-29',35,281,28,3),(1035,'0','2016-02-29',36,169,5,3),(1036,'102','2016-02-29',36,183,6,3),(1037,'88','2016-02-29',36,183,7,3),(1038,'7','2016-02-29',36,183,8,3),(1039,'11','2016-02-29',36,197,9,3),(1040,'10','2016-02-29',36,197,10,3),(1041,'0','2016-02-29',36,211,11,3),(1042,'0','2016-02-29',36,211,12,3),(1043,'0','2016-02-29',36,211,13,3),(1044,'0','2016-02-29',36,211,14,3),(1045,'0','2016-02-29',36,211,15,3),(1046,'0','2016-02-29',36,211,16,3),(1047,'0','2016-02-29',36,211,17,3),(1048,'5','2016-02-29',36,211,18,3),(1049,'1','2016-02-29',36,211,19,3),(1050,'0','2016-02-29',36,211,20,3),(1051,'0','2016-02-29',36,225,21,3),(1052,'0','2016-02-29',36,225,22,3),(1053,'0','2016-02-29',36,225,23,3),(1054,'5','2016-02-29',36,239,24,3),(1055,'5','2016-02-29',36,239,25,3),(1056,'3','2016-02-29',36,253,26,3),(1057,'7','2016-02-29',36,253,27,3),(1058,'35','2016-02-29',36,281,28,3),(1059,'0','2016-02-29',37,169,5,3),(1060,'101','2016-02-29',37,183,6,3),(1061,'90','2016-02-29',37,183,7,3),(1062,'383','2016-02-29',37,183,8,3),(1063,'1','2016-02-29',37,197,9,3),(1064,'10','2016-02-29',37,197,10,3),(1065,'0','2016-02-29',37,211,11,3),(1066,'0','2016-02-29',37,211,12,3),(1067,'0','2016-02-29',37,211,13,3),(1068,'0','2016-02-29',37,211,14,3),(1069,'0','2016-02-29',37,211,15,3),(1070,'0','2016-02-29',37,211,16,3),(1071,'0','2016-02-29',37,211,17,3),(1072,'5','2016-02-29',37,211,18,3),(1073,'1','2016-02-29',37,211,19,3),(1074,'0','2016-02-29',37,211,20,3),(1075,'0','2016-02-29',37,225,21,3),(1076,'0','2016-02-29',37,225,22,3),(1077,'0','2016-02-29',37,225,23,3),(1078,'5','2016-02-29',37,239,24,3),(1079,'5','2016-02-29',37,239,25,3),(1080,'3','2016-02-29',37,253,26,3),(1081,'7','2016-02-29',37,253,27,3),(1082,'0','2016-02-29',37,281,28,3),(1083,'0','2016-02-29',38,169,5,3),(1084,'107','2016-02-29',38,183,6,3),(1085,'89','2016-02-29',38,183,7,3),(1086,'35','2016-02-29',38,183,8,3),(1087,'1','2016-02-29',38,197,9,3),(1088,'11','2016-02-29',38,197,10,3),(1089,'0','2016-02-29',38,211,11,3),(1090,'0','2016-02-29',38,211,12,3),(1091,'0','2016-02-29',38,211,13,3),(1092,'0','2016-02-29',38,211,14,3),(1093,'0','2016-02-29',38,211,15,3),(1094,'0','2016-02-29',38,211,16,3),(1095,'0','2016-02-29',38,211,17,3),(1096,'5','2016-02-29',38,211,18,3),(1097,'1','2016-02-29',38,211,19,3),(1098,'0','2016-02-29',38,211,20,3),(1099,'0','2016-02-29',38,225,21,3),(1100,'0','2016-02-29',38,225,22,3),(1305,'0','2016-03-31',26,169,5,3),(1306,'95','2016-03-31',26,183,6,3),(1307,'165','2016-03-31',26,183,7,3),(1308,'90','2016-03-31',26,183,8,3),(1309,'1','2016-03-31',26,197,9,3),(1310,'15','2016-03-31',26,197,10,3),(1311,'7','2016-03-31',26,211,11,3),(1312,'1','2016-03-31',26,211,12,3),(1313,'2','2016-03-31',26,211,13,3),(1314,'1','2016-03-31',26,211,14,3),(1315,'1','2016-03-31',26,211,15,3),(1316,'1','2016-03-31',26,211,16,3),(1317,'2','2016-03-31',26,211,17,3),(1318,'4','2016-03-31',26,211,18,3),(1319,'1','2016-03-31',26,211,19,3),(1320,'2','2016-03-31',26,211,20,3),(1321,'1','2016-03-31',26,225,21,3),(1322,'2','2016-03-31',26,225,22,3),(1323,'1','2016-03-31',26,225,23,3),(1324,'5','2016-03-31',26,239,24,3),(1325,'0','2016-03-31',26,239,25,3),(1326,'3','2016-03-31',26,253,26,3),(1327,'1','2016-03-31',26,253,27,3),(1328,'108','2016-03-31',26,281,28,3),(1329,'0','2016-03-31',26,169,5,1),(1330,'0','2016-03-31',27,169,5,3),(1331,'0','2016-03-31',27,183,6,3),(1332,'7','2016-03-31',27,183,7,3),(1333,'0','2016-03-31',27,183,8,3),(1334,'1','2016-03-31',27,197,9,3),(1335,'10','2016-03-31',27,197,10,3),(1336,'1','2016-03-31',27,211,11,3),(1337,'0','2016-03-31',27,211,12,3),(1338,'2','2016-03-31',27,211,13,3),(1339,'1','2016-03-31',27,211,14,3),(1340,'1','2016-03-31',27,211,15,3),(1341,'2','2016-03-31',27,211,16,3),(1342,'4','2016-03-31',27,211,17,3),(1343,'5','2016-03-31',27,211,18,3),(1344,'1','2016-03-31',27,211,19,3),(1345,'0','2016-03-31',27,211,20,3),(1346,'7','2016-03-31',27,225,21,3),(1347,'3','2016-03-31',27,225,22,3),(1348,'1','2016-03-31',27,225,23,3),(1349,'5','2016-03-31',27,239,24,3),(1350,'5','2016-03-31',27,239,25,3),(1351,'0','2016-03-31',27,253,26,3),(1352,'7','2016-03-31',27,253,27,3),(1353,'1.46','2016-03-31',27,281,28,3),(1354,'0','2016-03-31',28,169,5,3),(1355,'102','2016-03-31',28,183,6,3),(1356,'5','2016-03-31',28,183,7,3),(1357,'154','2016-03-31',28,183,8,3),(1358,'1','2016-03-31',28,197,9,3),(1359,'10','2016-03-31',28,197,10,3),(1360,'0','2016-03-31',28,211,11,3),(1361,'1','2016-03-31',28,211,12,3),(1362,'1','2016-03-31',28,211,13,3),(1363,'1','2016-03-31',28,211,14,3),(1364,'7','2016-03-31',28,211,15,3),(1365,'3','2016-03-31',28,211,16,3),(1366,'7','2016-03-31',28,211,17,3),(1367,'4','2016-03-31',28,211,18,3),(1368,'1','2016-03-31',28,211,19,3),(1369,'2','2016-03-31',28,211,20,3),(1370,'1','2016-03-31',28,225,21,3),(1371,'0','2016-03-31',28,225,22,3),(1372,'1','2016-03-31',28,225,23,3),(1373,'5','2016-03-31',28,239,24,3),(1374,'5','2016-03-31',28,239,25,3),(1375,'3','2016-03-31',28,253,26,3),(1376,'7','2016-03-31',28,253,27,3),(1377,'1','2016-03-31',28,281,28,3),(1378,'0','2016-03-31',29,169,5,3),(1379,'92','2016-03-31',29,183,6,3),(1380,'97','2016-03-31',29,183,7,3),(1381,'26','2016-03-31',29,183,8,3),(1382,'6','2016-03-31',29,197,9,3),(1383,'10','2016-03-31',29,197,10,3),(1384,'2','2016-03-31',29,211,11,3),(1385,'1','2016-03-31',29,211,12,3),(1386,'2','2016-03-31',29,211,13,3),(1387,'2','2016-03-31',29,211,14,3),(1388,'2','2016-03-31',29,211,15,3),(1389,'1','2016-03-31',29,211,16,3),(1390,'5','2016-03-31',29,211,17,3),(1391,'7','2016-03-31',29,211,18,3),(1392,'3','2016-03-31',29,211,19,3),(1393,'1','2016-03-31',29,211,20,3),(1394,'1','2016-03-31',29,225,21,3),(1395,'1','2016-03-31',29,225,22,3),(1396,'1','2016-03-31',29,225,23,3),(1397,'5','2016-03-31',29,239,24,3),(1398,'5','2016-03-31',29,239,25,3),(1399,'3','2016-03-31',29,253,26,3),(1400,'7','2016-03-31',29,253,27,3),(1401,'1','2016-03-31',29,281,28,3),(1402,'1','2016-03-31',30,169,5,3),(1403,'96','2016-03-31',30,183,6,3),(1404,'258','2016-03-31',30,183,7,3),(1405,'279','2016-03-31',30,183,8,3),(1406,'5','2016-03-31',30,197,9,3),(1407,'10','2016-03-31',30,197,10,3),(1408,'0','2016-03-31',30,211,11,3),(1409,'1','2016-03-31',30,211,12,3),(1410,'1','2016-03-31',30,211,13,3),(1411,'1','2016-03-31',30,211,14,3),(1412,'1','2016-03-31',30,211,15,3),(1413,'7','2016-03-31',30,211,16,3),(1414,'1','2016-03-31',30,211,17,3),(1415,'0','2016-03-31',30,211,18,3),(1416,'1','2016-03-31',30,211,19,3),(1417,'0','2016-03-31',30,211,20,3),(1418,'2','2016-03-31',30,225,21,3),(1419,'0','2016-03-31',30,225,22,3),(1420,'1','2016-03-31',30,225,23,3),(1421,'5','2016-03-31',30,239,24,3),(1422,'5','2016-03-31',30,239,25,3),(1423,'5','2016-03-31',30,253,26,3),(1424,'7','2016-03-31',30,253,27,3),(1425,'0','2016-03-31',30,281,28,3),(1426,'0','2016-03-31',31,169,5,3),(1427,'102','2016-03-31',31,183,6,3),(1428,'84','2016-03-31',31,183,7,3),(1429,'41','2016-03-31',31,183,8,3),(1430,'3.33','2016-03-31',31,197,9,3),(1431,'10','2016-03-31',31,197,10,3),(1432,'0','2016-03-31',31,211,11,3),(1433,'0','2016-03-31',31,211,12,3),(1434,'0','2016-03-31',31,211,13,3),(1435,'0','2016-03-31',31,211,14,3),(1436,'0','2016-03-31',31,211,15,3),(1437,'0','2016-03-31',31,211,16,3),(1438,'1','2016-03-31',31,211,17,3),(1439,'4','2016-03-31',31,211,18,3),(1440,'1','2016-03-31',31,211,19,3),(1441,'0','2016-03-31',31,211,20,3),(1442,'0','2016-03-31',31,225,21,3),(1443,'0','2016-03-31',31,225,22,3),(1444,'0','2016-03-31',31,225,23,3),(1445,'5','2016-03-31',31,239,24,3),(1446,'5','2016-03-31',31,239,25,3),(1447,'3','2016-03-31',31,253,26,3),(1448,'7','2016-03-31',31,253,27,3),(1449,'0','2016-03-31',31,281,28,3),(1450,'0','2016-03-31',32,169,5,3),(1451,'88','2016-03-31',32,183,6,3),(1452,'98','2016-03-31',32,183,7,3),(1453,'24','2016-03-31',32,183,8,3),(1454,'5','2016-03-31',32,197,9,3),(1455,'10','2016-03-31',32,197,10,3),(1456,'0','2016-03-31',32,211,11,3),(1457,'0','2016-03-31',32,211,12,3),(1458,'0','2016-03-31',32,211,13,3),(1459,'0','2016-03-31',32,211,14,3),(1460,'3','2016-03-31',32,211,15,3),(1461,'0','2016-03-31',32,211,16,3),(1462,'0','2016-03-31',32,211,17,3),(1463,'5','2016-03-31',32,211,18,3),(1464,'1','2016-03-31',32,211,19,3),(1465,'0','2016-03-31',32,211,20,3),(1466,'1','2016-03-31',32,225,21,3),(1467,'0','2016-03-31',32,225,22,3),(1468,'0','2016-03-31',32,225,23,3),(1469,'0','2016-03-31',32,239,24,3),(1470,'5','2016-03-31',32,239,25,3),(1471,'3','2016-03-31',32,253,26,3),(1472,'7','2016-03-31',32,253,27,3),(1473,'1','2016-03-31',32,281,28,3),(1474,'0','2016-03-31',33,169,5,3),(1475,'193','2016-03-31',33,183,6,3),(1476,'24','2016-03-31',33,183,7,3),(1477,'6','2016-03-31',33,183,8,3),(1478,'13','2016-03-31',33,197,9,3),(1479,'10','2016-03-31',33,197,10,3),(1480,'0','2016-03-31',33,211,11,3),(1481,'0','2016-03-31',33,211,12,3),(1482,'0','2016-03-31',33,211,13,3),(1483,'0','2016-03-31',33,211,14,3),(1484,'0','2016-03-31',33,211,15,3),(1485,'0','2016-03-31',33,211,16,3),(1486,'0','2016-03-31',33,211,17,3),(1487,'5','2016-03-31',33,211,18,3),(1488,'1','2016-03-31',33,211,19,3),(1489,'0','2016-03-31',33,211,20,3),(1490,'0','2016-03-31',33,225,21,3),(1491,'1','2016-03-31',33,225,22,3),(1492,'0','2016-03-31',33,225,23,3),(1493,'7','2016-03-31',33,239,24,3),(1494,'5','2016-03-31',33,239,25,3),(1495,'3','2016-03-31',33,253,26,3),(1496,'7','2016-03-31',33,253,27,3),(1497,'1','2016-03-31',33,281,28,3),(1498,'0','2016-03-31',34,169,5,3),(1499,'102','2016-03-31',34,183,6,3),(1500,'18','2016-03-31',34,183,7,3),(1501,'400','2016-03-31',34,183,8,3),(1502,'3','2016-03-31',34,197,9,3),(1503,'10','2016-03-31',34,197,10,3),(1504,'11','2016-03-31',34,211,11,3),(1505,'0','2016-03-31',34,211,12,3),(1506,'1','2016-03-31',34,211,13,3),(1507,'7','2016-03-31',34,211,14,3),(1508,'0','2016-03-31',34,211,15,3),(1509,'1','2016-03-31',34,211,16,3),(1510,'2','2016-03-31',34,211,17,3),(1511,'5','2016-03-31',34,211,18,3),(1512,'1','2016-03-31',34,211,19,3),(1513,'2','2016-03-31',34,211,20,3),(1514,'2','2016-03-31',34,225,21,3),(1515,'1','2016-03-31',34,225,22,3),(1516,'0','2016-03-31',34,225,23,3),(1517,'3','2016-03-31',34,239,24,3),(1518,'7','2016-03-31',34,239,25,3),(1519,'7','2016-03-31',34,253,26,3),(1520,'3','2016-03-31',34,253,27,3),(1521,'1','2016-03-31',34,281,28,3),(1522,'2','2016-03-31',35,169,5,3),(1523,'107','2016-03-31',35,183,6,3),(1524,'69','2016-03-31',35,183,7,3),(1525,'10','2016-03-31',35,183,8,3),(1526,'7','2016-03-31',35,197,9,3),(1527,'10','2016-03-31',35,197,10,3),(1528,'1','2016-03-31',35,211,11,3),(1529,'2','2016-03-31',35,211,12,3),(1530,'2','2016-03-31',35,211,13,3),(1531,'2','2016-03-31',35,211,14,3),(1532,'1','2016-03-31',35,211,15,3),(1533,'1','2016-03-31',35,211,16,3),(1534,'2','2016-03-31',35,211,17,3),(1535,'5','2016-03-31',35,211,18,3),(1536,'0','2016-03-31',35,211,19,3),(1537,'0','2016-03-31',35,211,20,3),(1538,'0','2016-03-31',35,225,21,3),(1539,'2','2016-03-31',35,225,22,3),(1540,'2','2016-03-31',35,225,23,3),(1541,'5','2016-03-31',35,239,24,3),(1542,'5','2016-03-31',35,239,25,3),(1543,'3','2016-03-31',35,253,26,3),(1544,'7','2016-03-31',35,253,27,3),(1545,'0','2016-03-31',35,281,28,3),(1546,'0','2016-03-31',36,169,5,3),(1547,'100','2016-03-31',36,183,6,3),(1548,'54','2016-03-31',36,183,7,3),(1549,'0','2016-03-31',36,183,8,3),(1550,'8','2016-03-31',36,197,9,3),(1551,'11','2016-03-31',36,197,10,3),(1552,'0','2016-03-31',36,211,11,3),(1553,'2','2016-03-31',36,211,12,3),(1554,'0','2016-03-31',36,211,13,3),(1555,'1','2016-03-31',36,211,14,3),(1556,'1','2016-03-31',36,211,15,3),(1557,'1','2016-03-31',36,211,16,3),(1558,'0','2016-03-31',36,211,17,3),(1559,'2','2016-03-31',36,211,18,3),(1560,'1','2016-03-31',36,211,19,3),(1561,'2','2016-03-31',36,211,20,3),(1562,'1','2016-03-31',36,225,21,3),(1563,'0','2016-03-31',36,225,22,3),(1564,'1','2016-03-31',36,225,23,3),(1565,'5','2016-03-31',36,239,24,3),(1566,'5','2016-03-31',36,239,25,3),(1567,'0','2016-03-31',36,253,26,3),(1568,'5','2016-03-31',36,253,27,3),(1569,'31','2016-03-31',36,281,28,3),(1570,'7','2016-03-31',37,169,5,3),(1571,'92','2016-03-31',37,183,6,3),(1572,'63','2016-03-31',37,183,7,3),(1573,'74','2016-03-31',37,183,8,3),(1574,'1','2016-03-31',37,197,9,3),(1575,'10','2016-03-31',37,197,10,3),(1576,'0','2016-03-31',37,211,11,3),(1577,'2','2016-03-31',37,211,12,3),(1578,'1','2016-03-31',37,211,13,3),(1579,'2','2016-03-31',37,211,14,3),(1580,'0','2016-03-31',37,211,15,3),(1581,'2','2016-03-31',37,211,16,3),(1582,'1','2016-03-31',37,211,17,3),(1583,'5','2016-03-31',37,211,18,3),(1584,'1','2016-03-31',37,211,19,3),(1585,'1','2016-03-31',37,211,20,3),(1586,'0','2016-03-31',37,225,21,3),(1587,'7','2016-03-31',37,225,22,3),(1588,'3','2016-03-31',37,225,23,3),(1589,'0','2016-03-31',37,239,24,3),(1590,'5','2016-03-31',37,239,25,3),(1591,'3','2016-03-31',37,253,26,3),(1592,'7','2016-03-31',37,253,27,3),(1593,'1','2016-03-31',37,281,28,3),(1594,'2','2016-03-31',38,169,5,3),(1595,'103','2016-03-31',38,183,6,3),(1596,'84','2016-03-31',38,183,7,3),(1597,'35','2016-03-31',38,183,8,3),(1598,'1','2016-03-31',38,197,9,3),(1599,'10','2016-03-31',38,197,10,3),(1600,'5','2016-03-31',38,211,11,3),(1601,'0','2016-03-31',38,211,12,3),(1602,'7','2016-03-31',38,211,13,3),(1603,'3','2016-03-31',38,211,14,3),(1604,'7','2016-03-31',38,211,15,3),(1605,'0','2016-03-31',38,211,16,3),(1606,'1','2016-03-31',38,211,17,3),(1607,'5','2016-03-31',38,211,18,3),(1608,'3','2016-03-31',38,211,19,3),(1609,'1','2016-03-31',38,211,20,3),(1610,'2','2016-03-31',38,225,21,3),(1611,'1','2016-03-31',38,225,22,3),(1612,'0','2016-04-30',39,169,5,3),(1613,'0','2016-04-30',39,183,6,3),(1614,'0','2016-04-30',39,183,7,3),(1615,'0','2016-04-30',39,183,8,3),(1616,'0','2016-04-30',39,197,9,3),(1617,'2','2016-04-30',39,197,10,3),(1618,'2','2016-04-30',39,211,11,3),(1619,'2','2016-04-30',39,211,12,3),(1620,'2','2016-04-30',39,211,13,3),(1621,'2','2016-04-30',39,211,14,3),(1622,'2','2016-04-30',39,211,15,3),(1623,'2','2016-04-30',39,211,16,3),(1624,'2','2016-04-30',39,211,17,3),(1625,'0','2016-04-30',39,211,18,3),(1626,'0','2016-04-30',39,211,19,3),(1627,'0','2016-04-30',39,211,20,3),(1628,'0','2016-04-30',39,225,21,3),(1629,'2','2016-04-30',39,225,22,3),(1630,'0','2016-04-30',39,225,23,3),(1631,'2','2016-04-30',39,239,24,3),(1632,'0','2016-04-30',39,239,25,3),(1633,'2','2016-04-30',39,253,26,3),(1634,'0','2016-04-30',39,253,27,3),(1635,'0','2016-04-30',39,281,28,3),(1636,'0','2016-03-31',39,169,5,3),(1637,'0','2016-03-31',39,183,6,3),(1638,'0','2016-03-31',39,183,7,3),(1639,'2','2016-03-31',39,183,8,3),(1640,'0','2016-03-31',39,197,9,3),(1641,'2','2016-03-31',39,197,10,3),(1642,'2','2016-03-31',39,211,11,3),(1643,'2','2016-03-31',39,211,12,3),(1644,'0','2016-03-31',39,211,13,3),(1645,'2','2016-03-31',39,211,14,3),(1646,'0','2016-03-31',39,211,15,3),(1647,'0','2016-03-31',39,211,16,3),(1648,'2','2016-03-31',39,211,17,3),(1649,'2','2016-03-31',39,211,18,3),(1650,'2','2016-03-31',39,211,19,3),(1651,'2','2016-03-31',39,211,20,3),(1652,'2','2016-03-31',39,225,21,3),(1653,'2','2016-03-31',39,225,22,3),(1654,'2','2016-03-31',39,225,23,3),(1655,'0','2016-03-31',39,239,24,3),(1656,'0','2016-03-31',39,239,25,3),(1657,'0','2016-03-31',39,253,26,3),(1658,'2','2016-03-31',39,253,27,3),(1659,'0','2016-03-31',39,281,28,3),(1660,' ','2016-05-31',26,169,5,1),(1661,' ','2016-05-31',26,183,6,1),(1662,' ','2016-05-31',26,183,7,1),(1663,' ','2016-05-31',26,183,8,1),(1664,' ','2016-05-31',26,197,9,1),(1665,' ','2016-05-31',26,197,10,1),(1666,' ','2016-05-31',26,211,11,1),(1667,' ','2016-05-31',26,211,12,1),(1668,' ','2016-05-31',26,211,13,1),(1669,' ','2016-05-31',26,211,14,1),(1670,' ','2016-05-31',26,211,15,1),(1671,' ','2016-05-31',26,211,16,1),(1672,' ','2016-05-31',26,211,17,1),(1673,' ','2016-05-31',26,211,18,1),(1674,' ','2016-05-31',26,211,19,1),(1675,' ','2016-05-31',26,211,20,1),(1676,' ','2016-05-31',26,225,21,1),(1677,' ','2016-05-31',26,225,22,1),(1678,' ','2016-05-31',26,225,23,1),(1679,' ','2016-05-31',26,239,24,1),(1680,' ','2016-05-31',26,239,25,1),(1681,' ','2016-05-31',26,253,26,1),(1682,' ','2016-05-31',26,253,27,1),(1683,' ','2016-05-31',26,281,28,1),(1684,'0','2016-05-31',27,169,5,1),(1685,'0','2016-05-31',27,183,6,1),(1686,'0','2016-05-31',27,183,7,1),(1687,'0','2016-05-31',27,183,8,1),(1688,'0','2016-05-31',27,197,9,1),(1689,'0','2016-05-31',27,197,10,1),(1690,'0','2016-05-31',27,211,11,1),(1691,'0','2016-05-31',27,211,12,1),(1692,'0','2016-05-31',27,211,13,1),(1693,'0','2016-05-31',27,211,14,1),(1694,'0','2016-05-31',27,211,15,1),(1695,'0','2016-05-31',27,211,16,1),(1696,'0','2016-05-31',27,211,17,1),(1697,'0','2016-05-31',27,211,18,1),(1698,'0','2016-05-31',27,211,19,1),(1699,'0','2016-05-31',27,211,20,1),(1700,'0','2016-05-31',27,225,21,1),(1701,'0','2016-05-31',27,225,22,1),(1702,'0','2016-05-31',27,225,23,1),(1703,'0','2016-05-31',27,239,24,1),(1704,'0','2016-05-31',27,239,25,1),(1705,'0','2016-05-31',27,253,26,1),(1706,'0','2016-05-31',27,253,27,1),(1707,'0','2016-05-31',27,281,28,1),(1708,'0','2016-05-31',28,169,5,1),(1709,'0','2016-05-31',28,183,6,1),(1710,'0','2016-05-31',28,183,7,1),(1711,'0','2016-05-31',28,183,8,1),(1712,'0','2016-05-31',28,197,9,1),(1713,'0','2016-05-31',28,197,10,1),(1714,'0','2016-05-31',28,211,11,1),(1715,'0','2016-05-31',28,211,12,1),(1716,'0','2016-05-31',28,211,13,1),(1717,'0','2016-05-31',28,211,14,1),(1718,'0','2016-05-31',28,211,15,1),(1719,'0','2016-05-31',28,211,16,1),(1720,'0','2016-05-31',28,211,17,1),(1721,'0','2016-05-31',28,211,18,1),(1722,'0','2016-05-31',28,211,19,1),(1723,'0','2016-05-31',28,211,20,1),(1724,'0','2016-05-31',28,225,21,1),(1725,'0','2016-05-31',28,225,22,1),(1726,'0','2016-05-31',28,225,23,1),(1727,'0','2016-05-31',28,239,24,1),(1728,'0','2016-05-31',28,239,25,1),(1729,'0','2016-05-31',28,253,26,1),(1730,'0','2016-05-31',28,253,27,1),(1731,'0','2016-05-31',28,281,28,1),(1732,'1','2016-05-31',29,169,5,1),(1733,'1','2016-05-31',29,183,6,1),(1734,'1','2016-05-31',29,183,7,1),(1735,'1','2016-05-31',29,183,8,1),(1736,'1','2016-05-31',29,197,9,1),(1737,'1','2016-05-31',29,197,10,1),(1738,'1','2016-05-31',29,211,11,1),(1739,'1','2016-05-31',29,211,12,1),(1740,'1','2016-05-31',29,211,13,1),(1741,'1','2016-05-31',29,211,14,1),(1742,'1','2016-05-31',29,211,15,1),(1743,'1','2016-05-31',29,211,16,1),(1744,'1','2016-05-31',29,211,17,1),(1745,'1','2016-05-31',29,211,18,1),(1746,'1','2016-05-31',29,211,19,1),(1747,'1','2016-05-31',29,211,20,1),(1748,'1','2016-05-31',29,225,21,1),(1749,'1','2016-05-31',29,225,22,1),(1750,'1','2016-05-31',29,225,23,1),(1751,'1','2016-05-31',29,239,24,1),(1752,'1','2016-05-31',29,239,25,1),(1753,'1','2016-05-31',29,253,26,1),(1754,'1','2016-05-31',29,253,27,1),(1755,'1','2016-05-31',29,281,28,1);
/*!40000 ALTER TABLE `ranking_monthly_data` ENABLE KEYS */;
UNLOCK TABLES;

--
-- Table structure for table `ranking_rules`
--

DROP TABLE IF EXISTS `ranking_rules`;
/*!40101 SET @saved_cs_client     = @@character_set_client */;
/*!40101 SET character_set_client = utf8 */;
CREATE TABLE `ranking_rules` (
  `id` int(11) NOT NULL AUTO_INCREMENT,
  `Rules` varchar(255) COLLATE utf8_unicode_ci NOT NULL,
  `KpiDetailsId` int(11) DEFAULT NULL,
  `ElementDetailsId` int(11) DEFAULT NULL,
  PRIMARY KEY (`id`),
  KEY `IDX_845ECE8DF10FA648` (`KpiDetailsId`),
  KEY `IDX_845ECE8DABFC5A8E` (`ElementDetailsId`),
  CONSTRAINT `FK_845ECE8DABFC5A8E` FOREIGN KEY (`ElementDetailsId`) REFERENCES `ranking_element_details` (`id`),
  CONSTRAINT `FK_845ECE8DF10FA648` FOREIGN KEY (`KpiDetailsId`) REFERENCES `ranking_kpi_details` (`id`)
) ENGINE=InnoDB AUTO_INCREMENT=169 DEFAULT CHARSET=utf8 COLLATE=utf8_unicode_ci;
/*!40101 SET character_set_client = @saved_cs_client */;

--
-- Dumping data for table `ranking_rules`
--

LOCK TABLES `ranking_rules` WRITE;
/*!40000 ALTER TABLE `ranking_rules` DISABLE KEYS */;
INSERT INTO `ranking_rules` VALUES (75,'{\"operators\":{},\"actions\":{\"name\":\"action-select\",\"value\":\"Green\"},\"conditions\":{\"all\":[{\"name\":\"ageField\",\"operator\":\"lessThan\",\"value\":\"1\"}]}}',281,28),(76,'{\"operators\":{},\"actions\":{\"name\":\"action-select\",\"value\":\"Yellow\"},\"conditions\":{\"all\":[{\"name\":\"ageField\",\"operator\":\"greaterThan\",\"value\":\"1\"},{\"name\":\"ageField\",\"operator\":\"lessThan\",\"value\":\"2\"}]}}',281,28),(77,'{\"operators\":{},\"actions\":{\"name\":\"action-select\",\"value\":\"Red\"},\"conditions\":{\"all\":[{\"name\":\"ageField\",\"operator\":\"greaterThan\",\"value\":\"2\"}]}}',281,28),(87,'{\"operators\":{},\"actions\":{\"name\":\"action-select\",\"value\":\"Green\"},\"conditions\":{\"all\":[{\"name\":\"ageField\",\"operator\":\"equalTo\",\"value\":\"0\"}]}}',169,5),(88,'{\"operators\":{},\"actions\":{\"name\":\"action-select\",\"value\":\"Yellow\"},\"conditions\":{\"all\":[{\"name\":\"ageField\",\"operator\":\"equalTo\",\"value\":\"1\"}]}}',169,5),(89,'{\"operators\":{},\"actions\":{\"name\":\"action-select\",\"value\":\"Red\"},\"conditions\":{\"all\":[{\"name\":\"ageField\",\"operator\":\"greaterThanEqual\",\"value\":\"2\"}]}}',169,5),(99,'{\"operators\":{},\"actions\":{\"name\":\"action-select\",\"value\":\"Green\"},\"conditions\":{\"all\":[{\"name\":\"ageField\",\"operator\":\"lessThan\",\"value\":\"2\"}]}}',197,9),(100,'{\"operators\":{},\"actions\":{\"name\":\"action-select\",\"value\":\"Yellow\"},\"conditions\":{\"all\":[{\"name\":\"ageField\",\"operator\":\"greaterThanEqual\",\"value\":\"2\"},{\"name\":\"ageField\",\"operator\":\"lessThanEqual\",\"value\":\"3\"}]}}',197,9),(101,'{\"operators\":{},\"actions\":{\"name\":\"action-select\",\"value\":\"Red\"},\"conditions\":{\"all\":[{\"name\":\"ageField\",\"operator\":\"greaterThan\",\"value\":\"3\"}]}}',197,9),(105,'{\"operators\":{},\"actions\":{\"name\":\"action-select\",\"value\":\"Green\"},\"conditions\":{\"all\":[{\"name\":\"ageField\",\"operator\":\"equalTo\",\"value\":\"0\"}]}}',211,11),(106,'{\"operators\":{},\"actions\":{\"name\":\"action-select\",\"value\":\"Yellow\"},\"conditions\":{\"all\":[{\"name\":\"ageField\",\"operator\":\"equalTo\",\"value\":\"1\"}]}}',211,11),(107,'{\"operators\":{},\"actions\":{\"name\":\"action-select\",\"value\":\"Red\"},\"conditions\":{\"all\":[{\"name\":\"ageField\",\"operator\":\"greaterThan\",\"value\":\"1\"}]}}',211,11),(108,'{\"operators\":{},\"actions\":{\"name\":\"action-select\",\"value\":\"Green\"},\"conditions\":{\"all\":[{\"name\":\"ageField\",\"operator\":\"equalTo\",\"value\":\"0\"}]}}',211,12),(109,'{\"operators\":{},\"actions\":{\"name\":\"action-select\",\"value\":\"Yellow\"},\"conditions\":{\"all\":[{\"name\":\"ageField\",\"operator\":\"lessThanEqual\",\"value\":\"1\"}]}}',211,12),(110,'{\"operators\":{},\"actions\":{\"name\":\"action-select\",\"value\":\"Red\"},\"conditions\":{\"all\":[{\"name\":\"ageField\",\"operator\":\"greaterThan\",\"value\":\"1\"}]}}',211,12),(111,'{\"operators\":{},\"actions\":{\"name\":\"action-select\",\"value\":\"Green\"},\"conditions\":{\"all\":[{\"name\":\"ageField\",\"operator\":\"equalTo\",\"value\":\"0\"}]}}',211,13),(112,'{\"operators\":{},\"actions\":{\"name\":\"action-select\",\"value\":\"Yellow\"},\"conditions\":{\"all\":[{\"name\":\"ageField\",\"operator\":\"lessThanEqual\",\"value\":\"1\"}]}}',211,13),(113,'{\"operators\":{},\"actions\":{\"name\":\"action-select\",\"value\":\"Red\"},\"conditions\":{\"all\":[{\"name\":\"ageField\",\"operator\":\"greaterThan\",\"value\":\"1\"}]}}',211,13),(114,'{\"operators\":{},\"actions\":{\"name\":\"action-select\",\"value\":\"Green\"},\"conditions\":{\"all\":[{\"name\":\"ageField\",\"operator\":\"equalTo\",\"value\":\"0\"}]}}',211,14),(115,'{\"operators\":{},\"actions\":{\"name\":\"action-select\",\"value\":\"Yellow\"},\"conditions\":{\"all\":[{\"name\":\"ageField\",\"operator\":\"lessThanEqual\",\"value\":\"1\"}]}}',211,14),(116,'{\"operators\":{},\"actions\":{\"name\":\"action-select\",\"value\":\"Red\"},\"conditions\":{\"all\":[{\"name\":\"ageField\",\"operator\":\"greaterThan\",\"value\":\"1\"}]}}',211,14),(117,'{\"operators\":{},\"actions\":{\"name\":\"action-select\",\"value\":\"Green\"},\"conditions\":{\"all\":[{\"name\":\"ageField\",\"operator\":\"equalTo\",\"value\":\"0\"}]}}',211,15),(118,'{\"operators\":{},\"actions\":{\"name\":\"action-select\",\"value\":\"Yellow\"},\"conditions\":{\"all\":[{\"name\":\"ageField\",\"operator\":\"lessThanEqual\",\"value\":\"2\"}]}}',211,15),(119,'{\"operators\":{},\"actions\":{\"name\":\"action-select\",\"value\":\"Red\"},\"conditions\":{\"all\":[{\"name\":\"ageField\",\"operator\":\"greaterThan\",\"value\":\"1\"}]}}',211,15),(120,'{\"operators\":{},\"actions\":{\"name\":\"action-select\",\"value\":\"Green\"},\"conditions\":{\"all\":[{\"name\":\"ageField\",\"operator\":\"equalTo\",\"value\":\"0\"}]}}',211,16),(121,'{\"operators\":{},\"actions\":{\"name\":\"action-select\",\"value\":\"Yellow\"},\"conditions\":{\"all\":[{\"name\":\"ageField\",\"operator\":\"lessThanEqual\",\"value\":\"0.8\"}]}}',211,16),(122,'{\"operators\":{},\"actions\":{\"name\":\"action-select\",\"value\":\"Red\"},\"conditions\":{\"all\":[{\"name\":\"ageField\",\"operator\":\"greaterThan\",\"value\":\"1\"}]}}',211,16),(123,'{\"operators\":{},\"actions\":{\"name\":\"action-select\",\"value\":\"Green\"},\"conditions\":{\"all\":[{\"name\":\"ageField\",\"operator\":\"equalTo\",\"value\":\"0\"}]}}',211,17),(124,'{\"operators\":{},\"actions\":{\"name\":\"action-select\",\"value\":\"Yellow\"},\"conditions\":{\"all\":[{\"name\":\"ageField\",\"operator\":\"lessThanEqual\",\"value\":\"1\"}]}}',211,17),(125,'{\"operators\":{},\"actions\":{\"name\":\"action-select\",\"value\":\"Red\"},\"conditions\":{\"all\":[{\"name\":\"ageField\",\"operator\":\"greaterThan\",\"value\":\"1\"}]}}',211,17),(126,'{\"operators\":{},\"actions\":{\"name\":\"action-select\",\"value\":\"Green\"},\"conditions\":{\"all\":[{\"name\":\"ageField\",\"operator\":\"greaterThanEqual\",\"value\":\"4\"}]}}',211,18),(127,'{\"operators\":{},\"actions\":{\"name\":\"action-select\",\"value\":\"Yellow\"},\"conditions\":{\"all\":[{\"name\":\"ageField\",\"operator\":\"equalTo\",\"value\":\"2\"}]}}',211,18),(128,'{\"operators\":{},\"actions\":{\"name\":\"action-select\",\"value\":\"Yellow\"},\"conditions\":{\"all\":[{\"name\":\"ageField\",\"operator\":\"equalTo\",\"value\":\"3\"}]}}',211,18),(129,'{\"operators\":{},\"actions\":{\"name\":\"action-select\",\"value\":\"Red\"},\"conditions\":{\"all\":[{\"name\":\"ageField\",\"operator\":\"lessThan\",\"value\":\"2\"}]}}',211,18),(130,'{\"operators\":{},\"actions\":{\"name\":\"action-select\",\"value\":\"Yellow\"},\"conditions\":{\"all\":[{\"name\":\"ageField\",\"operator\":\"equalTo\",\"value\":\"0.6\"}]}}',211,19),(131,'{\"operators\":{},\"actions\":{\"name\":\"action-select\",\"value\":\"Green\"},\"conditions\":{\"all\":[{\"name\":\"ageField\",\"operator\":\"greaterThan\",\"value\":\"0.6\"}]}}',211,19),(132,'{\"operators\":{},\"actions\":{\"name\":\"action-select\",\"value\":\"Red\"},\"conditions\":{\"all\":[{\"name\":\"ageField\",\"operator\":\"lessThan\",\"value\":\"0.6\"}]}}',211,19),(133,'{\"operators\":{},\"actions\":{\"name\":\"action-select\",\"value\":\"Green\"},\"conditions\":{\"all\":[{\"name\":\"ageField\",\"operator\":\"equalTo\",\"value\":\"0\"}]}}',211,20),(134,'{\"operators\":{},\"actions\":{\"name\":\"action-select\",\"value\":\"Yellow\"},\"conditions\":{\"all\":[{\"name\":\"ageField\",\"operator\":\"lessThanEqual\",\"value\":\"1\"}]}}',211,20),(135,'{\"operators\":{},\"actions\":{\"name\":\"action-select\",\"value\":\"Red\"},\"conditions\":{\"all\":[{\"name\":\"ageField\",\"operator\":\"greaterThan\",\"value\":\"1\"}]}}',211,20),(136,'{\"operators\":{},\"actions\":{\"name\":\"action-select\",\"value\":\"Green\"},\"conditions\":{\"all\":[{\"name\":\"ageField\",\"operator\":\"equalTo\",\"value\":\"0\"}]}}',225,21),(137,'{\"operators\":{},\"actions\":{\"name\":\"action-select\",\"value\":\"Yellow\"},\"conditions\":{\"all\":[{\"name\":\"ageField\",\"operator\":\"lessThanEqual\",\"value\":\"1\"}]}}',225,21),(138,'{\"operators\":{},\"actions\":{\"name\":\"action-select\",\"value\":\"Red\"},\"conditions\":{\"all\":[{\"name\":\"ageField\",\"operator\":\"greaterThan\",\"value\":\"1\"}]}}',225,21),(139,'{\"operators\":{},\"actions\":{\"name\":\"action-select\",\"value\":\"Green\"},\"conditions\":{\"all\":[{\"name\":\"ageField\",\"operator\":\"equalTo\",\"value\":\"0\"}]}}',225,22),(140,'{\"operators\":{},\"actions\":{\"name\":\"action-select\",\"value\":\"Yellow\"},\"conditions\":{\"all\":[{\"name\":\"ageField\",\"operator\":\"lessThanEqual\",\"value\":\"1\"}]}}',225,22),(141,'{\"operators\":{},\"actions\":{\"name\":\"action-select\",\"value\":\"Red\"},\"conditions\":{\"all\":[{\"name\":\"ageField\",\"operator\":\"greaterThan\",\"value\":\"1\"}]}}',225,22),(142,'{\"operators\":{},\"actions\":{\"name\":\"action-select\",\"value\":\"Green\"},\"conditions\":{\"all\":[{\"name\":\"ageField\",\"operator\":\"equalTo\",\"value\":\"0\"}]}}',225,23),(143,'{\"operators\":{},\"actions\":{\"name\":\"action-select\",\"value\":\"Yellow\"},\"conditions\":{\"all\":[{\"name\":\"ageField\",\"operator\":\"lessThanEqual\",\"value\":\"1\"}]}}',225,23),(144,'{\"operators\":{},\"actions\":{\"name\":\"action-select\",\"value\":\"Red\"},\"conditions\":{\"all\":[{\"name\":\"ageField\",\"operator\":\"greaterThan\",\"value\":\"1\"}]}}',225,23),(145,'{\"operators\":{},\"actions\":{\"name\":\"action-select\",\"value\":\"Green\"},\"conditions\":{\"all\":[{\"name\":\"ageField\",\"operator\":\"lessThanEqual\",\"value\":\"100\"}]}}',183,6),(146,'{\"operators\":{},\"actions\":{\"name\":\"action-select\",\"value\":\"Yellow\"},\"conditions\":{\"all\":[{\"name\":\"ageField\",\"operator\":\"greaterThan\",\"value\":\"100\"},{\"name\":\"ageField\",\"operator\":\"lessThanEqual\",\"value\":\"105\"}]}}',183,6),(147,'{\"operators\":{},\"actions\":{\"name\":\"action-select\",\"value\":\"Red\"},\"conditions\":{\"all\":[{\"name\":\"ageField\",\"operator\":\"greaterThan\",\"value\":\"105\"}]}}',183,6),(148,'{\"operators\":{},\"actions\":{\"name\":\"action-select\",\"value\":\"Green\"},\"conditions\":{\"all\":[{\"name\":\"ageField\",\"operator\":\"lessThanEqual\",\"value\":\"100\"}]}}',183,7),(149,'{\"operators\":{},\"actions\":{\"name\":\"action-select\",\"value\":\"Yellow\"},\"conditions\":{\"all\":[{\"name\":\"ageField\",\"operator\":\"greaterThan\",\"value\":\"100\"},{\"name\":\"ageField\",\"operator\":\"lessThanEqual\",\"value\":\"105\"}]}}',183,7),(150,'{\"operators\":{},\"actions\":{\"name\":\"action-select\",\"value\":\"Red\"},\"conditions\":{\"all\":[{\"name\":\"ageField\",\"operator\":\"greaterThan\",\"value\":\"105\"}]}}',183,7),(151,'{\"operators\":{},\"actions\":{\"name\":\"action-select\",\"value\":\"Green\"},\"conditions\":{\"all\":[{\"name\":\"ageField\",\"operator\":\"lessThanEqual\",\"value\":\"100\"}]}}',183,8),(152,'{\"operators\":{},\"actions\":{\"name\":\"action-select\",\"value\":\"Yellow\"},\"conditions\":{\"all\":[{\"name\":\"ageField\",\"operator\":\"greaterThan\",\"value\":\"100\"},{\"name\":\"ageField\",\"operator\":\"lessThanEqual\",\"value\":\"105\"}]}}',183,8),(153,'{\"operators\":{},\"actions\":{\"name\":\"action-select\",\"value\":\"Red\"},\"conditions\":{\"all\":[{\"name\":\"ageField\",\"operator\":\"greaterThan\",\"value\":\"105\"}]}}',183,8),(154,'{\"operators\":{},\"actions\":{\"name\":\"action-select\",\"value\":\"Green\"},\"conditions\":{\"all\":[{\"name\":\"ageField\",\"operator\":\"lessThanEqual\",\"value\":\"12\"}]}}',253,26),(155,'{\"operators\":{},\"actions\":{\"name\":\"action-select\",\"value\":\"Yellow\"},\"conditions\":{\"all\":[{\"name\":\"ageField\",\"operator\":\"greaterThan\",\"value\":\"12\"},{\"name\":\"ageField\",\"operator\":\"lessThanEqual\",\"value\":\"24\"}]}}',253,26),(156,'{\"operators\":{},\"actions\":{\"name\":\"action-select\",\"value\":\"Red\"},\"conditions\":{\"all\":[{\"name\":\"ageField\",\"operator\":\"greaterThan\",\"value\":\"24\"}]}}',253,26),(157,'{\"operators\":{},\"actions\":{\"name\":\"action-select\",\"value\":\"Green\"},\"conditions\":{\"all\":[{\"name\":\"ageField\",\"operator\":\"lessThanEqual\",\"value\":\"12\"}]}}',253,27),(158,'{\"operators\":{},\"actions\":{\"name\":\"action-select\",\"value\":\"Yellow\"},\"conditions\":{\"all\":[{\"name\":\"ageField\",\"operator\":\"greaterThan\",\"value\":\"12\"},{\"name\":\"ageField\",\"operator\":\"lessThanEqual\",\"value\":\"24\"}]}}',253,27),(159,'{\"operators\":{},\"actions\":{\"name\":\"action-select\",\"value\":\"Red\"},\"conditions\":{\"all\":[{\"name\":\"ageField\",\"operator\":\"greaterThan\",\"value\":\"24\"}]}}',253,27),(160,'{\"operators\":{},\"actions\":{\"name\":\"action-select\",\"value\":\"Green\"},\"conditions\":{\"all\":[{\"name\":\"ageField\",\"operator\":\"equalTo\",\"value\":\"5\"}]}}',239,24),(161,'{\"operators\":{},\"actions\":{\"name\":\"action-select\",\"value\":\"Red\"},\"conditions\":{\"all\":[{\"name\":\"ageField\",\"operator\":\"greaterThan\",\"value\":\"5\"}]}}',239,24),(162,'{\"operators\":{},\"actions\":{\"name\":\"action-select\",\"value\":\"Yellow\"},\"conditions\":{\"all\":[{\"name\":\"ageField\",\"operator\":\"lessThan\",\"value\":\"5\"}]}}',239,24),(163,'{\"operators\":{},\"actions\":{\"name\":\"action-select\",\"value\":\"Green\"},\"conditions\":{\"all\":[{\"name\":\"ageField\",\"operator\":\"equalTo\",\"value\":\"5\"}]}}',239,25),(164,'{\"operators\":{},\"actions\":{\"name\":\"action-select\",\"value\":\"Yellow\"},\"conditions\":{\"all\":[{\"name\":\"ageField\",\"operator\":\"lessThan\",\"value\":\"5\"}]}}',239,25),(165,'{\"operators\":{},\"actions\":{\"name\":\"action-select\",\"value\":\"Red\"},\"conditions\":{\"all\":[{\"name\":\"ageField\",\"operator\":\"greaterThan\",\"value\":\"5\"}]}}',239,25),(166,'{\"operators\":{},\"actions\":{\"name\":\"action-select\",\"value\":\"Green\"},\"conditions\":{\"all\":[{\"name\":\"ageField\",\"operator\":\"equalTo\",\"value\":\"10\"}]}}',197,10),(167,'{\"operators\":{},\"actions\":{\"name\":\"action-select\",\"value\":\"Yellow\"},\"conditions\":{\"all\":[{\"name\":\"ageField\",\"operator\":\"equalTo\",\"value\":\"5\"}]}}',197,10),(168,'{\"operators\":{},\"actions\":{\"name\":\"action-select\",\"value\":\"Red\"},\"conditions\":{\"all\":[{\"name\":\"ageField\",\"operator\":\"greaterThan\",\"value\":\"10\"}]}}',197,10);
/*!40000 ALTER TABLE `ranking_rules` ENABLE KEYS */;
UNLOCK TABLES;

--
-- Table structure for table `reading_kpi_values`
--

DROP TABLE IF EXISTS `reading_kpi_values`;
/*!40101 SET @saved_cs_client     = @@character_set_client */;
/*!40101 SET character_set_client = utf8 */;
CREATE TABLE `reading_kpi_values` (
  `id` int(11) NOT NULL AUTO_INCREMENT,
  `value` varchar(255) COLLATE utf8_unicode_ci DEFAULT NULL,
  `monthdetail` date NOT NULL,
  `ShipDetailsId` int(11) DEFAULT NULL,
  `KpiDetailsId` int(11) DEFAULT NULL,
  `ElementDetailsId` int(11) DEFAULT NULL,
  `status` int(11) NOT NULL,
  PRIMARY KEY (`id`),
  KEY `IDX_5A6D4EA95041247E` (`ShipDetailsId`),
  KEY `IDX_5A6D4EA9F10FA648` (`KpiDetailsId`),
  KEY `IDX_5A6D4EA9ABFC5A8E` (`ElementDetailsId`),
  CONSTRAINT `FK_5A6D4EA95041247E` FOREIGN KEY (`ShipDetailsId`) REFERENCES `ship_details` (`id`),
  CONSTRAINT `FK_5A6D4EA9ABFC5A8E` FOREIGN KEY (`ElementDetailsId`) REFERENCES `element_details` (`id`),
  CONSTRAINT `FK_5A6D4EA9F10FA648` FOREIGN KEY (`KpiDetailsId`) REFERENCES `kpi_details` (`id`)
) ENGINE=InnoDB AUTO_INCREMENT=3500 DEFAULT CHARSET=utf8 COLLATE=utf8_unicode_ci;
/*!40101 SET character_set_client = @saved_cs_client */;

--
-- Dumping data for table `reading_kpi_values`
--

LOCK TABLES `reading_kpi_values` WRITE;
/*!40000 ALTER TABLE `reading_kpi_values` DISABLE KEYS */;
INSERT INTO `reading_kpi_values` VALUES (60,'134','2015-09-30',27,661,131,0),(61,'100','2015-09-30',27,675,132,0),(62,'1','2015-09-30',27,675,133,0),(64,'0','2015-09-30',27,689,135,0),(66,'0','2015-09-30',27,689,137,0),(67,'0','2015-09-30',27,689,138,0),(69,'0','2015-09-30',27,689,140,0),(71,'2','2015-09-30',27,703,141,0),(72,'0','2015-09-30',27,703,142,0),(73,'0','2015-09-30',27,703,143,0),(74,'0','2015-09-30',27,703,145,0),(75,'4','2015-09-30',27,703,146,0),(76,'0','2015-09-30',27,703,147,0),(77,'0','2015-09-30',28,549,110,0),(78,'0','2015-09-30',28,563,111,0),(79,'0','2015-09-30',28,563,112,0),(80,'0','2015-09-30',28,563,113,0),(81,'0','2015-09-30',28,577,114,0),(82,'3','2015-09-30',28,591,116,0),(83,'0','2015-09-30',28,591,117,0),(84,'1','2015-09-30',28,605,118,0),(85,'0','2015-09-30',28,605,119,0),(86,'0','2015-09-30',28,605,120,0),(87,'44.76','2015-09-30',28,619,121,0),(88,'0','2015-09-30',28,633,122,0),(89,'0','2015-09-30',28,633,123,0),(90,'0','2015-09-30',28,647,124,0),(91,'0','2015-09-30',28,647,125,0),(93,'2','2015-09-30',28,661,128,0),(94,'191','2015-09-30',28,661,129,0),(95,'1','2015-09-30',28,661,130,0),(96,'14','2015-09-30',28,661,131,0),(97,'90','2015-09-30',28,675,132,0),(98,'0','2015-09-30',28,675,133,0),(99,'0','2015-09-30',28,689,135,0),(100,'0','2015-09-30',28,689,137,0),(101,'0','2015-09-30',28,689,138,0),(102,'0','2015-09-30',28,689,140,0),(104,'0','2015-09-30',28,703,141,0),(105,'0','2015-09-30',28,703,142,0),(106,'1','2015-09-30',28,703,143,0),(107,'0','2015-09-30',28,703,145,0),(108,'1','2015-09-30',28,703,146,0),(109,'4','2015-09-30',28,703,147,0),(110,'0','2015-09-30',30,549,110,0),(111,'0','2015-09-30',30,563,111,0),(112,'0','2015-09-30',30,563,112,0),(113,'0','2015-09-30',30,563,113,0),(114,'0','2015-09-30',30,577,114,0),(115,'3','2015-09-30',30,591,116,0),(116,'0','2015-09-30',30,591,117,0),(117,'1','2015-09-30',30,605,118,0),(118,'0','2015-09-30',30,605,119,0),(119,'1','2015-09-30',30,605,120,0),(120,'0','2015-09-30',30,619,121,0),(121,'0','2015-09-30',30,633,122,0),(122,'0','2015-09-30',30,633,123,0),(123,'0','2015-09-30',30,647,124,0),(124,'0','2015-09-30',30,647,125,0),(126,'7','2015-09-30',30,661,128,0),(127,'38','2015-09-30',30,661,129,0),(128,'2','2015-09-30',30,661,130,0),(129,'125','2015-09-30',30,661,131,0),(130,'0','2015-09-30',30,675,132,0),(131,'0','2015-09-30',30,675,133,0),(132,'0','2015-09-30',30,689,135,0),(133,'0','2015-09-30',30,689,137,0),(134,'0','2015-09-30',30,689,138,0),(135,'0','2015-09-30',30,689,140,0),(137,'0','2015-09-30',30,703,141,0),(138,'0','2015-09-30',30,703,142,0),(139,'0','2015-09-30',30,703,143,0),(140,'1','2015-09-30',30,703,145,0),(141,'0','2015-09-30',30,703,146,0),(142,'0','2015-09-30',30,703,147,0),(143,'0','2015-09-30',31,549,110,0),(144,'0','2015-09-30',31,563,111,0),(145,'0','2015-09-30',31,563,112,0),(146,'0','2015-09-30',31,563,113,0),(147,'0','2015-09-30',31,577,114,0),(148,'3','2015-09-30',31,591,116,0),(149,'1','2015-09-30',31,591,117,0),(150,'1','2015-09-30',31,605,118,0),(151,'0','2015-09-30',31,605,119,0),(152,'0','2015-09-30',31,605,120,0),(153,'4.09','2015-09-30',31,619,121,0),(154,'0','2015-09-30',31,633,122,0),(155,'24','2015-09-30',31,633,123,0),(156,'0','2015-09-30',31,647,124,0),(157,'0','2015-09-30',31,647,125,0),(159,'7','2015-09-30',31,661,128,0),(160,'38','2015-09-30',31,661,129,0),(161,'2','2015-09-30',31,661,130,0),(162,'125','2015-09-30',31,661,131,0),(163,'100','2015-09-30',31,675,132,0),(164,'0','2015-09-30',31,675,133,0),(165,'0','2015-09-30',31,689,135,0),(166,'0','2015-09-30',31,689,137,0),(167,'0','2015-09-30',31,689,138,0),(168,'0','2015-09-30',31,689,140,0),(170,'0','2015-09-30',31,703,141,0),(171,'0','2015-09-30',31,703,142,0),(172,'1','2015-09-30',31,703,143,0),(173,'0','2015-09-30',31,703,145,0),(174,'0','2015-09-30',31,703,146,0),(175,'4','2015-09-30',31,703,147,0),(176,'0','2015-09-30',32,549,110,0),(177,'0','2015-09-30',32,563,111,0),(178,'0','2015-09-30',32,563,112,0),(179,'0','2015-09-30',32,563,113,0),(180,'0','2015-09-30',32,577,114,0),(181,'3','2015-09-30',32,591,116,0),(182,'1','2015-09-30',32,591,117,0),(183,'1','2015-09-30',32,605,118,0),(184,'0','2015-09-30',32,605,119,0),(185,'0','2015-09-30',32,605,120,0),(186,'15.79','2015-09-30',32,619,121,0),(187,'0','2015-09-30',32,633,122,0),(188,'1','2015-09-30',32,633,123,0),(189,'0','2015-09-30',32,647,124,0),(190,'0','2015-09-30',32,647,125,0),(191,'0','2015-09-30',32,661,128,0),(192,'12','2015-09-30',32,661,129,0),(193,'5','2015-09-30',32,661,130,0),(194,'78','2015-09-30',32,661,131,0),(195,'100','2015-09-30',32,675,132,0),(196,'0','2015-09-30',32,675,133,0),(197,'0','2015-09-30',32,689,135,0),(198,'0','2015-09-30',32,689,137,0),(199,'1','2015-09-30',32,689,138,0),(200,'1','2015-09-30',32,689,140,0),(202,'0','2015-09-30',32,703,141,0),(203,'0','2015-09-30',32,703,142,0),(204,'1','2015-09-30',32,703,143,0),(205,'0','2015-09-30',32,703,145,0),(206,'3','2015-09-30',32,703,146,0),(207,'5','2015-09-30',32,703,147,0),(208,'0','2015-09-30',34,549,110,0),(209,'0','2015-09-30',34,563,111,0),(210,'0','2015-09-30',34,563,112,0),(211,'0','2015-09-30',34,563,113,0),(212,'8','2015-09-30',34,577,114,0),(213,'1','2015-09-30',34,591,116,0),(214,'0','2015-09-30',34,591,117,0),(215,'0','2015-09-30',34,605,118,0),(216,'0','2015-09-30',34,605,119,0),(217,'1','2015-09-30',34,605,120,0),(219,'0','2015-09-30',34,633,122,0),(220,'1','2015-09-30',34,633,123,0),(221,'0','2015-09-30',34,647,124,0),(222,'0','2015-09-30',34,647,125,0),(223,'4','2015-09-30',34,661,128,0),(224,'17','2015-09-30',34,661,129,0),(225,'11','2015-09-30',34,661,130,0),(226,'16','2015-09-30',34,661,131,0),(227,'100','2015-09-30',34,675,132,0),(228,'0','2015-09-30',34,675,133,0),(229,'0','2015-09-30',34,689,135,0),(230,'0','2015-09-30',34,689,137,0),(231,'0','2015-09-30',34,689,138,0),(232,'0','2015-09-30',34,689,140,0),(234,'0','2015-09-30',34,703,141,0),(235,'0','2015-09-30',34,703,142,0),(236,'1','2015-09-30',34,703,143,0),(237,'0','2015-09-30',34,703,145,0),(238,'0','2015-09-30',34,703,146,0),(239,'5','2015-09-30',34,703,147,0),(240,'0','2015-09-30',36,549,110,0),(241,'0','2015-09-30',36,563,111,0),(242,'0','2015-09-30',36,563,112,0),(243,'0','2015-09-30',36,563,113,0),(244,'1','2015-09-30',36,577,114,0),(245,'3','2015-09-30',36,591,116,0),(246,'0','2015-09-30',36,591,117,0),(247,'1','2015-09-30',36,605,118,0),(248,'0','2015-09-30',36,605,119,0),(249,'0','2015-09-30',36,605,120,0),(250,'4.27','2015-09-30',36,619,121,0),(251,'1','2015-09-30',36,633,122,0),(252,'0','2015-09-30',36,633,123,0),(253,'0','2015-09-30',36,647,124,0),(254,'1','2015-09-30',36,647,125,0),(255,'4','2015-09-30',36,661,128,0),(256,'33','2015-09-30',36,661,129,0),(257,'3','2015-09-30',36,661,130,0),(260,'0','2015-09-30',36,675,133,0),(261,'0','2015-09-30',36,689,135,0),(262,'0','2015-09-30',36,689,137,0),(263,'0','2015-09-30',36,689,138,0),(264,'1','2015-09-30',36,689,140,0),(266,'0','2015-09-30',36,703,141,0),(267,'0','2015-09-30',36,703,142,0),(268,'0','2015-09-30',36,703,143,0),(269,'0','2015-09-30',36,703,145,0),(270,'1','2015-09-30',36,703,146,0),(271,'1','2015-09-30',36,703,147,0),(272,'0','2015-09-30',38,549,110,0),(273,'0','2015-09-30',38,563,111,0),(274,'0','2015-09-30',38,563,112,0),(275,'0','2015-09-30',38,563,113,0),(276,'1','2015-09-30',38,577,114,0),(277,'1','2015-09-30',38,591,116,0),(278,'3','2015-09-30',38,591,117,0),(279,'0','2015-09-30',38,605,118,0),(280,'0','2015-09-30',38,605,119,0),(281,'0','2015-09-30',38,605,120,0),(283,'0','2015-09-30',38,633,122,0),(284,'0','2015-09-30',38,633,123,0),(285,'0','2015-09-30',38,647,124,0),(286,'1','2015-09-30',38,647,125,0),(287,'8','2015-09-30',38,661,128,0),(288,'40','2015-09-30',38,661,129,0),(289,'15','2015-09-30',38,661,130,0),(290,'2','2015-09-30',38,661,131,0),(292,'0','2015-09-30',38,675,133,0),(293,'0','2015-09-30',38,689,135,0),(294,'0','2015-09-30',38,689,137,0),(295,'0','2015-09-30',38,689,138,0),(296,'1','2015-09-30',38,689,140,0),(298,'1','2015-09-30',38,703,141,0),(299,'0','2015-09-30',38,703,142,0),(300,'0','2015-09-30',38,703,143,0),(301,'0','2015-09-30',38,703,145,0),(302,'1','2015-09-30',38,703,146,0),(303,'5','2015-09-30',38,703,147,0),(304,'0','2015-09-30',29,549,110,0),(305,'0','2015-09-30',29,563,111,0),(306,'0','2015-09-30',29,563,112,0),(307,'0','2015-09-30',29,563,113,0),(308,'1','2015-09-30',29,577,114,0),(309,'0','2015-09-30',29,591,116,0),(310,'3','2015-09-30',29,591,117,0),(311,'1','2015-09-30',29,605,118,0),(312,'0','2015-09-30',29,605,119,0),(313,'0','2015-09-30',29,605,120,0),(314,'47.39','2015-09-30',29,619,121,0),(315,'0','2015-09-30',29,633,122,0),(316,'24','2015-09-30',29,633,123,0),(317,'0','2015-09-30',29,647,124,0),(318,'0','2015-09-30',29,647,125,0),(319,'6','2015-09-30',29,661,128,0),(320,'64','2015-09-30',29,661,129,0),(321,'12','2015-09-30',29,661,130,0),(322,'30','2015-09-30',29,661,131,0),(323,'50','2015-09-30',29,675,132,0),(324,'0','2015-09-30',29,675,133,0),(325,'0','2015-09-30',29,689,135,0),(326,'0','2015-09-30',29,689,137,0),(327,'1','2015-09-30',29,689,138,0),(328,'0','2015-09-30',29,689,140,0),(330,'0','2015-09-30',29,703,141,0),(331,'0','2015-09-30',29,703,142,0),(332,'1','2015-09-30',29,703,143,0),(333,'1','2015-09-30',29,703,145,0),(334,'0','2015-09-30',29,703,146,0),(335,'5','2015-09-30',29,703,147,0),(336,'0','2015-09-30',33,549,110,0),(337,'0','2015-09-30',33,563,111,0),(338,'0','2015-09-30',33,563,112,0),(339,'1','2015-09-30',33,563,113,0),(340,'0','2015-09-30',33,577,114,0),(341,'3','2015-09-30',33,591,116,0),(342,'0','2015-09-30',33,591,117,0),(343,'1','2015-09-30',33,605,118,0),(344,'0','2015-09-30',33,605,119,0),(345,'0','2015-09-30',33,605,120,0),(346,'30.79','2015-09-30',33,619,121,0),(347,'0','2015-09-30',33,633,122,0),(348,'0','2015-09-30',33,633,123,0),(349,'0','2015-09-30',33,647,124,0),(350,'0','2015-09-30',33,647,125,0),(351,'2','2015-09-30',33,661,128,0),(352,'5','2015-09-30',33,661,129,0),(353,'3','2015-09-30',33,661,130,0),(354,'42','2015-09-30',33,661,131,0),(355,'100','2015-09-30',33,675,132,0),(356,'0','2015-09-30',33,675,133,0),(357,'0','2015-09-30',33,689,135,0),(358,'1','2015-09-30',33,689,137,0),(359,'0','2015-09-30',33,689,138,0),(360,'0','2015-09-30',33,689,140,0),(362,'0','2015-09-30',33,703,141,0),(363,'0','2015-09-30',33,703,142,0),(364,'0','2015-09-30',33,703,143,0),(365,'1','2015-09-30',33,703,145,0),(366,'1','2015-09-30',33,703,146,0),(367,'4','2015-09-30',33,703,147,0),(368,'0','2015-09-30',35,549,110,0),(369,'0','2015-09-30',35,563,111,0),(370,'0','2015-09-30',35,563,112,0),(371,'0','2015-09-30',35,563,113,0),(372,'1','2015-09-30',35,577,114,0),(373,'8','2015-09-30',35,591,116,0),(374,'0','2015-09-30',35,591,117,0),(375,'1','2015-09-30',35,605,118,0),(376,'0','2015-09-30',35,605,119,0),(377,'0','2015-09-30',35,605,120,0),(378,'30.51','2015-09-30',35,619,121,0),(379,'0','2015-09-30',35,633,122,0),(380,'0','2015-09-30',35,633,123,0),(381,'0','2015-09-30',35,647,124,0),(382,'1','2015-09-30',35,647,125,0),(383,'0','2015-09-30',35,661,128,0),(384,'13','2015-09-30',35,661,129,0),(385,'3','2015-09-30',35,661,130,0),(386,'17','2015-09-30',35,661,131,0),(387,'100','2015-09-30',35,675,132,0),(388,'0','2015-09-30',35,675,133,0),(389,'1','2015-09-30',35,689,135,0),(390,'0','2015-09-30',35,689,137,0),(391,'0','2015-09-30',35,689,138,0),(392,'1','2015-09-30',35,689,140,0),(394,'0','2015-09-30',35,703,141,0),(395,'0','2015-09-30',35,703,142,0),(396,'1','2015-09-30',35,703,143,0),(397,'1','2015-09-30',35,703,145,0),(398,'0','2015-09-30',35,703,146,0),(399,'5','2015-09-30',35,703,147,0),(400,'0','2015-09-30',37,549,110,0),(401,'0','2015-09-30',37,563,111,0),(402,'0','2015-09-30',37,563,112,0),(403,'0','2015-09-30',37,563,113,0),(404,'1','2015-09-30',37,577,114,0),(405,'3','2015-09-30',37,591,116,0),(406,'0','2015-09-30',37,591,117,0),(407,'1','2015-09-30',37,605,118,0),(408,'0','2015-09-30',37,605,119,0),(409,'0','2015-09-30',37,605,120,0),(410,'10.12','2015-09-30',37,619,121,0),(411,'0','2015-09-30',37,633,122,0),(412,'0','2015-09-30',37,633,123,0),(413,'0','2015-09-30',37,647,124,0),(414,'0','2015-09-30',37,647,125,0),(415,'5','2015-09-30',37,661,128,0),(416,'29','2015-09-30',37,661,129,0),(417,'1','2015-09-30',37,661,130,0),(418,'110','2015-09-30',37,661,131,0),(419,'96','2015-09-30',37,675,132,0),(420,'0','2015-09-30',37,675,133,0),(421,'0','2015-09-30',37,689,135,0),(422,'0','2015-09-30',37,689,137,0),(423,'1','2015-09-30',37,689,138,0),(424,'0','2015-09-30',37,689,140,0),(426,'0','2015-09-30',37,703,141,0),(427,'0','2015-09-30',37,703,142,0),(428,'1','2015-09-30',37,703,143,0),(429,'0','2015-09-30',37,703,145,0),(430,'1','2015-09-30',37,703,146,0),(431,'5','2015-09-30',37,703,147,0),(432,'0','2015-09-30',39,549,110,0),(433,'0','2015-09-30',39,563,111,0),(434,'0','2015-09-30',39,563,112,0),(435,'0','2015-09-30',39,563,113,0),(436,'1','2015-09-30',39,577,114,0),(437,'3','2015-09-30',39,591,116,0),(438,'0','2015-09-30',39,591,117,0),(439,'1','2015-09-30',39,605,118,0),(440,'0','2015-09-30',39,605,119,0),(441,'1','2015-09-30',39,605,120,0),(442,'9.27','2015-09-30',39,619,121,0),(443,'0','2015-09-30',39,633,122,0),(444,'0','2015-09-30',39,633,123,0),(445,'0','2015-09-30',39,647,124,0),(446,'1','2015-09-30',39,647,125,0),(447,'2','2015-09-30',39,661,128,0),(448,'40','2015-09-30',39,661,129,0),(449,'9','2015-09-30',39,661,130,0),(450,'76','2015-09-30',39,661,131,0),(451,'100','2015-09-30',39,675,132,0),(452,'0','2015-09-30',39,675,133,0),(453,'0','2015-09-30',39,689,135,0),(454,'0','2015-09-30',39,689,137,0),(455,'1','2015-09-30',39,689,138,0),(456,'0','2015-09-30',39,689,140,0),(458,'0','2015-09-30',39,703,141,0),(459,'0','2015-09-30',39,703,142,0),(460,'0','2015-09-30',39,703,143,0),(461,'1','2015-09-30',39,703,145,0),(462,'0','2015-09-30',39,703,146,0),(463,'5','2015-09-30',39,703,147,0),(464,'0','2015-10-31',26,549,110,0),(465,'0','2015-10-31',26,563,111,0),(466,'0','2015-10-31',26,563,112,0),(467,'0','2015-10-31',26,563,113,0),(468,'0','2015-10-31',26,577,114,0),(469,'3','2015-10-31',26,591,116,0),(470,'0','2015-10-31',26,591,117,0),(471,'1','2015-10-31',26,605,118,0),(472,'0','2015-10-31',26,605,119,0),(473,'0','2015-10-31',26,605,120,0),(474,'68.09','2015-10-31',26,619,121,0),(475,'0','2015-10-31',26,633,122,0),(476,'0','2015-10-31',26,633,123,0),(477,'0','2015-10-31',26,647,124,0),(478,'0','2015-10-31',26,647,125,0),(479,'13','2015-10-31',26,661,128,0),(480,'56','2015-10-31',26,661,129,0),(481,'1','2015-10-31',26,661,130,0),(482,'134','2015-10-31',26,661,131,0),(483,'100','2015-10-31',26,675,132,0),(484,'1','2015-10-31',26,675,133,0),(485,'0','2015-10-31',26,689,135,0),(486,'0','2015-10-31',26,689,137,0),(487,'0','2015-10-31',26,689,138,0),(488,'0','2015-10-31',26,689,140,0),(490,'2','2015-10-31',26,703,141,0),(491,'0','2015-10-31',26,703,142,0),(492,'0','2015-10-31',26,703,143,0),(493,'0','2015-10-31',26,703,145,0),(494,'0','2015-10-31',26,703,146,0),(495,'4','2015-10-31',26,703,147,0),(496,'0','2015-10-31',27,549,110,0),(497,'0','2015-10-31',27,563,111,0),(498,'0','2015-10-31',27,563,112,0),(499,'0','2015-10-31',27,563,113,0),(500,'0','2015-10-31',27,577,114,0),(501,'3','2015-10-31',27,591,116,0),(502,'0','2015-10-31',27,591,117,0),(503,'1','2015-10-31',27,605,118,0),(504,'0','2015-10-31',27,605,119,0),(505,'0','2015-10-31',27,605,120,0),(506,'8.75','2015-10-31',27,619,121,0),(507,'0','2015-10-31',27,633,122,0),(508,'0','2015-10-31',27,633,123,0),(509,'0','2015-10-31',27,647,124,0),(510,'0','2015-10-31',27,647,125,0),(511,'1','2015-10-31',27,661,128,0),(512,'21','2015-10-31',27,661,129,0),(513,'5','2015-10-31',27,661,130,0),(514,'18','2015-10-31',27,661,131,0),(515,'100','2015-10-31',27,675,132,0),(516,'0','2015-10-31',27,675,133,0),(517,'0','2015-10-31',27,689,135,0),(518,'0','2015-10-31',27,689,137,0),(519,'0','2015-10-31',27,689,138,0),(520,'1','2015-10-31',27,689,140,0),(522,'0','2015-10-31',27,703,141,0),(523,'0','2015-10-31',27,703,142,0),(524,'0','2015-10-31',27,703,143,0),(525,'0','2015-10-31',27,703,145,0),(526,'1','2015-10-31',27,703,146,0),(527,'4','2015-10-31',27,703,147,0),(528,'0','2015-10-31',29,549,110,0),(529,'0','2015-10-31',29,563,111,0),(530,'0','2015-10-31',29,563,112,0),(531,'0','2015-10-31',29,563,113,0),(532,'0','2015-10-31',29,577,114,0),(533,'3','2015-10-31',29,591,116,0),(534,'0','2015-10-31',29,591,117,0),(535,'1','2015-10-31',29,605,118,0),(536,'0','2015-10-31',29,605,119,0),(537,'0','2015-10-31',29,605,120,0),(538,'47.39','2015-10-31',29,619,121,0),(539,'0','2015-10-31',29,633,122,0),(540,'0','2015-10-31',29,633,123,0),(541,'0','2015-10-31',29,647,124,0),(542,'0','2015-10-31',29,647,125,0),(543,'6','2015-10-31',29,661,128,0),(544,'64','2015-10-31',29,661,129,0),(545,'12','2015-10-31',29,661,130,0),(546,'30','2015-10-31',29,661,131,0),(547,'50','2015-10-31',29,675,132,0),(548,'0','2015-10-31',29,675,133,0),(549,'0','2015-10-31',29,689,135,0),(550,'0','2015-10-31',29,689,137,0),(551,'0','2015-10-31',29,689,138,0),(552,'1','2015-10-31',29,689,140,0),(554,'0','2015-10-31',29,703,141,0),(555,'0','2015-10-31',29,703,142,0),(556,'1','2015-10-31',29,703,143,0),(557,'1','2015-10-31',29,703,145,0),(558,'0','2015-10-31',29,703,146,0),(559,'5','2015-10-31',29,703,147,0),(560,'0','2015-10-31',31,549,110,0),(561,'0','2015-10-31',31,563,111,0),(562,'0','2015-10-31',31,563,112,0),(563,'0','2015-10-31',31,563,113,0),(564,'0','2015-10-31',31,577,114,0),(565,'8','2015-10-31',31,591,116,0),(566,'0','2015-10-31',31,591,117,0),(567,'1','2015-10-31',31,605,118,0),(568,'0','2015-10-31',31,605,119,0),(569,'0','2015-10-31',31,605,120,0),(570,'4.09','2015-10-31',31,619,121,0),(571,'0','2015-10-31',31,633,122,0),(572,'0','2015-10-31',31,633,123,0),(573,'0','2015-10-31',31,647,124,0),(574,'0','2015-10-31',31,647,125,0),(575,'7','2015-10-31',31,661,128,0),(576,'38','2015-10-31',31,661,129,0),(577,'2','2015-10-31',31,661,130,0),(578,'125','2015-10-31',31,661,131,0),(579,'100','2015-10-31',31,675,132,0),(580,'1','2015-10-31',31,675,133,0),(581,'0','2015-10-31',31,689,135,0),(582,'0','2015-10-31',31,689,137,0),(583,'1','2015-10-31',31,689,138,0),(584,'1','2015-10-31',31,689,140,0),(586,'0','2015-10-31',31,703,141,0),(587,'0','2015-10-31',31,703,142,0),(588,'0','2015-10-31',31,703,143,0),(589,'1','2015-10-31',31,703,145,0),(590,'0','2015-10-31',31,703,146,0),(591,'5','2015-10-31',31,703,147,0),(592,'0','2015-10-31',33,549,110,0),(593,'0','2015-10-31',33,563,111,0),(594,'0','2015-10-31',33,563,112,0),(595,'0','2015-10-31',33,563,113,0),(596,'1','2015-10-31',33,577,114,0),(597,'3\r\n','2015-10-31',33,591,116,0),(598,'0','2015-10-31',33,591,117,0),(599,'1','2015-10-31',33,605,118,0),(600,'0','2015-10-31',33,605,119,0),(601,'0','2015-10-31',33,605,120,0),(602,'30.71','2015-10-31',33,619,121,0),(603,'0','2015-10-31',33,633,122,0),(604,'0','2015-10-31',33,633,123,0),(605,'0','2015-10-31',33,647,124,0),(606,'0','2015-10-31',33,647,125,0),(607,'2','2015-10-31',33,661,128,0),(608,'5','2015-10-31',33,661,129,0),(609,'3','2015-10-31',33,661,130,0),(610,'42','2015-10-31',33,661,131,0),(611,'0','2015-10-31',33,675,132,0),(612,'0','2015-10-31',33,675,133,0),(613,'1','2015-10-31',33,689,135,0),(614,'0','2015-10-31',33,689,137,0),(615,'1','2015-10-31',33,689,138,0),(616,'0','2015-10-31',33,689,140,0),(618,'0','2015-10-31',33,703,141,0),(619,'0','2015-10-31',33,703,142,0),(620,'1','2015-10-31',33,703,143,0),(621,'0','2015-10-31',33,703,145,0),(622,'1','2015-10-31',33,703,146,0),(623,'5','2015-10-31',33,703,147,0),(624,'0','2015-10-31',28,549,110,0),(625,'0','2015-10-31',28,563,111,0),(626,'0','2015-10-31',28,563,112,0),(627,'0','2015-10-31',28,563,113,0),(628,'1','2015-10-31',28,577,114,0),(629,'3','2015-10-31',28,591,116,0),(630,'0','2015-10-31',28,591,117,0),(631,'1','2015-10-31',28,605,118,0),(632,'0','2015-10-31',28,605,119,0),(633,'0','2015-10-31',28,605,120,0),(634,'44.76','2015-10-31',28,619,121,0),(635,'0','2015-10-31',28,633,122,0),(636,'0','2015-10-31',28,633,123,0),(637,'0','2015-10-31',28,647,124,0),(638,'1','2015-10-31',28,647,125,0),(639,'2','2015-10-31',28,661,128,0),(640,'19','2015-10-31',28,661,129,0),(641,'1','2015-10-31',28,661,130,0),(642,'14','2015-10-31',28,661,131,0),(643,'90','2015-10-31',28,675,132,0),(644,'0','2015-10-31',28,675,133,0),(645,'0','2015-10-31',28,689,135,0),(646,'0','2015-10-31',28,689,137,0),(647,'0','2015-10-31',28,689,138,0),(648,'1','2015-10-31',28,689,140,0),(650,'0','2015-10-31',28,703,141,0),(651,'0','2015-10-31',28,703,142,0),(652,'1','2015-10-31',28,703,143,0),(653,'1','2015-10-31',28,703,145,0),(654,'0','2015-10-31',28,703,146,0),(655,'5','2015-10-31',28,703,147,0),(656,'0','2016-04-30',30,549,110,0),(657,'0','2016-04-30',30,563,111,0),(658,'0','2016-04-30',30,563,112,0),(659,'0','2016-04-30',30,563,113,0),(660,'0','2016-04-30',30,577,114,0),(661,'3','2016-04-30',30,591,116,0),(662,'0','2016-04-30',30,591,117,0),(663,'1','2016-04-30',30,605,118,0),(664,'0','2016-04-30',30,605,119,0),(665,'0','2016-04-30',30,605,120,0),(666,'0','2016-04-30',30,619,121,0),(667,'0','2016-04-30',30,633,122,0),(668,'0','2016-04-30',30,633,123,0),(669,'0','2016-04-30',30,647,124,0),(670,'1','2016-04-30',30,647,125,0),(671,'0','2016-04-30',30,661,128,0),(672,'0','2016-04-30',30,661,129,0),(673,'0','2016-04-30',30,661,130,0),(674,'1','2016-04-30',30,661,131,0),(675,'2','2016-04-30',30,675,132,0),(676,'1','2016-04-30',30,675,133,0),(677,'0','2016-04-30',30,689,135,0),(678,'1','2016-04-30',30,689,137,0),(679,'0','2016-04-30',30,689,138,0),(680,'1','2016-04-30',30,689,140,0),(682,'0','2016-04-30',30,703,141,0),(683,'0','2016-04-30',30,703,142,0),(684,'1','2016-04-30',30,703,143,0),(685,'1','2016-04-30',30,703,145,0),(686,'0','2016-04-30',30,703,146,0),(687,'5','2016-04-30',30,703,147,0),(688,'0','2016-04-30',32,549,110,0),(689,'0','2016-04-30',32,563,111,0),(690,'1','2016-04-30',32,563,112,0),(691,'0','2016-04-30',32,563,113,0),(692,'0','2016-04-30',32,577,114,0),(693,'3','2016-04-30',32,591,116,0),(694,'0','2016-04-30',32,591,117,0),(695,'1','2016-04-30',32,605,118,0),(696,'0','2016-04-30',32,605,119,0),(697,'0','2016-04-30',32,605,120,0),(698,'15.79','2016-04-30',32,619,121,0),(699,'0','2016-04-30',32,633,122,0),(700,'1','2016-04-30',32,633,123,0),(701,'0','2016-04-30',32,647,124,0),(702,'0','2016-04-30',32,647,125,0),(703,'0','2016-04-30',32,661,128,0),(704,'12','2016-04-30',32,661,129,0),(705,'5','2016-04-30',32,661,130,0),(706,'78','2016-04-30',32,661,131,0),(707,'0','2016-04-30',32,675,132,0),(708,'1','2016-04-30',32,675,133,0),(709,'0','2016-04-30',32,689,135,0),(710,'0','2016-04-30',32,689,137,0),(711,'1','2016-04-30',32,689,138,0),(712,'2','2016-04-30',32,689,140,0),(714,'0','2016-04-30',32,703,141,0),(715,'1','2016-04-30',32,703,142,0),(716,'0','2016-04-30',32,703,143,0),(717,'1','2016-04-30',32,703,145,0),(718,'0','2016-04-30',32,703,146,0),(719,'4','2016-04-30',32,703,147,0),(720,'0','2015-10-31',34,549,110,0),(721,'0','2015-10-31',34,563,111,0),(722,'1','2015-10-31',34,563,112,0),(723,'0','2015-10-31',34,563,113,0),(724,'0','2015-10-31',34,577,114,0),(725,'3','2015-10-31',34,591,116,0),(726,'0','2015-10-31',34,591,117,0),(727,'1','2015-10-31',34,605,118,0),(728,'0','2015-10-31',34,605,119,0),(729,'1','2015-10-31',34,605,120,0),(730,'23.37','2015-10-31',34,619,121,0),(731,'0','2015-10-31',34,633,122,0),(732,'0','2015-10-31',34,633,123,0),(733,'0','2015-10-31',34,647,124,0),(734,'1','2015-10-31',34,647,125,0),(735,'4','2015-10-31',34,661,128,0),(736,'17','2015-10-31',34,661,129,0),(737,'11','2015-10-31',34,661,130,0),(738,'16','2015-10-31',34,661,131,0),(739,'100','2015-10-31',34,675,132,0),(740,'0','2015-10-31',34,675,133,0),(741,'0','2015-10-31',34,689,135,0),(742,'1','2015-10-31',34,689,137,0),(743,'0','2015-10-31',34,689,138,0),(744,'1','2015-10-31',34,689,140,0),(746,'0','2015-10-31',34,703,141,0),(747,'1','2015-10-31',34,703,142,0),(748,'0','2015-10-31',34,703,143,0),(749,'0','2015-10-31',34,703,145,0),(750,'1','2015-10-31',34,703,146,0),(751,'5','2015-10-31',34,703,147,0),(752,'0','2015-10-31',35,549,110,0),(753,'1','2015-10-31',35,563,111,0),(754,'0','2015-10-31',35,563,112,0),(755,'0','2015-10-31',35,563,113,0),(756,'1','2015-10-31',35,577,114,0),(757,'8','2015-10-31',35,591,116,0),(758,'1','2015-10-31',35,591,117,0),(759,'1','2015-10-31',35,605,118,0),(760,'0','2015-10-31',35,605,119,0),(761,'0','2015-10-31',35,605,120,0),(762,'30.51','2015-10-31',35,619,121,0),(763,'0','2015-10-31',35,633,122,0),(764,'1','2015-10-31',35,633,123,0),(765,'0','2015-10-31',35,647,124,0),(766,'0','2015-10-31',35,647,125,0),(767,'0','2015-10-31',35,661,128,0),(768,'13','2015-10-31',35,661,129,0),(769,'3','2015-10-31',35,661,130,0),(770,'17','2015-10-31',35,661,131,0),(771,'100','2015-10-31',35,675,132,0),(772,'1','2015-10-31',35,675,133,0),(773,'0','2015-10-31',35,689,135,0),(774,'0','2015-10-31',35,689,137,0),(775,'1','2015-10-31',35,689,138,0),(776,'1','2015-10-31',35,689,140,0),(778,'0','2015-10-31',35,703,141,0),(779,'1','2015-10-31',35,703,142,0),(780,'1','2015-10-31',35,703,143,0),(781,'0','2015-10-31',35,703,145,0),(782,'2','2015-10-31',35,703,146,0),(783,'5','2015-10-31',35,703,147,0),(784,'0','2015-10-31',36,549,110,0),(785,'0','2015-10-31',36,563,111,0),(786,'0','2015-10-31',36,563,112,0),(787,'0','2015-10-31',36,563,113,0),(788,'1','2015-10-31',36,577,114,0),(789,'3','2015-10-31',36,591,116,0),(790,'0','2015-10-31',36,591,117,0),(791,'1','2015-10-31',36,605,118,0),(792,'0','2015-10-31',36,605,119,0),(793,'0','2015-10-31',36,605,120,0),(794,'427','2015-10-31',36,619,121,0),(795,'0','2015-10-31',36,633,122,0),(796,'1','2015-10-31',36,633,123,0),(797,'0','2015-10-31',36,647,124,0),(798,'1','2015-10-31',36,647,125,0),(799,'4','2015-10-31',36,661,128,0),(800,'33','2015-10-31',36,661,129,0),(801,'4','2015-10-31',36,661,130,0),(802,'98','2015-10-31',36,661,131,0),(803,'0','2015-10-31',36,675,132,0),(804,'1','2015-10-31',36,675,133,0),(805,'0','2015-10-31',36,689,135,0),(806,'1','2015-10-31',36,689,137,0),(807,'0','2015-10-31',36,689,138,0),(808,'0','2015-10-31',36,689,140,0),(810,'0','2015-10-31',36,703,141,0),(811,'0','2015-10-31',36,703,142,0),(812,'1','2015-10-31',36,703,143,0),(813,'2','2015-10-31',36,703,145,0),(814,'3','2015-10-31',36,703,146,0),(815,'5','2015-10-31',36,703,147,0),(816,'0','2015-10-31',37,549,110,0),(817,'1','2015-10-31',37,563,111,0),(818,'0','2015-10-31',37,563,112,0),(819,'0','2015-10-31',37,563,113,0),(820,'0','2015-10-31',37,577,114,0),(821,'3','2015-10-31',37,591,116,0),(822,'1','2015-10-31',37,591,117,0),(823,'1','2015-10-31',37,605,118,0),(824,'0','2015-10-31',37,605,119,0),(825,'0','2015-10-31',37,605,120,0),(826,'10.12','2015-10-31',37,619,121,0),(827,'0','2015-10-31',37,633,122,0),(828,'1','2015-10-31',37,633,123,0),(829,'0','2015-10-31',37,647,124,0),(830,'1','2015-10-31',37,647,125,0),(831,'5','2015-10-31',37,661,128,0),(832,'29','2015-10-31',37,661,129,0),(833,'9','2015-10-31',37,661,130,0),(834,'110','2015-10-31',37,661,131,0),(835,'96','2015-10-31',37,675,132,0),(836,'0','2015-10-31',37,675,133,0),(837,'0','2015-10-31',37,689,135,0),(838,'1','2015-10-31',37,689,137,0),(839,'0','2015-10-31',37,689,138,0),(840,'1','2015-10-31',37,689,140,0),(842,'1','2015-10-31',37,703,141,0),(843,'0','2015-10-31',37,703,142,0),(844,'0','2015-10-31',37,703,143,0),(845,'0','2015-10-31',37,703,145,0),(846,'0','2015-10-31',37,703,146,0),(847,'5','2015-10-31',37,703,147,0),(848,'0','2015-10-31',38,549,110,0),(849,'0','2015-10-31',38,563,111,0),(850,'1','2015-10-31',38,563,112,0),(851,'0','2015-10-31',38,563,113,0),(852,'0','2015-10-31',38,577,114,0),(853,'3','2015-10-31',38,591,116,0),(854,'0','2015-10-31',38,591,117,0),(855,'1','2015-10-31',38,605,118,0),(856,'0','2015-10-31',38,605,119,0),(857,'0','2015-10-31',38,605,120,0),(858,'26.36','2015-10-31',38,619,121,0),(859,'0','2015-10-31',38,633,122,0),(860,'1','2015-10-31',38,633,123,0),(861,'0','2015-10-31',38,647,124,0),(862,'1','2015-10-31',38,647,125,0),(863,'8','2015-10-31',38,661,128,0),(864,'40','2015-10-31',38,661,129,0),(865,'15','2015-10-31',38,661,130,0),(866,'2','2015-10-31',38,661,131,0),(867,'100','2015-10-31',38,675,132,0),(868,'0','2015-10-31',38,675,133,0),(869,'1','2015-10-31',38,689,135,0),(870,'0','2015-10-31',38,689,137,0),(871,'0','2015-10-31',38,689,138,0),(872,'1','2015-10-31',38,689,140,0),(874,'0','2015-10-31',38,703,141,0),(875,'0','2015-10-31',38,703,142,0),(876,'1','2015-10-31',38,703,143,0),(877,'1','2015-10-31',38,703,145,0),(878,'0','2015-10-31',38,703,146,0),(879,'5','2015-10-31',38,703,147,0),(880,'0','2015-10-31',39,549,110,0),(881,'1','2015-10-31',39,563,111,0),(882,'0','2015-10-31',39,563,112,0),(883,'1','2015-10-31',39,563,113,0),(884,'0','2015-10-31',39,577,114,0),(885,'3','2015-10-31',39,591,116,0),(886,'0','2015-10-31',39,591,117,0),(887,'1','2015-10-31',39,605,118,0),(888,'0','2015-10-31',39,605,119,0),(889,'0','2015-10-31',39,605,120,0),(890,'9.27','2015-10-31',39,619,121,0),(891,'0','2015-10-31',39,633,122,0),(892,'1','2015-10-31',39,633,123,0),(893,'0','2015-10-31',39,647,124,0),(894,'1','2015-10-31',39,647,125,0),(895,'2','2015-10-31',39,661,128,0),(896,'40','2015-10-31',39,661,129,0),(897,'9','2015-10-31',39,661,130,0),(898,'70','2015-10-31',39,661,131,0),(899,'100','2015-10-31',39,675,132,0),(900,'0','2015-10-31',39,675,133,0),(901,'1','2015-10-31',39,689,135,0),(902,'0','2015-10-31',39,689,137,0),(903,'0','2015-10-31',39,689,138,0),(904,'0','2015-10-31',39,689,140,0),(906,'0','2015-10-31',39,703,141,0),(907,'1','2015-10-31',39,703,142,0),(908,'1','2015-10-31',39,703,143,0),(909,'0','2015-10-31',39,703,145,0),(910,'1','2015-10-31',39,703,146,0),(911,'5','2015-10-31',39,703,147,0),(912,'0','2015-10-31',39,549,110,0),(913,'1','2015-10-31',39,563,111,0),(914,'0','2015-10-31',39,563,112,0),(915,'0','2015-10-31',39,563,113,0),(916,'0','2015-10-31',39,577,114,0),(917,'3','2015-10-31',39,591,116,0),(918,'0','2015-10-31',39,591,117,0),(919,'1','2015-10-31',39,605,118,0),(920,'0','2015-10-31',39,605,119,0),(921,'0','2015-10-31',39,605,120,0),(922,'9.27','2015-10-31',39,619,121,0),(923,'0','2015-10-31',39,633,122,0),(924,'1','2015-10-31',39,633,123,0),(925,'0','2015-10-31',39,647,124,0),(926,'1','2015-10-31',39,647,125,0),(927,'2','2015-10-31',39,661,128,0),(928,'40','2015-10-31',39,661,129,0),(929,'9','2015-10-31',39,661,130,0),(930,'76','2015-10-31',39,661,131,0),(931,'100','2015-10-31',39,675,132,0),(932,'0','2015-10-31',39,675,133,0),(933,'1','2015-10-31',39,689,135,0),(934,'0','2015-10-31',39,689,137,0),(935,'2','2015-10-31',39,689,138,0),(936,'0','2015-10-31',39,689,140,0),(938,'0','2015-10-31',39,703,141,0),(939,'0','2015-10-31',39,703,142,0),(940,'1','2015-10-31',39,703,143,0),(941,'0','2015-10-31',39,703,145,0),(942,'1','2015-10-31',39,703,146,0),(943,'5','2015-10-31',39,703,147,0),(944,'0','2015-10-31',39,549,110,0),(945,'0','2015-10-31',39,563,111,0),(946,'1','2015-10-31',39,563,112,0),(947,'0','2015-10-31',39,563,113,0),(948,'0','2015-10-31',39,577,114,0),(949,'3','2015-10-31',39,591,116,0),(950,'0','2015-10-31',39,591,117,0),(951,'1','2015-10-31',39,605,118,0),(952,'0','2015-10-31',39,605,119,0),(953,'0','2015-10-31',39,605,120,0),(954,'9.27','2015-10-31',39,619,121,0),(955,'0','2015-10-31',39,633,122,0),(956,'1','2015-10-31',39,633,123,0),(957,'0','2015-10-31',39,647,124,0),(958,'1','2015-10-31',39,647,125,0),(959,'2','2015-10-31',39,661,128,0),(960,'40','2015-10-31',39,661,129,0),(961,'9','2015-10-31',39,661,130,0),(962,'70','2015-10-31',39,661,131,0),(963,'100','2015-10-31',39,675,132,0),(964,'0','2015-10-31',39,675,133,0),(965,'0','2015-10-31',39,689,135,0),(966,'1','2015-10-31',39,689,137,0),(967,'0','2015-10-31',39,689,138,0),(968,'1','2015-10-31',39,689,140,0),(970,'0','2015-10-31',39,703,141,0),(971,'0','2015-10-31',39,703,142,0),(972,'1','2015-10-31',39,703,143,0),(973,'0','2015-10-31',39,703,145,0),(974,'1','2015-10-31',39,703,146,0),(975,'5','2015-10-31',39,703,147,0),(976,'0','2015-10-31',32,549,110,0),(977,'0','2015-10-31',32,563,111,0),(978,'0','2015-10-31',32,563,112,0),(979,'1','2015-10-31',32,563,113,0),(980,'0','2015-10-31',32,577,114,0),(981,'8','2015-10-31',32,591,116,0),(982,'0','2015-10-31',32,591,117,0),(983,'1','2015-10-31',32,605,118,0),(984,'0','2015-10-31',32,605,119,0),(985,'0','2015-10-31',32,605,120,0),(986,'15.79','2015-10-31',32,619,121,0),(987,'0','2015-10-31',32,633,122,0),(988,'1','2015-10-31',32,633,123,0),(989,'0','2015-10-31',32,647,124,0),(990,'1','2015-10-31',32,647,125,0),(991,'0','2015-10-31',32,661,128,0),(992,'12','2015-10-31',32,661,129,0),(993,'5','2015-10-31',32,661,130,0),(994,'78','2015-10-31',32,661,131,0),(995,'100','2015-10-31',32,675,132,0),(996,'0','2015-10-31',32,675,133,0),(997,'0','2015-10-31',32,689,135,0),(998,'1','2015-10-31',32,689,137,0),(999,'0','2015-10-31',32,689,138,0),(1000,'0','2015-10-31',32,689,140,0),(1002,'0','2015-10-31',32,703,141,0),(1003,'0','2015-10-31',32,703,142,0),(1004,'0','2015-10-31',32,703,143,0),(1005,'1','2015-10-31',32,703,145,0),(1006,'0','2015-10-31',32,703,146,0),(1007,'5','2015-10-31',32,703,147,0),(1008,'0','2015-10-31',30,549,110,0),(1009,'1','2015-10-31',30,563,111,0),(1010,'0','2015-10-31',30,563,112,0),(1011,'0','2015-10-31',30,563,113,0),(1012,'1','2015-10-31',30,577,114,0),(1013,'3','2015-10-31',30,591,116,0),(1014,'0','2015-10-31',30,591,117,0),(1015,'1','2015-10-31',30,605,118,0),(1016,'0','2015-10-31',30,605,119,0),(1017,'0','2015-10-31',30,605,120,0),(1018,'0','2015-10-31',30,619,121,0),(1019,'0','2015-10-31',30,633,122,0),(1020,'0','2015-10-31',30,633,123,0),(1021,'1','2015-10-31',30,647,124,0),(1022,'0','2015-10-31',30,647,125,0),(1023,'0','2015-10-31',30,661,128,0),(1024,'0','2015-10-31',30,661,129,0),(1025,'0','2015-10-31',30,661,130,0),(1026,'1','2015-10-31',30,661,131,0),(1027,'0','2015-10-31',30,675,132,0),(1028,'1','2015-10-31',30,675,133,0),(1029,'0','2015-10-31',30,689,135,0),(1030,'0','2015-10-31',30,689,137,0),(1031,'1','2015-10-31',30,689,138,0),(1032,'0','2015-10-31',30,689,140,0),(1034,'0','2015-10-31',30,703,141,0),(1035,'1','2015-10-31',30,703,142,0),(1036,'0','2015-10-31',30,703,143,0),(1037,'0','2015-10-31',30,703,145,0),(1038,'1','2015-10-31',30,703,146,0),(1039,'5','2015-10-31',30,703,147,0),(1040,'0','2016-04-30',26,549,110,3),(1041,'0','2016-04-30',26,563,111,3),(1042,'0','2016-04-30',26,563,112,3),(1043,'0','2016-04-30',26,563,113,3),(1044,'2','2016-04-30',26,577,114,3),(1045,'0','2016-04-30',26,591,116,3),(1046,'0','2016-04-30',26,591,117,3),(1047,'1.73','2016-04-30',26,605,118,3),(1048,'1','2016-04-30',26,605,119,3),(1049,'0','2016-04-30',26,605,120,3),(1050,'17.36','2016-04-30',26,619,121,3),(1051,'3','2016-04-30',26,633,122,3),(1052,'0','2016-04-30',26,633,123,3),(1053,'0.45','2016-04-30',26,647,124,3),(1054,'2.25','2016-04-30',26,647,125,3),(1055,'13','2016-04-30',26,661,128,3),(1056,'65.5','2016-04-30',26,661,129,3),(1057,'5.0','2016-04-30',26,661,130,3),(1058,'99.0','2016-04-30',26,661,131,3),(1059,'90','2016-04-30',26,675,132,3),(1060,'0','2016-04-30',26,675,133,3),(1061,'0','2016-04-30',26,689,135,3),(1062,'0','2016-04-30',26,689,137,3),(1063,'0','2016-04-30',26,689,138,3),(1064,'0','2016-04-30',26,689,140,3),(1066,'0','2016-04-30',26,703,141,3),(1067,'0','2016-04-30',26,703,142,3),(1068,'1','2016-04-30',26,703,143,3),(1069,'0','2016-04-30',26,703,145,3),(1070,'0','2016-04-30',26,703,146,3),(1071,'4','2016-04-30',26,703,147,3),(1072,'0','2016-01-31',27,549,110,3),(1073,'0','2016-01-31',27,563,111,1),(1074,'0','2016-01-31',27,563,112,3),(1075,'0','2016-01-31',27,563,113,3),(1076,'2','2016-01-31',27,577,114,3),(1077,'0','2016-01-31',27,591,116,3),(1078,'0','2016-01-31',27,591,117,3),(1079,'1.73','2016-01-31',27,605,118,3),(1080,'1','2016-01-31',27,605,119,3),(1081,'0','2016-01-31',27,605,120,3),(1082,'17.36','2016-01-31',27,619,121,3),(1083,'3','2016-01-31',27,633,122,3),(1084,'0','2016-01-31',27,633,123,3),(1085,'0.45','2016-01-31',27,647,124,3),(1086,'2.25','2016-01-31',27,647,125,3),(1087,'9','2016-01-31',27,661,128,3),(1088,'47','2016-01-31',27,661,129,3),(1089,'3','2016-01-31',27,661,130,3),(1090,'29','2016-01-31',27,661,131,3),(1091,'90','2016-01-31',27,675,132,3),(1092,'0','2016-01-31',27,675,133,3),(1093,'0','2016-01-31',27,689,135,3),(1094,'0','2016-01-31',27,689,137,3),(1095,'0','2016-01-31',27,689,138,3),(1096,'0','2016-01-31',27,689,140,3),(1098,'0','2016-01-31',27,703,141,3),(1099,'0','2016-01-31',27,703,142,3),(1100,'0','2016-01-31',27,703,143,3),(1101,'0','2016-01-31',27,703,145,3),(1102,'0','2016-01-31',27,703,146,3),(1103,'5','2016-01-31',27,703,147,3),(1104,'0','2016-01-31',27,549,110,3),(1105,'0','2016-01-31',27,563,111,3),(1106,'0','2016-01-31',27,563,112,3),(1107,'0','2016-01-31',27,563,113,3),(1108,'2','2016-01-31',27,577,114,3),(1109,'0','2016-01-31',27,591,116,3),(1110,'0','2016-01-31',27,591,117,3),(1111,'1.73','2016-01-31',27,605,118,3),(1112,'1','2016-01-31',27,605,119,3),(1113,'0','2016-01-31',27,605,120,3),(1114,'17.36','2016-01-31',27,619,121,3),(1115,'3','2016-01-31',27,633,122,3),(1116,'0','2016-01-31',27,633,123,3),(1117,'0.45','2016-01-31',27,647,124,3),(1118,'2.25','2016-01-31',27,647,125,3),(1119,'9','2016-01-31',27,661,128,3),(1120,'47','2016-01-31',27,661,129,3),(1121,'3','2016-01-31',27,661,130,3),(1122,'29','2016-01-31',27,661,131,3),(1123,'90','2016-01-31',27,675,132,3),(1124,'0','2016-01-31',27,675,133,3),(1125,'0','2016-01-31',27,689,135,3),(1126,'0','2016-01-31',27,689,137,3),(1127,'0','2016-01-31',27,689,138,3),(1128,'0','2016-01-31',27,689,140,3),(1130,'0','2016-01-31',27,703,141,3),(1131,'0','2016-01-31',27,703,142,3),(1132,'0','2016-01-31',27,703,143,3),(1133,'0','2016-01-31',27,703,145,3),(1134,'0','2016-01-31',27,703,146,3),(1135,'5','2016-01-31',27,703,147,3),(1136,'0','2016-01-31',28,549,110,1),(1137,'0','2016-01-31',28,563,111,1),(1138,'0','2016-01-31',28,563,112,1),(1139,'0','2016-01-31',28,563,113,1),(1140,'2','2016-01-31',28,577,114,1),(1141,'0','2016-01-31',28,591,116,1),(1142,'0','2016-01-31',28,591,117,1),(1143,'1.5','2016-01-31',28,605,118,1),(1144,'0','2016-01-31',28,605,119,1),(1145,'0','2016-01-31',28,605,120,1),(1146,'10.82','2016-01-31',28,619,121,1),(1147,'0','2016-01-31',28,633,122,1),(1148,'0','2016-01-31',28,633,123,1),(1149,'0.45','2016-01-31',28,647,124,1),(1150,'2.25','2016-01-31',28,647,125,1),(1151,'1','2016-01-31',28,661,128,1),(1152,'47','2016-01-31',28,661,129,1),(1153,'2','2016-01-31',28,661,130,1),(1154,'54','2016-01-31',28,661,131,1),(1155,'95','2016-01-31',28,675,132,1),(1156,'0','2016-01-31',28,675,133,1),(1157,'0','2016-01-31',28,689,135,1),(1158,'0','2016-01-31',28,689,137,1),(1159,'0','2016-01-31',28,689,138,1),(1160,'0','2016-01-31',28,689,140,1),(1162,'0','2016-01-31',28,703,141,1),(1163,'0','2016-01-31',28,703,142,1),(1164,'1','2016-01-31',28,703,143,1),(1165,'0','2016-01-31',28,703,145,1),(1166,'0','2016-01-31',28,703,146,1),(1167,'4','2016-01-31',28,703,147,1),(1168,'0','2016-01-31',29,549,110,1),(1169,'0','2016-01-31',29,563,111,1),(1170,'0','2016-01-31',29,563,112,1),(1171,'0','2016-01-31',29,563,113,1),(1172,'2','2016-01-31',29,577,114,1),(1173,'0','2016-01-31',29,591,116,1),(1174,'0','2016-01-31',29,591,117,1),(1175,'1.46','2016-01-31',29,605,118,1),(1176,'0','2016-01-31',29,605,119,1),(1177,'0','2016-01-31',29,605,120,1),(1178,'1.67','2016-01-31',29,619,121,1),(1179,'0','2016-01-31',29,633,122,1),(1180,'0','2016-01-31',29,633,123,1),(1181,'0.45','2016-01-31',29,647,124,1),(1182,'2.25','2016-01-31',29,647,125,1),(1183,'1','2016-01-31',29,661,128,1),(1184,'4','2016-01-31',29,661,129,1),(1185,'8','2016-01-31',29,661,130,1),(1186,'74','2016-01-31',29,661,131,1),(1187,'100','2016-01-31',29,675,132,1),(1188,'90','2016-01-31',29,675,133,1),(1189,'0','2016-01-31',29,689,135,1),(1190,'0','2016-01-31',29,689,137,1),(1191,'0','2016-01-31',29,689,138,1),(1192,'0','2016-01-31',29,689,140,1),(1194,'0','2016-01-31',29,703,141,1),(1195,'0','2016-01-31',29,703,142,1),(1196,'0','2016-01-31',29,703,143,1),(1197,'0','2016-01-31',29,703,145,1),(1198,'0','2016-01-31',29,703,146,1),(1199,'5','2016-01-31',29,703,147,1),(1200,'0','2016-01-31',30,549,110,1),(1201,'0','2016-01-31',30,563,111,1),(1202,'0','2016-01-31',30,563,112,1),(1203,'0','2016-01-31',30,563,113,1),(1204,'2','2016-01-31',30,577,114,1),(1205,'0','2016-01-31',30,591,116,1),(1206,'0','2016-01-31',30,591,117,1),(1207,'1','2016-01-31',30,605,118,1),(1208,'1','2016-01-31',30,605,119,1),(1209,'0','2016-01-31',30,605,120,1),(1210,'1.46','2016-01-31',30,619,121,1),(1211,'0','2016-01-31',30,633,122,1),(1212,'0','2016-01-31',30,633,123,1),(1213,'0.45','2016-01-31',30,647,124,1),(1214,'2.25','2016-01-31',30,647,125,1),(1215,'0','2016-01-31',30,647,148,1),(1216,'27','2016-01-31',30,661,128,1),(1217,'158','2016-01-31',30,661,129,1),(1218,'4','2016-01-31',30,661,130,1),(1219,'179','2016-01-31',30,661,131,1),(1220,'0','2016-01-31',30,675,132,1),(1221,'0','2016-01-31',30,675,133,1),(1222,'0','2016-01-31',30,689,135,1),(1223,'0','2016-01-31',30,689,137,1),(1224,'0','2016-01-31',30,689,138,1),(1225,'0','2016-01-31',30,689,140,1),(1227,'0','2016-01-31',30,703,141,1),(1228,'0','2016-01-31',30,703,142,1),(1229,'0','2016-01-31',30,703,143,1),(1230,'0','2016-01-31',30,703,145,1),(1231,'0','2016-01-31',30,703,146,1),(1232,'5','2016-01-31',30,703,147,1),(1233,'0','2016-01-31',31,549,110,1),(1234,'0','2016-01-31',31,563,111,1),(1235,'0','2016-01-31',31,563,112,1),(1236,'0','2016-01-31',31,563,113,1),(1237,'2','2016-01-31',31,577,114,1),(1238,'0','2016-01-31',31,591,116,1),(1239,'0','2016-01-31',31,591,117,1),(1240,'1.26','2016-01-31',31,605,118,1),(1241,'1','2016-01-31',31,605,119,1),(1242,'1','2016-01-31',31,605,120,1),(1243,'1.46','2016-01-31',31,619,121,1),(1244,'0','2016-01-31',31,633,122,1),(1245,'0','2016-01-31',31,633,123,1),(1246,'0.45','2016-01-31',31,647,124,1),(1247,'225','2016-01-31',31,647,125,1),(1248,'0','2016-01-31',31,647,148,1),(1249,'1','2016-01-31',31,661,128,1),(1250,'13','2016-01-31',31,661,129,1),(1251,'2','2016-01-31',31,661,130,1),(1252,'59','2016-01-31',31,661,131,1),(1253,'95','2016-01-31',31,675,132,1),(1254,'0','2016-01-31',31,675,133,1),(1255,'0','2016-01-31',31,689,135,1),(1256,'0','2016-01-31',31,689,137,1),(1257,'0','2016-01-31',31,689,138,1),(1258,'0','2016-01-31',31,689,140,1),(1260,'0','2016-01-31',31,703,141,1),(1261,'0','2016-01-31',31,703,142,1),(1262,'0','2016-01-31',31,703,143,1),(1263,'0','2016-01-31',31,703,145,1),(1264,'0','2016-01-31',31,703,146,1),(1265,'4','2016-01-31',31,703,147,1),(1266,'0','2016-01-31',32,549,110,1),(1267,'0','2016-01-31',32,563,111,1),(1268,'0','2016-01-31',32,563,112,1),(1269,'0','2016-01-31',32,563,113,1),(1270,'2','2016-01-31',32,577,114,1),(1271,'0','2016-01-31',32,591,116,1),(1272,'0','2016-01-31',32,591,117,1),(1273,'1.48','2016-01-31',32,605,118,1),(1274,'0','2016-01-31',32,605,119,1),(1275,'0','2016-01-31',32,605,120,1),(1276,'27.37','2016-01-31',32,619,121,1),(1277,'0','2016-01-31',32,633,122,1),(1278,'0','2016-01-31',32,633,123,1),(1279,'0.45','2016-01-31',32,647,124,1),(1280,'2.25','2016-01-31',32,647,125,1),(1281,'0','2016-01-31',32,647,148,1),(1282,'8','2016-01-31',32,661,128,1),(1283,'2','2016-01-31',32,661,129,1),(1284,'12','2016-01-31',32,661,130,1),(1285,'76','2016-01-31',32,661,131,1),(1286,'82','2016-01-31',32,675,132,1),(1287,'0','2016-01-31',32,675,133,1),(1288,'0','2016-01-31',32,689,135,1),(1289,'0','2016-01-31',32,689,137,1),(1290,'0','2016-01-31',32,689,138,1),(1291,'0','2016-01-31',32,689,140,1),(1293,'0','2016-01-31',32,703,141,1),(1294,'0','2016-01-31',32,703,142,1),(1295,'0','2016-01-31',32,703,143,1),(1296,'0','2016-01-31',32,703,145,1),(1297,'0','2016-01-31',32,703,146,1),(1298,'5','2016-01-31',32,703,147,1),(1299,'0','2016-01-31',33,549,110,1),(1300,'0','2016-01-31',33,563,111,1),(1301,'0','2016-01-31',33,563,112,1),(1302,'0','2016-01-31',33,563,113,1),(1303,'2','2016-01-31',33,577,114,1),(1304,'0','2016-01-31',33,591,116,1),(1305,'0','2016-01-31',33,591,117,1),(1306,'1.45','2016-01-31',33,605,118,1),(1307,'0','2016-01-31',33,605,119,1),(1308,'0','2016-01-31',33,605,120,1),(1309,'28.16','2016-01-31',33,619,121,1),(1310,'0','2016-01-31',33,633,122,1),(1311,'0','2016-01-31',33,633,123,1),(1312,'0.45','2016-01-31',33,647,124,1),(1313,'2.25','2016-01-31',33,647,125,1),(1314,'0','2016-01-31',33,647,148,1),(1315,'22','2016-01-31',33,661,128,1),(1316,'76','2016-01-31',33,661,129,1),(1317,'7','2016-01-31',33,661,130,1),(1318,'94','2016-01-31',33,661,131,1),(1319,'90','2016-01-31',33,675,132,1),(1320,'0','2016-01-31',33,675,133,1),(1321,'0','2016-01-31',33,689,135,1),(1322,'0','2016-01-31',33,689,137,1),(1323,'0','2016-01-31',33,689,138,1),(1324,'0','2016-01-31',33,689,140,1),(1326,'0','2016-01-31',33,703,141,1),(1327,'0','2016-01-31',33,703,142,1),(1328,'0','2016-01-31',33,703,143,1),(1329,'0','2016-01-31',33,703,145,1),(1330,'0','2016-01-31',33,703,146,1),(1331,'5','2016-01-31',33,703,147,1),(1332,'0','2016-01-31',34,549,110,1),(1333,'0','2016-01-31',34,563,111,1),(1334,'0','2016-01-31',34,563,112,1),(1335,'0','2016-01-31',34,563,113,1),(1336,'2','2016-01-31',34,577,114,1),(1337,'0','2016-01-31',34,591,116,1),(1338,'0','2016-01-31',34,591,117,1),(1339,'1.46','2016-01-31',34,605,118,1),(1340,'0','2016-01-31',34,605,119,1),(1341,'0','2016-01-31',34,605,120,1),(1342,'8.6','2016-01-31',34,619,121,1),(1343,'0','2016-01-31',34,633,122,1),(1344,'0','2016-01-31',34,633,123,1),(1345,'0.45','2016-01-31',34,647,124,1),(1346,'2.25','2016-01-31',34,647,125,1),(1347,'0','2016-01-31',34,647,148,1),(1348,'15','2016-01-31',34,661,128,1),(1349,'38','2016-01-31',34,661,129,1),(1350,'8','2016-01-31',34,661,130,1),(1351,'60','2016-01-31',34,661,131,1),(1352,'90','2016-01-31',34,675,132,1),(1353,'0','2016-01-31',34,675,133,1),(1354,'0','2016-01-31',34,689,135,1),(1355,'0','2016-01-31',34,689,137,1),(1356,'0','2016-01-31',34,689,138,1),(1357,'0','2016-01-31',34,689,140,1),(1359,'0','2016-01-31',34,703,141,1),(1360,'0','2016-01-31',34,703,142,1),(1361,'0','2016-01-31',34,703,143,1),(1362,'0','2016-01-31',34,703,145,1),(1363,'0','2016-01-31',34,703,146,1),(1364,'5','2016-01-31',34,703,147,1),(1365,'0','2016-01-31',35,549,110,1),(1366,'0','2016-01-31',35,563,111,1),(1367,'0','2016-01-31',35,563,112,1),(1368,'0','2016-01-31',35,563,113,1),(1369,'2','2016-01-31',35,577,114,1),(1370,'0','2016-01-31',35,591,116,1),(1371,'0','2016-01-31',35,591,117,1),(1372,'1.46','2016-01-31',35,605,118,1),(1373,'0','2016-01-31',35,605,119,1),(1374,'0','2016-01-31',35,605,120,1),(1375,'16.12','2016-01-31',35,619,121,1),(1376,'0','2016-01-31',35,633,122,1),(1377,'0','2016-01-31',35,633,123,1),(1378,'0.45','2016-01-31',35,647,124,1),(1379,'2.25','2016-01-31',35,647,125,1),(1380,'0','2016-01-31',35,647,148,1),(1381,'14','2016-01-31',35,661,128,1),(1382,'61','2016-01-31',35,661,129,1),(1383,'0','2016-01-31',35,661,130,1),(1384,'70','2016-01-31',35,661,131,1),(1385,'90','2016-01-31',35,675,132,1),(1386,'0','2016-01-31',35,675,133,1),(1387,'0','2016-01-31',35,689,135,1),(1388,'0','2016-01-31',35,689,137,1),(1389,'0','2016-01-31',35,689,138,1),(1390,'0','2016-01-31',35,689,140,1),(1392,'0','2016-01-31',35,703,141,1),(1393,'0','2016-01-31',35,703,142,1),(1394,'0','2016-01-31',35,703,143,1),(1395,'0','2016-01-31',35,703,145,1),(1396,'0','2016-01-31',35,703,146,1),(1397,'5','2016-01-31',35,703,147,1),(1398,'0','2016-01-31',36,549,110,1),(1399,'0','2016-01-31',36,563,111,1),(1400,'0','2016-01-31',36,563,112,1),(1401,'0','2016-01-31',36,563,113,1),(1402,'2','2016-01-31',36,577,114,1),(1403,'0','2016-01-31',36,591,116,1),(1404,'0','2016-01-31',36,591,117,1),(1405,'1.12','2016-01-31',36,605,118,1),(1406,'0','2016-01-31',36,605,119,1),(1407,'1','2016-01-31',36,605,120,1),(1408,'1.48','2016-01-31',36,619,121,1),(1409,'5','2016-01-31',36,633,122,1),(1410,'0','2016-01-31',36,633,123,1),(1411,'0.45','2016-01-31',36,647,124,1),(1412,'2.25','2016-01-31',36,647,125,1),(1413,'0','2016-01-31',36,647,148,1),(1414,'3','2016-01-31',36,661,128,1),(1415,'21','2016-01-31',36,661,129,1),(1416,'2','2016-01-31',36,661,130,1),(1417,'93','2016-01-31',36,661,131,1),(1418,'95','2016-01-31',36,675,132,1),(1419,'0','2016-01-31',36,675,133,1),(1420,'0','2016-01-31',36,689,135,1),(1421,'0','2016-01-31',36,689,137,1),(1422,'0','2016-01-31',36,689,138,1),(1423,'0','2016-01-31',36,689,140,1),(1425,'0','2016-01-31',36,703,141,1),(1426,'0','2016-01-31',36,703,142,1),(1427,'0','2016-01-31',36,703,143,1),(1428,'0','2016-01-31',36,703,145,1),(1429,'0','2016-01-31',36,703,146,1),(1430,'5','2016-01-31',36,703,147,1),(1431,'0','2016-01-31',37,549,110,1),(1432,'0','2016-01-31',37,563,111,1),(1433,'0','2016-01-31',37,563,112,1),(1434,'0','2016-01-31',37,563,113,1),(1435,'2','2016-01-31',37,577,114,1),(1436,'0','2016-01-31',37,591,116,1),(1437,'0','2016-01-31',37,591,117,1),(1438,'1.34','2016-01-31',37,605,118,1),(1439,'0','2016-01-31',37,605,119,1),(1440,'1','2016-01-31',37,605,120,1),(1441,'25.46','2016-01-31',37,619,121,1),(1442,'0','2016-01-31',37,633,122,1),(1443,'0','2016-01-31',37,633,123,1),(1444,'0.45','2016-01-31',37,647,124,1),(1445,'2.25','2016-01-31',37,647,125,1),(1446,'0','2016-01-31',37,647,148,1),(1447,'13','2016-01-31',37,661,128,1),(1448,'37','2016-01-31',37,661,129,1),(1449,'8','2016-01-31',37,661,130,1),(1450,'383','2016-01-31',37,661,131,1),(1451,'60','2016-01-31',37,675,132,1),(1452,'0','2016-01-31',37,675,133,1),(1453,'0','2016-01-31',37,689,135,1),(1454,'0','2016-01-31',37,689,137,1),(1455,'0','2016-01-31',37,689,138,1),(1456,'0','2016-01-31',37,689,140,1),(1458,'0','2016-01-31',37,703,141,1),(1459,'0','2016-01-31',37,703,142,1),(1460,'0','2016-01-31',37,703,143,1),(1461,'0','2016-01-31',37,703,145,1),(1462,'0','2016-01-31',37,703,146,1),(1463,'5','2016-01-31',37,703,147,1),(1464,'0','2016-01-31',38,549,110,1),(1465,'0','2016-01-31',38,563,111,1),(1466,'0','2016-01-31',38,563,112,1),(1467,'0','2016-01-31',38,563,113,1),(1468,'2','2016-01-31',38,577,114,1),(1469,'0','2016-01-31',38,591,116,1),(1470,'0','2016-01-31',38,591,117,1),(1471,'1.47','2016-01-31',38,605,118,1),(1472,'0','2016-01-31',38,605,119,1),(1473,'0','2016-01-31',38,605,120,1),(1474,'30.52','2016-01-31',38,619,121,1),(1475,'0','2016-01-31',38,633,122,1),(1476,'0','2016-01-31',38,633,123,1),(1477,'0.45','2016-01-31',38,647,124,1),(1478,'2.25','2016-01-31',38,647,125,1),(1479,'0','2016-01-31',38,647,148,1),(1480,'0','2016-01-31',38,661,128,1),(1481,'16','2016-01-31',38,661,129,1),(1482,'3','2016-01-31',38,661,130,1),(1483,'65','2016-01-31',38,661,131,1),(1484,'90','2016-01-31',38,675,132,1),(1485,'0','2016-01-31',38,675,133,1),(1486,'0','2016-01-31',38,689,135,1),(1487,'0','2016-01-31',38,689,137,1),(1488,'0','2016-01-31',38,689,138,1),(1489,'0','2016-01-31',38,689,140,1),(1491,'0','2016-01-31',38,703,141,1),(1492,'0','2016-01-31',38,703,142,1),(1493,'1','2016-01-31',38,703,143,1),(1494,'0','2016-01-31',38,703,145,1),(1495,'0','2016-01-31',38,703,146,1),(1496,'5','2016-01-31',38,703,147,1),(1497,'0','2016-01-31',39,549,110,1),(1498,'0','2016-01-31',39,563,111,1),(1499,'0','2016-01-31',39,563,112,1),(1500,'0','2016-01-31',39,563,113,1),(1501,'2','2016-01-31',39,577,114,1),(1502,'0','2016-01-31',39,591,116,1),(1503,'0','2016-01-31',39,591,117,1),(1504,'1.36','2016-01-31',39,605,118,1),(1505,'0','2016-01-31',39,605,119,1),(1506,'0','2016-01-31',39,605,120,1),(1507,'5.47','2016-01-31',39,619,121,1),(1508,'0','2016-01-31',39,633,122,1),(1509,'0','2016-01-31',39,633,123,1),(1510,'0.45','2016-01-31',39,647,124,1),(1511,'2.25','2016-01-31',39,647,125,1),(1512,'0','2016-01-31',39,647,148,1),(1513,'24','2016-01-31',39,661,128,1),(1514,'79','2016-01-31',39,661,129,1),(1515,'9','2016-01-31',39,661,130,1),(1516,'45','2016-01-31',39,661,131,1),(1517,'95','2016-01-31',39,675,132,1),(1518,'0','2016-01-31',39,675,133,1),(1519,'0','2016-01-31',39,689,135,1),(1520,'0','2016-01-31',39,689,137,1),(1521,'0','2016-01-31',39,689,138,1),(1522,'0','2016-01-31',39,689,140,1),(1524,'0','2016-01-31',39,703,141,1),(1525,'0','2016-01-31',39,703,142,1),(1526,'1','2016-01-31',39,703,143,1),(1527,'0','2016-01-31',39,703,145,1),(1528,'0','2016-01-31',39,703,146,1),(1529,'5','2016-01-31',39,703,147,1),(1530,'0','2016-01-31',26,549,110,1),(1531,'0','2016-01-31',26,563,111,1),(1532,'0','2016-01-31',26,563,112,1),(1533,'0','2016-01-31',26,563,113,1),(1534,'2','2016-01-31',26,577,114,1),(1535,'0','2016-01-31',26,591,116,1),(1536,'0','2016-01-31',26,591,117,1),(1537,'1.73','2016-01-31',26,605,118,1),(1538,'0','2016-01-31',26,605,119,1),(1539,'0','2016-01-31',26,605,120,1),(1540,'17.36','2016-01-31',26,619,121,1),(1541,'3','2016-01-31',26,633,122,1),(1542,'0','2016-01-31',26,633,123,1),(1543,'0.45','2016-01-31',26,647,124,1),(1544,'2.25','2016-01-31',26,647,125,1),(1545,'0','2016-01-31',26,647,148,1),(1546,'13','2016-01-31',26,661,128,1),(1547,'65.5','2016-01-31',26,661,129,1),(1548,'5.0','2016-01-31',26,661,130,1),(1549,'99.0','2016-01-31',26,661,131,1),(1550,'90','2016-01-31',26,675,132,1),(1551,'0','2016-01-31',26,675,133,1),(1552,'0','2016-01-31',26,689,135,1),(1553,'0','2016-01-31',26,689,137,1),(1554,'0','2016-01-31',26,689,138,1),(1555,'0','2016-01-31',26,689,140,1),(1557,'0','2016-01-31',26,703,141,1),(1558,'0','2016-01-31',26,703,142,1),(1559,'1','2016-01-31',26,703,143,1),(1560,'0','2016-01-31',26,703,145,1),(1561,'0','2016-01-31',26,703,146,1),(1562,'4','2016-01-31',26,703,147,1),(1563,'0','2015-12-31',26,549,110,1),(1564,'0','2015-12-31',26,563,111,1),(1565,'0','2015-12-31',26,563,112,1),(1566,'0','2015-12-31',26,563,113,1),(1567,'2','2015-12-31',26,577,114,1),(1568,'0','2015-12-31',26,591,116,1),(1569,'0','2015-12-31',26,591,117,1),(1570,'1.64','2015-12-31',26,605,118,1),(1571,'0','2015-12-31',26,605,119,1),(1572,'0','2015-12-31',26,605,120,1),(1573,'16.97','2015-12-31',26,619,121,1),(1574,'0','2015-12-31',26,633,122,1),(1575,'100','2015-12-31',26,633,123,1),(1576,'0','2015-12-31',26,647,124,1),(1577,'0','2015-12-31',26,647,125,1),(1578,'0','2015-12-31',26,647,148,1),(1579,'17','2015-12-31',26,661,128,1),(1580,'21','2015-12-31',26,661,129,1),(1581,'7','2015-12-31',26,661,130,1),(1582,'72','2015-12-31',26,661,131,1),(1583,'85','2015-12-31',26,675,132,1),(1584,'0','2015-12-31',26,675,133,1),(1585,'0','2015-12-31',26,689,135,1),(1586,'0','2015-12-31',26,689,137,1),(1587,'0','2015-12-31',26,689,138,1),(1588,'0','2015-12-31',26,689,140,1),(1590,'0','2015-12-31',26,703,141,1),(1591,'0','2015-12-31',26,703,142,1),(1592,'1','2015-12-31',26,703,143,1),(1593,'0','2015-12-31',26,703,145,1),(1594,'0','2015-12-31',26,703,146,1),(1595,'4','2015-12-31',26,703,147,1),(1596,'0','2015-12-31',27,549,110,1),(1597,'0','2015-12-31',27,563,111,1),(1598,'0','2015-12-31',27,563,112,1),(1599,'0','2015-12-31',27,563,113,1),(1600,'2','2015-12-31',27,577,114,1),(1601,'0','2015-12-31',27,591,116,1),(1602,'0','2015-12-31',27,591,117,1),(1603,'1.5','2015-12-31',27,605,118,1),(1604,'0','2015-12-31',27,605,119,1),(1605,'0','2015-12-31',27,605,120,1),(1606,'6.82','2015-12-31',27,619,121,1),(1607,'0','2015-12-31',27,633,122,1),(1608,'0','2015-12-31',27,633,123,1),(1609,'0','2015-12-31',27,647,124,1),(1610,'0','2015-12-31',27,647,125,1),(1611,'0','2015-12-31',27,647,148,1),(1612,'1','2015-12-31',27,661,128,1),(1613,'10.00','2015-12-31',27,661,129,1),(1614,'4','2015-12-31',27,661,130,1),(1615,'27','2015-12-31',27,661,131,1),(1616,'100','2015-12-31',27,675,132,1),(1617,'0','2015-12-31',27,675,133,1),(1618,'0','2015-12-31',27,689,135,1),(1619,'0','2015-12-31',27,689,137,1),(1620,'0','2015-12-31',27,689,138,1),(1621,'0','2015-12-31',27,689,140,1),(1623,'0','2015-12-31',27,703,141,1),(1624,'0','2015-12-31',27,703,142,1),(1625,'1','2015-12-31',27,703,143,1),(1626,'0','2015-12-31',27,703,145,1),(1627,'0','2015-12-31',27,703,146,1),(1628,'5','2015-12-31',27,703,147,1),(1629,'0','2015-12-31',28,549,110,1),(1630,'0','2015-12-31',28,563,111,1),(1631,'0','2015-12-31',28,563,112,1),(1632,'0','2015-12-31',28,563,113,1),(1633,'2','2015-12-31',28,577,114,1),(1634,'0','2015-12-31',28,591,116,1),(1635,'0','2015-12-31',28,591,117,1),(1636,'1.5','2015-12-31',28,605,118,1),(1637,'1','2015-12-31',28,605,119,1),(1638,'0','2015-12-31',28,605,120,1),(1639,'11.16','2015-12-31',28,619,121,1),(1640,'9.5','2015-12-31',28,633,122,1),(1641,'0','2015-12-31',28,633,123,1),(1642,'0','2015-12-31',28,647,124,1),(1643,'0','2015-12-31',28,647,125,1),(1644,'0','2015-12-31',28,647,148,1),(1645,'2','2015-12-31',28,661,128,1),(1646,'21','2015-12-31',28,661,129,1),(1647,'2','2015-12-31',28,661,130,1),(1648,'15','2015-12-31',28,661,131,1),(1649,'92','2015-12-31',28,675,132,1),(1650,'0','2015-12-31',28,675,133,1),(1651,'0','2015-12-31',28,689,135,1),(1652,'0','2015-12-31',28,689,137,1),(1653,'0','2015-12-31',28,689,138,1),(1654,'0','2015-12-31',28,689,140,1),(1656,'0','2015-12-31',28,703,141,1),(1657,'0','2015-12-31',28,703,142,1),(1658,'1','2015-12-31',28,703,143,1),(1659,'0','2015-12-31',28,703,145,1),(1660,'0','2015-12-31',28,703,146,1),(1661,'4','2015-12-31',28,703,147,1),(1662,'0','2015-12-31',29,549,110,1),(1663,'0','2015-12-31',29,563,111,1),(1664,'0','2015-12-31',29,563,112,1),(1665,'0','2015-12-31',29,563,113,1),(1666,'2','2015-12-31',29,577,114,1),(1667,'0','2015-12-31',29,591,116,1),(1668,'0','2015-12-31',29,591,117,1),(1669,'1.46','2015-12-31',29,605,118,1),(1670,'0','2015-12-31',29,605,119,1),(1671,'0','2015-12-31',29,605,120,1),(1672,'0','2015-12-31',29,619,121,1),(1673,'0','2015-12-31',29,633,122,1),(1674,'0','2015-12-31',29,633,123,1),(1675,'0','2015-12-31',29,647,124,1),(1676,'0','2015-12-31',29,647,125,1),(1677,'0','2015-12-31',29,647,148,1),(1678,'1','2015-12-31',29,661,128,1),(1679,'29','2015-12-31',29,661,129,1),(1680,'8','2015-12-31',29,661,130,1),(1681,'43','2015-12-31',29,661,131,1),(1682,'80','2015-12-31',29,675,132,1),(1683,'0','2015-12-31',29,675,133,1),(1684,'0','2015-12-31',29,689,135,1),(1685,'0','2015-12-31',29,689,137,1),(1686,'0','2015-12-31',29,689,138,1),(1687,'0','2015-12-31',29,689,140,1),(1689,'0','2015-12-31',29,703,141,1),(1690,'0','2015-12-31',29,703,142,1),(1691,'1','2015-12-31',29,703,143,1),(1692,'0','2015-12-31',29,703,145,1),(1693,'0','2015-12-31',29,703,146,1),(1694,'1','2015-12-31',29,703,147,1),(1695,'0','2015-12-31',30,549,110,1),(1696,'0','2015-12-31',30,563,111,1),(1697,'0','2015-12-31',30,563,112,1),(1698,'0','2015-12-31',30,563,113,1),(1699,'2','2015-12-31',30,577,114,1),(1700,'0','2015-12-31',30,591,116,1),(1701,'0','2015-12-31',30,591,117,1),(1702,'1.5','2015-12-31',30,605,118,1),(1703,'0','2015-12-31',30,605,119,1),(1704,'0','2015-12-31',30,605,120,1),(1705,'0.44','2015-12-31',30,619,121,1),(1706,'0','2015-12-31',30,633,122,1),(1707,'0','2015-12-31',30,633,123,1),(1708,'0','2015-12-31',30,647,124,1),(1709,'0','2015-12-31',30,647,125,1),(1710,'0','2015-12-31',30,647,148,1),(1711,'2','2015-12-31',30,661,128,1),(1712,'24','2015-12-31',30,661,129,1),(1713,'3','2015-12-31',30,661,130,1),(1714,'71','2015-12-31',30,661,131,1),(1715,'0','2015-12-31',30,675,132,1),(1716,'0','2015-12-31',30,675,133,1),(1717,'0','2015-12-31',30,689,135,1),(1718,'0','2015-12-31',30,689,137,1),(1719,'0','2015-12-31',30,689,138,1),(1720,'0','2015-12-31',30,689,140,1),(1722,'0','2015-12-31',30,703,141,1),(1723,'0','2015-12-31',30,703,142,1),(1724,'1','2015-12-31',30,703,143,1),(1725,'0','2015-12-31',30,703,145,1),(1726,'0','2015-12-31',30,703,146,1),(1727,'5','2015-12-31',30,703,147,1),(1728,'0','2015-12-31',31,549,110,1),(1729,'0','2015-12-31',31,563,111,1),(1730,'0','2015-12-31',31,563,112,1),(1731,'0','2015-12-31',31,563,113,1),(1732,'2','2015-12-31',31,577,114,1),(1733,'0','2015-12-31',31,591,116,1),(1734,'0','2015-12-31',31,591,117,1),(1735,'1.15','2015-12-31',31,605,118,1),(1736,'0','2015-12-31',31,605,119,1),(1737,'0','2015-12-31',31,605,120,1),(1738,'0.31','2015-12-31',31,619,121,1),(1739,'0','2015-12-31',31,633,122,1),(1740,'0','2015-12-31',31,633,123,1),(1741,'0','2015-12-31',31,647,124,1),(1742,'0','2015-12-31',31,647,125,1),(1743,'0','2015-12-31',31,647,148,1),(1744,'3','2015-12-31',31,661,128,1),(1745,'12','2015-12-31',31,661,129,1),(1746,'1','2015-12-31',31,661,130,1),(1747,'58','2015-12-31',31,661,131,1),(1748,'100','2015-12-31',31,675,132,1),(1749,'0','2015-12-31',31,675,133,1),(1750,'0','2015-12-31',31,689,135,1),(1751,'0','2015-12-31',31,689,137,1),(1752,'0','2015-12-31',31,689,138,1),(1753,'0','2015-12-31',31,689,140,1),(1755,'0','2015-12-31',31,703,141,1),(1756,'0','2015-12-31',31,703,142,1),(1757,'1','2015-12-31',31,703,143,1),(1758,'0','2015-12-31',31,703,145,1),(1759,'0','2015-12-31',31,703,146,1),(1760,'4','2015-12-31',31,703,147,1),(1761,'0','2015-12-31',32,549,110,1),(1762,'0','2015-12-31',32,563,111,1),(1763,'0','2015-12-31',32,563,112,1),(1764,'0','2015-12-31',32,563,113,1),(1765,'2','2015-12-31',32,577,114,1),(1766,'0','2015-12-31',32,591,116,1),(1767,'0','2015-12-31',32,591,117,1),(1768,'1.48','2015-12-31',32,605,118,1),(1769,'0','2015-12-31',32,605,119,1),(1770,'0','2015-12-31',32,605,120,1),(1771,'16.79','2015-12-31',32,619,121,1),(1772,'0','2015-12-31',32,633,122,1),(1773,'0','2015-12-31',32,633,123,1),(1774,'0','2015-12-31',32,647,124,1),(1775,'0','2015-12-31',32,647,125,1),(1776,'0','2015-12-31',32,647,148,1),(1777,'3','2015-12-31',32,661,128,1),(1778,'13','2015-12-31',32,661,129,1),(1779,'1','2015-12-31',32,661,130,1),(1780,'53','2015-12-31',32,661,131,1),(1781,'100','2015-12-31',32,675,132,1),(1782,'0','2015-12-31',32,675,133,1),(1783,'0','2015-12-31',32,689,135,1),(1784,'0','2015-12-31',32,689,137,1),(1785,'0','2015-12-31',32,689,138,1),(1786,'0','2015-12-31',32,689,140,1),(1788,'0','2015-12-31',32,703,141,1),(1789,'0','2015-12-31',32,703,142,1),(1790,'1','2015-12-31',32,703,143,1),(1791,'0','2015-12-31',32,703,145,1),(1792,'0','2015-12-31',32,703,146,1),(1793,'5','2015-12-31',32,703,147,1),(1794,'0','2015-12-31',33,549,110,1),(1795,'0','2015-12-31',33,563,111,1),(1796,'0','2015-12-31',33,563,112,1),(1797,'0','2015-12-31',33,563,113,1),(1798,'2','2015-12-31',33,577,114,1),(1799,'0','2015-12-31',33,591,116,1),(1800,'0','2015-12-31',33,591,117,1),(1801,'1.45','2015-12-31',33,605,118,1),(1802,'0','2015-12-31',33,605,119,1),(1803,'0','2015-12-31',33,605,120,1),(1804,'20.97','2015-12-31',33,619,121,1),(1805,'0','2015-12-31',33,633,122,1),(1806,'1','2015-12-31',33,633,123,1),(1807,'0','2015-12-31',33,647,124,1),(1808,'1','2015-12-31',33,647,125,1),(1809,'0','2015-12-31',33,647,148,1),(1810,'1','2015-12-31',33,661,128,1),(1811,'9','2015-12-31',33,661,129,1),(1812,'1','2015-12-31',33,661,130,1),(1813,'25','2015-12-31',33,661,131,1),(1814,'89','2015-12-31',33,675,132,1),(1815,'0','2015-12-31',33,675,133,1),(1816,'0','2015-12-31',33,689,135,1),(1817,'0','2015-12-31',33,689,137,1),(1818,'0','2015-12-31',33,689,138,1),(1819,'0','2015-12-31',33,689,140,1),(1821,'0','2015-12-31',33,703,141,1),(1822,'0','2015-12-31',33,703,142,1),(1823,'1','2015-12-31',33,703,143,1),(1824,'0','2015-12-31',33,703,145,1),(1825,'0','2015-12-31',33,703,146,1),(1826,'5','2015-12-31',33,703,147,1),(1827,'0','2015-12-31',34,549,110,1),(1828,'0','2015-12-31',34,563,111,1),(1829,'0','2015-12-31',34,563,112,1),(1830,'0','2015-12-31',34,563,113,1),(1831,'2','2015-12-31',34,577,114,1),(1832,'0','2015-12-31',34,591,116,1),(1833,'0','2015-12-31',34,591,117,1),(1834,'1.46','2015-12-31',34,605,118,1),(1835,'1','2015-12-31',34,605,119,1),(1836,'0','2015-12-31',34,605,120,1),(1837,'7.18','2015-12-31',34,619,121,1),(1838,'0','2015-12-31',34,633,122,1),(1839,'0','2015-12-31',34,633,123,1),(1840,'0','2015-12-31',34,647,124,1),(1841,'0','2015-12-31',34,647,125,1),(1842,'0','2015-12-31',34,647,148,1),(1843,'1','2015-12-31',34,661,128,1),(1844,'21','2015-12-31',34,661,129,1),(1845,'8','2015-12-31',34,661,130,1),(1846,'10','2015-12-31',34,661,131,1),(1847,'100','2015-12-31',34,675,132,1),(1848,'0','2015-12-31',34,675,133,1),(1849,'0','2015-12-31',34,689,135,1),(1850,'0','2015-12-31',34,689,137,1),(1851,'0','2015-12-31',34,689,138,1),(1852,'0','2015-12-31',34,689,140,1),(1854,'0','2015-12-31',34,703,141,1),(1855,'0','2015-12-31',34,703,142,1),(1856,'1','2015-12-31',34,703,143,1),(1857,'0','2015-12-31',34,703,145,1),(1858,'0','2015-12-31',34,703,146,1),(1859,'5','2015-12-31',34,703,147,1),(1860,'0','2015-12-31',35,549,110,1),(1861,'0','2015-12-31',35,563,111,1),(1862,'0','2015-12-31',35,563,112,1),(1863,'0','2015-12-31',35,563,113,1),(1864,'2','2015-12-31',35,577,114,1),(1865,'0','2015-12-31',35,591,116,1),(1866,'0','2015-12-31',35,591,117,1),(1867,'1.44','2015-12-31',35,605,118,1),(1868,'0','2015-12-31',35,605,119,1),(1869,'0','2015-12-31',35,605,120,1),(1870,'3.55','2015-12-31',35,619,121,1),(1871,'0','2015-12-31',35,633,122,1),(1872,'0','2015-12-31',35,633,123,1),(1873,'0','2015-12-31',35,647,124,1),(1874,'0','2015-12-31',35,647,125,1),(1875,'0','2015-12-31',35,647,148,1),(1876,'1','2015-12-31',35,661,128,1),(1877,'19.04','2015-12-31',35,661,129,1),(1878,'4','2015-12-31',35,661,130,1),(1879,'20','2015-12-31',35,661,131,1),(1880,'100','2015-12-31',35,675,132,1),(1881,'0','2015-12-31',35,675,133,1),(1882,'0','2015-12-31',35,689,135,1),(1883,'0','2015-12-31',35,689,137,1),(1884,'0','2015-12-31',35,689,138,1),(1885,'0','2015-12-31',35,689,140,1),(1887,'0','2015-12-31',35,703,141,1),(1888,'0','2015-12-31',35,703,142,1),(1889,'1','2015-12-31',35,703,143,1),(1890,'0','2015-12-31',35,703,145,1),(1891,'0','2015-12-31',35,703,146,1),(1892,'5','2015-12-31',35,703,147,1),(1893,'0','2015-12-31',36,549,110,1),(1894,'0','2015-12-31',36,563,111,1),(1895,'0','2015-12-31',36,563,112,1),(1896,'0','2015-12-31',36,563,113,1),(1897,'2','2015-12-31',36,577,114,1),(1898,'0','2015-12-31',36,591,116,1),(1899,'0','2015-12-31',36,591,117,1),(1900,'1.25','2015-12-31',36,605,118,1),(1901,'1','2015-12-31',36,605,119,1),(1902,'0','2015-12-31',36,605,120,1),(1903,'0.51','2015-12-31',36,619,121,1),(1904,'0','2015-12-31',36,633,122,1),(1905,'0','2015-12-31',36,633,123,1),(1906,'0','2015-12-31',36,647,124,1),(1907,'0','2015-12-31',36,647,125,1),(1908,'0','2015-12-31',36,647,148,1),(1909,'2','2015-12-31',36,661,128,1),(1910,'15','2015-12-31',36,661,129,1),(1911,'2','2015-12-31',36,661,130,1),(1912,'0.8','2015-12-31',36,661,131,1),(1913,'88','2015-12-31',36,675,132,1),(1914,'0','2015-12-31',36,675,133,1),(1915,'0','2015-12-31',36,689,135,1),(1916,'0','2015-12-31',36,689,137,1),(1917,'0','2015-12-31',36,689,138,1),(1918,'0','2015-12-31',36,689,140,1),(1920,'0','2015-12-31',36,703,141,1),(1921,'0','2015-12-31',36,703,142,1),(1922,'1','2015-12-31',36,703,143,1),(1923,'0','2015-12-31',36,703,145,1),(1924,'0','2015-12-31',36,703,146,1),(1925,'4','2015-12-31',36,703,147,1),(1926,'0','2015-12-31',37,549,110,1),(1927,'0','2015-12-31',37,563,111,1),(1928,'0','2015-12-31',37,563,112,1),(1929,'0','2015-12-31',37,563,113,1),(1930,'2','2015-12-31',37,577,114,1),(1931,'0','2015-12-31',37,591,116,1),(1932,'0','2015-12-31',37,591,117,1),(1933,'1.34','2015-12-31',37,605,118,1),(1934,'0','2015-12-31',37,605,119,1),(1935,'0','2015-12-31',37,605,120,1),(1936,'27.5','2015-12-31',37,619,121,1),(1937,'12','2015-12-31',37,633,122,1),(1938,'0','2015-12-31',37,633,123,1),(1939,'0','2015-12-31',37,647,124,1),(1940,'0','2015-12-31',37,647,125,1),(1941,'0','2015-12-31',37,647,148,1),(1942,'6','2015-12-31',37,661,128,1),(1943,'27','2015-12-31',37,661,129,1),(1944,'1','2015-12-31',37,661,130,1),(1945,'142','2015-12-31',37,661,131,1),(1946,'93','2015-12-31',37,675,132,1),(1947,'0','2015-12-31',37,675,133,1),(1948,'0','2015-12-31',37,689,135,1),(1949,'0','2015-12-31',37,689,137,1),(1950,'0','2015-12-31',37,689,138,1),(1951,'0','2015-12-31',37,689,140,1),(1953,'0','2015-12-31',37,703,141,1),(1954,'0','2015-12-31',37,703,142,1),(1955,'1','2015-12-31',37,703,143,1),(1956,'0','2015-12-31',37,703,145,1),(1957,'0','2015-12-31',37,703,146,1),(1958,'5','2015-12-31',37,703,147,1),(1959,'0','2015-12-31',38,549,110,1),(1960,'0','2015-12-31',38,563,111,1),(1961,'0','2015-12-31',38,563,112,1),(1962,'0','2015-12-31',38,563,113,1),(1963,'2','2015-12-31',38,577,114,1),(1964,'0','2015-12-31',38,591,116,1),(1965,'0','2015-12-31',38,591,117,1),(1966,'1.47','2015-12-31',38,605,118,1),(1967,'0','2015-12-31',38,605,119,1),(1968,'0','2015-12-31',38,605,120,1),(1969,'9.22','2015-12-31',38,619,121,1),(1970,'0','2015-12-31',38,633,122,1),(1971,'0','2015-12-31',38,633,123,1),(1972,'0','2015-12-31',38,647,124,1),(1973,'0','2015-12-31',38,647,125,1),(1974,'0','2015-12-31',38,647,148,1),(1975,'14','2015-12-31',38,661,128,1),(1976,'47.00','2015-12-31',38,661,129,1),(1977,'3','2015-12-31',38,661,130,1),(1978,'19','2015-12-31',38,661,131,1),(1979,'100','2015-12-31',38,675,132,1),(1980,'0','2015-12-31',38,675,133,1),(1981,'0','2015-12-31',38,689,135,1),(1982,'0','2015-12-31',38,689,137,1),(1983,'0','2015-12-31',38,689,138,1),(1984,'0','2015-12-31',38,689,140,1),(1986,'0','2015-12-31',38,703,141,1),(1987,'0','2015-12-31',38,703,142,1),(1988,'1','2015-12-31',38,703,143,1),(1989,'0','2015-12-31',38,703,145,1),(1990,'0','2015-12-31',38,703,146,1),(1991,'5','2015-12-31',38,703,147,1),(1992,'0','2015-12-31',39,549,110,1),(1993,'0','2015-12-31',39,563,111,1),(1994,'0','2015-12-31',39,563,112,1),(1995,'0','2015-12-31',39,563,113,1),(1996,'2','2015-12-31',39,577,114,1),(1997,'0','2015-12-31',39,591,116,1),(1998,'0','2015-12-31',39,591,117,1),(1999,'1.36','2015-12-31',39,605,118,1),(2000,'0','2015-12-31',39,605,119,1),(2001,'0','2015-12-31',39,605,120,1),(2002,'4.78','2015-12-31',39,619,121,1),(2003,'11','2015-12-31',39,633,122,1),(2004,'0','2015-12-31',39,633,123,1),(2005,'0','2015-12-31',39,647,124,1),(2006,'1','2015-12-31',39,647,125,1),(2007,'0','2015-12-31',39,647,148,1),(2008,'6','2015-12-31',39,661,128,1),(2009,'8','2015-12-31',39,661,129,1),(2010,'9','2015-12-31',39,661,130,1),(2011,'12','2015-12-31',39,661,131,1),(2012,'91','2015-12-31',39,675,132,1),(2013,'0','2015-12-31',39,675,133,1),(2014,'0','2015-12-31',39,689,135,1),(2015,'0','2015-12-31',39,689,137,1),(2016,'0','2015-12-31',39,689,138,1),(2017,'0','2015-12-31',39,689,140,1),(2019,'0','2015-12-31',39,703,141,1),(2020,'0','2015-12-31',39,703,142,1),(2021,'0','2015-12-31',39,703,143,1),(2022,'0','2015-12-31',39,703,145,1),(2023,'0','2015-12-31',39,703,146,1),(2024,'5','2015-12-31',39,703,147,1),(2025,'0','2016-02-29',26,549,110,1),(2026,'0','2016-02-29',26,563,111,1),(2027,'0','2016-02-29',26,563,112,1),(2028,'0','2016-02-29',26,563,113,1),(2029,'2','2016-02-29',26,577,114,1),(2030,'0','2016-02-29',26,591,116,1),(2031,'0','2016-02-29',26,591,117,1),(2032,'1.73','2016-02-29',26,605,118,1),(2033,'0','2016-02-29',26,605,119,1),(2034,'0','2016-02-29',26,605,120,1),(2035,'3.38','2016-02-29',26,619,121,1),(2036,'0','2016-02-29',26,633,122,1),(2037,'0','2016-02-29',26,633,123,1),(2038,'4.15','2016-02-29',26,647,124,1),(2039,'16.6','2016-02-29',26,647,125,1),(2040,'0','2016-02-29',26,647,148,1),(2041,'17.0','2016-02-29',26,661,128,1),(2042,'47.5','2016-02-29',26,661,129,1),(2043,'9.0','2016-02-29',26,661,130,1),(2044,'11.0','2016-02-29',26,661,131,1),(2045,'90','2016-02-29',26,675,132,1),(2046,'0','2016-02-29',26,675,133,1),(2047,'0','2016-02-29',26,689,135,1),(2048,'0','2016-02-29',26,689,137,1),(2049,'0','2016-02-29',26,689,138,1),(2050,'0','2016-02-29',26,689,140,1),(2052,'0','2016-02-29',26,703,141,1),(2053,'0','2016-02-29',26,703,142,1),(2054,'0','2016-02-29',26,703,143,1),(2055,'0','2016-02-29',26,703,145,1),(2056,'0','2016-02-29',26,703,146,1),(2057,'4','2016-02-29',26,703,147,1),(2058,'0','2016-02-29',27,549,110,1),(2059,'0','2016-02-29',27,563,111,1),(2060,'0','2016-02-29',27,563,112,1),(2061,'0','2016-02-29',27,563,113,1),(2062,'2','2016-02-29',27,577,114,1),(2063,'0','2016-02-29',27,591,116,1),(2064,'0','2016-02-29',27,591,117,1),(2065,'1.5','2016-02-29',27,605,118,1),(2066,'0','2016-02-29',27,605,119,1),(2067,'0','2016-02-29',27,605,120,1),(2068,'2.60','2016-02-29',27,619,121,1),(2069,'0','2016-02-29',27,633,122,1),(2070,'0','2016-02-29',27,633,123,1),(2071,'4.15','2016-02-29',27,647,124,1),(2072,'16.6','2016-02-29',27,647,125,1),(2073,'0','2016-02-29',27,647,148,1),(2074,'6','2016-02-29',27,661,128,1),(2075,'36','2016-02-29',27,661,129,1),(2076,'21','2016-02-29',27,661,130,1),(2077,'26','2016-02-29',27,661,131,1),(2078,'95','2016-02-29',27,675,132,1),(2079,'0','2016-02-29',27,675,133,1),(2080,'0','2016-02-29',27,689,135,1),(2081,'0','2016-02-29',27,689,137,1),(2082,'0','2016-02-29',27,689,138,1),(2083,'0','2016-02-29',27,689,140,1),(2085,'0','2016-02-29',27,703,141,1),(2086,'0','2016-02-29',27,703,142,1),(2087,'0','2016-02-29',27,703,143,1),(2088,'0','2016-02-29',27,703,145,1),(2089,'0','2016-02-29',27,703,146,1),(2090,'5','2016-02-29',27,703,147,1),(2091,'0','2016-02-29',27,549,110,1),(2092,'0','2016-02-29',27,563,111,1),(2093,'0','2016-02-29',27,563,112,1),(2094,'0','2016-02-29',27,563,113,1),(2095,'2','2016-02-29',27,577,114,1),(2096,'0','2016-02-29',27,591,116,1),(2097,'0','2016-02-29',27,591,117,1),(2098,'1.5','2016-02-29',27,605,118,1),(2099,'0','2016-02-29',27,605,119,1),(2100,'0','2016-02-29',27,605,120,1),(2101,'2.60','2016-02-29',27,619,121,1),(2102,'0','2016-02-29',27,633,122,1),(2103,'0','2016-02-29',27,633,123,1),(2104,'4.15','2016-02-29',27,647,124,1),(2105,'16.6','2016-02-29',27,647,125,1),(2106,'0','2016-02-29',27,647,148,1),(2107,'6','2016-02-29',27,661,128,1),(2108,'36','2016-02-29',27,661,129,1),(2109,'21','2016-02-29',27,661,130,1),(2110,'26','2016-02-29',27,661,131,1),(2111,'95','2016-02-29',27,675,132,1),(2112,'0','2016-02-29',27,675,133,1),(2113,'0','2016-02-29',27,689,135,1),(2114,'0','2016-02-29',27,689,137,1),(2115,'0','2016-02-29',27,689,138,1),(2116,'0','2016-02-29',27,689,140,1),(2118,'0','2016-02-29',27,703,141,1),(2119,'0','2016-02-29',27,703,142,1),(2120,'0','2016-02-29',27,703,143,1),(2121,'0','2016-02-29',27,703,145,1),(2122,'0','2016-02-29',27,703,146,1),(2123,'5','2016-02-29',27,703,147,1),(2124,'0','2016-02-29',28,549,110,1),(2125,'0','2016-02-29',28,563,111,1),(2126,'0','2016-02-29',28,563,112,1),(2127,'0','2016-02-29',28,563,113,1),(2128,'2','2016-02-29',28,577,114,1),(2129,'0','2016-02-29',28,591,116,1),(2130,'0','2016-02-29',28,591,117,1),(2131,'1.5','2016-02-29',28,605,118,1),(2132,'0','2016-02-29',28,605,119,1),(2133,'0','2016-02-29',28,605,120,1),(2134,'11.73','2016-02-29',28,619,121,1),(2135,'0','2016-02-29',28,633,122,1),(2136,'0','2016-02-29',28,633,123,1),(2137,'4.15','2016-02-29',28,647,124,1),(2138,'16.6','2016-02-29',28,647,125,1),(2139,'0','2016-02-29',28,647,148,1),(2140,'11','2016-02-29',28,661,128,1),(2141,'4','2016-02-29',28,661,129,1),(2142,'17','2016-02-29',28,661,130,1),(2143,'33','2016-02-29',28,661,131,1),(2144,'95','2016-02-29',28,675,132,1),(2145,'0','2016-02-29',28,675,133,1),(2146,'0','2016-02-29',28,689,135,1),(2147,'0','2016-02-29',28,689,137,1),(2148,'0','2016-02-29',28,689,138,1),(2149,'0','2016-02-29',28,689,140,1),(2151,'0','2016-02-29',28,703,141,1),(2152,'0','2016-02-29',28,703,142,1),(2153,'1','2016-02-29',28,703,143,1),(2154,'0','2016-02-29',28,703,145,1),(2155,'0','2016-02-29',28,703,146,1),(2156,'4','2016-02-29',28,703,147,1),(2157,'0','2016-02-29',29,549,110,1),(2158,'0','2016-02-29',29,563,111,1),(2159,'0','2016-02-29',29,563,112,1),(2160,'0','2016-02-29',29,563,113,1),(2161,'2','2016-02-29',29,577,114,1),(2162,'0','2016-02-29',29,591,116,1),(2163,'0','2016-02-29',29,591,117,1),(2164,'1.46','2016-02-29',29,605,118,1),(2165,'0','2016-02-29',29,605,119,1),(2166,'0','2016-02-29',29,605,120,1),(2167,'1.21','2016-02-29',29,619,121,1),(2168,'0','2016-02-29',29,633,122,1),(2169,'0','2016-02-29',29,633,123,1),(2170,'4.15','2016-02-29',29,647,124,1),(2171,'16.6','2016-02-29',29,647,125,1),(2172,'0','2016-02-29',29,647,148,1),(2173,'4','2016-02-29',29,661,128,1),(2174,'5','2016-02-29',29,661,129,1),(2175,'5','2016-02-29',29,661,130,1),(2176,'60','2016-02-29',29,661,131,1),(2177,'90','2016-02-29',29,675,132,1),(2178,'0','2016-02-29',29,675,133,1),(2179,'0','2016-02-29',29,689,135,1),(2180,'0','2016-02-29',29,689,137,1),(2181,'0','2016-02-29',29,689,138,1),(2182,'0','2016-02-29',29,689,140,1),(2184,'4','2016-02-29',29,703,141,1),(2185,'0','2016-02-29',29,703,142,1),(2186,'0','2016-02-29',29,703,143,1),(2187,'0','2016-02-29',29,703,145,1),(2188,'0','2016-02-29',29,703,146,1),(2189,'5','2016-02-29',29,703,147,1),(2190,'0','2016-02-29',30,549,110,1),(2191,'0','2016-02-29',30,563,111,1),(2192,'0','2016-02-29',30,563,112,1),(2193,'0','2016-02-29',30,563,113,1),(2194,'2','2016-02-29',30,577,114,1),(2195,'0','2016-02-29',30,591,116,1),(2196,'0','2016-02-29',30,591,117,1),(2197,'11','2016-02-29',30,605,118,1),(2198,'0','2016-02-29',30,605,119,1),(2199,'0','2016-02-29',30,605,120,1),(2200,'0.61','2016-02-29',30,619,121,1),(2201,'0','2016-02-29',30,633,122,1),(2202,'0','2016-02-29',30,633,123,1),(2203,'4.15','2016-02-29',30,647,124,1),(2204,'16.6','2016-02-29',30,647,125,1),(2205,'0','2016-02-29',30,647,148,1),(2206,'22','2016-02-29',30,661,128,1),(2207,'68','2016-02-29',30,661,129,1),(2208,'12','2016-02-29',30,661,130,1),(2209,'81','2016-02-29',30,661,131,1),(2210,'83','2016-02-29',30,675,132,1),(2211,'0','2016-02-29',30,675,133,1),(2212,'0','2016-02-29',30,689,135,1),(2213,'0','2016-02-29',30,689,137,1),(2214,'0','2016-02-29',30,689,138,1),(2215,'0','2016-02-29',30,689,140,1),(2217,'0','2016-02-29',30,703,141,1),(2218,'0','2016-02-29',30,703,142,1),(2219,'1','2016-02-29',30,703,143,1),(2220,'0','2016-02-29',30,703,145,1),(2221,'0','2016-02-29',30,703,146,1),(2222,'5','2016-02-29',30,703,147,1),(2223,'0','2016-02-29',31,549,110,1),(2224,'0','2016-02-29',31,563,111,1),(2225,'0','2016-02-29',31,563,112,1),(2226,'0','2016-02-29',31,563,113,1),(2227,'2','2016-02-29',31,577,114,1),(2228,'0','2016-02-29',31,591,116,1),(2229,'0','2016-02-29',31,591,117,1),(2230,'1.26','2016-02-29',31,605,118,1),(2231,'1','2016-02-29',31,605,119,1),(2232,'0','2016-02-29',31,605,120,1),(2233,'1.855','2016-02-29',31,619,121,1),(2234,'30','2016-02-29',31,633,122,1),(2235,'0','2016-02-29',31,633,123,1),(2236,'4.15','2016-02-29',31,647,124,1),(2237,'16.6','2016-02-29',31,647,125,1),(2238,'0','2016-02-29',31,647,148,1),(2239,'7','2016-02-29',31,661,128,1),(2240,'5','2016-02-29',31,661,129,1),(2241,'12','2016-02-29',31,661,130,1),(2242,'23','2016-02-29',31,661,131,1),(2243,'0','2016-02-29',31,675,132,1),(2244,'0','2016-02-29',31,675,133,1),(2245,'0','2016-02-29',31,689,135,1),(2246,'0','2016-02-29',31,689,137,1),(2247,'0','2016-02-29',31,689,138,1),(2248,'0','2016-02-29',31,689,140,1),(2250,'0','2016-02-29',31,703,141,1),(2251,'0','2016-02-29',31,703,142,1),(2252,'0','2016-02-29',31,703,143,1),(2253,'0','2016-02-29',31,703,145,1),(2254,'0','2016-02-29',31,703,146,1),(2255,'5','2016-02-29',31,703,147,1),(2256,'0','2016-02-29',32,549,110,1),(2257,'0','2016-02-29',32,563,111,1),(2258,'0','2016-02-29',32,563,112,1),(2259,'0','2016-02-29',32,563,113,1),(2260,'2','2016-02-29',32,577,114,1),(2261,'0','2016-02-29',32,591,116,1),(2262,'0','2016-02-29',32,591,117,1),(2263,'1.48','2016-02-29',32,605,118,1),(2264,'0','2016-02-29',32,605,119,1),(2265,'0','2016-02-29',32,605,120,1),(2266,'3.61','2016-02-29',32,619,121,1),(2267,'0','2016-02-29',32,633,122,1),(2268,'0','2016-02-29',32,633,123,1),(2269,'4.15','2016-02-29',32,647,124,1),(2270,'16.6','2016-02-29',32,647,125,1),(2271,'0','2016-02-29',32,647,148,1),(2272,'8','2016-02-29',32,661,128,1),(2273,'6','2016-02-29',32,661,129,1),(2274,'11','2016-02-29',32,661,130,1),(2275,'74','2016-02-29',32,661,131,1),(2276,'85','2016-02-29',32,675,132,1),(2277,'0','2016-02-29',32,675,133,1),(2278,'0','2016-02-29',32,689,135,1),(2279,'0','2016-02-29',32,689,137,1),(2280,'0','2016-02-29',32,689,138,1),(2281,'0','2016-02-29',32,689,140,1),(2283,'0','2016-02-29',32,703,141,1),(2284,'0','2016-02-29',32,703,142,1),(2285,'0','2016-02-29',32,703,143,1),(2286,'0','2016-02-29',32,703,145,1),(2287,'0','2016-02-29',32,703,146,1),(2288,'5','2016-02-29',32,703,147,1),(2289,'0','2016-02-29',33,549,110,1),(2290,'0','2016-02-29',33,563,111,1),(2291,'0','2016-02-29',33,563,112,1),(2292,'0','2016-02-29',33,563,113,1),(2293,'2','2016-02-29',33,577,114,1),(2294,'0','2016-02-29',33,591,116,1),(2295,'0','2016-02-29',33,591,117,1),(2296,'1.45','2016-02-29',33,605,118,1),(2297,'0','2016-02-29',33,605,119,1),(2298,'0','2016-02-29',33,605,120,1),(2299,'12.97','2016-02-29',33,619,121,1),(2300,'0','2016-02-29',33,633,122,1),(2301,'0','2016-02-29',33,633,123,1),(2302,'4.15','2016-02-29',33,647,124,1),(2303,'16.6','2016-02-29',33,647,125,1),(2304,'0','2016-02-29',33,647,148,1),(2305,'2','2016-02-29',33,661,128,1),(2306,'16','2016-02-29',33,661,129,1),(2307,'9','2016-02-29',33,661,130,1),(2308,'37','2016-02-29',33,661,131,1),(2309,'90','2016-02-29',33,675,132,1),(2310,'0','2016-02-29',33,675,133,1),(2311,'0','2016-02-29',33,689,135,1),(2312,'0','2016-02-29',33,689,137,1),(2313,'0','2016-02-29',33,689,138,1),(2314,'0','2016-02-29',33,689,140,1),(2316,'0','2016-02-29',33,703,141,1),(2317,'0','2016-02-29',33,703,142,1),(2318,'2','2016-02-29',33,703,143,1),(2319,'0','2016-02-29',33,703,145,1),(2320,'0','2016-02-29',33,703,146,1),(2321,'5','2016-02-29',33,703,147,1),(2322,'0','2016-02-29',34,549,110,1),(2323,'0','2016-02-29',34,563,111,1),(2324,'0','2016-02-29',34,563,112,1),(2325,'0','2016-02-29',34,563,113,1),(2326,'2','2016-02-29',34,577,114,1),(2327,'0','2016-02-29',34,591,116,1),(2328,'0','2016-02-29',34,591,117,1),(2329,'1.46','2016-02-29',34,605,118,1),(2330,'0','2016-02-29',34,605,119,1),(2331,'0','2016-02-29',34,605,120,1),(2332,'4.40','2016-02-29',34,619,121,1),(2333,'0','2016-02-29',34,633,122,1),(2334,'0','2016-02-29',34,633,123,1),(2335,'4.15','2016-02-29',34,647,124,1),(2336,'16.6','2016-02-29',34,647,125,1),(2337,'0','2016-02-29',34,647,148,1),(2338,'5','2016-02-29',34,661,128,1),(2339,'7','2016-02-29',34,661,129,1),(2340,'6','2016-02-29',34,661,130,1),(2341,'20','2016-02-29',34,661,131,1),(2342,'90','2016-02-29',34,675,132,1),(2343,'0','2016-02-29',34,675,133,1),(2344,'0','2016-02-29',34,689,135,1),(2345,'0','2016-02-29',34,689,137,1),(2346,'0','2016-02-29',34,689,138,1),(2347,'0','2016-02-29',34,689,140,1),(2349,'0','2016-02-29',34,703,141,1),(2350,'0','2016-02-29',34,703,142,1),(2351,'2','2016-02-29',34,703,143,1),(2352,'0','2016-02-29',34,703,145,1),(2353,'0','2016-02-29',34,703,146,1),(2354,'5','2016-02-29',34,703,147,1),(2355,'0','2016-02-29',34,549,110,1),(2356,'0','2016-02-29',34,563,111,1),(2357,'0','2016-02-29',34,563,112,1),(2358,'0','2016-02-29',34,563,113,1),(2359,'2','2016-02-29',34,577,114,1),(2360,'0','2016-02-29',34,591,116,1),(2361,'0','2016-02-29',34,591,117,1),(2362,'1.46','2016-02-29',34,605,118,1),(2363,'0','2016-02-29',34,605,119,1),(2364,'0','2016-02-29',34,605,120,1),(2365,'4.40','2016-02-29',34,619,121,1),(2366,'0','2016-02-29',34,633,122,1),(2367,'0','2016-02-29',34,633,123,1),(2368,'4.15','2016-02-29',34,647,124,1),(2369,'16.6','2016-02-29',34,647,125,1),(2370,'0','2016-02-29',34,647,148,1),(2371,'5','2016-02-29',34,661,128,1),(2372,'7','2016-02-29',34,661,129,1),(2373,'6','2016-02-29',34,661,130,1),(2374,'20','2016-02-29',34,661,131,1),(2375,'90','2016-02-29',34,675,132,1),(2376,'0','2016-02-29',34,675,133,1),(2377,'0','2016-02-29',34,689,135,1),(2378,'0','2016-02-29',34,689,137,1),(2379,'0','2016-02-29',34,689,138,1),(2380,'0','2016-02-29',34,689,140,1),(2382,'0','2016-02-29',34,703,141,1),(2383,'0','2016-02-29',34,703,142,1),(2384,'2','2016-02-29',34,703,143,1),(2385,'0','2016-02-29',34,703,145,1),(2386,'0','2016-02-29',34,703,146,1),(2387,'5','2016-02-29',34,703,147,1),(2388,'0','2016-02-29',35,549,110,1),(2389,'0','2016-02-29',35,563,111,1),(2390,'0','2016-02-29',35,563,112,1),(2391,'0','2016-02-29',35,563,113,1),(2392,'2','2016-02-29',35,577,114,1),(2393,'0','2016-02-29',35,591,116,1),(2394,'0','2016-02-29',35,591,117,1),(2395,'1.44','2016-02-29',35,605,118,1),(2396,'1','2016-02-29',35,605,119,1),(2397,'0','2016-02-29',35,605,120,1),(2398,'0','2016-02-29',35,619,121,1),(2399,'0','2016-02-29',35,633,122,1),(2400,'0','2016-02-29',35,633,123,1),(2401,'4.15','2016-02-29',35,647,124,1),(2402,'16.6','2016-02-29',35,647,125,1),(2403,'0','2016-02-29',35,647,148,1),(2404,'6','2016-02-29',35,661,128,1),(2405,'13','2016-02-29',35,661,129,1),(2406,'13','2016-02-29',35,661,130,1),(2407,'39','2016-02-29',35,661,131,1),(2408,'90','2016-02-29',35,675,132,1),(2409,'0','2016-02-29',35,675,133,1),(2410,'0','2016-02-29',35,689,135,1),(2411,'0','2016-02-29',35,689,137,1),(2412,'0','2016-02-29',35,689,138,1),(2413,'0','2016-02-29',35,689,140,1),(2415,'0','2016-02-29',35,703,141,1),(2416,'0','2016-02-29',35,703,142,1),(2417,'0','2016-02-29',35,703,143,1),(2418,'0','2016-02-29',35,703,145,1),(2419,'0','2016-02-29',35,703,146,1),(2420,'5','2016-02-29',35,703,147,1),(2421,'0','2016-02-29',36,549,110,1),(2422,'0','2016-02-29',36,563,111,1),(2423,'0','2016-02-29',36,563,112,1),(2424,'0','2016-02-29',36,563,113,1),(2425,'2','2016-02-29',36,577,114,1),(2426,'0','2016-02-29',36,591,116,1),(2427,'0','2016-02-29',36,591,117,1),(2428,'1.12','2016-02-29',36,605,118,1),(2429,'0','2016-02-29',36,605,119,1),(2430,'0','2016-02-29',36,605,120,1),(2431,'0.21','2016-02-29',36,619,121,1),(2432,'0','2016-02-29',36,633,122,1),(2433,'0','2016-02-29',36,633,123,1),(2434,'4.15','2016-02-29',36,647,124,1),(2435,'16.6','2016-02-29',36,647,125,1),(2436,'0','2016-02-29',36,647,148,1),(2437,'8','2016-02-29',36,661,128,1),(2438,'10','2016-02-29',36,661,129,1),(2439,'9','2016-02-29',36,661,130,1),(2440,'15','2016-02-29',36,661,131,1),(2441,'95','2016-02-29',36,675,132,1),(2442,'0','2016-02-29',36,675,133,1),(2443,'0','2016-02-29',36,689,135,1),(2444,'0','2016-02-29',36,689,137,1),(2445,'0','2016-02-29',36,689,138,1),(2446,'0','2016-02-29',36,689,140,1),(2448,'0','2016-02-29',36,703,141,1),(2449,'0','2016-02-29',36,703,142,1),(2450,'0','2016-02-29',36,703,143,1),(2451,'0','2016-02-29',36,703,145,1),(2452,'0','2016-02-29',36,703,146,1),(2453,'5','2016-02-29',36,703,147,1),(2454,'0','2016-02-29',37,549,110,1),(2455,'0','2016-02-29',37,563,111,1),(2456,'0','2016-02-29',37,563,112,1),(2457,'0','2016-02-29',37,563,113,1),(2458,'2','2016-02-29',37,577,114,1),(2459,'0','2016-02-29',37,591,116,1),(2460,'0','2016-02-29',37,591,117,1),(2461,'1.34','2016-02-29',37,605,118,1),(2462,'0','2016-02-29',37,605,119,1),(2463,'0','2016-02-29',37,605,120,1),(2464,'7.28','2016-02-29',37,619,121,1),(2465,'0','2016-02-29',37,633,122,1),(2466,'0','2016-02-29',37,633,123,1),(2467,'4.15','2016-02-29',37,647,124,1),(2468,'16.6','2016-02-29',37,647,125,1),(2469,'0','2016-02-29',37,647,148,1),(2470,'13','2016-02-29',37,661,128,1),(2471,'31','2016-02-29',37,661,129,1),(2472,'8','2016-02-29',37,661,130,1),(2473,'326','2016-02-29',37,661,131,1),(2474,'70','2016-02-29',37,675,132,1),(2475,'0','2016-02-29',37,675,133,1),(2476,'0','2016-02-29',37,689,135,1),(2477,'0','2016-02-29',37,689,137,1),(2478,'0','2016-02-29',37,689,138,1),(2479,'0','2016-02-29',37,689,140,1),(2481,'0','2016-02-29',37,703,141,1),(2482,'0','2016-02-29',37,703,142,1),(2483,'0','2016-02-29',37,703,143,1),(2484,'0','2016-02-29',37,703,145,1),(2485,'0','2016-02-29',37,703,146,1),(2486,'5','2016-02-29',37,703,147,1),(2487,'0','2016-02-29',38,549,110,1),(2488,'0','2016-02-29',38,563,111,1),(2489,'0','2016-02-29',38,563,112,1),(2490,'0','2016-02-29',38,563,113,1),(2491,'2','2016-02-29',38,577,114,1),(2492,'0','2016-02-29',38,591,116,1),(2493,'0','2016-02-29',38,591,117,1),(2494,'1.47','2016-02-29',38,605,118,1),(2495,'0','2016-02-29',38,605,119,1),(2496,'0','2016-02-29',38,605,120,1),(2497,'7.39','2016-02-29',38,619,121,1),(2498,'0','2016-02-29',38,633,122,1),(2499,'0','2016-02-29',38,633,123,1),(2500,'4.15','2016-02-29',38,647,124,1),(2501,'16.6','2016-02-29',38,647,125,1),(2502,'0','2016-02-29',38,647,148,1),(2503,'3','2016-02-29',38,661,128,1),(2504,'16','2016-02-29',38,661,129,1),(2505,'9','2016-02-29',38,661,130,1),(2506,'76','2016-02-29',38,661,131,1),(2507,'90','2016-02-29',38,675,132,1),(2508,'0','2016-02-29',38,675,133,1),(2509,'0','2016-02-29',38,689,135,1),(2510,'0','2016-02-29',38,689,137,1),(2511,'0','2016-02-29',38,689,138,1),(2512,'0','2016-02-29',38,689,140,1),(2514,'0','2016-02-29',38,703,141,1),(2515,'0','2016-02-29',38,703,142,1),(2516,'0','2016-02-29',38,703,143,1),(2517,'0','2016-02-29',38,703,145,1),(2518,'0','2016-02-29',38,703,146,1),(2519,'5','2016-02-29',38,703,147,1),(2520,'0','2016-02-29',39,549,110,1),(2521,'0','2016-02-29',39,563,111,1),(2522,'0','2016-02-29',39,563,112,1),(2523,'0','2016-02-29',39,563,113,1),(2524,'2','2016-02-29',39,577,114,1),(2525,'0','2016-02-29',39,591,116,1),(2526,'0','2016-02-29',39,591,117,1),(2527,'1.36','2016-02-29',39,605,118,1),(2528,'0','2016-02-29',39,605,119,1),(2529,'0','2016-02-29',39,605,120,1),(2530,'0','2016-02-29',39,619,121,1),(2531,'1','2016-02-29',39,633,122,1),(2532,'0','2016-02-29',39,633,123,1),(2533,'4.15','2016-02-29',39,647,124,1),(2534,'16.6','2016-02-29',39,647,125,1),(2535,'0','2016-02-29',39,647,148,1),(2536,'5','2016-02-29',39,661,128,1),(2537,'15','2016-02-29',39,661,129,1),(2538,'12','2016-02-29',39,661,130,1),(2539,'54','2016-02-29',39,661,131,1),(2540,'95','2016-02-29',39,675,132,1),(2541,'0','2016-02-29',39,675,133,1),(2542,'0','2016-02-29',39,689,135,1),(2543,'0','2016-02-29',39,689,137,1),(2544,'0','2016-02-29',39,689,138,1),(2545,'0','2016-02-29',39,689,140,1),(2547,'0','2016-02-29',39,703,141,1),(2548,'0','2016-02-29',39,703,142,1),(2549,'0','2016-02-29',39,703,143,1),(2550,'0','2016-02-29',39,703,145,1),(2551,'0','2016-02-29',39,703,146,1),(2552,'5','2016-02-29',39,703,147,1),(2553,'0','2015-11-30',26,549,110,1),(2554,'0','2015-11-30',26,563,111,1),(2555,'0','2015-11-30',26,563,112,1),(2556,'0','2015-11-30',26,563,113,1),(2557,'2','2015-11-30',26,577,114,1),(2558,'0','2015-11-30',26,591,116,1),(2559,'0','2015-11-30',26,591,117,1),(2560,'1.73','2015-11-30',26,605,118,1),(2561,'0','2015-11-30',26,605,119,1),(2562,'0','2015-11-30',26,605,120,1),(2563,'2.57','2015-11-30',26,619,121,1),(2564,'0','2015-11-30',26,633,122,1),(2565,'0','2015-11-30',26,633,123,1),(2566,'0','2015-11-30',26,647,124,1),(2567,'0','2015-11-30',26,647,125,1),(2568,'0','2015-11-30',26,647,148,1),(2569,'16','2015-11-30',26,661,128,1),(2570,'26.16','2015-11-30',26,661,129,1),(2571,'4','2015-11-30',26,661,130,1),(2572,'82','2015-11-30',26,661,131,1),(2573,'100','2015-11-30',26,675,132,1),(2574,'0','2015-11-30',26,675,133,1),(2575,'0','2015-11-30',26,689,135,1),(2576,'0','2015-11-30',26,689,137,1),(2577,'0','2015-11-30',26,689,138,1),(2578,'0','2015-11-30',26,689,140,1),(2580,'0','2015-11-30',26,703,141,1),(2581,'0','2015-11-30',26,703,142,1),(2582,'0','2015-11-30',26,703,143,1),(2583,'0','2015-11-30',26,703,145,1),(2584,'0','2015-11-30',26,703,146,1),(2585,'4','2015-11-30',26,703,147,1),(2586,'0','2015-11-30',27,549,110,1),(2587,'0','2015-11-30',27,563,111,1),(2588,'0','2015-11-30',27,563,112,1),(2589,'0','2015-11-30',27,563,113,1),(2590,'2','2015-11-30',27,577,114,1),(2591,'0','2015-11-30',27,591,116,1),(2592,'0','2015-11-30',27,591,117,1),(2593,'1.5','2015-11-30',27,605,118,1),(2594,'0','2015-11-30',27,605,119,1),(2595,'0','2015-11-30',27,605,120,1),(2596,'0.73','2015-11-30',27,619,121,1),(2597,'0','2015-11-30',27,633,122,1),(2598,'0','2015-11-30',27,633,123,1),(2599,'0','2015-11-30',27,647,124,1),(2600,'0','2015-11-30',27,647,125,1),(2601,'0','2015-11-30',27,647,148,1),(2602,'3','2015-11-30',27,661,128,1),(2603,'5.87','2015-11-30',27,661,129,1),(2604,'5','2015-11-30',27,661,130,1),(2605,'22','2015-11-30',27,661,131,1),(2606,'100','2015-11-30',27,675,132,1),(2607,'0','2015-11-30',27,675,133,1),(2608,'0','2015-11-30',27,689,135,1),(2609,'0','2015-11-30',27,689,137,1),(2610,'0','2015-11-30',27,689,138,1),(2611,'0','2015-11-30',27,689,140,1),(2613,'0','2015-11-30',27,703,141,1),(2614,'0','2015-11-30',27,703,142,1),(2615,'0','2015-11-30',27,703,143,1),(2616,'0','2015-11-30',27,703,145,1),(2617,'0','2015-11-30',27,703,146,1),(2618,'4','2015-11-30',27,703,147,1),(2619,'0','2015-11-30',28,549,110,1),(2620,'0','2015-11-30',28,563,111,1),(2621,'0','2015-11-30',28,563,112,1),(2622,'0','2015-11-30',28,563,113,1),(2623,'2','2015-11-30',28,577,114,1),(2624,'0','2015-11-30',28,591,116,1),(2625,'0','2015-11-30',28,591,117,1),(2626,'1.5','2015-11-30',28,605,118,1),(2627,'0','2015-11-30',28,605,119,1),(2628,'0','2015-11-30',28,605,120,1),(2629,'1.09','2015-11-30',28,619,121,1),(2630,'0','2015-11-30',28,633,122,1),(2631,'0','2015-11-30',28,633,123,1),(2632,'0','2015-11-30',28,647,124,1),(2633,'0','2015-11-30',28,647,125,1),(2634,'0','2015-11-30',28,647,148,1),(2635,'2','2015-11-30',28,661,128,1),(2636,'17.12','2015-11-30',28,661,129,1),(2637,'2','2015-11-30',28,661,130,1),(2638,'17','2015-11-30',28,661,131,1),(2639,'92','2015-11-30',28,675,132,1),(2640,'0','2015-11-30',28,675,133,1),(2641,'0','2015-11-30',28,689,135,1),(2642,'0','2015-11-30',28,689,137,1),(2643,'0','2015-11-30',28,689,138,1),(2644,'0','2015-11-30',28,689,140,1),(2646,'0','2015-11-30',28,703,141,1),(2647,'0','2015-11-30',28,703,142,1),(2648,'0','2015-11-30',28,703,143,1),(2649,'0','2015-11-30',28,703,145,1),(2650,'0','2015-11-30',28,703,146,1),(2651,'4','2015-11-30',28,703,147,1),(2652,'0','2015-11-30',29,549,110,1),(2653,'0','2015-11-30',29,563,111,1),(2654,'0','2015-11-30',29,563,112,1),(2655,'0','2015-11-30',29,563,113,1),(2656,'2','2015-11-30',29,577,114,1),(2657,'0','2015-11-30',29,591,116,1),(2658,'0','2015-11-30',29,591,117,1),(2659,'1.40','2015-11-30',29,605,118,1),(2660,'0','2015-11-30',29,605,119,1),(2661,'0','2015-11-30',29,605,120,1),(2662,'0.1','2015-11-30',29,619,121,1),(2663,'0','2015-11-30',29,633,122,1),(2664,'0','2015-11-30',29,633,123,1),(2665,'0','2015-11-30',29,647,124,1),(2666,'0','2015-11-30',29,647,125,1),(2667,'0','2015-11-30',29,647,148,1),(2668,'4','2015-11-30',29,661,128,1),(2669,'39.21','2015-11-30',29,661,129,1),(2670,'7','2015-11-30',29,661,130,1),(2671,'41','2015-11-30',29,661,131,1),(2672,'80','2015-11-30',29,675,132,1),(2673,'0','2015-11-30',29,675,133,1),(2674,'0','2015-11-30',29,689,135,1),(2675,'0','2015-11-30',29,689,137,1),(2676,'0','2015-11-30',29,689,138,1),(2677,'0','2015-11-30',29,689,140,1),(2679,'0','2015-11-30',29,703,141,1),(2680,'0','2015-11-30',29,703,142,1),(2681,'0','2015-11-30',29,703,143,1),(2682,'0','2015-11-30',29,703,145,1),(2683,'0','2015-11-30',29,703,146,1),(2684,'5','2015-11-30',29,703,147,1),(2685,'0','2015-11-30',30,549,110,1),(2686,'0','2015-11-30',30,563,111,1),(2687,'0','2015-11-30',30,563,112,1),(2688,'0','2015-11-30',30,563,113,1),(2689,'2','2015-11-30',30,577,114,1),(2690,'0','2015-11-30',30,591,116,1),(2691,'0','2015-11-30',30,591,117,1),(2692,'0','2015-11-30',30,605,118,1),(2693,'0','2015-11-30',30,605,119,1),(2694,'0','2015-11-30',30,605,120,1),(2695,'0','2015-11-30',30,619,121,1),(2696,'0','2015-11-30',30,633,122,1),(2697,'0','2015-11-30',30,633,123,1),(2698,'0','2015-11-30',30,647,124,1),(2699,'0','2015-11-30',30,647,125,1),(2700,'0','2015-11-30',30,647,148,1),(2701,'3','2015-11-30',30,661,128,1),(2702,'26.16','2015-11-30',30,661,129,1),(2703,'2','2015-11-30',30,661,130,1),(2704,'63','2015-11-30',30,661,131,1),(2705,'0','2015-11-30',30,675,132,1),(2706,'0','2015-11-30',30,675,133,1),(2707,'0','2015-11-30',30,689,135,1),(2708,'0','2015-11-30',30,689,137,1),(2709,'0','2015-11-30',30,689,138,1),(2710,'0','2015-11-30',30,689,140,1),(2712,'0','2015-11-30',30,703,141,1),(2713,'0','2015-11-30',30,703,142,1),(2714,'0','2015-11-30',30,703,143,1),(2715,'0','2015-11-30',30,703,145,1),(2716,'0','2015-11-30',30,703,146,1),(2717,'5','2015-11-30',30,703,147,1),(2718,'0','2015-11-30',33,549,110,1),(2719,'0','2015-11-30',33,563,111,1),(2720,'0','2015-11-30',33,563,112,1),(2721,'0','2015-11-30',33,563,113,1),(2722,'2','2015-11-30',33,577,114,1),(2723,'0','2015-11-30',33,591,116,1),(2724,'0','2015-11-30',33,591,117,1),(2725,'1.45','2015-11-30',33,605,118,1),(2726,'0','2015-11-30',33,605,119,1),(2727,'0','2015-11-30',33,605,120,1),(2728,'3.15','2015-11-30',33,619,121,1),(2729,'0','2015-11-30',33,633,122,1),(2730,'0','2015-11-30',33,633,123,1),(2731,'0','2015-11-30',33,647,124,1),(2732,'0','2015-11-30',33,647,125,1),(2733,'0','2015-11-30',33,647,148,1),(2734,'1','2015-11-30',33,661,128,1),(2735,'16.70','2015-11-30',33,661,129,1),(2736,'4','2015-11-30',33,661,130,1),(2737,'20','2015-11-30',33,661,131,1),(2738,'57','2015-11-30',33,675,132,1),(2739,'0','2015-11-30',33,675,133,1),(2740,'0','2015-11-30',33,689,135,1),(2741,'0','2015-11-30',33,689,137,1),(2742,'0','2015-11-30',33,689,138,1),(2743,'0','2015-11-30',33,689,140,1),(2745,'0','2015-11-30',33,703,141,1),(2746,'0','2015-11-30',33,703,142,1),(2747,'0','2015-11-30',33,703,143,1),(2748,'0','2015-11-30',33,703,145,1),(2749,'0','2015-11-30',33,703,146,1),(2750,'5','2015-11-30',33,703,147,1),(2751,'0','2015-11-30',34,549,110,1),(2752,'0','2015-11-30',34,563,111,1),(2753,'0','2015-11-30',34,563,112,1),(2754,'0','2015-11-30',34,563,113,1),(2755,'2','2015-11-30',34,577,114,1),(2756,'0','2015-11-30',34,591,116,1),(2757,'0','2015-11-30',34,591,117,1),(2758,'1.58','2015-11-30',34,605,118,1),(2759,'0','2015-11-30',34,605,119,1),(2760,'0','2015-11-30',34,605,120,1),(2761,'1.12','2015-11-30',34,619,121,1),(2762,'0','2015-11-30',34,633,122,1),(2763,'0','2015-11-30',34,633,123,1),(2764,'0','2015-11-30',34,647,124,1),(2765,'0','2015-11-30',34,647,125,1),(2766,'0','2015-11-30',34,647,148,1),(2767,'0','2015-11-30',34,661,128,1),(2768,'21.75','2015-11-30',34,661,129,1),(2769,'7','2015-11-30',34,661,130,1),(2770,'24','2015-11-30',34,661,131,1),(2771,'100','2015-11-30',34,675,132,1),(2772,'0','2015-11-30',34,675,133,1),(2773,'0','2015-11-30',34,689,135,1),(2774,'0','2015-11-30',34,689,137,1),(2775,'0','2015-11-30',34,689,138,1),(2776,'0','2015-11-30',34,689,140,1),(2778,'0','2015-11-30',34,703,141,1),(2779,'0','2015-11-30',34,703,142,1),(2780,'0','2015-11-30',34,703,143,1),(2781,'0','2015-11-30',34,703,145,1),(2782,'0','2015-11-30',34,703,146,1),(2783,'5','2015-11-30',34,703,147,1),(2784,'0','2015-11-30',35,549,110,1),(2785,'0','2015-11-30',35,563,111,1),(2786,'0','2015-11-30',35,563,112,1),(2787,'0','2015-11-30',35,563,113,1),(2788,'2','2015-11-30',35,577,114,1),(2789,'0','2015-11-30',35,591,116,1),(2790,'0','2015-11-30',35,591,117,1),(2791,'1.44','2015-11-30',35,605,118,1),(2792,'0','2015-11-30',35,605,119,1),(2793,'0','2015-11-30',35,605,120,1),(2794,'0.77','2015-11-30',35,619,121,1),(2795,'0','2015-11-30',35,633,122,1),(2796,'0','2015-11-30',35,633,123,1),(2797,'0','2015-11-30',35,647,124,1),(2798,'0','2015-11-30',35,647,125,1),(2799,'0','2015-11-30',35,647,148,1),(2800,'3','2015-11-30',35,661,128,1),(2801,'0.64','2015-11-30',35,661,129,1),(2802,'4','2015-11-30',35,661,130,1),(2803,'18','2015-11-30',35,661,131,1),(2804,'100','2015-11-30',35,675,132,1),(2805,'0','2015-11-30',35,675,133,1),(2806,'0','2015-11-30',35,689,135,1),(2807,'0','2015-11-30',35,689,137,1),(2808,'0','2015-11-30',35,689,138,1),(2809,'0','2015-11-30',35,689,140,1),(2811,'0','2015-11-30',35,703,141,1),(2812,'0','2015-11-30',35,703,142,1),(2813,'0','2015-11-30',35,703,143,1),(2814,'0','2015-11-30',35,703,145,1),(2815,'0','2015-11-30',35,703,146,1),(2816,'5','2015-11-30',35,703,147,1),(2817,'0','2015-11-30',36,549,110,1),(2818,'0','2015-11-30',36,563,111,1),(2819,'0','2015-11-30',36,563,112,1),(2820,'0','2015-11-30',36,563,113,1),(2821,'2','2015-11-30',36,577,114,1),(2822,'0','2015-11-30',36,591,116,1),(2823,'0','2015-11-30',36,591,117,1),(2824,'1.25','2015-11-30',36,605,118,1),(2825,'0','2015-11-30',36,605,119,1),(2826,'0','2015-11-30',36,605,120,1),(2827,'3.0','2015-11-30',36,619,121,1),(2828,'0','2015-11-30',36,633,122,1),(2829,'0','2015-11-30',36,633,123,1),(2830,'0','2015-11-30',36,647,124,1),(2831,'0','2015-11-30',36,647,125,1),(2832,'0','2015-11-30',36,647,148,1),(2833,'2','2015-11-30',36,661,128,1),(2834,'19.74','2015-11-30',36,661,129,1),(2835,'3','2015-11-30',36,661,130,1),(2836,'77','2015-11-30',36,661,131,1),(2837,'88','2015-11-30',36,675,132,1),(2838,'0','2015-11-30',36,675,133,1),(2839,'0','2015-11-30',36,689,135,1),(2840,'0','2015-11-30',36,689,137,1),(2841,'0','2015-11-30',36,689,138,1),(2842,'0','2015-11-30',36,689,140,1),(2844,'0','2015-11-30',36,703,141,1),(2845,'0','2015-11-30',36,703,142,1),(2846,'0','2015-11-30',36,703,143,1),(2847,'0','2015-11-30',36,703,145,1),(2848,'0','2015-11-30',36,703,146,1),(2849,'4','2015-11-30',36,703,147,1),(2850,'0','2015-11-30',37,549,110,1),(2851,'0','2015-11-30',37,563,111,1),(2852,'0','2015-11-30',37,563,112,1),(2853,'0','2015-11-30',37,563,113,1),(2854,'2','2015-11-30',37,577,114,1),(2855,'0','2015-11-30',37,591,116,1),(2856,'0','2015-11-30',37,591,117,1),(2857,'1.34','2015-11-30',37,605,118,1),(2858,'0','2015-11-30',37,605,119,1),(2859,'0','2015-11-30',37,605,120,1),(2860,'0.34','2015-11-30',37,619,121,1),(2861,'0','2015-11-30',37,633,122,1),(2862,'0','2015-11-30',37,633,123,1),(2863,'0','2015-11-30',37,647,124,1),(2864,'0','2015-11-30',37,647,125,1),(2865,'0','2015-11-30',37,647,148,1),(2866,'0','2015-11-30',37,661,128,1),(2867,'32.47','2015-11-30',37,661,129,1),(2868,'1','2015-11-30',37,661,130,1),(2869,'88','2015-11-30',37,661,131,1),(2870,'90','2015-11-30',37,675,132,1),(2871,'0','2015-11-30',37,675,133,1),(2872,'0','2015-11-30',37,689,135,1),(2873,'0','2015-11-30',37,689,137,1),(2874,'0','2015-11-30',37,689,138,1),(2875,'0','2015-11-30',37,689,140,1),(2877,'0','2015-11-30',37,703,141,1),(2878,'0','2015-11-30',37,703,142,1),(2879,'0','2015-11-30',37,703,143,1),(2880,'0','2015-11-30',37,703,145,1),(2881,'0','2015-11-30',37,703,146,1),(2882,'5','2015-11-30',37,703,147,1),(2883,'0','2015-11-30',38,549,110,1),(2884,'0','2015-11-30',38,563,111,1),(2885,'0','2015-11-30',38,563,112,1),(2886,'0','2015-11-30',38,563,113,1),(2887,'2','2015-11-30',38,577,114,1),(2888,'0','2015-11-30',38,591,116,1),(2889,'0','2015-11-30',38,591,117,1),(2890,'1.47','2015-11-30',38,605,118,1),(2891,'0','2015-11-30',38,605,119,1),(2892,'0','2015-11-30',38,605,120,1),(2893,'3.39','2015-11-30',38,619,121,1),(2894,'3.13','2015-11-30',38,633,122,1),(2895,'0','2015-11-30',38,633,123,1),(2896,'0','2015-11-30',38,647,124,1),(2897,'0','2015-11-30',38,647,125,1),(2898,'0','2015-11-30',38,647,148,1),(2899,'13','2015-11-30',38,661,128,1),(2900,'46.95','2015-11-30',38,661,129,1),(2901,'4','2015-11-30',38,661,130,1),(2902,'22','2015-11-30',38,661,131,1),(2903,'0','2015-11-30',38,675,132,1),(2904,'0','2015-11-30',38,675,133,1),(2905,'0','2015-11-30',38,689,135,1),(2906,'0','2015-11-30',38,689,137,1),(2907,'0','2015-11-30',38,689,138,1),(2908,'0','2015-11-30',38,689,140,1),(2910,'0','2015-11-30',38,703,141,1),(2911,'0','2015-11-30',38,703,142,1),(2912,'0','2015-11-30',38,703,143,1),(2913,'0','2015-11-30',38,703,145,1),(2914,'0','2015-11-30',38,703,146,1),(2915,'5','2015-11-30',38,703,147,1),(2916,'0','2015-11-30',39,549,110,1),(2917,'0','2015-11-30',39,563,111,1),(2918,'0','2015-11-30',39,563,112,1),(2919,'0','2015-11-30',39,563,113,1),(2920,'2','2015-11-30',39,577,114,1),(2921,'0','2015-11-30',39,591,116,1),(2922,'0','2015-11-30',39,591,117,1),(2923,'1.30','2015-11-30',39,605,118,1),(2924,'0','2015-11-30',39,605,119,1),(2925,'0','2015-11-30',39,605,120,1),(2926,'0','2015-11-30',39,619,121,1),(2927,'0','2015-11-30',39,633,122,1),(2928,'0','2015-11-30',39,633,123,1),(2929,'0','2015-11-30',39,647,124,1),(2930,'0','2015-11-30',39,647,125,1),(2931,'0','2015-11-30',39,647,148,1),(2932,'5','2015-11-30',39,661,128,1),(2933,'16.58','2015-11-30',39,661,129,1),(2934,'10','2015-11-30',39,661,130,1),(2935,'30','2015-11-30',39,661,131,1),(2936,'100','2015-11-30',39,675,132,1),(2937,'0','2015-11-30',39,675,133,1),(2938,'0','2015-11-30',39,689,135,1),(2939,'0','2015-11-30',39,689,137,1),(2940,'0','2015-11-30',39,689,138,1),(2941,'0','2015-11-30',39,689,140,1),(2943,'0','2015-11-30',39,703,141,1),(2944,'0','2015-11-30',39,703,142,1),(2945,'0','2015-11-30',39,703,143,1),(2946,'0','2015-11-30',39,703,145,1),(2947,'0','2015-11-30',39,703,146,1),(2948,'5','2015-11-30',39,703,147,1),(2949,'0','2015-11-30',32,549,110,1),(2950,'0','2015-11-30',32,563,111,1),(2951,'0','2015-11-30',32,563,112,1),(2952,'0','2015-11-30',32,563,113,1),(2953,'2','2015-11-30',32,577,114,1),(2954,'0','2015-11-30',32,591,116,1),(2955,'0','2015-11-30',32,591,117,1),(2956,'1.48','2015-11-30',32,605,118,1),(2957,'0','2015-11-30',32,605,119,1),(2958,'0','2015-11-30',32,605,120,1),(2959,'2.30','2015-11-30',32,619,121,1),(2960,'0','2015-11-30',32,633,122,1),(2961,'0','2015-11-30',32,633,123,1),(2962,'0','2015-11-30',32,647,124,1),(2963,'0','2015-11-30',32,647,125,1),(2964,'0','2015-11-30',32,647,148,1),(2965,'5','2015-11-30',32,661,128,1),(2966,'21.71','2015-11-30',32,661,129,1),(2967,'0','2015-11-30',32,661,130,1),(2968,'47','2015-11-30',32,661,131,1),(2969,'100','2015-11-30',32,675,132,1),(2970,'0','2015-11-30',32,675,133,1),(2971,'0','2015-11-30',32,689,135,1),(2972,'0','2015-11-30',32,689,137,1),(2973,'0','2015-11-30',32,689,138,1),(2974,'0','2015-11-30',32,689,140,1),(2976,'0','2015-11-30',32,703,141,1),(2977,'0','2015-11-30',32,703,142,1),(2978,'0','2015-11-30',32,703,143,1),(2979,'0','2015-11-30',32,703,145,1),(2980,'0','2015-11-30',32,703,146,1),(2981,'5','2015-11-30',32,703,147,1),(2982,'0','2015-11-30',31,549,110,1),(2983,'0','2015-11-30',31,563,111,1),(2984,'0','2015-11-30',31,563,112,1),(2985,'0','2015-11-30',31,563,113,1),(2986,'2','2015-11-30',31,577,114,1),(2987,'0','2015-11-30',31,591,116,1),(2988,'0','2015-11-30',31,591,117,1),(2989,'1.15','2015-11-30',31,605,118,1),(2990,'0','2015-11-30',31,605,119,1),(2991,'0','2015-11-30',31,605,120,1),(2992,'0.13','2015-11-30',31,619,121,1),(2993,'0','2015-11-30',31,633,122,1),(2994,'0','2015-11-30',31,633,123,1),(2995,'0','2015-11-30',31,647,124,1),(2996,'0','2015-11-30',31,647,125,1),(2997,'0','2015-11-30',31,647,148,1),(2998,'3','2015-11-30',31,661,128,1),(2999,'16.32','2015-11-30',31,661,129,1),(3000,'1','2015-11-30',31,661,130,1),(3001,'77','2015-11-30',31,661,131,1),(3002,'0','2015-11-30',31,675,132,1),(3003,'0','2015-11-30',31,675,133,1),(3004,'0','2015-11-30',31,689,135,1),(3005,'0','2015-11-30',31,689,137,1),(3006,'0','2015-11-30',31,689,138,1),(3007,'0','2015-11-30',31,689,140,1),(3009,'0','2015-11-30',31,703,141,1),(3010,'0','2015-11-30',31,703,142,1),(3011,'0','2015-11-30',31,703,143,1),(3012,'0','2015-11-30',31,703,145,1),(3013,'0','2015-11-30',31,703,146,1),(3014,'4','2015-11-30',31,703,147,1),(3015,'2','2016-04-30',28,549,110,1),(3016,'2','2016-04-30',28,563,111,1),(3017,'1','2016-04-30',28,563,112,1),(3018,'1','2016-04-30',28,563,113,1),(3019,'1','2016-04-30',28,577,114,1),(3020,'1','2016-04-30',28,591,116,1),(3021,'1','2016-04-30',28,591,117,1),(3022,'1','2016-04-30',28,605,118,1),(3023,'1','2016-04-30',28,605,119,1),(3024,'1','2016-04-30',28,605,120,1),(3025,'1','2016-04-30',28,619,121,1),(3026,'1','2016-04-30',28,633,122,1),(3027,'1','2016-04-30',28,633,123,1),(3028,'1','2016-04-30',28,647,124,1),(3029,'1','2016-04-30',28,647,125,1),(3030,'1','2016-04-30',28,647,148,1),(3031,'1','2016-04-30',28,661,128,1),(3032,'1','2016-04-30',28,661,129,1),(3033,'1','2016-04-30',28,661,130,1),(3034,'1','2016-04-30',28,661,131,1),(3035,'1','2016-04-30',28,675,132,1),(3036,'1','2016-04-30',28,675,133,1),(3037,'1','2016-04-30',28,689,135,1),(3038,'1','2016-04-30',28,689,137,1),(3039,'1','2016-04-30',28,689,138,1),(3040,'1','2016-04-30',28,689,140,1),(3041,'1','2016-04-30',28,703,141,1),(3042,'1','2016-04-30',28,703,142,1),(3043,'1','2016-04-30',28,703,143,1),(3044,'1','2016-04-30',28,703,145,1),(3045,'1','2016-04-30',28,703,146,1),(3046,'1','2016-04-30',28,703,147,1),(3048,'0','2016-05-31',26,549,110,3),(3049,'0','2016-05-31',26,563,111,3),(3050,'0','2016-05-31',26,563,112,3),(3051,'0','2016-05-31',26,563,113,3),(3052,'2','2016-05-31',26,577,114,3),(3053,'0','2016-05-31',26,591,116,3),(3054,'0','2016-05-31',26,591,117,3),(3055,'1.73','2016-05-31',26,605,118,3),(3056,'1','2016-05-31',26,605,119,3),(3057,'0','2016-05-31',26,605,120,3),(3058,'17.36','2016-05-31',26,619,121,3),(3059,'3','2016-05-31',26,633,122,3),(3060,'0','2016-05-31',26,633,123,3),(3061,'0.45','2016-05-31',26,647,124,3),(3062,'2.25','2016-05-31',26,647,125,3),(3063,'13','2016-05-31',26,647,148,3),(3064,'65.5','2016-05-31',26,661,128,3),(3065,'5.0','2016-05-31',26,661,129,3),(3066,'99.0','2016-05-31',26,661,130,3),(3067,'90','2016-05-31',26,661,131,3),(3068,'0','2016-05-31',26,675,132,3),(3069,'0','2016-05-31',26,675,133,3),(3070,'0','2016-05-31',26,689,135,3),(3071,'0','2016-05-31',26,689,137,3),(3072,'0','2016-05-31',26,689,138,3),(3073,'0','2016-05-31',26,689,140,3),(3074,'0','2016-05-31',26,703,141,3),(3075,'1','2016-05-31',26,703,142,3),(3076,'0','2016-05-31',26,703,143,3),(3077,'0','2016-05-31',26,703,145,3),(3078,'4','2016-05-31',26,703,146,3),(3079,'0','2016-05-31',26,703,147,3),(3081,'0','2016-04-30',27,549,110,3),(3082,'0','2016-04-30',27,563,111,3),(3083,'0','2016-04-30',27,563,112,3),(3084,'2','2016-04-30',27,563,113,3),(3085,'0','2016-04-30',27,577,114,3),(3086,'0','2016-04-30',27,591,116,3),(3087,'1.73','2016-04-30',27,591,117,3),(3088,'1','2016-04-30',27,605,118,3),(3089,'0','2016-04-30',27,605,119,3),(3090,'17.3','2016-04-30',27,605,120,3),(3091,'1','2016-04-30',27,619,121,3),(3092,'0','2016-04-30',27,633,122,3),(3093,'1.73','2016-04-30',27,633,123,3),(3094,'3','2016-04-30',27,647,124,3),(3095,'0','2016-04-30',27,647,125,3),(3096,'0','2016-04-30',27,647,148,3),(3097,'0.45','2016-04-30',27,661,128,3),(3098,'2.25','2016-04-30',27,661,129,3),(3099,'9','2016-04-30',27,661,130,3),(3100,'47','2016-04-30',27,661,131,3),(3101,'3','2016-04-30',27,675,132,3),(3102,'29','2016-04-30',27,675,133,3),(3103,'90','2016-04-30',27,689,135,3),(3104,'0','2016-04-30',27,689,137,3),(3105,'0','2016-04-30',27,689,138,3),(3106,'0','2016-04-30',27,689,140,3),(3107,'0','2016-04-30',27,703,141,3),(3108,'0','2016-04-30',27,703,142,3),(3109,'0','2016-04-30',27,703,143,3),(3110,'0','2016-04-30',27,703,145,3),(3111,'0','2016-04-30',27,703,146,3),(3112,'0','2016-04-30',27,703,147,3),(3114,'0','2016-05-31',26,549,110,1),(3115,'0','2016-05-31',26,563,111,1),(3116,'0','2016-05-31',26,563,112,1),(3117,'2','2016-05-31',26,563,113,1),(3118,'0','2016-05-31',26,577,114,1),(3119,'0','2016-05-31',26,591,116,1),(3120,'1.73','2016-05-31',26,591,117,1),(3121,'1','2016-05-31',26,605,118,1),(3122,'0','2016-05-31',26,605,119,1),(3123,'17.3','2016-05-31',26,605,120,1),(3124,'1','2016-05-31',26,619,121,1),(3125,'0','2016-05-31',26,633,122,1),(3126,'1.73','2016-05-31',26,633,123,1),(3127,'1','2016-05-31',26,647,124,1),(3128,'0','2016-05-31',26,647,125,1),(3129,'1.73','2016-05-31',26,647,148,1),(3130,'3','2016-05-31',26,661,128,1),(3131,'0','2016-05-31',26,661,129,1),(3132,'0.45','2016-05-31',26,661,130,1),(3133,'2.25','2016-05-31',26,661,131,1),(3134,'9','2016-05-31',26,675,132,1),(3135,'47','2016-05-31',26,675,133,1),(3136,'3','2016-05-31',26,689,135,1),(3137,'29','2016-05-31',26,689,137,1),(3138,'90','2016-05-31',26,689,138,1),(3139,'0','2016-05-31',26,689,140,1),(3140,'0','2016-05-31',26,703,141,1),(3141,'0','2016-05-31',26,703,142,1),(3142,'0','2016-05-31',26,703,143,1),(3143,'0','2016-05-31',26,703,145,1),(3144,'0','2016-05-31',26,703,146,1),(3145,'0','2016-05-31',26,703,147,1),(3147,'0','2016-05-31',27,549,110,3),(3148,'0','2016-05-31',27,563,111,3),(3149,'0','2016-05-31',27,563,112,3),(3150,'2','2016-05-31',27,563,113,3),(3151,'0','2016-05-31',27,577,114,3),(3152,'0','2016-05-31',27,591,116,3),(3153,'1.73','2016-05-31',27,591,117,3),(3154,'10','2016-05-31',27,605,118,3),(3155,'17.3','2016-05-31',27,605,119,3),(3156,'1','2016-05-31',27,605,120,3),(3157,'0','2016-05-31',27,619,121,3),(3158,'1.73','2016-05-31',27,633,122,3),(3159,'3','2016-05-31',27,633,123,3),(3160,'0','2016-05-31',27,647,124,3),(3161,'0.45','2016-05-31',27,647,125,3),(3162,'2.25','2016-05-31',27,647,148,3),(3163,'9','2016-05-31',27,661,128,3),(3164,'47','2016-05-31',27,661,129,3),(3165,'3','2016-05-31',27,661,130,3),(3166,'29','2016-05-31',27,661,131,3),(3167,'90','2016-05-31',27,675,132,3),(3168,'0','2016-05-31',27,675,133,3),(3169,'0','2016-05-31',27,689,135,3),(3170,'0','2016-05-31',27,689,137,3),(3171,'0','2016-05-31',27,689,138,3),(3172,'0','2016-05-31',27,689,140,3),(3173,'0','2016-05-31',27,703,141,3),(3174,'0','2016-05-31',27,703,142,3),(3175,'0','2016-05-31',27,703,143,3),(3176,'0','2016-05-31',27,703,145,3),(3177,'0','2016-05-31',27,703,146,3),(3178,'0','2016-05-31',27,703,147,3),(3180,'0','2016-04-30',26,549,110,1),(3181,'0','2016-04-30',26,563,111,1),(3182,'0','2016-04-30',26,563,112,1),(3183,'2','2016-04-30',26,563,113,1),(3184,'2','2016-04-30',26,577,114,1),(3185,'2','2016-04-30',26,591,116,1),(3186,'2','2016-04-30',26,591,117,1),(3187,'2','2016-04-30',26,605,118,1),(3188,'2','2016-04-30',26,605,119,1),(3189,'2','2016-04-30',26,605,120,1),(3190,'2','2016-04-30',26,619,121,1),(3191,'2','2016-04-30',26,633,122,1),(3192,'0','2016-04-30',26,633,123,1),(3193,'2','2016-04-30',26,647,124,1),(3194,'2','2016-04-30',26,647,125,1),(3195,'2','2016-04-30',26,647,148,1),(3196,'2','2016-04-30',26,661,128,1),(3197,'0','2016-04-30',26,661,129,1),(3198,'2','2016-04-30',26,661,130,1),(3199,'2','2016-04-30',26,661,131,1),(3200,'0','2016-04-30',26,675,132,1),(3201,'2','2016-04-30',26,675,133,1),(3202,'2','2016-04-30',26,689,135,1),(3203,'2','2016-04-30',26,689,137,1),(3204,'0','2016-04-30',26,689,138,1),(3205,'2','2016-04-30',26,689,140,1),(3206,'2','2016-04-30',26,703,141,1),(3207,'2','2016-04-30',26,703,142,1),(3208,'2','2016-04-30',26,703,143,1),(3209,'0','2016-04-30',26,703,145,1),(3210,'2','2016-04-30',26,703,146,1),(3211,'2','2016-04-30',26,703,147,1),(3212,'0','2016-07-31',26,549,110,3),(3213,'0','2016-07-31',26,563,111,3),(3214,'0','2016-07-31',26,563,112,3),(3215,'0','2016-07-31',26,563,113,3),(3216,'0','2016-07-31',26,577,114,3),(3217,'0','2016-07-31',26,591,116,3),(3218,'0','2016-07-31',26,591,117,3),(3219,'0','2016-07-31',26,605,118,3),(3220,'2','2016-07-31',26,605,119,3),(3221,'0','2016-07-31',26,605,120,3),(3222,'0','2016-07-31',26,619,121,3),(3223,'2','2016-07-31',26,633,122,3),(3224,'2','2016-07-31',26,633,123,3),(3225,'0','2016-07-31',26,647,124,3),(3226,'0','2016-07-31',26,647,125,3),(3227,'0','2016-07-31',26,647,148,3),(3228,'2','2016-07-31',26,661,128,3),(3229,'2','2016-07-31',26,661,129,3),(3230,'2','2016-07-31',26,661,130,3),(3231,'2','2016-07-31',26,661,131,3),(3232,'2','2016-07-31',26,675,132,3),(3233,'2','2016-07-31',26,675,133,3),(3234,'2','2016-07-31',26,689,135,3),(3235,'2','2016-07-31',26,689,137,3),(3236,'2','2016-07-31',26,689,138,3),(3237,'2','2016-07-31',26,689,140,3),(3238,'2','2016-07-31',26,703,141,3),(3239,'2','2016-07-31',26,703,142,3),(3240,'2','2016-07-31',26,703,143,3),(3241,'2','2016-07-31',26,703,145,3),(3242,'2','2016-07-31',26,703,146,3),(3243,'2','2016-07-31',26,703,147,3),(3244,'0','2016-07-31',27,549,110,3),(3245,'2','2016-07-31',27,563,111,3),(3246,'0','2016-07-31',27,563,112,3),(3247,'2','2016-07-31',27,563,113,3),(3248,'2','2016-07-31',27,577,114,3),(3249,'2','2016-07-31',27,591,116,3),(3250,'0','2016-07-31',27,591,117,3),(3251,'2','2016-07-31',27,605,118,3),(3252,'0','2016-07-31',27,605,119,3),(3253,'2','2016-07-31',27,605,120,3),(3254,'2','2016-07-31',27,619,121,3),(3255,'2','2016-07-31',27,633,122,3),(3256,'2','2016-07-31',27,633,123,3),(3257,'0','2016-07-31',27,647,124,3),(3258,'2','2016-07-31',27,647,125,3),(3259,'0','2016-07-31',27,647,148,3),(3260,'2','2016-07-31',27,661,128,3),(3261,'2','2016-07-31',27,661,129,3),(3262,'2','2016-07-31',27,661,130,3),(3263,'2','2016-07-31',27,661,131,3),(3264,'0','2016-07-31',27,675,132,3),(3265,'2','2016-07-31',27,675,133,3),(3266,'2','2016-07-31',27,689,135,3),(3267,'2','2016-07-31',27,689,137,3),(3268,'2','2016-07-31',27,689,138,3),(3269,'2','2016-07-31',27,689,140,3),(3270,'2','2016-07-31',27,703,141,3),(3271,'2','2016-07-31',27,703,142,3),(3272,'2','2016-07-31',27,703,143,3),(3273,'2','2016-07-31',27,703,145,3),(3274,'0','2016-07-31',27,703,146,3),(3275,'0','2016-07-31',27,703,147,3),(3276,'11','2016-05-31',28,549,110,3),(3277,'0','2016-05-31',28,563,111,3),(3278,'0','2016-05-31',28,563,112,3),(3279,'0','2016-05-31',28,563,113,3),(3280,'0','2016-05-31',28,563,148,3),(3281,'0','2016-05-31',28,577,114,3),(3282,'0','2016-05-31',28,591,116,3),(3283,'0','2016-05-31',28,591,117,3),(3284,'0','2016-05-31',28,605,118,3),(3285,'0','2016-05-31',28,605,119,3),(3286,'0','2016-05-31',28,605,120,3),(3287,'0','2016-05-31',28,619,121,3),(3288,'0','2016-05-31',28,633,122,3),(3289,'0','2016-05-31',28,633,123,3),(3290,'0','2016-05-31',28,647,124,3),(3291,'0','2016-05-31',28,647,125,3),(3292,'0','2016-05-31',28,661,128,3),(3293,'0','2016-05-31',28,661,129,3),(3294,'0','2016-05-31',28,661,130,3),(3295,'0','2016-05-31',28,661,131,3),(3296,'0','2016-05-31',28,675,132,3),(3297,'0','2016-05-31',28,675,133,3),(3298,'0','2016-05-31',28,689,135,3),(3299,'0','2016-05-31',28,689,137,3),(3300,'0','2016-05-31',28,689,138,3),(3301,'0','2016-05-31',28,689,140,3),(3302,'0','2016-05-31',28,703,141,3),(3303,'0','2016-05-31',28,703,142,3),(3304,'0','2016-05-31',28,703,143,3),(3305,'0','2016-05-31',28,703,145,3),(3306,'0','2016-05-31',28,703,146,3),(3307,'0','2016-05-31',28,703,147,3),(3308,' 0','2016-05-31',29,549,110,3),(3309,'0','2016-05-31',29,563,111,3),(3310,'0','2016-05-31',29,563,112,3),(3311,'0','2016-05-31',29,563,113,3),(3312,' 9','2016-05-31',29,563,148,3),(3313,'9','2016-05-31',29,577,114,3),(3314,'9','2016-05-31',29,591,116,3),(3315,'9','2016-05-31',29,591,117,3),(3316,'9','2016-05-31',29,605,118,3),(3317,' ','2016-05-31',29,605,119,3),(3318,'9','2016-05-31',29,605,120,3),(3319,'9','2016-05-31',29,619,121,3),(3320,'9','2016-05-31',29,633,122,3),(3321,'9','2016-05-31',29,633,123,3),(3322,'9','2016-05-31',29,647,124,3),(3323,'9','2016-05-31',29,647,125,3),(3324,'9','2016-05-31',29,661,128,3),(3325,'9','2016-05-31',29,661,129,3),(3326,'9','2016-05-31',29,661,130,3),(3327,'9','2016-05-31',29,661,131,3),(3328,'9','2016-05-31',29,675,132,3),(3329,'9','2016-05-31',29,675,133,3),(3330,'9','2016-05-31',29,689,135,3),(3331,'9','2016-05-31',29,689,137,3),(3332,'9','2016-05-31',29,689,138,3),(3333,'9','2016-05-31',29,689,140,3),(3334,'9','2016-05-31',29,703,141,3),(3335,'9','2016-05-31',29,703,142,3),(3336,'9','2016-05-31',29,703,143,3),(3337,'9','2016-05-31',29,703,145,3),(3338,'9','2016-05-31',29,703,146,3),(3339,'9 ','2016-05-31',29,703,147,3),(3340,'1','2016-05-31',30,549,110,3),(3341,'2','2016-05-31',30,563,111,3),(3342,'1','2016-05-31',30,563,112,3),(3343,'9','2016-05-31',30,563,113,3),(3344,'1','2016-05-31',30,563,148,3),(3345,'99','2016-05-31',30,577,114,3),(3346,'9','2016-05-31',30,591,116,3),(3347,'9','2016-05-31',30,591,117,3),(3348,'9','2016-05-31',30,605,118,3),(3349,'1','2016-05-31',30,605,119,3),(3350,'9','2016-05-31',30,605,120,3),(3351,'9','2016-05-31',30,619,121,3),(3352,'9','2016-05-31',30,633,122,3),(3353,'11','2016-05-31',30,633,123,3),(3354,'9','2016-05-31',30,647,124,3),(3355,'99','2016-05-31',30,647,125,3),(3356,'9','2016-05-31',30,661,128,3),(3357,'9','2016-05-31',30,661,129,3),(3358,'9','2016-05-31',30,661,130,3),(3359,'9','2016-05-31',30,661,131,3),(3360,'9','2016-05-31',30,675,132,3),(3361,'9','2016-05-31',30,675,133,3),(3362,'9','2016-05-31',30,689,135,3),(3363,'9','2016-05-31',30,689,137,3),(3364,'11','2016-05-31',30,689,138,3),(3365,'9','2016-05-31',30,689,140,3),(3366,'9','2016-05-31',30,703,141,3),(3367,'9','2016-05-31',30,703,142,3),(3368,'9','2016-05-31',30,703,143,3),(3369,'9','2016-05-31',30,703,145,3),(3370,'99','2016-05-31',30,703,146,3),(3371,'9','2016-05-31',30,703,147,3),(3372,'1','2016-05-31',31,549,110,3),(3373,'2','2016-05-31',31,563,111,3),(3374,'3','2016-05-31',31,563,112,3),(3375,'4','2016-05-31',31,563,113,3),(3376,'1','2016-05-31',31,563,148,3),(3377,'1','2016-05-31',31,577,114,3),(3378,'1','2016-05-31',31,591,116,3),(3379,'1','2016-05-31',31,591,117,3),(3380,'1','2016-05-31',31,605,118,3),(3381,'1','2016-05-31',31,605,119,3),(3382,'1','2016-05-31',31,605,120,3),(3383,'11','2016-05-31',31,619,121,3),(3384,'11','2016-05-31',31,633,122,3),(3385,'1','2016-05-31',31,633,123,3),(3386,'1','2016-05-31',31,647,124,3),(3387,'1','2016-05-31',31,647,125,3),(3388,'1','2016-05-31',31,661,128,3),(3389,'1','2016-05-31',31,661,129,3),(3390,'1','2016-05-31',31,661,130,3),(3391,'1','2016-05-31',31,661,131,3),(3392,'1','2016-05-31',31,675,132,3),(3393,'1','2016-05-31',31,675,133,3),(3394,'11','2016-05-31',31,689,135,3),(3395,'1','2016-05-31',31,689,137,3),(3396,'1','2016-05-31',31,689,138,3),(3397,'1','2016-05-31',31,689,140,3),(3398,'11','2016-05-31',31,703,141,3),(3399,'11','2016-05-31',31,703,142,3),(3400,'1','2016-05-31',31,703,143,3),(3401,'1','2016-05-31',31,703,145,3),(3402,'1','2016-05-31',31,703,146,3),(3403,'1','2016-05-31',31,703,147,3),(3404,'0','2016-05-31',32,549,110,3),(3405,'0','2016-05-31',32,563,111,3),(3406,'0','2016-05-31',32,563,112,3),(3407,'0','2016-05-31',32,563,113,3),(3408,'0','2016-05-31',32,563,148,3),(3409,'0','2016-05-31',32,577,114,3),(3410,'0','2016-05-31',32,591,116,3),(3411,'0','2016-05-31',32,591,117,3),(3412,'0','2016-05-31',32,605,118,3),(3413,'0','2016-05-31',32,605,119,3),(3414,'0','2016-05-31',32,605,120,3),(3415,'0','2016-05-31',32,619,121,3),(3416,'0','2016-05-31',32,633,122,3),(3417,'0','2016-05-31',32,633,123,3),(3418,'0','2016-05-31',32,647,124,3),(3419,'0','2016-05-31',32,647,125,3),(3420,'0','2016-05-31',32,661,128,3),(3421,'0','2016-05-31',32,661,129,3),(3422,'0','2016-05-31',32,661,130,3),(3423,'0','2016-05-31',32,661,131,3),(3424,'0','2016-05-31',32,675,132,3),(3425,'0','2016-05-31',32,675,133,3),(3426,'0','2016-05-31',32,689,135,3),(3427,'0','2016-05-31',32,689,137,3),(3428,'0','2016-05-31',32,689,138,3),(3429,'0','2016-05-31',32,689,140,3),(3430,'0','2016-05-31',32,703,141,3),(3431,'0','2016-05-31',32,703,142,3),(3432,'0','2016-05-31',32,703,143,3),(3433,'0','2016-05-31',32,703,145,3),(3434,'00','2016-05-31',32,703,146,3),(3435,'0','2016-05-31',32,703,147,3),(3436,'0','2016-05-31',33,549,110,1),(3437,'0','2016-05-31',33,563,111,1),(3438,'0','2016-05-31',33,563,112,1),(3439,'0','2016-05-31',33,563,113,1),(3440,'0','2016-05-31',33,563,148,1),(3441,'0','2016-05-31',33,577,114,1),(3442,'0','2016-05-31',33,591,116,1),(3443,'0','2016-05-31',33,591,117,1),(3444,'0','2016-05-31',33,605,118,1),(3445,'0','2016-05-31',33,605,119,1),(3446,'0','2016-05-31',33,605,120,1),(3447,'0','2016-05-31',33,619,121,1),(3448,'00','2016-05-31',33,633,122,1),(3449,'0','2016-05-31',33,633,123,1),(3450,'0','2016-05-31',33,647,124,1),(3451,'0','2016-05-31',33,647,125,1),(3452,'0','2016-05-31',33,661,128,1),(3453,'0','2016-05-31',33,661,129,1),(3454,'0','2016-05-31',33,661,130,1),(3455,'0','2016-05-31',33,661,131,1),(3456,'0','2016-05-31',33,675,132,1),(3457,'0','2016-05-31',33,675,133,1),(3458,'0','2016-05-31',33,689,135,1),(3459,'0','2016-05-31',33,689,137,1),(3460,'0','2016-05-31',33,689,138,1),(3461,'0','2016-05-31',33,689,140,1),(3462,'00','2016-05-31',33,703,141,1),(3463,'0','2016-05-31',33,703,142,1),(3464,'0','2016-05-31',33,703,143,1),(3465,'0','2016-05-31',33,703,145,1),(3466,'0','2016-05-31',33,703,146,1),(3467,'0','2016-05-31',33,703,147,1),(3468,'1','2016-05-31',34,549,110,1),(3469,'11','2016-05-31',34,563,111,1),(3470,'1','2016-05-31',34,563,112,1),(3471,'1','2016-05-31',34,563,113,1),(3472,'1','2016-05-31',34,563,148,1),(3473,'1','2016-05-31',34,577,114,1),(3474,'1','2016-05-31',34,591,116,1),(3475,'1','2016-05-31',34,591,117,1),(3476,'1','2016-05-31',34,605,118,1),(3477,'1','2016-05-31',34,605,119,1),(3478,'1','2016-05-31',34,605,120,1),(3479,'1','2016-05-31',34,619,121,1),(3480,'1','2016-05-31',34,633,122,1),(3481,'1','2016-05-31',34,633,123,1),(3482,'1','2016-05-31',34,647,124,1),(3483,'1','2016-05-31',34,647,125,1),(3484,'1','2016-05-31',34,661,128,1),(3485,'1','2016-05-31',34,661,129,1),(3486,'1','2016-05-31',34,661,130,1),(3487,'1','2016-05-31',34,661,131,1),(3488,'1','2016-05-31',34,675,132,1),(3489,'1','2016-05-31',34,675,133,1),(3490,'1','2016-05-31',34,689,135,1),(3491,'1','2016-05-31',34,689,137,1),(3492,'1','2016-05-31',34,689,138,1),(3493,'1','2016-05-31',34,689,140,1),(3494,'1','2016-05-31',34,703,141,1),(3495,'1','2016-05-31',34,703,142,1),(3496,'1','2016-05-31',34,703,143,1),(3497,'1','2016-05-31',34,703,145,1),(3498,'1','2016-05-31',34,703,146,1),(3499,'1','2016-05-31',34,703,147,1);
/*!40000 ALTER TABLE `reading_kpi_values` ENABLE KEYS */;
UNLOCK TABLES;

--
-- Table structure for table `rules`
--

DROP TABLE IF EXISTS `rules`;
/*!40101 SET @saved_cs_client     = @@character_set_client */;
/*!40101 SET character_set_client = utf8 */;
CREATE TABLE `rules` (
  `id` int(11) NOT NULL AUTO_INCREMENT,
  `Rules` varchar(255) COLLATE utf8_unicode_ci NOT NULL,
  `KpiDetailsId` int(11) DEFAULT NULL,
  `ElementDetailsId` int(11) DEFAULT NULL,
  PRIMARY KEY (`id`),
  KEY `IDX_899A993CF10FA648` (`KpiDetailsId`),
  KEY `IDX_899A993CABFC5A8E` (`ElementDetailsId`),
  CONSTRAINT `FK_899A993CABFC5A8E` FOREIGN KEY (`ElementDetailsId`) REFERENCES `element_details` (`id`),
  CONSTRAINT `FK_899A993CF10FA648` FOREIGN KEY (`KpiDetailsId`) REFERENCES `kpi_details` (`id`)
) ENGINE=InnoDB AUTO_INCREMENT=127 DEFAULT CHARSET=utf8 COLLATE=utf8_unicode_ci;
/*!40101 SET character_set_client = @saved_cs_client */;

--
-- Dumping data for table `rules`
--

LOCK TABLES `rules` WRITE;
/*!40000 ALTER TABLE `rules` DISABLE KEYS */;
INSERT INTO `rules` VALUES (6,'{\"operators\":{},\"actions\":{\"name\":\"action-select\",\"value\":\"Red\"},\"conditions\":{\"all\":[{\"name\":\"ageField\",\"operator\":\"greaterThan\",\"value\":\"105\"}]}}',661,128),(7,'{\"operators\":{},\"actions\":{\"name\":\"action-select\",\"value\":\"Yellow\"},\"conditions\":{\"all\":[{\"name\":\"ageField\",\"operator\":\"greaterThanEqual\",\"value\":\"105\"}]}}',661,128),(8,'{\"operators\":{},\"actions\":{\"name\":\"action-select\",\"value\":\"Green\"},\"conditions\":{\"all\":[{\"name\":\"ageField\",\"operator\":\"lessThanEqual\",\"value\":\"100\"}]}}',661,128),(9,'{\"operators\":{},\"actions\":{\"name\":\"action-select\",\"value\":\"Red\"},\"conditions\":{\"all\":[{\"name\":\"ageField\",\"operator\":\"greaterThan\",\"value\":\"105\"}]}}',661,129),(10,'{\"operators\":{},\"actions\":{\"name\":\"action-select\",\"value\":\"Yellow\"},\"conditions\":{\"all\":[{\"name\":\"ageField\",\"operator\":\"greaterThanEqual\",\"value\":\"105\"}]}}',661,129),(11,'{\"operators\":{},\"actions\":{\"name\":\"action-select\",\"value\":\"Green\"},\"conditions\":{\"all\":[{\"name\":\"ageField\",\"operator\":\"lessThanEqual\",\"value\":\"100\"}]}}',661,129),(12,'{\"operators\":{},\"actions\":{\"name\":\"action-select\",\"value\":\"Red\"},\"conditions\":{\"all\":[{\"name\":\"ageField\",\"operator\":\"greaterThan\",\"value\":\"105\"}]}}',661,130),(13,'{\"operators\":{},\"actions\":{\"name\":\"action-select\",\"value\":\"Yellow\"},\"conditions\":{\"all\":[{\"name\":\"ageField\",\"operator\":\"greaterThanEqual\",\"value\":\"105\"}]}}',661,130),(14,'{\"operators\":{},\"actions\":{\"name\":\"action-select\",\"value\":\"Green\"},\"conditions\":{\"all\":[{\"name\":\"ageField\",\"operator\":\"lessThanEqual\",\"value\":\"100\"}]}}',661,130),(15,'{\"operators\":{},\"actions\":{\"name\":\"action-select\",\"value\":\"Red\"},\"conditions\":{\"all\":[{\"name\":\"ageField\",\"operator\":\"greaterThan\",\"value\":\"105\"}]}}',661,131),(16,'{\"operators\":{},\"actions\":{\"name\":\"action-select\",\"value\":\"Yellow\"},\"conditions\":{\"all\":[{\"name\":\"ageField\",\"operator\":\"greaterThanEqual\",\"value\":\"105\"}]}}',661,131),(17,'{\"operators\":{},\"actions\":{\"name\":\"action-select\",\"value\":\"Green\"},\"conditions\":{\"all\":[{\"name\":\"ageField\",\"operator\":\"lessThanEqual\",\"value\":\"100\"}]}}',661,131),(18,'{\"operators\":{},\"actions\":{\"name\":\"action-select\",\"value\":\"Red\"},\"conditions\":{\"all\":[{\"name\":\"ageField\",\"operator\":\"greaterThan\",\"value\":\"1\"}]}}',577,114),(19,'{\"operators\":{},\"actions\":{\"name\":\"action-select\",\"value\":\"Yellow\"},\"conditions\":{\"all\":[{\"name\":\"ageField\",\"operator\":\"equalTo\",\"value\":\"2\"}]}}',577,114),(20,'{\"operators\":{},\"actions\":{\"name\":\"action-select\",\"value\":\"Green\"},\"conditions\":{\"all\":[{\"name\":\"ageField\",\"operator\":\"lessThanEqual\",\"value\":\"3\"}]}}',577,114),(21,'{\"operators\":{},\"actions\":{\"name\":\"action-select\",\"value\":\"Red\"},\"conditions\":{\"all\":[{\"name\":\"ageField\",\"operator\":\"lessThan\",\"value\":\"75\"}]}}',675,132),(22,'{\"operators\":{},\"actions\":{\"name\":\"action-select\",\"value\":\"Green\"},\"conditions\":{\"all\":[{\"name\":\"ageField\",\"operator\":\"greaterThanEqual\",\"value\":\"80\"}]}}',675,132),(23,'{\"operators\":{},\"actions\":{\"name\":\"action-select\",\"value\":\"Yellow\"},\"conditions\":{\"all\":[{\"name\":\"ageField\",\"operator\":\"greaterThan\",\"value\":\"76\"}]}}',675,132),(24,'{\"operators\":{},\"actions\":{\"name\":\"action-select\",\"value\":\"Red\"},\"conditions\":{\"all\":[{\"name\":\"ageField\",\"operator\":\"greaterThan\",\"value\":\"3\"}]}}',675,133),(25,'{\"operators\":{},\"actions\":{\"name\":\"action-select\",\"value\":\"Yellow\"},\"conditions\":{\"all\":[{\"name\":\"ageField\",\"operator\":\"lessThanEqual\",\"value\":\"2\"}]}}',675,133),(26,'{\"operators\":{},\"actions\":{\"name\":\"action-select\",\"value\":\"Green\"},\"conditions\":{\"all\":[{\"name\":\"ageField\",\"operator\":\"lessThanEqual\",\"value\":\"1\"}]}}',675,133),(30,'{\"operators\":{},\"actions\":{\"name\":\"action-select\",\"value\":\"Red\"},\"conditions\":{\"all\":[{\"name\":\"ageField\",\"operator\":\"greaterThan\",\"value\":\"1\"}]}}',689,135),(31,'{\"operators\":{},\"actions\":{\"name\":\"action-select\",\"value\":\"Yellow\"},\"conditions\":{\"all\":[{\"name\":\"ageField\",\"operator\":\"lessThan\",\"value\":\"1\"}]}}',689,135),(32,'{\"operators\":{},\"actions\":{\"name\":\"action-select\",\"value\":\"Green\"},\"conditions\":{\"all\":[{\"name\":\"ageField\",\"operator\":\"lessThan\",\"value\":\"0\"}]}}',689,135),(39,'{\"operators\":{},\"actions\":{\"name\":\"action-select\",\"value\":\"Red\"},\"conditions\":{\"all\":[{\"name\":\"ageField\",\"operator\":\"greaterThan\",\"value\":\"1\"}]}}',689,138),(40,'{\"operators\":{},\"actions\":{\"name\":\"action-select\",\"value\":\"Yellow\"},\"conditions\":{\"all\":[{\"name\":\"ageField\",\"operator\":\"lessThan\",\"value\":\"1\"}]}}',689,138),(41,'{\"operators\":{},\"actions\":{\"name\":\"action-select\",\"value\":\"Green\"},\"conditions\":{\"all\":[{\"name\":\"ageField\",\"operator\":\"lessThan\",\"value\":\"0\"}]}}',689,138),(45,'{\"operators\":{},\"actions\":{\"name\":\"action-select\",\"value\":\"Red\"},\"conditions\":{\"all\":[{\"name\":\"ageField\",\"operator\":\"greaterThan\",\"value\":\"1\"}]}}',647,124),(46,'{\"operators\":{},\"actions\":{\"name\":\"action-select\",\"value\":\"Yellow\"},\"conditions\":{\"all\":[{\"name\":\"ageField\",\"operator\":\"greaterThan\",\"value\":\"0.61\"}]}}',647,124),(47,'{\"operators\":{},\"actions\":{\"name\":\"action-select\",\"value\":\"Red\"},\"conditions\":{\"all\":[{\"name\":\"ageField\",\"operator\":\"lessThanEqual\",\"value\":\"1\"}]}}',647,124),(48,'{\"operators\":{},\"actions\":{\"name\":\"action-select\",\"value\":\"Green\"},\"conditions\":{\"all\":[{\"name\":\"ageField\",\"operator\":\"lessThanEqual\",\"value\":\"0.61\"}]}}',647,124),(49,'{\"operators\":{},\"actions\":{\"name\":\"action-select\",\"value\":\"Red\"},\"conditions\":{\"all\":[{\"name\":\"ageField\",\"operator\":\"greaterThan\",\"value\":\"2.68\"}]}}',647,125),(56,'{\"operators\":{},\"actions\":{\"name\":\"action-select\",\"value\":\"Red\"},\"conditions\":{\"all\":[{\"name\":\"ageField\",\"operator\":\"greaterThan\",\"value\":\"2.\"}]}}',703,141),(57,'{\"operators\":{},\"actions\":{\"name\":\"action-select\",\"value\":\"Yellow\"},\"conditions\":{\"all\":[{\"name\":\"ageField\",\"operator\":\"lessThanEqual\",\"value\":\"4.5\"}]}}',703,141),(58,'{\"operators\":{},\"actions\":{\"name\":\"action-select\",\"value\":\"Green\"},\"conditions\":{\"all\":[{\"name\":\"ageField\",\"operator\":\"lessThanEqual\",\"value\":\"4.3\"}]}}',703,141),(59,'{\"operators\":{},\"actions\":{\"name\":\"action-select\",\"value\":\"Red\"},\"conditions\":{\"all\":[{\"name\":\"ageField\",\"operator\":\"greaterThan\",\"value\":\"4.5\"}]}}',703,142),(60,'{\"operators\":{},\"actions\":{\"name\":\"action-select\",\"value\":\"Yellow\"},\"conditions\":{\"all\":[{\"name\":\"ageField\",\"operator\":\"lessThanEqual\",\"value\":\"4.5\"}]}}',703,142),(61,'{\"operators\":{},\"actions\":{\"name\":\"action-select\",\"value\":\"Green\"},\"conditions\":{\"all\":[{\"name\":\"ageField\",\"operator\":\"lessThanEqual\",\"value\":\"4.3\"}]}}',703,142),(62,'{\"operators\":{},\"actions\":{\"name\":\"action-select\",\"value\":\"Red\"},\"conditions\":{\"all\":[{\"name\":\"ageField\",\"operator\":\"greaterThan\",\"value\":\"4.5\"}]}}',703,143),(63,'{\"operators\":{},\"actions\":{\"name\":\"action-select\",\"value\":\"Yellow\"},\"conditions\":{\"all\":[{\"name\":\"ageField\",\"operator\":\"lessThanEqual\",\"value\":\"4.5\"}]}}',703,143),(64,'{\"operators\":{},\"actions\":{\"name\":\"action-select\",\"value\":\"Green\"},\"conditions\":{\"all\":[{\"name\":\"ageField\",\"operator\":\"lessThanEqual\",\"value\":\"4.3\"}]}}',703,143),(65,'{\"operators\":{},\"actions\":{\"name\":\"action-select\",\"value\":\"Red\"},\"conditions\":{\"all\":[{\"name\":\"ageField\",\"operator\":\"greaterThan\",\"value\":\"4.5\"}]}}',703,143),(66,'{\"operators\":{},\"actions\":{\"name\":\"action-select\",\"value\":\"Yellow\"},\"conditions\":{\"all\":[{\"name\":\"ageField\",\"operator\":\"lessThanEqual\",\"value\":\"4.5\"}]}}',703,143),(67,'{\"operators\":{},\"actions\":{\"name\":\"action-select\",\"value\":\"Green\"},\"conditions\":{\"all\":[{\"name\":\"ageField\",\"operator\":\"lessThanEqual\",\"value\":\"4.3\"}]}}',703,143),(68,'{\"operators\":{},\"actions\":{\"name\":\"action-select\",\"value\":\"Red\"},\"conditions\":{\"all\":[{\"name\":\"ageField\",\"operator\":\"greaterThan\",\"value\":\"4.5\"}]}}',703,145),(69,'{\"operators\":{},\"actions\":{\"name\":\"action-select\",\"value\":\"Yellow\"},\"conditions\":{\"all\":[{\"name\":\"ageField\",\"operator\":\"lessThanEqual\",\"value\":\"4.5\"}]}}',703,145),(70,'{\"operators\":{},\"actions\":{\"name\":\"action-select\",\"value\":\"Green\"},\"conditions\":{\"all\":[{\"name\":\"ageField\",\"operator\":\"lessThanEqual\",\"value\":\"4.3\"}]}}',703,145),(71,'{\"operators\":{},\"actions\":{\"name\":\"action-select\",\"value\":\"Red\"},\"conditions\":{\"all\":[{\"name\":\"ageField\",\"operator\":\"greaterThan\",\"value\":\"4.5\"}]}}',703,146),(72,'{\"operators\":{},\"actions\":{\"name\":\"action-select\",\"value\":\"Yellow\"},\"conditions\":{\"all\":[{\"name\":\"ageField\",\"operator\":\"lessThanEqual\",\"value\":\"4.5\"}]}}',703,146),(73,'{\"operators\":{},\"actions\":{\"name\":\"action-select\",\"value\":\"Green\"},\"conditions\":{\"all\":[{\"name\":\"ageField\",\"operator\":\"lessThanEqual\",\"value\":\"4.3\"}]}}',703,146),(74,'{\"operators\":{},\"actions\":{\"name\":\"action-select\",\"value\":\"Red\"},\"conditions\":{\"all\":[{\"name\":\"ageField\",\"operator\":\"greaterThan\",\"value\":\"4.5\"}]}}',703,147),(75,'{\"operators\":{},\"actions\":{\"name\":\"action-select\",\"value\":\"Yellow\"},\"conditions\":{\"all\":[{\"name\":\"ageField\",\"operator\":\"lessThanEqual\",\"value\":\"4.5\"}]}}',703,147),(76,'{\"operators\":{},\"actions\":{\"name\":\"action-select\",\"value\":\"Green\"},\"conditions\":{\"all\":[{\"name\":\"ageField\",\"operator\":\"lessThanEqual\",\"value\":\"4.3\"}]}}',703,147),(77,'{\"operators\":{},\"actions\":{\"name\":\"action-select\",\"value\":\"Red\"},\"conditions\":{\"all\":[{\"name\":\"ageField\",\"operator\":\"greaterThan\",\"value\":\"1\"}]}}',605,118),(78,'{\"operators\":{},\"actions\":{\"name\":\"action-select\",\"value\":\"Yellow\"},\"conditions\":{\"all\":[{\"name\":\"ageField\",\"operator\":\"greaterThan\",\"value\":\"2\"}]}}',605,118),(79,'{\"operators\":{},\"actions\":{\"name\":\"action-select\",\"value\":\"Green\"},\"conditions\":{\"all\":[{\"name\":\"ageField\",\"operator\":\"lessThanEqual\",\"value\":\"3\"}]}}',605,118),(80,'{\"operators\":{},\"actions\":{\"name\":\"action-select\",\"value\":\"Red\"},\"conditions\":{\"all\":[{\"name\":\"ageField\",\"operator\":\"lessThan\",\"value\":\"70\"}]}}',605,119),(81,'{\"operators\":{},\"actions\":{\"name\":\"action-select\",\"value\":\"Yellow\"},\"conditions\":{\"all\":[{\"name\":\"ageField\",\"operator\":\"greaterThanEqual\",\"value\":\"70\"}]}}',605,119),(82,'{\"operators\":{},\"actions\":{\"name\":\"action-select\",\"value\":\"Green\"},\"conditions\":{\"all\":[{\"name\":\"ageField\",\"operator\":\"greaterThan\",\"value\":\"80\"}]}}',605,119),(83,'{\"operators\":{},\"actions\":{\"name\":\"action-select\",\"value\":\"Red\"},\"conditions\":{\"all\":[{\"name\":\"ageField\",\"operator\":\"greaterThan\",\"value\":\"4\"}]}}',605,120),(84,'{\"operators\":{},\"actions\":{\"name\":\"action-select\",\"value\":\"Yellow\"},\"conditions\":{\"all\":[{\"name\":\"ageField\",\"operator\":\"lessThanEqual\",\"value\":\"3\"}]}}',605,120),(85,'{\"operators\":{},\"actions\":{\"name\":\"action-select\",\"value\":\"Green\"},\"conditions\":{\"all\":[{\"name\":\"ageField\",\"operator\":\"lessThanEqual\",\"value\":\"2\"}]}}',605,120),(89,'{\"operators\":{},\"actions\":{\"name\":\"action-select\",\"value\":\"Red\"},\"conditions\":{\"all\":[{\"name\":\"ageField\",\"operator\":\"greaterThan\",\"value\":\"5\"}]}}',619,121),(90,'{\"operators\":{},\"actions\":{\"name\":\"action-select\",\"value\":\"Yellow\"},\"conditions\":{\"all\":[{\"name\":\"ageField\",\"operator\":\"equalTo\",\"value\":\"5\"}]}}',619,121),(91,'{\"operators\":{},\"actions\":{\"name\":\"action-select\",\"value\":\"Green\"},\"conditions\":{\"all\":[{\"name\":\"ageField\",\"operator\":\"lessThan\",\"value\":\"3\"}]}}',619,121),(95,'{\"operators\":{},\"actions\":{\"name\":\"action-select\",\"value\":\"Red\"},\"conditions\":{\"all\":[{\"name\":\"ageField\",\"operator\":\"greaterThan\",\"value\":\"3\"}]}}',591,117),(96,'{\"operators\":{},\"actions\":{\"name\":\"action-select\",\"value\":\"Yellow\"},\"conditions\":{\"all\":[{\"name\":\"ageField\",\"operator\":\"lessThanEqual\",\"value\":\"2\"}]}}',591,117),(97,'{\"operators\":{},\"actions\":{\"name\":\"action-select\",\"value\":\"Red\"},\"conditions\":{\"all\":[{\"name\":\"ageField\",\"operator\":\"lessThan\",\"value\":\"99\"}]}}',633,122),(98,'{\"operators\":{},\"actions\":{\"name\":\"action-select\",\"value\":\"Yellow\"},\"conditions\":{\"all\":[{\"name\":\"ageField\",\"operator\":\"greaterThanEqual\",\"value\":\"99\"}]}}',633,122),(99,'{\"operators\":{},\"actions\":{\"name\":\"action-select\",\"value\":\"Green\"},\"conditions\":{\"all\":[{\"name\":\"ageField\",\"operator\":\"greaterThanEqual\",\"value\":\"99.7\"}]}}',633,122),(100,'{\"operators\":{},\"actions\":{\"name\":\"action-select\",\"value\":\"Red\"},\"conditions\":{\"all\":[{\"name\":\"ageField\",\"operator\":\"lessThan\",\"value\":\"99\"}]}}',633,123),(101,'{\"operators\":{},\"actions\":{\"name\":\"action-select\",\"value\":\"Yellow\"},\"conditions\":{\"all\":[{\"name\":\"ageField\",\"operator\":\"greaterThanEqual\",\"value\":\"99\"}]}}',633,123),(102,'{\"operators\":{},\"actions\":{\"name\":\"action-select\",\"value\":\"Green\"},\"conditions\":{\"all\":[{\"name\":\"ageField\",\"operator\":\"greaterThanEqual\",\"value\":\"99.7\"}]}}',633,123),(103,'{\"operators\":{},\"actions\":{\"name\":\"action-select\",\"value\":\"Green\"},\"conditions\":{\"all\":[{\"name\":\"ageField\",\"operator\":\"equalTo\",\"value\":\"0\"}]}}',549,110),(104,'{\"operators\":{},\"actions\":{\"name\":\"action-select\",\"value\":\"Yellow\"},\"conditions\":{\"all\":[{\"name\":\"ageField\",\"operator\":\"lessThan\",\"value\":\"1\"}]}}',549,110),(105,'{\"operators\":{},\"actions\":{\"name\":\"action-select\",\"value\":\"Red\"},\"conditions\":{\"all\":[{\"name\":\"ageField\",\"operator\":\"greaterThan\",\"value\":\"2\"}]}}',549,110),(106,'{\"operators\":{},\"actions\":{\"name\":\"action-select\",\"value\":\"Red\"},\"conditions\":{\"all\":[{\"name\":\"ageField\",\"operator\":\"greaterThan\",\"value\":\"2\"}]}}',563,111),(107,'{\"operators\":{},\"actions\":{\"name\":\"action-select\",\"value\":\"Yellow\"},\"conditions\":{\"all\":[{\"name\":\"ageField\",\"operator\":\"equalTo\",\"value\":\"2\"}]}}',563,111),(108,'{\"operators\":{},\"actions\":{\"name\":\"action-select\",\"value\":\"Green\"},\"conditions\":{\"all\":[{\"name\":\"ageField\",\"operator\":\"lessThanEqual\",\"value\":\"1\"}]}}',563,111),(109,'{\"operators\":{},\"actions\":{\"name\":\"action-select\",\"value\":\"Red\"},\"conditions\":{\"all\":[{\"name\":\"ageField\",\"operator\":\"greaterThan\",\"value\":\"2\"}]}}',563,112),(110,'{\"operators\":{},\"actions\":{\"name\":\"action-select\",\"value\":\"Yellow\"},\"conditions\":{\"all\":[{\"name\":\"ageField\",\"operator\":\"equalTo\",\"value\":\"2\"}]}}',563,112),(111,'{\"operators\":{},\"actions\":{\"name\":\"action-select\",\"value\":\"Green\"},\"conditions\":{\"all\":[{\"name\":\"ageField\",\"operator\":\"lessThanEqual\",\"value\":\"1\"}]}}',563,112),(112,'{\"operators\":{},\"actions\":{\"name\":\"action-select\",\"value\":\"Red\"},\"conditions\":{\"all\":[{\"name\":\"ageField\",\"operator\":\"greaterThan\",\"value\":\"2\"}]}}',563,113),(113,'{\"operators\":{},\"actions\":{\"name\":\"action-select\",\"value\":\"Yellow\"},\"conditions\":{\"all\":[{\"name\":\"ageField\",\"operator\":\"equalTo\",\"value\":\"2\"}]}}',563,113),(114,'{\"operators\":{},\"actions\":{\"name\":\"action-select\",\"value\":\"Green\"},\"conditions\":{\"all\":[{\"name\":\"ageField\",\"operator\":\"lessThanEqual\",\"value\":\"2\"}]}}',563,113),(115,'{\"operators\":{},\"actions\":{\"name\":\"action-select\",\"value\":\"Red\"},\"conditions\":{\"all\":[{\"name\":\"ageField\",\"operator\":\"greaterThan\",\"value\":\"1\"}]}}',689,140),(116,'{\"operators\":{},\"actions\":{\"name\":\"action-select\",\"value\":\"Yellow\"},\"conditions\":{\"all\":[{\"name\":\"ageField\",\"operator\":\"lessThan\",\"value\":\"1\"}]}}',689,140),(117,'{\"operators\":{},\"actions\":{\"name\":\"action-select\",\"value\":\"Green\"},\"conditions\":{\"all\":[{\"name\":\"ageField\",\"operator\":\"equalTo\",\"value\":\"0\"}]}}',689,140),(118,'{\"operators\":{},\"actions\":{\"name\":\"action-select\",\"value\":\"Red\"},\"conditions\":{\"all\":[{\"name\":\"ageField\",\"operator\":\"greaterThan\",\"value\":\"1\"}]}}',647,148),(119,'{\"operators\":{},\"actions\":{\"name\":\"action-select\",\"value\":\"Yellow\"},\"conditions\":{\"all\":[{\"name\":\"ageField\",\"operator\":\"equalTo\",\"value\":\"1\"}]}}',647,148),(120,'{\"operators\":{},\"actions\":{\"name\":\"action-select\",\"value\":\"Green\"},\"conditions\":{\"all\":[{\"name\":\"ageField\",\"operator\":\"lessThan\",\"value\":\"0\"}]}}',647,148),(121,'{\"operators\":{},\"actions\":{\"name\":\"action-select\",\"value\":\"Red\"},\"conditions\":{\"all\":[{\"name\":\"ageField\",\"operator\":\"greaterThan\",\"value\":\"1\"}]}}',689,137),(122,'{\"operators\":{},\"actions\":{\"name\":\"action-select\",\"value\":\"Yellow\"},\"conditions\":{\"all\":[{\"name\":\"ageField\",\"operator\":\"lessThan\",\"value\":\"1\"}]}}',689,137),(123,'{\"operators\":{},\"actions\":{\"name\":\"action-select\",\"value\":\"Green\"},\"conditions\":{\"all\":[{\"name\":\"ageField\",\"operator\":\"lessThan\",\"value\":\"0\"}]}}',689,137),(124,'{\"operators\":{},\"actions\":{\"name\":\"action-select\",\"value\":\"Red\"},\"conditions\":{\"all\":[{\"name\":\"ageField\",\"operator\":\"equalTo\",\"value\":\"3\"}]}}',591,116),(125,'{\"operators\":{},\"actions\":{\"name\":\"action-select\",\"value\":\"Yellow\"},\"conditions\":{\"all\":[{\"name\":\"ageField\",\"operator\":\"lessThan\",\"value\":\"2\"}]}}',591,116),(126,'{\"operators\":{},\"actions\":{\"name\":\"action-select\",\"value\":\"Green\"},\"conditions\":{\"all\":[{\"name\":\"ageField\",\"operator\":\"equalTo\",\"value\":\"1\"}]}}',591,116);
/*!40000 ALTER TABLE `rules` ENABLE KEYS */;
UNLOCK TABLES;

--
-- Table structure for table `scorecard__lookup_data`
--

DROP TABLE IF EXISTS `scorecard__lookup_data`;
/*!40101 SET @saved_cs_client     = @@character_set_client */;
/*!40101 SET character_set_client = utf8 */;
CREATE TABLE `scorecard__lookup_data` (
  `id` int(11) NOT NULL AUTO_INCREMENT,
  `individualKpiAverageScore` varchar(255) COLLATE utf8_unicode_ci NOT NULL,
  `elementcolor` varchar(255) COLLATE utf8_unicode_ci NOT NULL,
  `kpiColor` varchar(255) COLLATE utf8_unicode_ci NOT NULL,
  `monthdetail` date NOT NULL,
  `shipDetailsId` varchar(255) COLLATE utf8_unicode_ci NOT NULL,
  `KpiDetailsId` int(11) DEFAULT NULL,
  `ElementDetailsId` int(11) DEFAULT NULL,
  PRIMARY KEY (`id`),
  KEY `IDX_2587F07BF10FA648` (`KpiDetailsId`),
  KEY `IDX_2587F07BABFC5A8E` (`ElementDetailsId`),
  CONSTRAINT `FK_2587F07BABFC5A8E` FOREIGN KEY (`ElementDetailsId`) REFERENCES `element_details` (`id`),
  CONSTRAINT `FK_2587F07BF10FA648` FOREIGN KEY (`KpiDetailsId`) REFERENCES `kpi_details` (`id`)
) ENGINE=InnoDB AUTO_INCREMENT=196 DEFAULT CHARSET=utf8 COLLATE=utf8_unicode_ci;
/*!40101 SET character_set_client = @saved_cs_client */;

--
-- Dumping data for table `scorecard__lookup_data`
--

LOCK TABLES `scorecard__lookup_data` WRITE;
/*!40000 ALTER TABLE `scorecard__lookup_data` DISABLE KEYS */;
INSERT INTO `scorecard__lookup_data` VALUES (132,'3','Green','Green','2016-07-31','26,27',661,128),(133,'3','Green','Green','2016-07-31','26,27',661,129),(134,'3','Green','Green','2016-07-31','26,27',661,130),(135,'3','Green','Green','2016-07-31','26,27',661,131),(136,'3','Green','Green','2016-07-31','26,27',577,114),(137,'1.5','Red','Red','2016-07-31','26,27',675,132),(138,'1.5','Yellow','Red','2016-07-31','26,27',675,133),(139,'0.85','Red','Red','2016-07-31','26,27',689,135),(140,'0.85','Red','Red','2016-07-31','26,27',689,137),(141,'0.85','Red','Red','2016-07-31','26,27',689,138),(142,'0.85','Red','Red','2016-07-31','26,27',689,140),(143,'0.3','Red','Red','2016-07-31','26,27',647,124),(144,'0.3','false','Red','2016-07-31','26,27',647,125),(145,'0.3','false','Red','2016-07-31','26,27',647,148),(146,'2','Yellow','Yellow','2016-07-31','26,27',703,141),(147,'2','Yellow','Yellow','2016-07-31','26,27',703,142),(148,'2','Yellow','Yellow','2016-07-31','26,27',703,143),(149,'2','Yellow','Yellow','2016-07-31','26,27',703,145),(150,'2','Yellow','Yellow','2016-07-31','26,27',703,146),(151,'2','Yellow','Yellow','2016-07-31','26,27',703,147),(152,'1.9','Green','Yellow','2016-07-31','26,27',605,118),(153,'1.9','Red','Yellow','2016-07-31','26,27',605,119),(154,'1.9','Yellow','Yellow','2016-07-31','26,27',605,120),(155,'3','Green','Green','2016-07-31','26,27',619,121),(156,'2','Yellow','Yellow','2016-07-31','26,27',591,116),(157,'2','Yellow','Yellow','2016-07-31','26,27',591,117),(158,'1','Red','Red','2016-07-31','26,27',633,122),(159,'1','Red','Red','2016-07-31','26,27',633,123),(160,'3','Green','Green','2016-07-31','26,27',549,110),(161,'3','Green','Green','2016-07-31','26,27',563,111),(162,'3','Green','Green','2016-07-31','26,27',563,112),(163,'3','Green','Green','2016-07-31','26,27',563,113),(164,'3','Green','false','2016-05-31','26,27,28,29,30,31,32',661,128),(165,'3','Green','false','2016-05-31','26,27,28,29,30,31,32',661,129),(166,'3','Green','false','2016-05-31','26,27,28,29,30,31,32',661,130),(167,'3','Green','false','2016-05-31','26,27,28,29,30,31,32',661,131),(168,'1','Red','false','2016-05-31','26,27,28,29,30,31,32',577,114),(169,'0.5','Red','false','2016-05-31','26,27,28,29,30,31,32',675,132),(170,'0.5','false','false','2016-05-31','26,27,28,29,30,31,32',675,133),(171,'0.85','Red','false','2016-05-31','26,27,28,29,30,31,32',689,135),(172,'0.85','Red','false','2016-05-31','26,27,28,29,30,31,32',689,137),(173,'0.85','Red','false','2016-05-31','26,27,28,29,30,31,32',689,138),(174,'0.85','Red','false','2016-05-31','26,27,28,29,30,31,32',689,140),(175,'0.6','Red','false','2016-05-31','26,27,28,29,30,31,32',647,124),(176,'0.6','Red','false','2016-05-31','26,27,28,29,30,31,32',647,125),(177,'1.65','Red','false','2016-05-31','26,27,28,29,30,31,32',703,141),(178,'1.65','Yellow','false','2016-05-31','26,27,28,29,30,31,32',703,142),(179,'1.65','Yellow','false','2016-05-31','26,27,28,29,30,31,32',703,143),(180,'1.65','Yellow','false','2016-05-31','26,27,28,29,30,31,32',703,145),(181,'1.65','Red','false','2016-05-31','26,27,28,29,30,31,32',703,146),(182,'1.65','Yellow','false','2016-05-31','26,27,28,29,30,31,32',703,147),(183,'1.3','Red','false','2016-05-31','26,27,28,29,30,31,32',605,118),(184,'1.3','Red','false','2016-05-31','26,27,28,29,30,31,32',605,119),(185,'1.3','Yellow','false','2016-05-31','26,27,28,29,30,31,32',605,120),(186,'1','Red','false','2016-05-31','26,27,28,29,30,31,32',619,121),(187,'0','false','false','2016-05-31','26,27,28,29,30,31,32',591,116),(188,'0','false','false','2016-05-31','26,27,28,29,30,31,32',591,117),(189,'1','Red','false','2016-05-31','26,27,28,29,30,31,32',633,122),(190,'1','Red','false','2016-05-31','26,27,28,29,30,31,32',633,123),(191,'0','false','false','2016-05-31','26,27,28,29,30,31,32',549,110),(192,'2','Green','false','2016-05-31','26,27,28,29,30,31,32',563,111),(193,'2','Green','false','2016-05-31','26,27,28,29,30,31,32',563,112),(194,'2','Red','false','2016-05-31','26,27,28,29,30,31,32',563,113),(195,'2','Red','false','2016-05-31','26,27,28,29,30,31,32',563,148);
/*!40000 ALTER TABLE `scorecard__lookup_data` ENABLE KEYS */;
UNLOCK TABLES;

--
-- Table structure for table `scorecard__lookup_status`
--

DROP TABLE IF EXISTS `scorecard__lookup_status`;
/*!40101 SET @saved_cs_client     = @@character_set_client */;
/*!40101 SET character_set_client = utf8 */;
CREATE TABLE `scorecard__lookup_status` (
  `id` int(11) NOT NULL AUTO_INCREMENT,
  `shipid` varchar(255) COLLATE utf8_unicode_ci NOT NULL,
  `status` int(11) NOT NULL,
  `dataofmonth` datetime NOT NULL,
  `datetime` datetime NOT NULL,
  `userid` varchar(255) COLLATE utf8_unicode_ci NOT NULL,
  PRIMARY KEY (`id`)
) ENGINE=InnoDB AUTO_INCREMENT=8 DEFAULT CHARSET=utf8 COLLATE=utf8_unicode_ci;
/*!40101 SET character_set_client = @saved_cs_client */;

--
-- Dumping data for table `scorecard__lookup_status`
--

LOCK TABLES `scorecard__lookup_status` WRITE;
/*!40000 ALTER TABLE `scorecard__lookup_status` DISABLE KEYS */;
INSERT INTO `scorecard__lookup_status` VALUES (6,'26,27',4,'2016-07-31 00:00:00','2016-04-27 16:00:41','133'),(7,'26,27,28,29,30,31,32',4,'2016-05-31 00:00:00','2016-05-19 12:49:39','133');
/*!40000 ALTER TABLE `scorecard__lookup_status` ENABLE KEYS */;
UNLOCK TABLES;

--
-- Table structure for table `send_command`
--

DROP TABLE IF EXISTS `send_command`;
/*!40101 SET @saved_cs_client     = @@character_set_client */;
/*!40101 SET character_set_client = utf8 */;
CREATE TABLE `send_command` (
  `id` int(11) NOT NULL AUTO_INCREMENT,
  `useremialid` varchar(35) COLLATE utf8_unicode_ci DEFAULT NULL,
  `comment` varchar(35) COLLATE utf8_unicode_ci NOT NULL,
  `clientemail` varchar(35) COLLATE utf8_unicode_ci DEFAULT NULL,
  `datetime` datetime DEFAULT NULL,
  `filename` varchar(35) COLLATE utf8_unicode_ci DEFAULT NULL,
  `kpiid` int(11) DEFAULT NULL,
  `shipid` int(11) DEFAULT NULL,
  PRIMARY KEY (`id`)
) ENGINE=InnoDB AUTO_INCREMENT=33 DEFAULT CHARSET=utf8 COLLATE=utf8_unicode_ci;
/*!40101 SET character_set_client = @saved_cs_client */;

--
-- Dumping data for table `send_command`
--

LOCK TABLES `send_command` WRITE;
/*!40000 ALTER TABLE `send_command` DISABLE KEYS */;
INSERT INTO `send_command` VALUES (1,'doss.cclawrance226@gmail.com','haiii','lawrance@commusoft.co.uk','2016-03-14 11:41:06','chart_2016-03-14 17-10-54.pdf',385,NULL),(2,'sathishr29@gmail.com','haiiii sathish','lawrance@commusoft.co.uk','2016-03-14 13:22:20','chart_2016-03-14 18-52-08.pdf',380,NULL),(3,'sathishr29@gmail.com','haiiiiiiiiiiiiiiiiiiiiiii','star123@gmail.com','2016-03-14 13:27:51','chart_2016-03-14 18-57-42.pdf',381,NULL),(4,NULL,'','star123@gmail.com','2016-04-14 17:33:41',NULL,661,NULL),(5,NULL,'new comment','star123@gmail.com','2016-04-19 13:37:57',NULL,661,NULL),(6,NULL,' hi','star123@gmail.com','2016-04-19 13:38:22',NULL,661,NULL),(7,NULL,'save','star123@gmail.com','2016-04-20 07:33:51',NULL,577,NULL),(8,NULL,'save','star123@gmail.com','2016-04-20 10:30:38','chart_2016-04-20 10-59-06.pdf',647,NULL),(9,NULL,'save one','star123@gmail.com','2016-04-20 11:00:16',NULL,577,NULL),(10,NULL,'new comment','star123@gmail.com','2016-04-20 11:04:28',NULL,577,NULL),(11,NULL,'save','star123@gmail.com','2016-04-20 11:08:47',NULL,577,NULL),(12,NULL,'welcome','star123@gmail.com','2016-04-20 11:09:30',NULL,577,NULL),(13,NULL,'avc','star123@gmail.com','2016-04-20 11:10:12',NULL,577,NULL),(14,NULL,'Hi welcome','star123@gmail.com','2016-04-26 14:28:35',NULL,633,NULL),(15,NULL,'Hi welcome','star123@gmail.com','2016-04-28 09:54:05',NULL,661,NULL),(16,NULL,'Hi Comment added','star123@gmail.com','2016-04-28 10:25:48','chart_2016-04-28 11-23-59.pdf',661,NULL),(17,NULL,'new comment','star123@gmail.com','2016-05-06 18:08:41','chart_2016-05-06 18-17-15.pdf',661,NULL),(18,NULL,'save','star123@gmail.com','2016-05-14 12:35:24',NULL,577,NULL),(19,NULL,'welcome','star123@gmail.com','2016-05-14 12:38:30','chart_2016-05-14 12-39-09.pdf',577,NULL),(20,NULL,'Hi New Comment','star123@gmail.com','2016-05-18 15:24:55','chart_2016-05-18 15-26-26.pdf',577,NULL),(21,NULL,'Hi','star123@gmail.com','2016-05-20 11:15:52',NULL,577,NULL),(22,NULL,'','star123@gmail.com','2016-05-20 12:02:32',NULL,605,NULL),(23,NULL,'New Comment','star123@gmail.com','2016-05-20 12:09:34',NULL,605,NULL),(24,NULL,'Hi Comment','star123@gmail.com','2016-05-20 12:10:52',NULL,605,NULL),(25,NULL,'Hi New Comment','star123@gmail.com','2016-05-20 12:11:41',NULL,605,NULL),(26,NULL,'HI','star123@gmail.com','2016-05-20 12:20:29',NULL,577,NULL),(27,NULL,'HI Comment','star123@gmail.com','2016-05-20 12:25:35',NULL,577,NULL),(28,NULL,'Hi Comment','star123@gmail.com','2016-05-20 12:27:57',NULL,577,NULL),(29,NULL,'HI New comment','star123@gmail.com','2016-05-20 12:30:01',NULL,577,NULL),(30,NULL,'Comment','star123@gmail.com','2016-05-20 12:30:59',NULL,577,NULL),(31,NULL,'Hi','star123@gmail.com','2016-05-20 12:39:43',NULL,689,NULL),(32,NULL,'abc','star123@gmail.com','2016-05-20 12:43:15',NULL,633,NULL);
/*!40000 ALTER TABLE `send_command` ENABLE KEYS */;
UNLOCK TABLES;

--
-- Table structure for table `send_command_ranking`
--

DROP TABLE IF EXISTS `send_command_ranking`;
/*!40101 SET @saved_cs_client     = @@character_set_client */;
/*!40101 SET character_set_client = utf8 */;
CREATE TABLE `send_command_ranking` (
  `id` int(11) NOT NULL AUTO_INCREMENT,
  `comment` varchar(35) COLLATE utf8_unicode_ci NOT NULL,
  `filename` varchar(35) COLLATE utf8_unicode_ci DEFAULT NULL,
  `clientemail` varchar(35) COLLATE utf8_unicode_ci DEFAULT NULL,
  `useremialid` varchar(35) COLLATE utf8_unicode_ci DEFAULT NULL,
  `datetime` datetime DEFAULT NULL,
  `kpiid` int(11) DEFAULT NULL,
  `shipid` int(11) DEFAULT NULL,
  PRIMARY KEY (`id`)
) ENGINE=InnoDB AUTO_INCREMENT=49 DEFAULT CHARSET=utf8 COLLATE=utf8_unicode_ci;
/*!40101 SET character_set_client = @saved_cs_client */;

--
-- Dumping data for table `send_command_ranking`
--

LOCK TABLES `send_command_ranking` WRITE;
/*!40000 ALTER TABLE `send_command_ranking` DISABLE KEYS */;
INSERT INTO `send_command_ranking` VALUES (1,'Hi welcome',NULL,'star123@gmail.com',NULL,'2016-04-18 18:14:50',NULL,0),(2,'new comment','chart_2016-04-18 18-32-17.pdf','star123@gmail.com',NULL,'2016-04-18 18:17:39',NULL,36),(3,'add comment','chart_2016-04-19 14-00-35.pdf','star123@gmail.com',NULL,'2016-04-19 13:58:35',NULL,26),(4,'afasdf',NULL,'star123@gmail.com',NULL,'2016-04-26 16:19:13',NULL,27),(5,'Hi Welcome',NULL,'star123@gmail.com',NULL,'2016-04-27 18:23:38',NULL,27),(6,'HI Welcome',NULL,'star123@gmail.com',NULL,'2016-04-27 18:27:18',NULL,27),(7,'HI welcome',NULL,'star123@gmail.com',NULL,'2016-04-27 18:28:51',NULL,27),(8,'HI welcome',NULL,'star123@gmail.com',NULL,'2016-04-27 18:39:15',NULL,27),(9,'Hi welcome','chart_2016-04-27 19-25-34.pdf','star123@gmail.com',NULL,'2016-04-27 18:40:30',NULL,27),(10,'Hi Welcome','chart_2016-04-27 19-38-03.pdf','star123@gmail.com',NULL,'2016-04-27 19:28:28',NULL,27),(11,'Hi Welcome','chart_2016-04-27 19-54-10.pdf','star123@gmail.com',NULL,'2016-04-27 19:51:21',184,NULL),(12,'Hi welcome','chart_2016-04-27 20-26-26.pdf','star123@gmail.com',NULL,'2016-04-27 20:21:51',198,NULL),(13,'HI Welcome',NULL,'star123@gmail.com',NULL,'2016-05-03 11:18:49',NULL,27),(14,'save',NULL,'star123@gmail.com',NULL,'2016-05-05 10:23:52',NULL,27),(15,'Hi Welcome','chart_2016-05-06 18-25-33.pdf','star123@gmail.com',NULL,'2016-05-06 18:19:20',NULL,27),(16,'Hi\n','chart_2016-05-06 18-27-58.pdf','star123@gmail.com',NULL,'2016-05-06 18:26:06',282,NULL),(17,'HI Welcome',NULL,'star123@gmail.com',NULL,'2016-05-13 15:52:24',NULL,26),(18,'HI Welcome',NULL,'star123@gmail.com',NULL,'2016-05-13 15:52:47',NULL,26),(19,'HI Welcome',NULL,'star123@gmail.com',NULL,'2016-05-13 15:55:34',NULL,26),(20,'Hi Welcome this is comment',NULL,'star123@gmail.com',NULL,'2016-05-13 15:58:09',NULL,26),(21,'save comment',NULL,'star123@gmail.com',NULL,'2016-05-13 16:03:27',NULL,26),(22,'Welcome',NULL,'star123@gmail.com',NULL,'2016-05-13 16:04:43',NULL,26),(23,'Welcome',NULL,'star123@gmail.com',NULL,'2016-05-13 16:06:47',NULL,26),(24,'HI Welcome',NULL,'star123@gmail.com',NULL,'2016-05-13 16:10:31',NULL,26),(25,'HI ',NULL,'star123@gmail.com',NULL,'2016-05-13 16:17:22',NULL,27),(26,'Hi',NULL,'star123@gmail.com',NULL,'2016-05-13 16:20:28',NULL,27),(27,'ssssss',NULL,'star123@gmail.com',NULL,'2016-05-13 16:22:03',NULL,27),(28,'This is Comment',NULL,'star123@gmail.com',NULL,'2016-05-13 16:25:23',NULL,27),(29,'welcome abcdef',NULL,'star123@gmail.com',NULL,'2016-05-13 16:36:04',NULL,26),(30,'Hi This is Comment',NULL,'star123@gmail.com',NULL,'2016-05-13 16:38:54',NULL,26),(31,'Welcoe',NULL,'star123@gmail.com',NULL,'2016-05-13 16:39:59',NULL,26),(32,'Hi Twin',NULL,'star123@gmail.com',NULL,'2016-05-13 16:41:36',NULL,26),(33,'Common Text',NULL,'star123@gmail.com',NULL,'2016-05-13 16:42:08',NULL,26),(34,'save',NULL,'star123@gmail.com',NULL,'2016-05-14 10:58:14',NULL,26),(35,'save Hi',NULL,'star123@gmail.com',NULL,'2016-05-14 10:59:05',NULL,26),(36,'abc',NULL,'star123@gmail.com',NULL,'2016-05-14 11:09:43',NULL,26),(37,'Hi welcome',NULL,'star123@gmail.com',NULL,'2016-05-14 11:14:00',NULL,26),(38,'will do it',NULL,'star123@gmail.com',NULL,'2016-05-14 11:19:32',NULL,26),(39,'Welcome',NULL,'star123@gmail.com',NULL,'2016-05-14 11:25:44',NULL,26),(40,'save document',NULL,'star123@gmail.com',NULL,'2016-05-14 11:31:59',NULL,26),(41,'save',NULL,'star123@gmail.com',NULL,'2016-05-14 11:40:25',NULL,27),(42,'welcome',NULL,'star123@gmail.com',NULL,'2016-05-14 11:46:57',NULL,27),(43,'savce',NULL,'star123@gmail.com',NULL,'2016-05-14 11:49:07',NULL,27),(44,'save ','chart_2016-05-14 12-16-23.pdf','star123@gmail.com',NULL,'2016-05-14 12:12:16',NULL,27),(45,'Welcome',NULL,'star123@gmail.com',NULL,'2016-05-14 12:24:24',198,NULL),(46,'Hi Welcome',NULL,'star123@gmail.com',NULL,'2016-05-14 12:26:12',198,NULL),(47,'Hi New comment',NULL,'star123@gmail.com',NULL,'2016-05-18 15:34:27',NULL,39),(48,'Hi New Comment',NULL,'star123@gmail.com',NULL,'2016-05-19 14:56:54',NULL,33);
/*!40000 ALTER TABLE `send_command_ranking` ENABLE KEYS */;
UNLOCK TABLES;

--
-- Table structure for table `ship_details`
--

DROP TABLE IF EXISTS `ship_details`;
/*!40101 SET @saved_cs_client     = @@character_set_client */;
/*!40101 SET character_set_client = utf8 */;
CREATE TABLE `ship_details` (
  `id` int(11) NOT NULL AUTO_INCREMENT,
  `ShipName` varchar(100) COLLATE utf8_unicode_ci NOT NULL,
  `companyDetailsId` int(11) DEFAULT NULL,
  `description` varchar(125) COLLATE utf8_unicode_ci DEFAULT NULL,
  `Imonumber` varchar(125) COLLATE utf8_unicode_ci NOT NULL,
  `location` varchar(125) COLLATE utf8_unicode_ci NOT NULL,
  `manufacturingYear` varchar(125) COLLATE utf8_unicode_ci NOT NULL,
  `built` varchar(125) COLLATE utf8_unicode_ci NOT NULL,
  `size` varchar(125) COLLATE utf8_unicode_ci NOT NULL,
  `gt` varchar(125) COLLATE utf8_unicode_ci NOT NULL,
  `shipType` int(11) DEFAULT NULL,
  `country` int(11) DEFAULT NULL,
  PRIMARY KEY (`id`),
  UNIQUE KEY `UNIQ_7C0B3BE7FAE99B7` (`ShipName`),
  KEY `IDX_7C0B3BE7C8A54A33` (`companyDetailsId`),
  KEY `IDX_7C0B3BE72425D2CE` (`shipType`),
  KEY `IDX_7C0B3BE75373C966` (`country`),
  CONSTRAINT `FK_7C0B3BE72425D2CE` FOREIGN KEY (`shipType`) REFERENCES `ship_types` (`id`),
  CONSTRAINT `FK_7C0B3BE75373C966` FOREIGN KEY (`country`) REFERENCES `apps_countries` (`id`),
  CONSTRAINT `FK_7C0B3BE7C8A54A33` FOREIGN KEY (`companyDetailsId`) REFERENCES `company_details` (`id`)
) ENGINE=InnoDB AUTO_INCREMENT=40 DEFAULT CHARSET=utf8 COLLATE=utf8_unicode_ci;
/*!40101 SET character_set_client = @saved_cs_client */;

--
-- Dumping data for table `ship_details`
--

LOCK TABLES `ship_details` WRITE;
/*!40000 ALTER TABLE `ship_details` DISABLE KEYS */;
INSERT INTO `ship_details` VALUES (26,'Azure',10,'performance ok','081234','dhaka','2012','available','4000','nil',2,1),(27,'Calm',10,'working okay','098722','Sydney','2009','available','4000','available',2,13),(28,'Eden',10,'ship working ok','00234','canni','2009','available','6000','nil',3,30),(29,'Emerald',10,'ship performance good','00865','vetanam','2009','available','4000','available',4,44),(30,'Falcon',10,'shipp asff','80076','egyia','2007','available','4000','available',5,62),(31,'Fortune',10,'performance good','000987','chennai','2011','available','3000','available',3,99),(32,'Halong',10,'performance bad','20098','Delhi','2008','available','4000','available',6,99),(33,'Jupiter',10,'shipp asff','000865','Kolkota','2011','available','5000','available',2,99),(34,'Mykonos',10,'ship working ok','00234','bengaluru','2013','available','4000','available',3,99),(35,'Orion',10,'working okay','80034','Pune','2008','available','3000','available',5,99),(36,'Paradise',10,'performance good','20067','punjab','2006','available','300','available',3,99),(37,'Reunion',10,'ship performance good','000978','rajasthan','2008','available','2000','available',6,99),(38,'Teal',10,'ship performance good','00765','hanhsi','2008','available','3000','available',1,96),(39,'Venus',10,'working okay','00345','kirani','2005','available','2000','available',3,101);
/*!40000 ALTER TABLE `ship_details` ENABLE KEYS */;
UNLOCK TABLES;

--
-- Table structure for table `ship_status_details`
--

DROP TABLE IF EXISTS `ship_status_details`;
/*!40101 SET @saved_cs_client     = @@character_set_client */;
/*!40101 SET character_set_client = utf8 */;
CREATE TABLE `ship_status_details` (
  `id` int(11) NOT NULL AUTO_INCREMENT,
  `ActiveDate` datetime DEFAULT NULL,
  `EndDate` datetime DEFAULT NULL,
  `status` varchar(125) COLLATE utf8_unicode_ci NOT NULL,
  `ShipDetailsId` int(11) DEFAULT NULL,
  PRIMARY KEY (`id`),
  KEY `IDX_4D63CA015041247E` (`ShipDetailsId`),
  CONSTRAINT `FK_4D63CA015041247E` FOREIGN KEY (`ShipDetailsId`) REFERENCES `ship_details` (`id`)
) ENGINE=InnoDB AUTO_INCREMENT=66 DEFAULT CHARSET=utf8 COLLATE=utf8_unicode_ci;
/*!40101 SET character_set_client = @saved_cs_client */;

--
-- Dumping data for table `ship_status_details`
--

LOCK TABLES `ship_status_details` WRITE;
/*!40000 ALTER TABLE `ship_status_details` DISABLE KEYS */;
INSERT INTO `ship_status_details` VALUES (62,'2016-05-11 11:40:15',NULL,'1',26),(63,'2016-05-11 11:46:12',NULL,'1',29),(64,NULL,'2016-05-11 11:49:41','0',26),(65,'2016-05-11 11:55:38',NULL,'1',30);
/*!40000 ALTER TABLE `ship_status_details` ENABLE KEYS */;
UNLOCK TABLES;

--
-- Table structure for table `ship_types`
--

DROP TABLE IF EXISTS `ship_types`;
/*!40101 SET @saved_cs_client     = @@character_set_client */;
/*!40101 SET character_set_client = utf8 */;
CREATE TABLE `ship_types` (
  `id` int(11) NOT NULL AUTO_INCREMENT,
  `ShipType` varchar(255) COLLATE utf8_unicode_ci NOT NULL,
  PRIMARY KEY (`id`)
) ENGINE=InnoDB AUTO_INCREMENT=7 DEFAULT CHARSET=utf8 COLLATE=utf8_unicode_ci;
/*!40101 SET character_set_client = @saved_cs_client */;

--
-- Dumping data for table `ship_types`
--

LOCK TABLES `ship_types` WRITE;
/*!40000 ALTER TABLE `ship_types` DISABLE KEYS */;
INSERT INTO `ship_types` VALUES (1,'Cargo Ships'),(2,'Fishing Ships'),(3,'Passenger/Cruise ships'),(4,'Tankers'),(5,'High speed crafts'),(6,'Military ships');
/*!40000 ALTER TABLE `ship_types` ENABLE KEYS */;
UNLOCK TABLES;

--
-- Table structure for table `sub_element_details`
--

DROP TABLE IF EXISTS `sub_element_details`;
/*!40101 SET @saved_cs_client     = @@character_set_client */;
/*!40101 SET character_set_client = utf8 */;
CREATE TABLE `sub_element_details` (
  `id` int(11) NOT NULL AUTO_INCREMENT,
  `SubElementName` varchar(120) COLLATE utf8_unicode_ci NOT NULL,
  `Description` varchar(120) COLLATE utf8_unicode_ci NOT NULL,
  `CellName` varchar(30) COLLATE utf8_unicode_ci NOT NULL,
  `CellDetails` varchar(120) COLLATE utf8_unicode_ci NOT NULL,
  `ActivatedDate` date NOT NULL,
  `EndDate` date NOT NULL,
  `Weightage` varchar(50) COLLATE utf8_unicode_ci NOT NULL,
  `ElementDetailsId` int(11) DEFAULT NULL,
  PRIMARY KEY (`id`),
  KEY `IDX_9F763BF1ABFC5A8E` (`ElementDetailsId`),
  CONSTRAINT `FK_9F763BF1ABFC5A8E` FOREIGN KEY (`ElementDetailsId`) REFERENCES `element_details` (`id`)
) ENGINE=InnoDB DEFAULT CHARSET=utf8 COLLATE=utf8_unicode_ci;
/*!40101 SET character_set_client = @saved_cs_client */;

--
-- Dumping data for table `sub_element_details`
--

LOCK TABLES `sub_element_details` WRITE;
/*!40000 ALTER TABLE `sub_element_details` DISABLE KEYS */;
/*!40000 ALTER TABLE `sub_element_details` ENABLE KEYS */;
UNLOCK TABLES;

--
-- Table structure for table `user_role`
--

DROP TABLE IF EXISTS `user_role`;
/*!40101 SET @saved_cs_client     = @@character_set_client */;
/*!40101 SET character_set_client = utf8 */;
CREATE TABLE `user_role` (
  `id` int(11) NOT NULL AUTO_INCREMENT,
  `RoleName` varchar(75) COLLATE utf8_unicode_ci NOT NULL,
  PRIMARY KEY (`id`),
  UNIQUE KEY `UNIQ_2DE8C6A3FE6E2EE6` (`RoleName`)
) ENGINE=InnoDB DEFAULT CHARSET=utf8 COLLATE=utf8_unicode_ci;
/*!40101 SET character_set_client = @saved_cs_client */;

--
-- Dumping data for table `user_role`
--

LOCK TABLES `user_role` WRITE;
/*!40000 ALTER TABLE `user_role` DISABLE KEYS */;
/*!40000 ALTER TABLE `user_role` ENABLE KEYS */;
UNLOCK TABLES;
/*!40103 SET TIME_ZONE=@OLD_TIME_ZONE */;

/*!40101 SET SQL_MODE=@OLD_SQL_MODE */;
/*!40014 SET FOREIGN_KEY_CHECKS=@OLD_FOREIGN_KEY_CHECKS */;
/*!40014 SET UNIQUE_CHECKS=@OLD_UNIQUE_CHECKS */;
/*!40101 SET CHARACTER_SET_CLIENT=@OLD_CHARACTER_SET_CLIENT */;
/*!40101 SET CHARACTER_SET_RESULTS=@OLD_CHARACTER_SET_RESULTS */;
/*!40101 SET COLLATION_CONNECTION=@OLD_COLLATION_CONNECTION */;
/*!40111 SET SQL_NOTES=@OLD_SQL_NOTES */;

-- Dump completed on 2016-05-20 17:21:44
